sim_id,year_1,year_2,year_3,year_4,year_5,year_6,year_7,year_8,year_9,year_10,year_11,year_12,year_13,year_14,year_15,year_16,year_17
0,0.3400130441540978,0.04333727706415184,0.1220174870673977,0.06129942909837034,0.19601231956388124,0.20596975380684593,-0.057684741153323484,0.33793223418606655,0.1081466919612358,0.23315219493351433,0.2759889856284672,0.3334386814242376,-0.2930011245453141,-0.3323103623367577,-0.21119585311806702,0.6359536634803336,-0.20577899822194573
1,0.31975427944996887,0.03981403283697342,0.001220357624790931,-0.07007502669067454,0.4895214773529827,0.0637917868463912,0.21208714275880025,0.4495007379400005,0.2933092651678347,-0.07857167594071549,0.2854839681489928,-0.1286611337248143,0.13799062650487542,-0.08344172811382389,0.2829097843134919,0.036318137954573296,0.2968939267958973
2,0.27640262933912124,0.47201011607596016,-0.28281767262770263,-0.0037568732807429827,-0.006068095610988907,0.22353226918003677,0.31634318939043543,0.1452137764050096,0.07004406608160774,0.05316462727074893,0.5077589261353112,0.27800976640018904,-0.06092265305807112,-0.06466495529106318,0.20689829639105578,-0.18868606439129984,0.1938649078891614
3,0.08617134357782268,0.07831120315928315,-0.036381717160680845,0.1918282357010622,0.2566953352236003,0.09440814158715664,0.25877643221949886,0.36206636083348,0.018964750924899278,0.22176350952506277,0.13444733258050956,0.05513546681446052,0.007537077869408894,0.2968939267958973,0.07580716838731938,0.08567346237233235,0.36206636083348
4,0.3101946871467882,-0.28839440285915124,-0.49163582428543307,0.021414579109772094,1.2345642521917752,-0.2390661515095062,0.7216726934662775,0.37887817736150176,-0.4375915754722766,0.17850557601239259,0.04049002125523098,-0.0759962967737919,-0.07588574258395304,0.2146160329797934,0.30387177201667565,0.3066306355625916,0.5546419203281793
5,0.23046833214655307,-0.04177403759466122,-0.30418711666720355,0.3528982149432685,0.205696934332813,-0.06894471559741094,-0.21754472327174948,0.11712542482710067,0.13726845392845502,0.10477893452726418,0.154525193891985,0.12234390728662362,0.014770973447222226,0.16841010577103913,-0.17184534665718618,0.5705404810089426,0.0008958314648755303
6,0.2723849429441483,0.0383714803928995,-0.0341945571464552,0.1063634492370031,0.1962990495609203,-0.13145164010685437,0.23843065633277077,0.11969849148818573,0.15101489071696825,-0.19871529312115233,0.16387788756728414,0.12461655134544304,0.17041386042389656,0.3147788053031973,0.16449856261676135,-0.06575779966302676,-0.4633805460079044
7,0.11239773235496053,0.018992549323993312,0.15967623071216216,0.18518734134368978,0.03957451191768845,0.1932733614432001,-0.05430886755852945,0.05310248474394906,0.3607471428065565,0.06233658555976345,0.25202439925764925,0.3540554860126552,0.054753129013971114,0.22470285204137724,0.2032151590447185,-0.04066989987233055,0.31260451285604524
8,0.21910904649794555,0.1093603113504988,0.29244900495504983,0.07156915212888351,0.03981403283697342,0.001220357624790931,-0.07007502669067454,0.4895214773529827,0.0637917868463912,0.21208714275880025,0.4495007379400005,0.2933092651678347,-0.07857167594071549,0.2854839681489928,-0.1286611337248143,0.13799062650487542,0.049220828979773264
9,0.056999667600075014,-0.22417062275129002,0.3807558613147009,0.17224841861994322,-0.09851033897345973,-0.1994683328230255,0.23980010892210227,0.24982258900136312,-0.11600447725845392,-0.322697042332726,0.20051624388285613,0.21910904649794555,0.1093603113504988,0.29244900495504983,0.07156915212888351,0.03981403283697342,0.001220357624790931
10,0.005683677347195281,-0.1564723056670849,0.5746193857681196,0.11730632153435483,0.11996356155954901,0.1278373443948156,-0.08747270326604926,-0.4820010422294675,0.6345265610190949,0.008565521413673522,0.22798368323536836,0.14083053914836333,-0.02431958698577717,-0.014774917010754571,0.30790953094728557,0.026633443720634878,-0.021230461205808467
11,-0.41024474767980984,0.10116232101975607,-0.017998435792932244,0.06031076097975645,0.02182100849886886,0.32235892296680474,0.21043433282753074,0.04703410538990216,0.023224159920207973,0.3484169306665826,0.38464041570040863,0.08256728264784874,-0.11495180160911317,0.36064203219538704,0.1673903322242667,-0.09284999744819501,0.3101946871467882
12,0.06255089963037826,0.14128623717498243,0.16458087537784533,0.23046833214655307,-0.04177403759466122,-0.30418711666720355,0.3528982149432685,0.205696934332813,-0.06894471559741094,-0.21754472327174948,0.11712542482710067,0.050783771824840104,0.582480184304969,0.10221712672903488,0.10981308189934724,0.4255352370150269,0.25980627869946177
13,0.5746193857681196,0.11730632153435483,0.11996356155954901,0.1278373443948156,-0.08747270326604926,-0.4820010422294675,0.6345265610190949,0.08491540432011634,-0.025839607220092212,0.12045898537141242,0.286877200722593,0.06552001088711226,-0.01222018030071071,0.05668940185689197,0.14682284055238934,-0.1363443429204539,0.28392816400072096
14,-0.3468342009386645,-0.2833807162011421,-0.49163582428543307,0.021414579109772094,1.2345642521917752,-0.2390661515095062,0.7216726934662775,0.37887817736150176,-0.4375915754722766,0.17850557601239259,0.04049002125523098,-0.0759962967737919,-0.14145964916430623,0.26295154864488435,0.5642227911150639,-0.12169415188144998,-0.11306592133363663
15,0.07004406608160774,0.05316462727074893,0.5077589261353112,0.27800976640018904,-0.06092265305807112,-0.07420667902913211,0.4772627981074588,-0.1685498881020765,0.532684865743833,0.11982048966670107,-0.0519861583077886,0.27183294112990597,-0.11338464126334705,0.22044835283863562,0.18175378128055952,0.21507230996456794,-0.11110494277211024
16,-0.06664940695669395,0.2587212667043487,-0.14639799594510308,0.37363568811000564,0.11716303057832608,0.12569717207255016,0.08359265059376635,0.33876510586308256,0.02582216832870876,0.0103892770571994,-0.04247753767970497,0.111002564726116,0.3020748029980461,-0.03126694167154654,-0.2895737635617525,0.11571104830416722,0.19148059584239505
17,-0.03348926380060616,0.3121144711635626,0.49930541624730584,0.09661674508426206,-0.04247753767970497,0.111002564726116,0.32466681415976595,-0.054898688296048936,0.22432644828488973,-0.1232149241758918,0.2686244753741979,0.15454741133606334,0.11838573542352976,-0.038603364347782866,0.3807558613147009,0.17224841861994322,-0.09851033897345973
18,-0.08417891571780703,-0.19567178073345584,0.048418260223786674,0.29564432352390774,0.07156915212888351,0.03981403283697342,0.001220357624790931,-0.07007502669067454,0.4895214773529827,0.0637917868463912,0.21208714275880025,0.4495007379400005,0.2513676591937591,-0.19131993763789917,0.25762659116874836,0.0864221186373137,-0.054658024990498495
19,-0.05078018175580146,0.2269836513911627,0.21109509114465294,-0.25122925263422324,-0.31389127431207686,0.39595271167737006,0.2477901823414091,0.11239773235496053,0.14034718129468007,0.07531665293909175,0.14223356297833722,-0.021651786553036286,0.12079119269608964,0.2824571418874076,0.04509906066466046,0.31997096866254743,0.27166200964144344
20,0.14901686786802,0.06131121467129291,0.20880832158794416,0.11021351393836613,0.2811349847358627,0.0014623392565319142,0.04784244341978576,0.0077741013978389175,0.04641076076847641,-0.12295444257606764,0.39770783469686205,0.08172071414989064,0.24383857054727498,0.12692743882989452,-0.09579475570179191,-0.37215607382295773,0.42858710956831947
21,0.21781015800967046,0.10304113458430038,0.07360110385407279,0.15670911251286973,0.45003162645293465,0.16110004426294264,0.045895226796395086,-0.06052322043582949,0.4507323785553294,-0.0691774432698838,0.2709843384910566,-0.11948577717296034,0.22477882403469934,0.15412082330316929,0.1598372675145959,0.0706787807519289,0.10415277268582958
22,0.14128623717498243,0.16458087537784533,0.23046833214655307,-0.04177403759466122,-0.30418711666720355,0.3528982149432685,0.205696934332813,-0.06894471559741094,-0.21754472327174948,0.11712542482710067,0.13726845392845502,-0.0005781423042138623,0.15967623071216216,0.18518734134368978,0.03957451191768845,0.1932733614432001,-0.05430886755852945
23,0.1900673974285291,0.14118158550631343,0.064420931619945,0.17813747119959616,0.11153480932866984,-0.2919755150128051,0.25194362687045424,0.301061849457883,-0.1161805714536689,-0.04633283163100682,0.2136761375202918,0.07494596567037431,0.25010784662062324,0.3523436055521462,0.16449856261676135,-0.06575779966302676,-0.4633805460079044
24,0.3873237836404128,0.14370153652087095,-0.06519178307126122,0.31264062742987014,-0.10219671826133284,0.20037398764353218,0.20497716776757982,0.11943540754119972,0.5979804251199937,0.2526440820179429,0.030295772611395898,-0.08447673127516102,0.24495845199737368,0.1101646675136064,0.24823346342850847,0.42630163816159206,-0.2131146307468916
25,0.2477901823414091,0.11239773235496053,0.14034718129468007,0.07531665293909175,0.14223356297833722,-0.021651786553036286,0.12079119269608964,0.2824571418874076,0.04509906066466046,0.31997096866254743,0.27166200964144344,0.061634111965513244,0.22032608542910156,0.21689918467645036,-0.14474699022040785,0.15623469052714475,0.27640262933912124
26,-0.025839607220092212,0.12045898537141242,0.3658137801403437,0.2649233174487815,-0.22582008661066053,0.010747444669999833,-0.04684048839730427,0.3445276958741689,0.2670168397207595,0.11999193592579707,0.025195000573940488,0.2525280799707006,0.20497716776757982,0.17400369564042703,-0.09436305739060516,0.33469231135482114,0.32166518950735806
27,0.08872221642612875,-0.03338956960717739,0.31626446930358326,-0.2688525390751869,-0.23497703259441213,-0.6818950630676603,2.775715655692279,-0.12641861897147907,-0.071568525291851,0.651068744545621,0.17517207832310983,-0.2837244130358797,-0.05933768281964149,-0.0158205855430532,0.10766783526534249,-0.15136662886912727,0.14222625457533922
28,0.30312930109054054,-0.01628559255808749,0.22344916562290068,-0.0022649620560798393,0.00023042973591467987,0.07425954369573716,0.1967581543584978,0.11716303057832608,0.12569717207255016,0.08359265059376635,0.33876510586308256,0.02582216832870876,0.10159629500858154,0.02285161943960793,0.007793924365852867,-0.09554214890318367,0.17101591016823178
29,0.19762225597500324,0.2117993535166189,0.07241198467246238,-0.0009804569413706596,0.019828243580542443,0.21838582797646872,-0.026929355196783866,0.08118586580494987,0.0029661854615968316,0.34595842949403505,-0.21248517639154826,0.045107140934606355,0.28875087664909865,0.14815850872667752,0.16282803887473282,0.3842572887052237,-0.00910825187333178
30,0.10981308189934724,0.4255352370150269,0.25980627869946177,0.028878761909011532,0.1512351673111633,0.0687471240577064,0.025303337699693184,0.07991964893101931,0.14910613995433913,0.13870999513948015,0.052111479316268625,0.2025166266354563,0.13030374742807277,0.2835329004831021,0.45003162645293465,0.16110004426294264,0.08931297307570056
31,0.07443711931806851,0.2013810585084282,0.16537104813962505,0.16944948516711295,0.024987697732263607,0.04487858645134652,0.029272201147996082,0.03195666987309589,-0.04923300073592117,0.28884407459477013,0.11496552590834287,0.1509781412018274,0.16712578824541127,-0.18844126538241282,-0.1530571398391794,0.2893326305696375,0.0598365955185277
32,-0.10720510281794955,-0.06988782529844882,-0.029810975371668404,0.36698137508616957,0.28390600937395283,0.06077700494192656,-0.03348926380060616,0.3121144711635626,0.49930541624730584,0.09661674508426206,-0.04247753767970497,0.111002564726116,0.32466681415976595,-0.054898688296048936,0.22432644828488973,-0.1232149241758918,0.2686244753741979
33,-0.10502185721591453,0.16212723952415709,0.18608502378751038,0.07896802964867246,0.19989817570442997,0.45731524052691386,0.17400369564042703,-0.09436305739060516,0.33469231135482114,0.32166518950735806,-0.2270480455207728,-0.2153452891749845,0.25202439925764925,0.3540554860126552,0.054753129013971114,0.22470285204137724,0.2032151590447185
34,0.09892670391507088,0.19799846171187263,0.08817550672737952,0.016104682807028897,0.19820898945179852,-0.1228961939348214,0.46117402403887836,0.010629951960803224,0.2329295694666118,0.43160144306355575,0.23386430015327572,0.022736716960153926,0.20677149441364567,0.05235944102725745,0.015779282541251688,0.07778099345810575,0.14475962330811473
35,-0.030744876890875142,0.03995236746348638,0.27685820958904017,-0.238454914255154,0.1622885154367558,0.27244070008152355,0.11639784455030472,0.24558940996994993,0.2716166448893086,0.23132011143789816,-0.37003291712239705,-0.45930796864318557,0.08435528278984028,0.4794833804839934,-0.09284003963689724,0.26295154864488435,0.5642227911150639
36,0.023224159920207973,0.3484169306665826,0.38464041570040863,0.08256728264784874,-0.11495180160911317,0.36064203219538704,-0.0021811084207405663,0.3638470451044476,0.20503724985454205,0.1459981126354451,-0.09139857051369302,0.3563536013904831,0.2492544554621723,-0.1378062638889054,-0.2005062652564799,0.18019128493810643,0.2685197814770018
37,0.10581675702611819,0.21836952852283753,-0.1975496083240688,0.06599459167266276,0.2140158170798685,0.032016070946640766,-0.2056916248099073,-0.09977122531837382,0.20051624388285613,0.21910904649794555,0.1093603113504988,0.29244900495504983,0.07156915212888351,0.03981403283697342,0.001220357624790931,-0.07007502669067454,0.4895214773529827
38,0.2633311473581775,0.2243299273245574,0.09929767896570325,-0.05055300144419804,0.11493399400923741,0.16398023443426096,0.08641616074491512,-0.030744876890875142,0.03995236746348638,0.27685820958904017,-0.238454914255154,0.1622885154367558,0.2114908145102863,-0.10071744145415372,0.16218366883225244,0.2723849429441483,0.0383714803928995
39,0.10221199436568572,0.11086305524430831,0.5085612625617385,0.2358186269665527,-0.0354215967745066,-0.07093347373910476,0.47495421114848513,-0.06981461482759276,0.2501629573434221,-0.007193016796767877,0.08783646987625998,0.17136904462667607,0.1900673974285291,0.14118158550631343,0.064420931619945,0.17813747119959616,0.11153480932866984
40,0.12079119269608964,0.2824571418874076,0.04509906066466046,0.31997096866254743,0.27166200964144344,0.061634111965513244,0.22032608542910156,0.21689918467645036,0.021443229382626033,-0.1011372261993832,0.23834739187748413,0.05627475275433264,0.2851260409760982,-0.04093780864936718,0.22340053763778864,0.17654672439733954,0.23111960020915598
41,-0.03126694167154654,-0.2895737635617525,0.11571104830416722,0.19148059584239505,0.08715331481815118,0.08931520862275474,0.36698137508616957,0.28390600937395283,0.06077700494192656,-0.03348926380060616,0.3121144711635626,0.49930541624730584,0.09661674508426206,-0.04247753767970497,0.111002564726116,0.32466681415976595,-0.054898688296048936
42,0.21026955100633232,0.3594575830872452,0.10738292971034552,0.1268252869070336,-0.054658024990498495,0.5979804251199937,0.2526440820179429,-0.04372410962220837,0.532684865743833,0.11982048966670107,-0.0519861583077886,0.27183294112990597,-0.11338464126334705,0.31395876889815594,0.17429534874748348,0.2011047102573123,-0.05911225422027029
43,-0.06519178307126122,0.31264062742987014,-0.10219671826133284,0.20037398764353218,0.20497716776757982,0.20364766167416773,0.4592312571483904,-0.16129594391123622,-0.2057051867824583,-0.535203756815677,-0.18224044766622266,1.631133135384752,-0.27684410127456854,0.93613725027831,0.36905839115702316,-0.42191937147693376,0.1594097460088622
44,0.10912076590162222,0.08387223257892588,0.007282743814128762,0.020612343586763032,0.2776213073851155,-0.2930011245453141,-0.3323103623367577,-0.21119585311806702,0.6359536634803336,-0.20577899822194573,0.20485280725032834,0.5710140729030543,0.09919251932906349,-0.27453754616669024,-0.07896928497537498,0.03606607937215022,0.11905401693134181
45,0.27501372788438055,0.20689829639105578,-0.18868606439129984,0.1938649078891614,0.11596495767376316,0.23218720665753584,0.05513546681446052,0.16570867460275632,0.18981378883331407,0.16929565744747385,0.016130026589419835,0.13604560052272469,-0.018288587728737135,0.021704303877180964,-0.05845547641045337,0.3308041747258856,0.164257142074729
46,0.23244847910803215,0.3923522683435107,0.06574911402424904,0.11982381637853495,-0.0036322028767203193,0.04566479606714988,0.24969781261903926,0.11639784455030472,0.24558940996994993,0.2716166448893086,0.23132011143789816,-0.37003291712239705,-0.45930796864318557,0.08435528278984028,0.4794833804839934,-0.09284003963689724,0.26295154864488435
47,0.010747444669999833,-0.04684048839730427,0.3445276958741689,0.2670168397207595,0.11999193592579707,0.025195000573940488,0.2525280799707006,0.46609603032039665,0.12547576951623374,-0.014864298582347406,0.02672968558008701,0.3808117223227501,-0.09823658655877998,0.2407284347887408,-0.12405508083124386,0.2934160894079379,0.42630163816159206
48,0.07004406608160774,0.05316462727074893,0.5077589261353112,0.27800976640018904,0.00915024429447503,-0.18873985973198337,-0.2630977126021474,0.15538551639601741,0.29502436812259675,-0.07973305727102308,0.19799789212246702,0.22952809153640188,0.011717367533914707,-0.04143608295393437,0.18036848701180638,0.08872221642612875,0.008975541836774844
49,0.15948649245452387,-0.038225245979315856,0.12200883569907046,0.1942458485822597,0.05373657295280298,-0.0481804193300597,0.15012172490551431,0.26646730936785923,0.23769099596891313,0.43358726407530823,-0.18009620301785492,-0.2833807162011421,-0.49163582428543307,0.021414579109772094,1.2345642521917752,-0.2390661515095062,0.7216726934662775
50,0.019828243580542443,0.21838582797646872,-0.026929355196783866,-0.029610711765772173,-0.018288587728737135,0.021704303877180964,-0.05845547641045337,0.3308041747258856,0.164257142074729,0.09676305399739243,0.18006443606999176,0.03226528517847111,-0.44078944845124995,0.3380206448902753,0.12849141162106129,-0.13694184884360183,0.5826515229678326
51,0.16902824950534565,0.24383857054727498,0.12692743882989452,-0.09579475570179191,-0.37215607382295773,0.42858710956831947,0.169608015722371,-0.08047575649163148,0.0742986064654979,0.10901691378591169,-0.06287418633695564,0.020789453641837097,0.4234865458933099,-0.1161805714536689,-0.04633283163100682,0.2136761375202918,0.07494596567037431
52,0.2086211161338412,0.3854280947760623,0.3481189339598148,-0.046633282251753776,0.28704697470443025,-0.17779686986585547,0.1491258597087924,0.10443331001532027,-0.012240582376639745,0.13886281909376522,-0.062205740435684005,0.2587212667043487,-0.14639799594510308,0.3286452837434767,0.21153885924695115,0.1163015082677053,-0.07607939841636727
53,-0.03419642558318104,0.22503561746781034,0.23051347462592298,-0.2674087357689618,0.05272393126356598,0.22506923505064735,0.10261484021232775,-0.21198150695143764,-0.19771289689077395,0.32661083949314984,0.10384331692069787,0.07711382871774942,0.20992472947069074,0.08617134357782268,0.07831120315928315,-0.036381717160680845,0.1918282357010622
54,0.19799846171187263,0.013227651370909756,0.11712542482710067,0.13726845392845502,0.10477893452726418,0.154525193891985,0.00784475746695388,0.46117402403887836,0.010629951960803224,0.2329295694666118,0.43160144306355575,0.23386430015327572,0.022736716960153926,0.20677149441364567,0.05235944102725745,0.015779282541251688,0.07778099345810575
55,0.28875087664909865,0.14815850872667752,0.16282803887473282,0.3842572887052237,-0.00910825187333178,-0.3009925401089623,-0.3557798169054311,-0.17575267886142004,0.576090306976329,-0.006011173839405014,0.407556646171246,0.565946646773559,0.29170507199510987,0.5569329242264648,-0.246023278873846,-0.02073871481096764,-0.029680462238063903
56,0.27546427786962585,0.061031905252357535,0.05848757429557536,-0.07720539751091571,0.010435914587602436,0.4970868953748266,0.0443270845504133,0.1234249141754251,0.024987697732263607,0.04487858645134652,0.029272201147996082,0.03195666987309589,-0.04923300073592117,0.28884407459477013,0.11496552590834287,0.1509781412018274,0.21715120410033667
57,0.18668007377330023,0.005169852410660244,-0.04538704312831413,-0.09714475970879345,0.024406105133026493,0.355073964073535,0.3305091004000071,0.5569329242264648,-0.246023278873846,-0.02073871481096764,-0.029680462238063903,0.14956677270984858,0.35830963909334645,-0.1161805714536689,-0.04633283163100682,0.2136761375202918,0.07494596567037431
58,-0.17611053221229445,0.532684865743833,0.11982048966670107,-0.0519861583077886,0.27183294112990597,-0.11338464126334705,0.22044835283863562,-0.013482483254453276,-0.3276340921767554,-0.560709760652686,-0.026254643473814794,-0.017315794149796837,0.04516849426524482,-0.07300140090705133,0.015029837611797933,0.44060350728358616,0.19206526361875487
59,-0.46653684425022923,0.1554728609437766,0.24264684577496107,-0.17251053863600152,-0.14542367560108146,0.6780850513706412,0.11168107498567888,0.4323114787719322,0.40137010870007506,-0.35215411572254657,0.08641717028161186,-0.05935848768228961,0.33385057687905584,0.3111346555032771,0.03374797111609373,0.10221199436568572,0.11086305524430831
60,0.23355982518621926,0.029024701733186827,-0.023190079283785647,0.41946818135912745,0.396950895585359,0.05722556129495675,-0.05963657763210757,0.24747498490240735,0.1906227232740485,-0.06664940695669395,0.2587212667043487,-0.14639799594510308,0.3286452837434767,0.21153885924695115,0.1163015082677053,-0.07607939841636727,0.4408191314993718
61,-0.20577899822194573,0.20485280725032834,0.5710140729030543,-0.1186811325260774,0.24400616256787622,0.6145468467126224,0.182811459615623,-0.3536349874100938,0.5154484502995313,0.262309165833173,-0.18009620301785492,-0.2833807162011421,-0.49163582428543307,-0.06171537397378518,0.93613725027831,-0.025846677760291016,0.13224843227692928
62,0.1452137764050096,0.07004406608160774,0.05316462727074893,0.5077589261353112,0.27800976640018904,-0.06092265305807112,-0.07420667902913211,0.4772627981074588,-0.017093960217367823,0.20446229175264322,0.077208066716257,-0.03473222436348715,0.2269899149422962,0.1513353793055481,0.1525483543928927,0.07351322787051756,0.07008561531728158
63,0.09562393978438231,0.14760436881813735,-0.17392707701365767,-0.14536143896619835,0.04333727706415184,0.1220174870673977,0.06129942909837034,0.19601231956388124,0.20596975380684593,-0.057684741153323484,0.07384757606653194,0.14480516428365917,0.11473011258612666,-0.06087256733651791,0.10219365132836339,0.2904398373272532,-0.191413963210553
64,0.651068744545621,0.17517207832310983,-0.2837244130358797,-0.05933768281964149,-0.0158205855430532,-0.036835629344728345,0.5984436178614774,0.15948649245452387,-0.038225245979315856,0.12200883569907046,0.1942458485822597,0.05373657295280298,-0.0481804193300597,0.15012172490551431,0.11914993570351617,-0.013910993924571376,-0.17796770742789422
65,0.2243299273245574,0.09929767896570325,-0.05055300144419804,0.11493399400923741,0.16398023443426096,0.08641616074491512,-0.030744876890875142,0.03995236746348638,0.27685820958904017,-0.238454914255154,0.1622885154367558,0.27244070008152355,0.11639784455030472,0.24558940996994993,0.24475721653761762,0.13682975682341367,0.023401847563298758
66,0.13099896506810524,0.14083053914836333,-0.02431958698577717,-0.014774917010754571,0.30790953094728557,0.026633443720634878,-0.10502185721591453,0.16212723952415709,0.10247846737264223,0.21692267376731647,0.19989817570442997,0.4592312571483904,-0.16129594391123622,-0.2057051867824583,-0.535203756815677,-0.18224044766622266,1.631133135384752
67,0.07187542666856812,0.09364824897947188,0.26063328665288116,0.13490246113837479,-0.10690798536618025,-0.20091983663120586,0.2564809375436427,0.2379115657403104,-0.03126694167154654,-0.2895737635617525,0.11571104830416722,0.19148059584239505,0.10402791108409856,0.23091537737709414,0.06650813331778027,0.0688545810301372,0.06682974592404096
68,0.6145468467126224,0.182811459615623,-0.27451396654390714,-0.037243909461088076,-0.08742949038525093,0.17124113491377574,-0.20272806045545047,0.4391482300802762,0.05310248474394906,0.3607471428065565,-0.04825810048458632,0.0020805530387531996,-0.01015171076149781,0.09492199006514247,-0.09869715727879487,0.0835486894223549,0.15840175868133813
69,-0.09945040258569912,0.46110913685599997,0.03434420395290914,-0.00983639526084633,0.14118158550631343,0.064420931619945,0.17813747119959616,0.11153480932866984,-0.2919755150128051,0.25194362687045424,0.18447934488472806,-0.03735439473461763,-0.17974141893035753,-0.045429781649620936,0.1992759304480005,-0.007028124778007442,0.12187058334242151
70,0.2477901823414091,0.11239773235496053,0.12234390728662362,0.014770973447222226,0.16841010577103913,-0.17184534665718618,0.5705404810089426,0.0008958314648755303,0.23630351086435855,0.4555579162737879,0.246515426242668,0.01770617465262488,0.15591559768791044,0.06181623550682581,-0.032007325327046816,0.09425897787719907,0.18704035057159146
71,0.11596495767376316,0.23218720665753584,0.05513546681446052,0.16570867460275632,0.18981378883331407,0.16929565744747385,0.016130026589419835,0.13604560052272469,-0.018288587728737135,0.021704303877180964,-0.05845547641045337,0.3308041747258856,0.164257142074729,0.09676305399739243,0.18006443606999176,0.03226528517847111,-0.44078944845124995
72,-0.04093780864936718,0.22340053763778864,0.17654672439733954,0.13598333473215593,0.03048863895714203,0.12638483116916358,0.056999667600075014,-0.03415029254685713,-0.1361437516837773,0.2529187029740033,-0.238454914255154,0.1622885154367558,0.2144023177953166,-0.07588574258395304,-0.3209649737222531,0.2565974639919755,0.7415278322875316
73,0.39656667760254666,0.1769134251815794,0.22703433970754183,0.20596975380684593,-0.057684741153323484,0.07384757606653194,0.11791256102414473,0.14910613995433913,0.0777999734608091,-0.016190662049341185,0.11838573542352976,-0.038603364347782866,0.3807558613147009,0.17224841861994322,-0.09851033897345973,-0.1994683328230255,0.23980010892210227
74,0.4555579162737879,0.2548365919253234,0.47495421114848513,-0.06981461482759276,0.2501629573434221,-0.007193016796767877,0.08783646987625998,0.17136904462667607,0.1900673974285291,0.14118158550631343,0.064420931619945,0.17813747119959616,0.11153480932866984,-0.2919755150128051,0.25194362687045424,0.18447934488472806,-0.03735439473461763
75,0.21026955100633232,0.3594575830872452,0.10738292971034552,0.1268252869070336,-0.054658024990498495,0.5979804251199937,0.2526440820179429,0.030295772611395898,-0.17611053221229445,0.532684865743833,0.11982048966670107,-0.0519861583077886,0.27183294112990597,-0.11338464126334705,0.22044835283863562,0.1104352139209277,0.23218720665753584
76,-0.25067496534820216,-0.33049876626994434,-0.49479408873313274,1.2506888914384577,-0.16999080995714083,0.24400616256787622,0.6145468467126224,0.182811459615623,-0.27451396654390714,-0.037243909461088076,-0.08742949038525093,0.17124113491377574,-0.20272806045545047,0.5714173973408444,0.21369508916669722,0.2864317522176922,0.2649233174487815
77,0.22503561746781034,0.23051347462592298,-0.2674087357689618,0.05272393126356598,0.22506923505064735,0.10261484021232775,-0.21198150695143764,-0.19771289689077395,0.32661083949314984,0.10384331692069787,0.07711382871774942,0.20992472947069074,0.08617134357782268,0.15125713403333968,-0.021651786553036286,0.12079119269608964,0.2366911582215744
78,0.2011047102573123,-0.05911225422027029,0.1470775585761181,0.02369429402154779,0.005683677347195281,-0.1564723056670849,0.5746193857681196,0.11730632153435483,0.11996356155954901,0.1278373443948156,-0.10316231097554891,0.5793427173608218,0.09004305927638333,0.1776169526838241,0.11019210973415139,-0.10629703423484374,-0.4260345743094281
79,0.04163234839464616,-0.09945040258569912,0.46110913685599997,0.03434420395290914,0.08108865698436285,0.10466068598386129,0.3286452837434767,0.21153885924695115,0.1163015082677053,-0.07607939841636727,0.4408191314993718,0.1944108882314549,0.05396905533365768,0.14202919681300877,-0.18329904817335113,0.03510975496160437,0.24519022089989018
80,-0.0730539224471404,-0.3276340921767554,-0.560709760652686,0.014662593894547743,1.4080315384750042,-0.3211366212088857,1.0994415746910717,0.3631106194833644,-0.4215966192802298,0.10787259292306504,0.01840890062904963,-0.0995598219957391,0.4821384641347985,-0.10720510281794955,-0.02327093882632231,0.13330989518342076,0.2011047102573123
81,0.07008561531728158,-0.12319514448977624,-0.06574295470794776,0.34385555108441634,0.18533780760642687,0.16500535895414353,0.11298577658039052,0.1593491945626654,-0.2832162412671828,0.0020805530387531996,0.09813566285711402,-0.09435177912274093,0.22363286922109724,0.2243299273245574,0.09929767896570325,-0.05055300144419804,0.11493399400923741
82,0.18036848701180638,0.07863672787339265,0.1509781412018274,0.21715120410033667,-0.11088653938316373,-0.3298778796407805,0.19739197841878328,0.2574074511740544,-0.1363443429204539,0.28392816400072096,0.17315845339267563,0.05824213470011352,-0.05307296768324391,0.15659419328815105,0.10901691378591169,-0.06287418633695564,0.020789453641837097
83,0.17400369564042703,-0.09436305739060516,0.33469231135482114,0.32166518950735806,-0.2270480455207728,-0.14535264944239704,0.1636217548875396,0.3461298946903398,-0.2333565673052771,-0.30008190849311206,0.3332262163068803,0.15339784011706106,0.17350277886178694,0.14443373400405532,0.06937373250251755,0.1938846693083236,-0.020397626293515884
84,-0.0481804193300597,0.36496510358983475,0.12494821353405587,0.11626296745509843,0.1967032816729059,0.13604608051457204,-0.4410086830701572,0.20521445648280787,0.18187890191990846,-0.018412927239126024,0.08651782774696389,0.27957828264201523,0.07241198467246238,-0.0009804569413706596,0.019828243580542443,0.21838582797646872,-0.026929355196783866
85,0.09510515726720949,-0.09945040258569912,0.46110913685599997,0.03434420395290914,0.15538718694112577,-0.09579475570179191,-0.37215607382295773,0.42858710956831947,0.169608015722371,-0.08047575649163148,0.16236333567151778,0.17047529049149088,0.07176664141241576,-0.05498110129799243,0.15183112240756858,0.10787259292306504,0.01840890062904963
86,-0.1161805714536689,-0.04633283163100682,0.2136761375202918,0.07494596567037431,0.25010784662062324,0.3523436055521462,0.16449856261676135,-0.06575779966302676,-0.4633805460079044,-0.6296462555508103,2.322443244981363,0.016820628608099946,-0.12210513461064502,0.7425967423056713,0.26569395997574946,-0.48211955771040454,0.31856934468977854
87,0.10762942390301436,0.4252746605696237,0.019519458325689406,-0.024104684871840008,0.41000486829468213,-0.054332979629034356,0.19955843128181666,-0.154784423703279,0.3022190377547206,0.1947513444538738,0.06255089963037826,0.14128623717498243,0.16458087537784533,0.23046833214655307,0.07121205643284279,0.16588222747740497,0.17018348502593558
88,-0.2688525390751869,-0.24400340835220752,-0.49479408873313274,1.2506888914384577,-0.16999080995714083,0.24400616256787622,0.6145468467126224,0.182811459615623,-0.27451396654390714,-0.037243909461088076,-0.08742949038525093,-0.09419626563619236,-0.08273860521489726,0.36219842017178827,0.20395349412622332,0.39656667760254666,0.3438782254724192
89,-0.4410086830701572,0.20521445648280787,-0.014671795939834496,-0.0009804569413706596,0.019828243580542443,0.21838582797646872,0.1817450927074853,-0.09401895570000028,0.10799564566925353,0.14738116301118354,0.09492199006514247,-0.09869715727879487,0.04023717749546451,-0.1261693407012891,0.05257179403844993,0.24495845199737368,0.1101646675136064
90,0.29244900495504983,0.07156915212888351,0.03981403283697342,0.001220357624790931,-0.07007502669067454,0.4895214773529827,0.0637917868463912,0.21208714275880025,0.4495007379400005,0.2933092651678347,-0.07857167594071549,0.2854839681489928,-0.1286611337248143,0.13799062650487542,0.049220828979773264,0.2691318726029984,0.10583636003401536
91,-0.18868606439129984,0.1938649078891614,0.11596495767376316,0.23218720665753584,0.05513546681446052,0.16570867460275632,0.1154575838036849,-0.17423414406398183,-0.17888375096808656,0.14457497153757373,0.16150134876585814,-0.04888249344416614,0.25742689993318923,0.1378193687751203,0.032519541821476844,0.005804140740080759,0.15562454509034235
92,-0.010932433981683438,-0.28281767262770263,-0.0037568732807429827,-0.006068095610988907,0.27796724423346114,0.12849141162106129,-0.025839607220092212,0.12045898537141242,0.286877200722593,0.06552001088711226,-0.01222018030071071,-0.5030134720049637,0.24411427478465775,0.22798368323536836,0.14083053914836333,-0.02431958698577717,-0.014774917010754571
93,-0.535203756815677,-0.18224044766622266,1.631133135384752,-0.27684410127456854,0.93613725027831,0.36905839115702316,-0.42191937147693376,0.08039882214882836,-0.14542367560108146,0.6780850513706412,0.11168107498567888,0.3895964985536594,0.022736716960153926,0.20677149441364567,0.05235944102725745,0.015779282541251688,0.07778099345810575
94,-0.2688525390751869,-0.23497703259441213,-0.6818950630676603,2.775715655692279,-0.12641861897147907,-0.071568525291851,0.651068744545621,0.17517207832310983,-0.2837244130358797,-0.05933768281964149,-0.0158205855430532,0.10766783526534249,-0.15136662886912727,0.732439073067299,0.16811112115875754,0.3065383859292377,0.3339580943966088
95,0.08651782774696389,0.27957828264201523,0.07241198467246238,-0.0009804569413706596,0.07241198467246238,-0.0009804569413706596,0.019828243580542443,0.21838582797646872,-0.026929355196783866,0.08118586580494987,0.0029661854615968316,0.34595842949403505,-0.21248517639154826,0.021353108155186415,0.015029837611797933,0.44060350728358616,0.19206526361875487
96,-0.10219671826133284,0.20037398764353218,0.20497716776757982,0.17400369564042703,-0.09436305739060516,0.33469231135482114,0.32166518950735806,-0.2270480455207728,-0.14535264944239704,0.1636217548875396,0.3461298946903398,-0.2333565673052771,-0.30008190849311206,0.3332262163068803,0.15339784011706106,0.17350277886178694,0.14443373400405532
97,0.1509781412018274,0.21715120410033667,-0.11088653938316373,-0.3298778796407805,0.19739197841878328,0.2574074511740544,-0.1363443429204539,0.28392816400072096,0.17315845339267563,0.2945033724172272,-0.42191937147693376,0.1594097460088622,0.003986715639722211,-0.10353847396758291,-0.08273860521489726,0.36219842017178827,0.20395349412622332
98,0.10901691378591169,-0.06287418633695564,0.020789453641837097,0.4821384641347985,-0.10720510281794955,-0.02327093882632231,0.13330989518342076,0.06458116259471598,0.2819858073684284,0.37945256073396405,0.2729517301749195,-0.12099987263672833,-0.39104435029717977,-0.58788795971382,0.8825455177838787,0.5486551716555055,-0.23240833069389197
99,-0.02687598372737332,-0.021651786553036286,0.12079119269608964,0.2824571418874076,0.04509906066466046,0.31997096866254743,0.27166200964144344,0.061634111965513244,0.22032608542910156,0.21689918467645036,-0.19131993763789917,0.25762659116874836,0.064972871506301,0.25375125815818755,0.02226975501848725,0.184785809834214,0.16588222747740497
100,0.21507230996456794,-0.11110494277211024,0.3924486791878392,0.2295099569039927,-0.25196316607160346,-0.05078018175580146,0.2269836513911627,0.21109509114465294,-0.25122925263422324,-0.31389127431207686,0.39595271167737006,0.2477901823414091,0.11239773235496053,0.14034718129468007,0.07531665293909175,0.14223356297833722,-0.021651786553036286
101,0.2269899149422962,0.1513353793055481,0.1525483543928927,0.05451036815254353,0.10581675702611819,0.21836952852283753,-0.11266349251197258,0.19206526361875487,0.4763690489011428,-0.1670048053309648,-0.017998435792932244,0.06031076097975645,0.02182100849886886,0.32235892296680474,0.21043433282753074,0.04703410538990216,0.023224159920207973
102,0.3099970298175544,0.471489611372563,-0.22685151173680398,-0.03410554351064948,-0.026979094668769906,0.21026955100633232,0.3594575830872452,0.10738292971034552,0.1268252869070336,-0.054658024990498495,0.5979804251199937,0.2526440820179429,0.11011816843514392,-0.10690798536618025,-0.20091983663120586,0.2564809375436427,0.2379115657403104
103,0.1459981126354451,-0.09139857051369302,0.3563536013904831,0.2492544554621723,-0.1378062638889054,-0.2005062652564799,0.18019128493810643,0.25871941572260354,0.2729517301749195,-0.12099987263672833,-0.39104435029717977,-0.58788795971382,0.8825455177838787,0.5486551716555055,-0.23240833069389197,0.7000941381334126,0.3710274399415613
104,0.21715120410033667,-0.11088653938316373,-0.3298778796407805,0.19739197841878328,0.2574074511740544,-0.1363443429204539,0.33166627882484634,-0.007193016796767877,0.08783646987625998,0.17136904462667607,0.1900673974285291,0.14118158550631343,0.064420931619945,0.17813747119959616,0.11153480932866984,-0.2919755150128051,0.25194362687045424
105,0.1970317131241627,0.21112320288276687,-0.053256080531068464,-0.41024474767980984,0.2704078672093213,0.267162624321814,0.12187058334242151,0.27546427786962585,0.061031905252357535,0.05848757429557536,-0.07720539751091571,-0.012674040963347684,-0.059372907008158365,0.28230669455910706,-0.10897268141169947,0.4019389235070164,0.08865320947212052
106,0.07425954369573716,0.1967581543584978,0.11716303057832608,0.12569717207255016,0.08359265059376635,0.33876510586308256,0.02582216832870876,0.10159629500858154,0.02285161943960793,0.014413912777734404,0.2678296268354956,-0.11044697195648515,-0.03942325171534666,0.3563536013904831,0.2492544554621723,-0.1378062638889054,-0.2005062652564799
107,-0.045429781649620936,0.1992759304480005,0.07407198980981192,0.17323991061961344,0.13672065948977402,-0.059372907008158365,0.28230669455910706,-0.10897268141169947,0.4019389235070164,0.28594321423644786,-0.03419642558318104,0.22503561746781034,0.23051347462592298,-0.2674087357689618,0.05272393126356598,0.22506923505064735,0.10261484021232775
108,0.05780403347831227,0.08945759497947195,0.13484381164054374,0.14901686786802,0.22406861766521854,-0.1378062638889054,-0.2005062652564799,0.18019128493810643,0.2685197814770018,-0.053115559140665666,-0.37717238805262293,0.2565974639919755,0.1570198042576097,0.21203140680293922,0.4019389235070164,0.08865320947212052,0.11316297154198258
109,0.1888601582797957,0.07008561531728158,-0.12319514448977624,-0.06574295470794776,0.34385555108441634,0.18533780760642687,0.16500535895414353,0.11298577658039052,0.1593491945626654,-0.2832162412671828,0.0020805530387531996,0.09813566285711402,-0.09435177912274093,0.22363286922109724,0.2243299273245574,0.09929767896570325,-0.05055300144419804
110,0.21781015800967046,0.10304113458430038,0.07360110385407279,0.15670911251286973,0.45003162645293465,0.16110004426294264,0.045895226796395086,-0.06052322043582949,0.4507323785553294,-0.0691774432698838,0.2709843384910566,-0.11948577717296034,0.22477882403469934,0.15412082330316929,0.11287437838740601,0.4639501292943212,0.25980627869946177
111,0.11639784455030472,0.24558940996994993,0.2716166448893086,0.23132011143789816,-0.37003291712239705,-0.45930796864318557,0.08435528278984028,0.4794833804839934,-0.09284003963689724,0.26295154864488435,0.5642227911150639,-0.12169415188144998,-0.11306592133363663,0.2017013585807754,-0.24262491319176213,0.15659419328815105,0.10901691378591169
112,0.11298577658039052,0.1593491945626654,-0.2832162412671828,0.0020805530387531996,0.09813566285711402,-0.09435177912274093,0.22363286922109724,0.2243299273245574,0.09929767896570325,-0.05055300144419804,0.11493399400923741,0.16398023443426096,0.08641616074491512,-0.030744876890875142,0.11910014596554346,0.09492199006514247,-0.09869715727879487
113,0.04487858645134652,0.029272201147996082,0.03195666987309589,-0.04923300073592117,0.28884407459477013,0.11496552590834287,0.18247705297780892,-0.053115559140665666,-0.37717238805262293,0.2565974639919755,0.1570198042576097,0.15967623071216216,0.18518734134368978,0.03957451191768845,0.1932733614432001,-0.05430886755852945,0.05310248474394906
114,-0.06575779966302676,-0.4633805460079044,-0.6296462555508103,2.322443244981363,0.016820628608099946,-0.12210513461064502,0.7425967423056713,0.26569395997574946,-0.48211955771040454,0.31856934468977854,-0.1471160322989946,0.13224843227692928,-0.13744108689493145,0.7512025272323432,0.10323363556716901,0.37562684311726585,0.43329493229864297
115,0.2136761375202918,-0.09360209446806358,-0.17888375096808656,0.14457497153757373,0.16150134876585814,-0.04888249344416614,0.25742689993318923,0.1378193687751203,0.032519541821476844,-0.16529620741565698,0.07384757606653194,0.14480516428365917,0.11473011258612666,-0.06087256733651791,0.10219365132836339,0.2904398373272532,-0.191413963210553
116,0.6237727862359442,-0.0034213682837081223,-0.10107599037759238,0.18931492100556252,0.026950214585079065,0.18096547976886537,0.39861970155369486,0.15890619034442788,-0.07066784706132076,0.11293875088477945,-0.20535274008458249,0.5793427173608218,0.09004305927638333,0.1776169526838241,0.11019210973415139,-0.10629703423484374,0.13679639866160134
117,0.2477901823414091,0.11239773235496053,0.14034718129468007,0.07531665293909175,0.14223356297833722,-0.021651786553036286,0.12079119269608964,0.2824571418874076,0.04509906066466046,0.31997096866254743,0.27166200964144344,0.061634111965513244,0.22032608542910156,0.21689918467645036,-0.19131993763789917,0.25762659116874836,0.10095697703132632
118,0.20436905870817954,0.20064497471212211,-0.03419642558318104,0.22503561746781034,0.23051347462592298,-0.2674087357689618,0.05272393126356598,0.22506923505064735,0.10261484021232775,-0.21198150695143764,-0.19771289689077395,0.32661083949314984,0.10384331692069787,0.07711382871774942,0.20992472947069074,0.08617134357782268,-0.16015292160000016
119,-0.17251053863600152,-0.14542367560108146,0.6780850513706412,0.11168107498567888,0.4323114787719322,0.40137010870007506,-0.35215411572254657,0.08641717028161186,-0.05935848768228961,0.33385057687905584,0.3111346555032771,0.03374797111609373,0.10221199436568572,0.11086305524430831,0.5085612625617385,0.2358186269665527,-0.0354215967745066
120,0.06963025852130174,-0.04415721420156436,-0.08021739414216453,0.21015504769464924,0.16078174031700854,0.18936452476172624,0.09562393978438231,0.14760436881813735,-0.17392707701365767,-0.14536143896619835,0.04333727706415184,0.1220174870673977,0.06129942909837034,0.19601231956388124,0.20596975380684593,-0.057684741153323484,0.07384757606653194
121,-0.09401895570000028,0.10799564566925353,0.14738116301118354,0.09492199006514247,-0.09869715727879487,0.0835486894223549,0.15840175868133813,0.18145219611393124,0.23769099596891313,0.43358726407530823,-0.18009620301785492,-0.2833807162011421,-0.49163582428543307,0.021414579109772094,1.2345642521917752,-0.2390661515095062,0.7216726934662775
122,0.4561894607607333,-0.4307036263075145,0.33404209236252513,-0.14121514914508826,0.22363286922109724,0.2243299273245574,0.09929767896570325,-0.05055300144419804,0.11493399400923741,0.16398023443426096,0.08641616074491512,-0.030744876890875142,0.03995236746348638,0.27685820958904017,-0.238454914255154,0.1622885154367558,0.27244070008152355
123,0.1636217548875396,0.28281813360113944,0.10308527413401705,0.17846779112789968,0.22208583212672164,0.10912076590162222,0.08387223257892588,0.007282743814128762,0.020612343586763032,-0.10826115753452543,0.12200883569907046,0.12051284311914331,0.11340700597604,0.1662950431666319,0.31605517367239877,0.31626446930358326,-0.2688525390751869
124,0.2824571418874076,0.04509906066466046,0.31997096866254743,0.27166200964144344,0.061634111965513244,0.22032608542910156,0.21689918467645036,-0.19131993763789917,0.25762659116874836,0.064972871506301,0.25375125815818755,0.02226975501848725,0.184785809834214,0.16588222747740497,0.17018348502593558,0.027595165892406535,0.1692395764517847
125,0.2864317522176922,0.2649233174487815,-0.22582008661066053,0.010747444669999833,-0.04684048839730427,0.3445276958741689,0.2670168397207595,0.11999193592579707,0.025195000573940488,0.2525280799707006,0.3459585654999062,-0.06951352474562462,0.16592700289521067,-0.07066784706132076,0.11293875088477945,-0.20535274008458249,0.5793427173608218
126,0.15852576202856808,-0.1261693407012891,0.05257179403844993,0.24495845199737368,0.1101646675136064,0.24823346342850847,0.42630163816159206,-0.2131146307468916,-0.22820094866907836,-0.4077636285835352,-0.15881599178038797,0.874523150438384,-0.0030598719334408316,0.39096949337005593,0.5105758017641661,-0.3718423771208559,0.18668007377330023
127,0.20992472947069074,0.08617134357782268,0.07831120315928315,-0.036381717160680845,0.1918282357010622,0.2566953352236003,0.09440814158715664,0.25877643221949886,0.36206636083348,0.018964750924899278,0.22176350952506277,0.4898630975467022,0.16811112115875754,0.3065383859292377,0.3339580943966088,0.028878761909011532,0.1512351673111633
128,0.14475962330811473,0.1313550547189986,0.07443711931806851,0.2013810585084282,0.16537104813962505,0.16944948516711295,0.024987697732263607,0.01884792829510938,0.38806089204959493,0.11830903234516084,0.08789837687553496,0.18704035057159146,0.1166120799555511,0.10308527413401705,0.17846779112789968,0.22208583212672164,0.10912076590162222
129,0.2854839681489928,-0.1286611337248143,0.13799062650487542,0.049220828979773264,0.2691318726029984,0.10583636003401536,0.0911876490090115,0.11016030936506847,0.2678296268354956,-0.11044697195648515,0.29822181701699224,0.06963025852130174,-0.04415721420156436,-0.08021739414216453,0.172800967028763,0.013769183121238256,0.3351624358998726
130,-0.037857040474989806,0.14920442240672624,0.036318137954573296,0.2968939267958973,0.07580716838731938,0.08567346237233235,0.058886753264518185,-0.17974141893035753,-0.045429781649620936,0.1992759304480005,0.07407198980981192,0.17323991061961344,0.13672065948977402,-0.059372907008158365,0.3706107295166331,-0.021651786553036286,0.12079119269608964
131,0.3552151175162411,0.3004909622472764,0.044637696916542596,0.1491258597087924,0.10443331001532027,-0.23405239638982028,0.2829097843134919,0.036318137954573296,0.2968939267958973,0.07580716838731938,0.08567346237233235,0.1659339689806515,0.22725753124748785,-0.033804194159752304,0.17615938980224977,0.03444382036243173,-0.08424507459956743
132,0.04509906066466046,0.31997096866254743,0.27166200964144344,0.44723603411756857,0.05235944102725745,0.015779282541251688,0.07778099345810575,0.14475962330811473,0.1313550547189986,0.07443711931806851,0.2013810585084282,0.16537104813962505,0.16944948516711295,0.024987697732263607,0.04487858645134652,0.029272201147996082,0.03195666987309589
133,0.22417321000734797,0.3377246363120925,-0.25067496534820216,-0.33049876626994434,-0.49479408873313274,1.2506888914384577,-0.16999080995714083,0.24400616256787622,0.6145468467126224,0.182811459615623,-0.27451396654390714,-0.037243909461088076,-0.08742949038525093,0.17124113491377574,-0.20272806045545047,0.5714173973408444,0.21369508916669722
134,-0.25261979975972104,-0.03410554351064948,-0.026979094668769906,0.21026955100633232,0.3594575830872452,0.10738292971034552,0.1268252869070336,0.03395416433888324,0.029272201147996082,0.03195666987309589,-0.04923300073592117,0.28884407459477013,0.11496552590834287,0.1509781412018274,0.21715120410033667,-0.11088653938316373,0.1496941658494855
135,0.13604608051457204,-0.4410086830701572,0.20521445648280787,0.18187890191990846,-0.018412927239126024,0.08651782774696389,0.27957828264201523,0.07241198467246238,-0.0009804569413706596,0.019828243580542443,0.21838582797646872,-0.026929355196783866,0.08118586580494987,0.0029661854615968316,0.34595842949403505,-0.21248517639154826,0.045107140934606355
136,-0.3276340921767554,-0.5017250491874007,0.09398115298271544,-0.01760761135922154,0.013769183121238256,0.3351624358998726,-0.14469081953720858,0.08939889071784639,0.14222625457533922,0.09454735228493921,0.2455881403904545,0.22417321000734797,0.3377246363120925,0.16195318839785874,-0.2131146307468916,-0.22820094866907836,-0.4077636285835352
137,0.43358726407530823,-0.18009620301785492,-0.2833807162011421,-0.49163582428543307,0.021414579109772094,1.2345642521917752,-0.2390661515095062,0.7216726934662775,0.22401251792031138,0.3461298946903398,-0.2333565673052771,-0.30008190849311206,0.3332262163068803,0.15339784011706106,0.17350277886178694,0.14443373400405532,0.06937373250251755
138,-0.09851033897345973,-0.1994683328230255,0.23980010892210227,0.24982258900136312,-0.11600447725845392,-0.322697042332726,0.20051624388285613,0.21910904649794555,0.1093603113504988,0.29244900495504983,0.07156915212888351,0.03981403283697342,0.001220357624790931,0.06302271250741125,0.14956677270984858,0.3599731363146606,0.1693893827989283
139,0.03606607937215022,0.11905401693134181,0.4349188464428049,0.19206526361875487,0.4763690489011428,-0.1670048053309648,-0.017998435792932244,0.06031076097975645,0.02182100849886886,0.32235892296680474,0.21043433282753074,0.04703410538990216,0.023224159920207973,0.3484169306665826,0.38464041570040863,0.08256728264784874,-0.11495180160911317
140,0.4772627981074588,-0.017093960217367823,0.20446229175264322,0.10136850631029261,0.08359265059376635,0.33876510586308256,0.02582216832870876,0.10159629500858154,0.02285161943960793,0.007793924365852867,-0.09554214890318367,0.17101591016823178,0.1958943861923911,0.19659120888368425,0.0682533575974299,0.17317355494762385,-0.17423414406398183
141,0.07494596567037431,0.25010784662062324,0.3523436055521462,0.16449856261676135,-0.06575779966302676,-0.4633805460079044,-0.6296462555508103,2.322443244981363,0.016820628608099946,-0.12210513461064502,0.7425967423056713,0.26569395997574946,-0.48211955771040454,0.18813551020270636,0.1063634492370031,0.1962990495609203,-0.13145164010685437
142,0.9213821360251874,-0.015658216600592058,0.46151196219940505,0.4561894607607333,-0.4307036263075145,0.33404209236252513,-0.017315794149796837,-0.07556915478493191,-0.15398007638351432,0.1511533282653379,0.40902791458143434,0.3099970298175544,0.471489611372563,-0.22685151173680398,-0.03410554351064948,-0.026979094668769906,0.21026955100633232
143,0.13598333473215593,0.03048863895714203,0.12638483116916358,-0.05827433984508807,-0.05323316428520335,0.38394456914269876,0.12494821353405587,0.11626296745509843,0.1967032816729059,0.13604608051457204,-0.4410086830701572,0.20521445648280787,0.18187890191990846,-0.018412927239126024,0.08651782774696389,0.27957828264201523,0.07241198467246238
144,0.2136761375202918,0.07494596567037431,0.25010784662062324,0.3523436055521462,0.16449856261676135,-0.06575779966302676,-0.4633805460079044,-0.6296462555508103,2.322443244981363,0.016820628608099946,-0.12210513461064502,0.10215149155694556,0.024406105133026493,0.355073964073535,0.3305091004000071,0.5569329242264648,-0.246023278873846
145,0.732439073067299,0.16811112115875754,0.3065383859292377,0.3339580943966088,-0.3258809547938212,0.13330811200126508,-0.16700246707206481,0.35905073798042664,0.2503177717232147,0.19920890419656892,0.006508261054583925,0.19637910122862356,0.5323290908947901,0.11239025342580698,0.019519458325689406,-0.024104684871840008,0.41000486829468213
146,-0.45930796864318557,0.08435528278984028,-0.63624168883377,2.322443244981363,0.016820628608099946,-0.12210513461064502,0.7425967423056713,0.3770630487607281,-0.05766107861356521,0.14954493181396358,0.16384677242970036,0.06412993674654287,-0.07754603495020393,0.19927450157206136,0.22382878195307498,-0.09401895570000028,0.10799564566925353
147,-0.08047575649163148,0.16236333567151778,0.17047529049149088,0.07176664141241576,-0.05498110129799243,0.15183112240756858,0.10787259292306504,0.01840890062904963,-0.0995598219957391,0.4821384641347985,-0.10720510281794955,-0.02327093882632231,0.13330989518342076,0.06458116259471598,-0.01926892014609721,0.3807558613147009,0.17224841861994322
148,0.2146160329797934,0.30387177201667565,0.15759859202803098,-0.17392707701365767,-0.14536143896619835,0.04333727706415184,0.1220174870673977,0.06129942909837034,0.19601231956388124,0.20596975380684593,-0.057684741153323484,0.07384757606653194,0.14480516428365917,0.11473011258612666,-0.06087256733651791,0.10219365132836339,0.2904398373272532
149,0.25980627869946177,0.028878761909011532,0.1512351673111633,0.0687471240577064,0.025303337699693184,0.07991964893101931,0.14910613995433913,0.16732785441279824,0.2587212667043487,-0.14639799594510308,0.3286452837434767,0.21153885924695115,0.1163015082677053,-0.07607939841636727,0.4408191314993718,0.1944108882314549,-0.17628742224102106
150,-0.033804194159752304,0.17615938980224977,0.03444382036243173,-0.08424507459956743,-0.05323316428520335,0.38394456914269876,0.12494821353405587,0.11626296745509843,0.1967032816729059,0.13604608051457204,-0.4410086830701572,0.20521445648280787,0.18187890191990846,-0.018412927239126024,0.08651782774696389,0.27957828264201523,0.07241198467246238
151,0.19601231956388124,0.20596975380684593,-0.057684741153323484,0.07384757606653194,0.14480516428365917,0.11473011258612666,-0.06087256733651791,0.1081466919612358,0.23315219493351433,0.2759889856284672,0.3334386814242376,-0.2930011245453141,-0.3323103623367577,-0.21119585311806702,0.6359536634803336,-0.20577899822194573,0.20485280725032834
152,0.13030374742807277,0.28667888938837066,-0.06951352474562462,0.16592700289521067,-0.07066784706132076,0.11293875088477945,-0.20535274008458249,0.5793427173608218,0.09004305927638333,0.1776169526838241,0.11019210973415139,-0.10629703423484374,-0.4260345743094281,0.5984436178614774,0.15948649245452387,-0.038225245979315856,0.16554706681998116
153,0.22477882403469934,0.15412082330316929,0.1598372675145959,0.0706787807519289,0.10415277268582958,0.2735431170666892,0.06625407688356992,-0.34376971549729113,0.31053865854267393,0.23395754267823185,0.023560602231441935,-0.21248517639154826,0.045107140934606355,0.28875087664909865,0.14815850872667752,0.16282803887473282,0.3842572887052237
154,0.031074778529934798,0.13886281909376522,0.0663289995961218,0.2459899734113378,-0.014562473930395762,0.21364801688882992,0.17429534874748348,0.2011047102573123,-0.05911225422027029,0.1470775585761181,0.02369429402154779,0.005683677347195281,-0.1564723056670849,0.5746193857681196,0.11730632153435483,0.11996356155954901,0.1278373443948156
155,0.29312924637770893,0.36431095447616657,0.051655846724557176,0.147015137047838,0.0024338063128608364,0.5425282188367668,0.2102334860700648,-0.023462072827558623,-0.08357893242046706,0.5100102620576359,0.015971134607805734,0.13242407727825622,0.12389941991210354,-0.06701563151637725,0.2211385741886123,0.1901250685257231,0.18141069148365815
156,0.31605517367239877,0.31626446930358326,-0.2688525390751869,-0.23497703259441213,-0.6818950630676603,2.775715655692279,-0.12641861897147907,-0.071568525291851,0.651068744545621,0.17517207832310983,-0.2837244130358797,-0.05933768281964149,-0.0158205855430532,0.10766783526534249,-0.15136662886912727,0.732439073067299,0.16811112115875754
157,0.9213821360251874,-0.015658216600592058,0.46151196219940505,0.4561894607607333,-0.4307036263075145,0.33404209236252513,-0.017315794149796837,-0.07556915478493191,-0.15398007638351432,0.1511533282653379,0.40902791458143434,0.3099970298175544,0.471489611372563,0.24064453266477764,0.3440457833662184,-0.18009620301785492,-0.2833807162011421
158,0.03434420395290914,0.08108865698436285,0.1615687764851244,-0.037857040474989806,0.16967044100176074,0.20436905870817954,0.20064497471212211,-0.03419642558318104,0.22503561746781034,0.23051347462592298,-0.2674087357689618,0.05272393126356598,0.22506923505064735,0.3704334712498292,0.25980627869946177,0.028878761909011532,0.1512351673111633
159,-0.023462072827558623,-0.08357893242046706,0.5100102620576359,0.015971134607805734,0.13242407727825622,0.12389941991210354,-0.06701563151637725,0.2211385741886123,0.1901250685257231,0.18141069148365815,-0.01872348367883698,0.1602399761215795,0.18812549775877,-0.18329904817335113,0.03510975496160437,0.24519022089989018,0.04521427973100914
160,-0.1994683328230255,0.23980010892210227,0.24982258900136312,-0.11600447725845392,-0.322697042332726,0.28251118197649966,0.03981403283697342,0.001220357624790931,-0.07007502669067454,0.4895214773529827,0.0637917868463912,0.21208714275880025,0.4495007379400005,0.2933092651678347,-0.07857167594071549,0.13570150332079825,0.13484381164054374
161,0.05668940185689197,0.20093656574037363,-0.034300721465717984,0.09335134699302704,0.10120720781703763,0.15852576202856808,-0.1261693407012891,0.05257179403844993,0.24495845199737368,0.1101646675136064,0.24823346342850847,0.42630163816159206,-0.2131146307468916,-0.22820094866907836,-0.4077636285835352,-0.21119691430236825,0.4794833804839934
162,0.019828243580542443,0.21838582797646872,-0.026929355196783866,0.08118586580494987,0.0029661854615968316,0.34595842949403505,-0.21248517639154826,0.045107140934606355,0.28875087664909865,0.14815850872667752,0.16282803887473282,0.3842572887052237,-0.00910825187333178,-0.3009925401089623,-0.3557798169054311,-0.17575267886142004,0.576090306976329
163,0.43358726407530823,-0.18009620301785492,-0.2833807162011421,-0.49163582428543307,0.021414579109772094,1.2345642521917752,-0.2390661515095062,0.7216726934662775,0.37887817736150176,-0.4375915754722766,0.17850557601239259,0.04049002125523098,-0.0759962967737919,-0.07588574258395304,0.2146160329797934,0.09866870979897606,0.11712542482710067
164,-0.05766107861356521,0.14954493181396358,0.16384677242970036,0.06412993674654287,0.0925816154111788,-0.21248517639154826,0.045107140934606355,0.28875087664909865,0.14815850872667752,0.16282803887473282,0.3842572887052237,-0.00910825187333178,-0.3009925401089623,-0.3557798169054311,-0.17575267886142004,0.576090306976329,-0.006011173839405014
165,0.532684865743833,0.11982048966670107,-0.0519861583077886,0.27183294112990597,-0.11338464126334705,0.22044835283863562,0.18175378128055952,0.2320510634115091,0.1615687764851244,-0.037857040474989806,0.16967044100176074,0.20436905870817954,0.20064497471212211,-0.03419642558318104,0.22503561746781034,0.23051347462592298,-0.2674087357689618
166,0.010629951960803224,0.2329295694666118,0.43160144306355575,0.23386430015327572,0.022736716960153926,0.20677149441364567,0.05235944102725745,0.015779282541251688,0.07778099345810575,0.14475962330811473,0.1313550547189986,0.07443711931806851,0.2013810585084282,0.16537104813962505,0.16944948516711295,0.024987697732263607,0.04487858645134652
167,0.0077741013978389175,0.04641076076847641,-0.12295444257606764,0.1125262569867667,-0.40042171646973945,0.30944710287579563,0.17593608521602916,-0.10071744145415372,0.16218366883225244,0.2723849429441483,0.0383714803928995,-0.0341945571464552,0.1063634492370031,0.1962990495609203,-0.13145164010685437,0.23843065633277077,0.11969849148818573
168,-0.45859624206429583,0.01881267170159937,0.9213821360251874,-0.015658216600592058,0.46151196219940505,0.4561894607607333,-0.4307036263075145,0.33404209236252513,-0.017315794149796837,-0.07556915478493191,-0.15398007638351432,0.1511533282653379,0.40902791458143434,0.3099970298175544,0.471489611372563,-0.22685151173680398,-0.03410554351064948
169,0.43329493229864297,-0.3915575391071216,0.1991874509102764,-0.16436390704998038,0.4455944499953284,0.21781015800967046,0.10304113458430038,0.07360110385407279,0.15670911251286973,0.45003162645293465,0.16110004426294264,0.045895226796395086,-0.06052322043582949,0.4507323785553294,-0.0691774432698838,0.2709843384910566,-0.11948577717296034
170,-0.18873985973198337,-0.2630977126021474,0.15538551639601741,0.29502436812259675,-0.07973305727102308,0.19799789212246702,0.22952809153640188,0.011717367533914707,-0.04143608295393437,0.18036848701180638,0.08872221642612875,0.008975541836774844,-0.025516086913291845,0.38806089204959493,-0.20156309491583888,0.12789596366752015,0.1503937044621789
171,0.2735431170666892,0.06625407688356992,-0.34376971549729113,0.31053865854267393,0.23395754267823185,-0.08417891571780703,-0.19567178073345584,0.048418260223786674,0.12787983090555988,0.09892670391507088,0.19799846171187263,0.08817550672737952,0.016104682807028897,0.19820898945179852,-0.1228961939348214,0.46117402403887836,0.010629951960803224
172,-0.09945040258569912,0.46110913685599997,0.03434420395290914,0.08108865698436285,0.1615687764851244,-0.037857040474989806,0.16967044100176074,0.20436905870817954,0.20064497471212211,-0.03419642558318104,0.22503561746781034,0.23051347462592298,-0.2674087357689618,-0.23275232299967874,0.14954493181396358,0.09474656219188508,0.12461655134544304
173,0.18883373211964893,-0.09435177912274093,0.22363286922109724,0.2243299273245574,0.09929767896570325,-0.05055300144419804,0.11493399400923741,0.16398023443426096,0.08641616074491512,-0.030744876890875142,0.03995236746348638,0.27685820958904017,-0.238454914255154,0.1622885154367558,0.27244070008152355,0.11639784455030472,0.24558940996994993
174,-0.025839607220092212,0.12045898537141242,0.3749433541286177,0.23132011143789816,-0.37003291712239705,-0.45930796864318557,0.08435528278984028,0.4794833804839934,-0.09284003963689724,0.26295154864488435,0.5642227911150639,0.4582575193735539,0.2716166448893086,0.23132011143789816,-0.37003291712239705,-0.45930796864318557,0.08435528278984028
175,0.20497716776757982,0.17400369564042703,-0.09436305739060516,0.33469231135482114,0.32166518950735806,-0.2270480455207728,-0.14535264944239704,0.1636217548875396,0.3461298946903398,-0.2333565673052771,-0.30008190849311206,0.47605685306399853,0.1915060377599846,-0.10391341217997091,0.3301924189647566,-0.1306468068111148,0.36493975362810666
176,-0.2895737635617525,-0.20713598269705358,0.09023637577643058,-0.059372907008158365,0.28230669455910706,-0.11981103663765495,0.07531665293909175,0.14223356297833722,-0.021651786553036286,0.12079119269608964,0.2710697405671107,0.1503937044621789,0.11340700597604,0.1662950431666319,0.31605517367239877,0.31626446930358326,-0.2688525390751869
177,-0.20156309491583888,0.12789596366752015,0.1503937044621789,0.11340700597604,0.1662950431666319,0.31605517367239877,0.31626446930358326,-0.2688525390751869,-0.23497703259441213,-0.6818950630676603,2.775715655692279,-0.12641861897147907,-0.071568525291851,0.651068744545621,0.17517207832310983,-0.2837244130358797,0.3057267568077388
178,0.18812549775877,-0.18329904817335113,-0.037608556786971226,0.13604608051457204,-0.4410086830701572,0.20521445648280787,0.18187890191990846,-0.018412927239126024,0.08651782774696389,0.27957828264201523,0.07241198467246238,-0.0009804569413706596,0.019828243580542443,0.21838582797646872,-0.026929355196783866,0.08118586580494987,0.0029661854615968316
179,0.00023042973591467987,0.07425954369573716,0.3424046214856011,0.1906227232740485,-0.06664940695669395,0.2587212667043487,0.21772812573506822,0.1470775585761181,0.3279502886094016,0.09451606649497561,-0.1767098477946617,0.04486876508389453,-0.029810975371668404,0.36698137508616957,0.28390600937395283,0.02859150893363023,-0.4260345743094281
180,0.11086305524430831,0.5085612625617385,0.2358186269665527,-0.0354215967745066,-0.07093347373910476,0.47495421114848513,-0.06981461482759276,0.2501629573434221,-0.007193016796767877,0.08783646987625998,0.17136904462667607,0.1900673974285291,0.08804064952157227,0.1748984588804126,0.015362110547091842,0.11016030936506847,0.2678296268354956
181,0.06625407688356992,-0.34376971549729113,0.31053865854267393,0.23395754267823185,-0.08417891571780703,-0.19567178073345584,0.048418260223786674,0.3524751961866195,0.0598365955185277,0.08329014142793219,0.18442346306946247,0.08528067838339004,0.10619021298001333,-0.07427673148701162,0.2817765778115769,0.18876158217694772,0.12025697212036957
182,0.2477901823414091,0.11239773235496053,0.14034718129468007,0.07531665293909175,0.14223356297833722,-0.021651786553036286,0.12079119269608964,0.2824571418874076,0.04509906066466046,0.31997096866254743,0.27166200964144344,0.061634111965513244,0.22032608542910156,0.21689918467645036,-0.19131993763789917,0.25762659116874836,0.064972871506301
183,-0.0158205855430532,0.10766783526534249,-0.15136662886912727,0.732439073067299,0.16811112115875754,0.3065383859292377,0.3339580943966088,-0.3258809547938212,0.13330811200126508,-0.16700246707206481,0.35905073798042664,0.2503177717232147,0.2717868781679555,-0.1286611337248143,0.13799062650487542,0.049220828979773264,0.2691318726029984
184,-0.3009925401089623,-0.44117727207533086,0.4794833804839934,-0.09284003963689724,0.26295154864488435,0.5642227911150639,-0.12169415188144998,-0.11306592133363663,0.2017013585807754,-0.18049387029567956,0.05969298311436966,-0.12444320203172575,0.5611453632897837,0.1869335896853636,0.4006017258170882,-0.10347017542090149,-0.06487001071552723
185,0.1540266254881555,0.13886281909376522,0.0663289995961218,0.2459899734113378,-0.014562473930395762,0.2328400479324948,0.03444382036243173,-0.08424507459956743,-0.05323316428520335,0.38394456914269876,0.12494821353405587,0.11626296745509843,0.1967032816729059,0.12630765033410604,0.5323290908947901,0.11239025342580698,0.019519458325689406
186,-0.1767098477946617,0.04486876508389453,-0.029810975371668404,0.36698137508616957,0.28390600937395283,0.06077700494192656,-0.03348926380060616,0.3121144711635626,0.49930541624730584,0.09661674508426206,-0.04247753767970497,0.111002564726116,0.32466681415976595,-0.054898688296048936,0.22432644828488973,-0.1232149241758918,0.2686244753741979
187,0.07711382871774942,0.20992472947069074,0.08617134357782268,0.07831120315928315,-0.036381717160680845,0.1918282357010622,0.2844671020440745,0.23315219493351433,0.2759889856284672,0.3334386814242376,-0.2930011245453141,-0.3323103623367577,-0.21119585311806702,0.6359536634803336,-0.20577899822194573,0.20485280725032834,0.6072405811830635
188,0.40979557006932316,0.23961717018966824,-0.05766107861356521,0.14954493181396358,0.16384677242970036,0.06412993674654287,-0.07754603495020393,0.19927450157206136,0.22382878195307498,-0.15831224157629548,0.08118586580494987,0.0029661854615968316,0.34595842949403505,-0.21248517639154826,0.15020504759298164,0.31501257601781585,0.03521232712560007
189,-0.04923300073592117,0.28884407459477013,0.11496552590834287,0.1509781412018274,0.21715120410033667,-0.11088653938316373,-0.3298778796407805,0.19739197841878328,0.2574074511740544,-0.1363443429204539,0.28392816400072096,0.17315845339267563,0.05824213470011352,-0.05307296768324391,0.15659419328815105,0.10901691378591169,-0.06287418633695564
190,-0.05933768281964149,-0.0158205855430532,0.10766783526534249,-0.15136662886912727,0.732439073067299,0.16811112115875754,0.3065383859292377,0.3339580943966088,-0.3258809547938212,0.13330811200126508,-0.16700246707206481,0.4548062619690112,0.05722556129495675,-0.05963657763210757,0.24747498490240735,0.22119021871304292,0.13598333473215593
191,0.3648744076231162,0.34342646217838496,-0.2580946663591771,0.22032608542910156,0.21689918467645036,-0.19131993763789917,0.25762659116874836,0.064972871506301,0.25375125815818755,0.02226975501848725,0.184785809834214,0.16588222747740497,0.17018348502593558,0.027595165892406535,0.1692395764517847,-0.016804451873613534,0.004656571040100282
192,-0.49479408873313274,0.053368837529939185,0.16218366883225244,0.2723849429441483,0.0383714803928995,0.7251882167044107,0.4561894607607333,-0.4307036263075145,0.33404209236252513,-0.017315794149796837,-0.07556915478493191,-0.15398007638351432,0.1511533282653379,0.40902791458143434,0.3099970298175544,0.471489611372563,-0.22685151173680398
193,0.1525483543928927,0.05451036815254353,0.10581675702611819,0.21836952852283753,-0.1975496083240688,0.06599459167266276,0.2140158170798685,0.032016070946640766,-0.2056916248099073,-0.09977122531837382,0.2566705868769431,0.05332100360012209,0.1334798000593729,0.1915060377599846,-0.10391341217997091,0.3301924189647566,-0.1306468068111148
194,0.14760436881813735,-0.17392707701365767,-0.14536143896619835,0.04333727706415184,0.1220174870673977,0.06129942909837034,0.19601231956388124,0.20596975380684593,-0.057684741153323484,0.07384757606653194,0.14480516428365917,0.07750869923608818,0.16398023443426096,0.08641616074491512,-0.030744876890875142,0.03995236746348638,0.27685820958904017
195,-0.029680462238063903,0.14956677270984858,0.3599731363146606,0.1693893827989283,0.11021291834797739,-0.01051268262747767,0.44645725699367006,0.34622605703385295,0.023401847563298758,-0.11233793060977981,0.3873237836404128,0.13358363612384028,0.27552939681922384,0.0799497909674738,0.1273673621854455,0.12302980186260518,0.2983918938792556
196,0.04784244341978576,0.0077741013978389175,0.04641076076847641,-0.12295444257606764,0.39770783469686205,0.08172071414989064,0.24383857054727498,0.12692743882989452,-0.13175624830598753,0.4234865458933099,-0.1161805714536689,-0.04633283163100682,0.2136761375202918,0.07494596567037431,0.25010784662062324,0.3523436055521462,0.16449856261676135
197,0.11712542482710067,0.13726845392845502,0.10477893452726418,0.154525193891985,0.12234390728662362,0.014770973447222226,0.16841010577103913,-0.17184534665718618,0.5705404810089426,0.0008958314648755303,0.23630351086435855,0.4555579162737879,0.246515426242668,0.01770617465262488,0.15591559768791044,0.06181623550682581,-0.032007325327046816
198,0.20689829639105578,-0.18868606439129984,0.1938649078891614,0.11596495767376316,0.23218720665753584,0.05513546681446052,0.16570867460275632,0.18981378883331407,0.16929565744747385,0.016130026589419835,0.13604560052272469,-0.018288587728737135,0.021704303877180964,-0.05845547641045337,0.3308041747258856,0.164257142074729,0.09676305399739243
199,0.1615687764851244,-0.037857040474989806,0.16967044100176074,0.20436905870817954,0.20064497471212211,-0.03419642558318104,0.22503561746781034,0.23051347462592298,-0.2674087357689618,0.05272393126356598,0.22506923505064735,0.10261484021232775,-0.21198150695143764,-0.19771289689077395,0.32661083949314984,0.10384331692069787,0.08783667047303642
200,-0.07300140090705133,0.015029837611797933,0.44060350728358616,0.19206526361875487,0.4763690489011428,0.13160135213379698,0.007793924365852867,-0.09554214890318367,0.17101591016823178,0.1958943861923911,0.19659120888368425,0.0682533575974299,0.2804422093780337,0.0799497909674738,0.1273673621854455,0.12302980186260518,0.2983918938792556
201,0.04641076076847641,-0.12295444257606764,0.39770783469686205,0.08172071414989064,0.24383857054727498,0.12692743882989452,-0.09579475570179191,-0.37215607382295773,0.42858710956831947,0.169608015722371,-0.08047575649163148,-0.22190351608473807,0.6780850513706412,0.11168107498567888,0.4323114787719322,0.40137010870007506,-0.35215411572254657
202,0.0962711095927171,0.19762225597500324,0.1081466919612358,0.23315219493351433,0.2759889856284672,0.3334386814242376,-0.2930011245453141,-0.3323103623367577,-0.21119585311806702,0.6359536634803336,-0.28441548747076345,-0.1363443429204539,0.28392816400072096,0.17315845339267563,0.05824213470011352,-0.01128917864227022,0.26295154864488435
203,0.14738116301118354,0.09492199006514247,-0.09869715727879487,0.0835486894223549,0.15840175868133813,0.18145219611393124,0.23769099596891313,0.43358726407530823,-0.18009620301785492,-0.2833807162011421,-0.49163582428543307,0.021414579109772094,1.2345642521917752,-0.2390661515095062,0.7216726934662775,0.37887817736150176,-0.4375915754722766
204,-0.1361437516837773,0.5126401164044888,0.10727375240522918,0.14836359842633548,0.14084473078919998,-0.07991486120750843,-0.4268141196430951,0.40979557006932316,0.23961717018966824,-0.05766107861356521,0.12059147645000697,-0.00702068129981513,-0.27453754616669024,-0.07896928497537498,0.03606607937215022,0.11905401693134181,-0.17504131225752168
205,0.13799062650487542,0.049220828979773264,0.2817193822922896,-0.35215411572254657,0.08641717028161186,-0.05935848768228961,0.33385057687905584,0.3111346555032771,0.03374797111609373,0.10221199436568572,0.11086305524430831,0.5085612625617385,0.2358186269665527,-0.0354215967745066,-0.07093347373910476,0.47495421114848513,-0.06981461482759276
206,0.09004305927638333,0.1776169526838241,0.11019210973415139,-0.10629703423484374,0.1457924835990001,0.09676305399739243,0.18006443606999176,0.03226528517847111,-0.44078944845124995,0.3380206448902753,0.12849141162106129,-0.025839607220092212,0.12045898537141242,0.286877200722593,0.06552001088711226,-0.01222018030071071,0.05668940185689197
207,0.46291758814384293,0.2387995848553981,0.03761959736561409,0.18756622566533648,-0.0032170019832001968,0.05780403347831227,0.08945759497947195,0.13484381164054374,0.14901686786802,0.06131121467129291,0.20880832158794416,0.11021351393836613,0.2811349847358627,0.0014623392565319142,0.04784244341978576,0.004982294889703879,0.09451606649497561
208,0.003986715639722211,-0.10353847396758291,-0.08273860521489726,0.36219842017178827,0.3552151175162411,0.3004909622472764,0.044637696916542596,0.1491258597087924,0.10443331001532027,-0.012240582376639745,0.07812222832684315,0.2086211161338412,0.3854280947760623,0.3481189339598148,-0.046633282251753776,0.28704697470443025,-0.23376505563265904
209,-0.10690798536618025,-0.20091983663120586,0.2564809375436427,0.2379115657403104,-0.03126694167154654,-0.2895737635617525,0.11571104830416722,0.19148059584239505,0.10402791108409856,0.2473407033343657,0.15339784011706106,0.17350277886178694,0.14443373400405532,0.06937373250251755,0.1938846693083236,-0.020397626293515884,0.056241500047262236
210,0.3594575830872452,0.10738292971034552,0.1268252869070336,-0.054658024990498495,0.5979804251199937,0.2526440820179429,0.2216662760936019,-0.026176215732739868,0.1598372675145959,0.1525321681280065,0.064972871506301,0.25375125815818755,0.02226975501848725,0.16046628947475025,0.0976938196030565,-0.1011372261993832,0.23834739187748413
211,-0.07354985517388313,0.24264684577496107,-0.17251053863600152,-0.14542367560108146,0.39103737266639904,-0.029810975371668404,0.36698137508616957,0.28390600937395283,0.06077700494192656,0.09098072630672625,-0.35215411572254657,0.08641717028161186,-0.05935848768228961,0.33385057687905584,0.3111346555032771,0.03374797111609373,0.10221199436568572
212,0.02271247292045064,0.29107111576143124,0.1045071141541918,0.12488891724892921,0.20435731266315316,-0.18873985973198337,-0.2630977126021474,0.15538551639601741,0.29502436812259675,-0.07973305727102308,0.19799789212246702,0.22952809153640188,0.011717367533914707,-0.04143608295393437,0.18036848701180638,0.08872221642612875,0.008975541836774844
213,0.18141069148365815,-0.01872348367883698,0.1602399761215795,0.18812549775877,-0.0034552362263896574,0.04509906066466046,0.31997096866254743,0.27166200964144344,0.061634111965513244,0.22032608542910156,0.21689918467645036,-0.19131993763789917,0.25762659116874836,0.064972871506301,0.25375125815818755,0.02226975501848725,0.184785809834214
214,0.13598333473215593,-0.13681080061597803,0.24383857054727498,0.12692743882989452,-0.09579475570179191,-0.42998683557223316,-0.018412927239126024,0.08651782774696389,0.27957828264201523,0.5642227911150639,-0.12169415188144998,-0.11306592133363663,0.1467107269234137,0.054108945930185164,-0.180998239524067,-0.008569243178889904,0.06771309427619968
215,0.025303337699693184,0.07991964893101931,0.14910613995433913,0.13870999513948015,0.052111479316268625,0.2025166266354563,0.13030374742807277,0.28667888938837066,-0.06951352474562462,0.16592700289521067,-0.07066784706132076,0.11293875088477945,-0.20535274008458249,0.08104177700154652,0.14815850872667752,0.16282803887473282,0.3842572887052237
216,-0.13145164010685437,0.23843065633277077,0.11969849148818573,0.15101489071696825,-0.19871529312115233,0.16387788756728414,0.12461655134544304,0.17041386042389656,0.2758894441198532,0.219853075644846,-0.04923300073592117,0.28884407459477013,0.19745447066429342,0.07580716838731938,0.08567346237233235,0.1659339689806515,0.22725753124748785
217,-0.033804194159752304,0.17615938980224977,0.03444382036243173,-0.08424507459956743,-0.05323316428520335,0.38394456914269876,0.12494821353405587,0.11626296745509843,0.1967032816729059,0.13604608051457204,-0.4410086830701572,0.2763262508216863,0.15538551639601741,0.29502436812259675,-0.07973305727102308,0.19799789212246702,0.22952809153640188
218,0.10619021298001333,-0.07427673148701162,0.2817765778115769,0.18876158217694772,0.12025697212036957,0.3552151175162411,0.3004909622472764,0.044637696916542596,0.1491258597087924,0.10443331001532027,-0.23900499635458305,0.3188360004878918,0.3648744076231162,0.34342646217838496,-0.01628559255808749,0.22344916562290068,-0.0022649620560798393
219,0.21717996938913814,0.3279502886094016,0.09451606649497561,-0.1767098477946617,0.04486876508389453,-0.029810975371668404,0.36698137508616957,0.28390600937395283,0.06077700494192656,-0.03348926380060616,0.3121144711635626,0.49930541624730584,0.09661674508426206,-0.04247753767970497,0.111002564726116,0.32466681415976595,-0.054898688296048936
220,0.10477893452726418,0.20574272256569837,0.061031905252357535,0.05848757429557536,-0.07720539751091571,0.0795661476217785,0.29244900495504983,0.07156915212888351,0.03981403283697342,0.001220357624790931,-0.07007502669067454,0.4895214773529827,0.0637917868463912,0.21208714275880025,0.4495007379400005,0.2933092651678347,-0.07857167594071549
221,0.10385343119200716,0.4510220067914173,0.03846867327970024,-0.04143608295393437,0.18036848701180638,0.08872221642612875,0.008975541836774844,-0.025516086913291845,0.38806089204959493,-0.20156309491583888,0.12789596366752015,0.1503937044621789,0.3309852542945564,0.026517317732064345,-0.07420667902913211,0.4772627981074588,-0.017093960217367823
222,0.23218720665753584,0.05513546681446052,0.16570867460275632,0.18981378883331407,0.16929565744747385,0.016130026589419835,-0.0030267359321284803,-0.2837244130358797,-0.05933768281964149,-0.0158205855430532,0.10766783526534249,-0.15136662886912727,0.732439073067299,0.16811112115875754,0.3065383859292377,0.3339580943966088,-0.3258809547938212
223,0.39656667760254666,0.3438782254724192,-0.22430789111493196,-0.13216215275703985,0.04131191411989849,0.29312924637770893,0.36431095447616657,0.051655846724557176,0.147015137047838,0.0024338063128608364,0.5425282188367668,0.2102334860700648,-0.023462072827558623,-0.08357893242046706,0.5100102620576359,0.015971134607805734,0.13242407727825622
224,0.029024701733186827,-0.023190079283785647,0.41946818135912745,0.396950895585359,0.05722556129495675,-0.05963657763210757,0.24747498490240735,0.1906227232740485,-0.06664940695669395,0.2587212667043487,-0.14639799594510308,0.3286452837434767,0.21153885924695115,0.1163015082677053,-0.07607939841636727,0.2830769761434039,0.17018348502593558
225,-0.13216215275703985,0.04131191411989849,0.29312924637770893,0.36431095447616657,0.051655846724557176,0.147015137047838,0.0024338063128608364,0.5425282188367668,0.2102334860700648,-0.023462072827558623,-0.08357893242046706,0.5100102620576359,0.015971134607805734,0.13242407727825622,-0.05975999366289768,0.47495421114848513,-0.06981461482759276
226,0.39595271167737006,0.2477901823414091,0.11239773235496053,0.14034718129468007,0.07531665293909175,0.14223356297833722,-0.021651786553036286,0.12079119269608964,0.2824571418874076,0.04509906066466046,0.31997096866254743,0.27166200964144344,0.061634111965513244,0.22032608542910156,0.21689918467645036,-0.19131993763789917,0.25762659116874836
227,-0.06701563151637725,0.2211385741886123,0.1901250685257231,0.18141069148365815,-0.01872348367883698,0.1602399761215795,0.18812549775877,-0.18329904817335113,0.03510975496160437,0.24519022089989018,0.04521427973100914,-0.18844126538241282,-0.1530571398391794,0.2893326305696375,0.0598365955185277,0.08329014142793219,0.18442346306946247
228,0.10221199436568572,0.11086305524430831,0.5085612625617385,0.2358186269665527,-0.16819597105897746,-0.06574295470794776,0.34385555108441634,0.18533780760642687,0.16500535895414353,0.11298577658039052,0.1593491945626654,-0.2832162412671828,0.0020805530387531996,0.09813566285711402,-0.09435177912274093,0.22363286922109724,0.2243299273245574
229,0.44645725699367006,0.34622605703385295,0.023401847563298758,-0.11233793060977981,0.3873237836404128,0.14370153652087095,-0.06519178307126122,0.31264062742987014,-0.10219671826133284,0.20037398764353218,0.20497716776757982,0.17400369564042703,-0.09436305739060516,0.33469231135482114,0.32166518950735806,-0.2270480455207728,-0.14535264944239704
230,0.09562393978438231,0.14760436881813735,-0.17392707701365767,-0.14536143896619835,0.04333727706415184,0.1220174870673977,0.06129942909837034,0.19601231956388124,0.20596975380684593,0.0876273701485934,0.032519541821476844,0.005804140740080759,0.11109279126474983,0.23961717018966824,-0.05766107861356521,0.14954493181396358,0.16384677242970036
231,-0.2919755150128051,0.25194362687045424,0.18447934488472806,-0.09101857214648255,0.5137096915218102,-0.3915575391071216,0.1991874509102764,-0.16436390704998038,0.4455944499953284,0.21781015800967046,0.10304113458430038,0.07360110385407279,0.15670911251286973,0.45003162645293465,0.16110004426294264,0.045895226796395086,-0.06052322043582949
232,-0.1361437516837773,0.5126401164044888,0.10727375240522918,0.14836359842633548,0.14084473078919998,-0.07991486120750843,-0.3537861718670854,0.25742689993318923,0.1378193687751203,0.032519541821476844,0.005804140740080759,0.15562454509034235,0.09398115298271544,-0.01760761135922154,0.08290979460788833,-0.1271890839969909,0.22798368323536836
233,0.7425967423056713,0.26569395997574946,-0.48211955771040454,0.31856934468977854,-0.1471160322989946,0.13224843227692928,0.008757944931774984,0.5705404810089426,0.0008958314648755303,0.23630351086435855,0.4555579162737879,0.246515426242668,0.01770617465262488,0.15591559768791044,0.06181623550682581,-0.032007325327046816,0.09425897787719907
234,0.08641717028161186,-0.05935848768228961,0.33385057687905584,0.3111346555032771,0.13258450406801628,0.21369508916669722,0.2864317522176922,0.2649233174487815,-0.22582008661066053,0.010747444669999833,-0.04684048839730427,0.3445276958741689,0.2670168397207595,0.1207569656637862,-0.054898688296048936,0.22432644828488973,-0.1232149241758918
235,-0.06092265305807112,0.3492949165438124,0.17136904462667607,0.1900673974285291,0.14118158550631343,-0.0010933893612546557,0.14738116301118354,0.09492199006514247,-0.09869715727879487,0.025483110740760807,0.22725753124748785,-0.033804194159752304,0.17615938980224977,0.03444382036243173,-0.08424507459956743,-0.05323316428520335,0.38394456914269876
236,0.09004305927638333,0.1776169526838241,0.11019210973415139,-0.10629703423484374,-0.4260345743094281,0.5984436178614774,0.15948649245452387,-0.038225245979315856,0.12200883569907046,0.1942458485822597,0.05373657295280298,-0.0481804193300597,-0.31665604319334456,0.3380206448902753,0.12849141162106129,-0.025839607220092212,0.12045898537141242
237,0.5425282188367668,0.2102334860700648,-0.023462072827558623,-0.08357893242046706,0.5100102620576359,0.015971134607805734,0.13242407727825622,0.10523594898133189,-0.1232149241758918,0.2686244753741979,0.21364801688882992,0.17429534874748348,0.2011047102573123,-0.05911225422027029,0.1470775585761181,0.02369429402154779,0.005683677347195281
238,0.31053865854267393,0.23395754267823185,-0.08417891571780703,-0.19567178073345584,0.048418260223786674,0.12787983090555988,0.09892670391507088,0.15583052777161302,-0.059372907008158365,0.28230669455910706,-0.10897268141169947,0.4019389235070164,0.08865320947212052,0.11316297154198258,0.46291758814384293,0.2387995848553981,0.03761959736561409
239,0.021414579109772094,1.2345642521917752,-0.2390661515095062,0.7216726934662775,0.37887817736150176,-0.4375915754722766,0.17850557601239259,0.04049002125523098,-0.0759962967737919,-0.07588574258395304,0.2146160329797934,0.30387177201667565,0.3066306355625916,0.5546419203281793,-0.26978020481639686,-0.09744491478413504,0.029835882608371077
240,0.1570198042576097,0.15967623071216216,0.18518734134368978,0.03957451191768845,0.1932733614432001,-0.05430886755852945,0.05310248474394906,0.3607471428065565,0.06233658555976345,0.25202439925764925,0.36292852572337225,0.06181623550682581,-0.032007325327046816,0.09425897787719907,0.18704035057159146,0.1166120799555511,0.10308527413401705
241,0.1673903322242667,-0.09284999744819501,0.3101946871467882,-0.16972559312542665,0.3638470451044476,0.20503724985454205,0.1459981126354451,-0.09139857051369302,0.29333985737491053,0.016130026589419835,0.13604560052272469,-0.018288587728737135,0.021704303877180964,-0.05845547641045337,0.0944564283888955,0.07288885104996093,0.1748984588804126
242,0.33876510586308256,0.02582216832870876,0.10159629500858154,0.02285161943960793,0.007793924365852867,-0.09554214890318367,0.17101591016823178,0.1958943861923911,0.19659120888368425,0.0682533575974299,0.17317355494762385,-0.17423414406398183,-0.17888375096808656,0.14457497153757373,0.16150134876585814,-0.04888249344416614,0.028835215080125137
243,-0.20300578487782478,0.2829097843134919,0.036318137954573296,0.2968939267958973,0.07580716838731938,0.08567346237233235,0.1659339689806515,0.3418218557881716,-0.0032170019832001968,0.05780403347831227,0.13279765953118794,0.29107111576143124,0.1045071141541918,0.12488891724892921,0.20435731266315316,-0.18873985973198337,-0.2630977126021474
244,-0.1767098477946617,0.04486876508389453,-0.029810975371668404,0.36698137508616957,0.28390600937395283,0.06077700494192656,-0.03348926380060616,0.3121144711635626,0.49930541624730584,0.09661674508426206,-0.04247753767970497,0.111002564726116,0.32466681415976595,-0.054898688296048936,0.22432644828488973,-0.1232149241758918,0.2686244753741979
245,0.3380206448902753,0.12849141162106129,-0.025839607220092212,0.12045898537141242,0.286877200722593,0.06552001088711226,-0.01222018030071071,0.05668940185689197,0.10362509383257605,0.15012172490551431,0.11914993570351617,-0.013910993924571376,-0.17796770742789422,0.6237727862359442,-0.0034213682837081223,-0.11177332321076741,-0.12447288368586536
246,0.003986715639722211,-0.10353847396758291,0.3373926601630302,0.16236333567151778,0.17047529049149088,0.07176664141241576,-0.05498110129799243,0.15183112240756858,0.10787259292306504,0.01840890062904963,-0.0995598219957391,0.4821384641347985,-0.10720510281794955,-0.02327093882632231,0.13330989518342076,0.06458116259471598,0.2819858073684284
247,0.28704697470443025,-0.23376505563265904,0.25903415533466395,0.05353362786240616,0.27552939681922384,0.0799497909674738,0.1273673621854455,0.12302980186260518,0.2983918938792556,-0.12952072144717805,0.22342416318361763,0.07008561531728158,-0.12319514448977624,-0.06574295470794776,0.34385555108441634,0.18533780760642687,0.16500535895414353
248,-0.01760761135922154,0.013769183121238256,0.3351624358998726,-0.14469081953720858,0.08939889071784639,0.14222625457533922,0.09454735228493921,0.2455881403904545,0.22417321000734797,0.3377246363120925,-0.25067496534820216,-0.33049876626994434,-0.49479408873313274,1.2506888914384577,0.03742720706739787,0.14443373400405532,0.06937373250251755
249,-0.21754472327174948,0.11712542482710067,0.13726845392845502,0.2803394062155468,-0.1808880106703088,0.7512025272323432,0.10323363556716901,0.37562684311726585,0.43329493229864297,-0.3915575391071216,0.0002879024942063322,-0.2005062652564799,0.18019128493810643,0.2685197814770018,-0.053115559140665666,-0.37717238805262293,0.2565974639919755
250,0.184785809834214,0.16588222747740497,0.17018348502593558,0.027595165892406535,0.1692395764517847,-0.016804451873613534,-0.0012749059923216897,0.03521232712560007,0.31260451285604524,0.31800420099521304,-0.005335817680394406,0.27501372788438055,-0.0019401474578765487,0.03288055636069062,-0.10720510281794955,0.04106971111700765,-0.16034808885176957
251,0.6345265610190949,0.2433730585524286,-0.04712027514696706,0.09999394778949644,0.22146573820555276,0.07314429710685592,-0.1271890839969909,0.4085821242904413,0.47201011607596016,-0.28281767262770263,-0.0037568732807429827,-0.006068095610988907,0.22353226918003677,0.31634318939043543,0.1452137764050096,0.07004406608160774,0.05316462727074893
252,0.3004909622472764,0.044637696916542596,0.1491258597087924,0.10443331001532027,-0.012240582376639745,0.13886281909376522,0.0663289995961218,0.2459899734113378,-0.014562473930395762,0.21364801688882992,0.17429534874748348,0.2011047102573123,-0.05911225422027029,0.1470775585761181,0.02369429402154779,0.005683677347195281,-0.1273834470031238
253,0.2983918938792556,-0.12952072144717805,0.22342416318361763,0.28291233684027306,0.2649233174487815,-0.22582008661066053,0.010747444669999833,-0.04684048839730427,0.3445276958741689,0.2670168397207595,0.11999193592579707,0.025195000573940488,0.2525280799707006,0.46609603032039665,0.12547576951623374,-0.014864298582347406,0.02672968558008701
254,-0.20577899822194573,0.20485280725032834,0.6938025427425525,-0.2131146307468916,-0.22820094866907836,0.798456346494198,-0.0030598719334408316,0.39096949337005593,0.5105758017641661,-0.3718423771208559,0.18668007377330023,0.005169852410660244,-0.04538704312831413,-0.09714475970879345,0.024406105133026493,0.355073964073535,0.3305091004000071
255,0.2748983453654098,-0.017315794149796837,-0.07556915478493191,-0.15398007638351432,0.1511533282653379,0.40902791458143434,0.3099970298175544,0.471489611372563,-0.22685151173680398,-0.03410554351064948,-0.026979094668769906,0.21026955100633232,0.3594575830872452,0.10738292971034552,0.1268252869070336,-0.054658024990498495,0.5979804251199937
256,0.10261484021232775,-0.21198150695143764,-0.19771289689077395,0.32661083949314984,0.10384331692069787,0.07711382871774942,0.20992472947069074,0.08617134357782268,0.07831120315928315,-0.036381717160680845,0.1918282357010622,0.2566953352236003,0.09440814158715664,0.25877643221949886,0.16588222747740497,0.17018348502593558,0.027595165892406535
257,0.1509781412018274,0.21715120410033667,-0.11088653938316373,-0.3298778796407805,0.19739197841878328,0.2574074511740544,-0.1794758260016446,0.18019128493810643,0.2685197814770018,-0.053115559140665666,-0.37717238805262293,0.49354224977275374,-0.026167537045574178,0.3188360004878918,0.3648744076231162,0.34342646217838496,-0.01628559255808749
258,0.13330989518342076,0.06458116259471598,0.1508855830803084,0.30790953094728557,0.026633443720634878,-0.10502185721591453,0.16212723952415709,0.10247846737264223,0.21692267376731647,0.19989817570442997,0.4734494394305207,0.1459981126354451,-0.09139857051369302,0.3563536013904831,0.2492544554621723,-0.1378062638889054,-0.2005062652564799
259,0.111002564726116,0.32466681415976595,-0.054898688296048936,0.22432644828488973,-0.1232149241758918,0.2686244753741979,0.15454741133606334,0.11838573542352976,-0.038603364347782866,0.3807558613147009,0.17224841861994322,-0.09851033897345973,-0.1994683328230255,0.23980010892210227,0.24982258900136312,-0.11600447725845392,-0.322697042332726
260,-0.12169415188144998,-0.11306592133363663,0.2017013585807754,-0.18049387029567956,0.05969298311436966,-0.12444320203172575,0.5611453632897837,0.1869335896853636,0.4006017258170882,-0.10347017542090149,-0.06487001071552723,0.022974105712554253,0.044969158891263294,-0.057684741153323484,0.07384757606653194,0.14480516428365917,0.11473011258612666
261,0.19820898945179852,-0.1228961939348214,0.46117402403887836,0.010629951960803224,0.2329295694666118,0.43160144306355575,0.23386430015327572,0.022736716960153926,0.20677149441364567,0.05235944102725745,0.015779282541251688,0.07778099345810575,0.14475962330811473,0.1313550547189986,0.07443711931806851,0.2013810585084282,0.16537104813962505
262,0.13484381164054374,0.14901686786802,0.06131121467129291,0.20880832158794416,-0.08541858082858371,0.6237727862359442,-0.0034213682837081223,-0.14058264719393238,-0.04684048839730427,0.3445276958741689,0.2670168397207595,0.11999193592579707,0.025195000573940488,0.2525280799707006,0.3241259498868571,0.05722556129495675,-0.05963657763210757
263,-0.05766107861356521,0.14954493181396358,0.13743787714150377,-0.00955398688276132,-0.04633283163100682,0.2136761375202918,0.07494596567037431,0.25010784662062324,0.3523436055521462,0.16449856261676135,-0.06575779966302676,-0.4633805460079044,-0.6296462555508103,2.322443244981363,0.016820628608099946,-0.12210513461064502,0.7425967423056713
264,0.29312924637770893,0.36431095447616657,0.051655846724557176,0.147015137047838,0.0024338063128608364,0.5425282188367668,0.2102334860700648,-0.023462072827558623,-0.08357893242046706,0.5100102620576359,0.015971134607805734,0.13242407727825622,0.12389941991210354,-0.06701563151637725,0.2211385741886123,0.1901250685257231,0.18141069148365815
265,0.16929565744747385,0.016130026589419835,0.13604560052272469,-0.018288587728737135,0.21721095866204995,0.1944108882314549,-0.17628742224102106,-0.13205735314625608,0.1970317131241627,0.21112320288276687,-0.053256080531068464,-0.26428007550883953,0.3301924189647566,-0.1306468068111148,0.36493975362810666,0.1618681250337736,0.10981308189934724
266,0.02271247292045064,0.29107111576143124,0.1045071141541918,0.12488891724892921,0.20435731266315316,-0.18873985973198337,-0.35331836031638597,-0.07300140090705133,0.015029837611797933,0.44060350728358616,0.19206526361875487,0.4763690489011428,-0.1670048053309648,-0.017998435792932244,0.06031076097975645,0.02182100849886886,0.32235892296680474
267,0.5714173973408444,0.15528760475682082,0.23091537737709414,0.06650813331778027,0.0688545810301372,0.06682974592404096,-0.16034808885176957,0.582480184304969,-0.026167537045574178,0.3188360004878918,0.3648744076231162,0.34342646217838496,-0.01628559255808749,0.20446229175264322,0.077208066716257,-0.03473222436348715,0.2269899149422962
268,-0.19567178073345584,0.048418260223786674,0.12787983090555988,0.09892670391507088,0.19799846171187263,0.08817550672737952,0.016104682807028897,0.19820898945179852,-0.1228961939348214,0.46117402403887836,0.010629951960803224,0.25817314742721637,0.11716303057832608,0.12569717207255016,0.08359265059376635,0.33876510586308256,0.11962254441150952
269,-0.00910825187333178,-0.3009925401089623,-0.3557798169054311,-0.17575267886142004,0.576090306976329,-0.006011173839405014,0.407556646171246,0.565946646773559,-0.04207922667471619,0.12789596366752015,0.1503937044621789,0.11340700597604,0.1662950431666319,0.08234593419361352,-0.032007325327046816,0.09425897787719907,0.18704035057159146
270,0.5569329242264648,-0.11644707317504353,0.2146160329797934,0.30387177201667565,0.2702294772271227,0.03761959736561409,0.18756622566533648,-0.0032170019832001968,0.05780403347831227,0.08945759497947195,0.13484381164054374,0.14901686786802,0.09675046970271459,0.17615938980224977,0.03444382036243173,-0.08424507459956743,-0.05323316428520335
271,0.19799846171187263,0.08817550672737952,0.19330156596421433,-0.05430886755852945,0.05310248474394906,0.3607471428065565,0.06233658555976345,0.25202439925764925,0.3540554860126552,0.054753129013971114,0.22470285204137724,0.2032151590447185,-0.20300578487782478,0.2829097843134919,0.05891188711041844,0.15670911251286973,0.45003162645293465
272,0.16449856261676135,-0.06575779966302676,-0.4633805460079044,-0.6296462555508103,2.322443244981363,0.016820628608099946,-0.12210513461064502,0.7425967423056713,0.123227491473901,-0.2837244130358797,-0.12772387499550578,-0.0158205855430532,0.10766783526534249,-0.15136662886912727,0.732439073067299,0.16811112115875754,0.3065383859292377
273,0.3890877324073698,0.23355982518621926,0.029024701733186827,-0.023190079283785647,0.41946818135912745,0.396950895585359,0.05722556129495675,-0.05963657763210757,0.24747498490240735,0.21520916915572216,0.22044835283863562,0.18175378128055952,0.21507230996456794,-0.11110494277211024,0.4315287673627478,0.1512351673111633,0.0687471240577064
274,0.21507230996456794,-0.1412774153475318,-0.10704446124940634,-0.13205735314625608,0.1090675558904655,-0.2016070125428649,-0.07588574258395304,0.2146160329797934,0.30387177201667565,0.3066306355625916,0.5546419203281793,-0.26978020481639686,-0.09744491478413504,0.029835882608371077,0.23244847910803215,0.3923522683435107,0.06574911402424904
275,0.09425897787719907,0.18704035057159146,0.1166120799555511,0.10308527413401705,0.17846779112789968,0.22208583212672164,0.10912076590162222,0.08387223257892588,0.007282743814128762,0.020612343586763032,-0.016019177985158884,0.02271247292045064,0.06649437896414004,-0.4820010422294675,0.6345265610190949,0.2433730585524286,-0.04712027514696706
276,0.020789453641837097,0.4234865458933099,-0.1161805714536689,-0.04633283163100682,0.2136761375202918,0.07494596567037431,0.25010784662062324,0.3523436055521462,0.16449856261676135,-0.06575779966302676,-0.4633805460079044,-0.6296462555508103,2.322443244981363,0.016820628608099946,-0.12210513461064502,0.7425967423056713,0.26569395997574946
277,-0.1530571398391794,0.2893326305696375,0.0598365955185277,0.08329014142793219,0.18442346306946247,0.08528067838339004,0.10619021298001333,-0.07427673148701162,0.2817765778115769,0.18876158217694772,0.12025697212036957,0.09750423701080863,-0.016019177985158884,0.02271247292045064,0.29107111576143124,0.1045071141541918,0.12488891724892921
278,0.025303337699693184,0.07991964893101931,0.14910613995433913,0.13870999513948015,0.19087835273294462,0.13598333473215593,0.19180202616448425,-0.14639799594510308,0.3286452837434767,0.21153885924695115,0.1163015082677053,-0.07607939841636727,0.4408191314993718,0.1944108882314549,-0.17628742224102106,-0.13205735314625608,0.1970317131241627
279,0.06255089963037826,0.14128623717498243,0.16458087537784533,0.23046833214655307,0.22428632184744493,0.1776169526838241,0.11019210973415139,-0.10629703423484374,-0.4260345743094281,0.5984436178614774,0.15948649245452387,-0.038225245979315856,0.1540814340350805,0.29107111576143124,0.1045071141541918,0.12488891724892921,0.20435731266315316
280,-0.09554214890318367,0.17101591016823178,0.1958943861923911,0.03804382560606737,0.3372305849465922,0.1958943861923911,0.19659120888368425,0.0682533575974299,0.17317355494762385,-0.17423414406398183,-0.17888375096808656,0.14457497153757373,0.16150134876585814,-0.04888249344416614,0.25742689993318923,0.1378193687751203,0.032519541821476844
281,0.32661083949314984,0.10384331692069787,0.07711382871774942,-0.3233422519369526,0.20051624388285613,0.34403694350380154,0.1970317131241627,0.21112320288276687,-0.053256080531068464,-0.41024474767980984,0.2704078672093213,0.267162624321814,0.12187058334242151,0.27546427786962585,0.061031905252357535,0.05848757429557536,-0.07720539751091571
282,-0.1363443429204539,0.28392816400072096,0.17315845339267563,0.05824213470011352,-0.05307296768324391,0.15659419328815105,-0.014638988833976714,0.05668940185689197,0.20093656574037363,-0.034300721465717984,0.09335134699302704,0.10120720781703763,0.15852576202856808,-0.1261693407012891,0.05257179403844993,0.24495845199737368,0.1101646675136064
283,-0.03473222436348715,0.10419356470175667,-0.14639799594510308,0.3286452837434767,0.21153885924695115,0.1163015082677053,-0.07607939841636727,0.4408191314993718,0.1944108882314549,-0.17628742224102106,-0.13205735314625608,0.1970317131241627,0.21112320288276687,-0.053256080531068464,-0.41024474767980984,0.2704078672093213,0.267162624321814
284,-0.2833807162011421,-0.49163582428543307,0.021414579109772094,1.2345642521917752,-0.2390661515095062,0.7216726934662775,0.37887817736150176,-0.4375915754722766,-0.05796601447496844,-0.08273860521489726,0.36219842017178827,0.20395349412622332,0.39656667760254666,0.3438782254724192,-0.22430789111493196,-0.13216215275703985,0.04131191411989849
285,0.09335134699302704,0.10120720781703763,0.15852576202856808,-0.1261693407012891,0.05257179403844993,0.24495845199737368,0.1101646675136064,0.24823346342850847,0.42630163816159206,-0.2131146307468916,-0.22820094866907836,-0.4077636285835352,-0.15881599178038797,0.874523150438384,-0.0030598719334408316,0.39096949337005593,0.5105758017641661
286,0.1503937044621789,0.11340700597604,0.1662950431666319,0.31605517367239877,0.4267853770345245,0.38464041570040863,0.08256728264784874,-0.11495180160911317,0.36064203219538704,0.1673903322242667,-0.09284999744819501,0.3101946871467882,-0.16972559312542665,0.3638470451044476,0.20503724985454205,0.1459981126354451,-0.09139857051369302
287,0.052111479316268625,0.2025166266354563,0.13030374742807277,0.28667888938837066,-0.06951352474562462,0.42670276524224504,0.46110913685599997,0.03434420395290914,0.08108865698436285,0.347811810232145,-0.054332979629034356,0.19955843128181666,-0.154784423703279,0.3022190377547206,0.1947513444538738,0.06255089963037826,0.14128623717498243
288,0.40979557006932316,0.23961717018966824,-0.05766107861356521,0.14954493181396358,0.16384677242970036,0.06412993674654287,-0.07754603495020393,0.19927450157206136,0.22382878195307498,-0.09401895570000028,0.10799564566925353,0.2062239140743334,0.14222625457533922,0.09454735228493921,0.2455881403904545,0.22417321000734797,0.34528719756540155
289,-0.04712027514696706,0.09999394778949644,0.22146573820555276,0.07314429710685592,-0.1271890839969909,0.22798368323536836,0.14083053914836333,-0.02431958698577717,-0.014774917010754571,0.30790953094728557,0.026633443720634878,-0.10502185721591453,0.16212723952415709,0.10247846737264223,0.21692267376731647,0.19989817570442997,0.4592312571483904
290,0.007282743814128762,0.020612343586763032,-0.016019177985158884,0.02271247292045064,0.29107111576143124,0.1045071141541918,0.12488891724892921,0.20435731266315316,-0.18873985973198337,-0.2630977126021474,0.15538551639601741,0.29502436812259675,-0.06610389199692732,0.08329014142793219,0.18442346306946247,0.08528067838339004,0.10619021298001333
291,0.0024338063128608364,0.5425282188367668,0.2102334860700648,-0.023462072827558623,0.26758815979790107,-0.046633282251753776,0.28704697470443025,-0.23376505563265904,0.25903415533466395,0.05353362786240616,0.27552939681922384,0.0799497909674738,0.1273673621854455,0.12302980186260518,0.2983918938792556,-0.12952072144717805,0.22342416318361763
292,-0.20535274008458249,0.649016374492374,0.1944108882314549,0.1964431174724785,0.46291758814384293,0.2387995848553981,0.03761959736561409,0.18756622566533648,-0.0032170019832001968,0.05780403347831227,0.08945759497947195,0.13484381164054374,0.14901686786802,0.06131121467129291,0.20880832158794416,0.11021351393836613,0.2811349847358627
293,0.04703410538990216,0.023224159920207973,0.3484169306665826,0.38464041570040863,0.08256728264784874,-0.11495180160911317,0.13458867270702574,0.056999667600075014,-0.03415029254685713,-0.1361437516837773,0.5126401164044888,0.10727375240522918,0.14836359842633548,0.14084473078919998,-0.07991486120750843,-0.4268141196430951,0.40979557006932316
294,0.07288885104996093,0.1748984588804126,0.13763391650007334,0.14738116301118354,0.09492199006514247,-0.09869715727879487,0.0835486894223549,0.15840175868133813,0.18145219611393124,-0.04565775755725325,0.24747498490240735,0.1906227232740485,-0.06664940695669395,0.2587212667043487,-0.14639799594510308,0.3286452837434767,0.21153885924695115
295,-0.2919755150128051,0.25194362687045424,0.18447934488472806,-0.03735439473461763,-0.17974141893035753,-0.045429781649620936,0.1992759304480005,0.07407198980981192,0.17323991061961344,0.13672065948977402,-0.059372907008158365,0.28230669455910706,-0.10897268141169947,0.4019389235070164,0.08865320947212052,0.11316297154198258,0.46291758814384293
296,0.045107140934606355,0.28875087664909865,0.14815850872667752,0.16282803887473282,0.3842572887052237,-0.00910825187333178,-0.3009925401089623,-0.3557798169054311,-0.17575267886142004,0.576090306976329,-0.006011173839405014,0.407556646171246,0.565946646773559,-0.27387320345155214,0.11608570550439605,0.054108945930185164,-0.11411752537832029
297,0.03195666987309589,-0.04923300073592117,0.28884407459477013,0.11496552590834287,0.1509781412018274,0.21715120410033667,-0.11088653938316373,-0.3298778796407805,0.19739197841878328,0.2459031988719062,0.3099970298175544,0.471489611372563,-0.22685151173680398,-0.03410554351064948,-0.026979094668769906,0.21026955100633232,0.3594575830872452
298,0.41000486829468213,-0.054332979629034356,0.19955843128181666,-0.154784423703279,0.3022190377547206,0.1947513444538738,0.06255089963037826,0.14128623717498243,0.16458087537784533,0.23046833214655307,-0.04177403759466122,-0.30418711666720355,0.3528982149432685,0.205696934332813,-0.06894471559741094,-0.21754472327174948,0.11712542482710067
299,0.2358186269665527,-0.0354215967745066,-0.07093347373910476,0.47495421114848513,-0.06981461482759276,0.2501629573434221,-0.007193016796767877,0.08783646987625998,0.17136904462667607,0.2515061844684007,0.36206636083348,0.018964750924899278,0.22176350952506277,0.0976938196030565,-0.1011372261993832,0.23834739187748413,0.05627475275433264
300,0.1659339689806515,0.22725753124748785,-0.033804194159752304,0.17615938980224977,0.03444382036243173,0.15454741133606334,0.1523794063363843,0.023401847563298758,-0.11233793060977981,0.3873237836404128,0.14370153652087095,-0.06519178307126122,0.31264062742987014,-0.10219671826133284,0.20037398764353218,0.20497716776757982,0.17400369564042703
301,0.28667888938837066,-0.06951352474562462,0.16592700289521067,-0.07066784706132076,0.11293875088477945,-0.20535274008458249,0.5793427173608218,0.09004305927638333,0.1776169526838241,0.11019210973415139,-0.10629703423484374,-0.4260345743094281,0.5984436178614774,0.15948649245452387,-0.038225245979315856,0.12200883569907046,0.1942458485822597
302,-0.053256080531068464,-0.41024474767980984,0.0317446267823469,0.27640262933912124,0.47201011607596016,-0.28281767262770263,-0.0037568732807429827,-0.006068095610988907,0.22353226918003677,0.31634318939043543,0.1452137764050096,0.07004406608160774,0.05316462727074893,0.09120275990989374,-0.18844126538241282,-0.1530571398391794,0.2893326305696375
303,0.3710274399415613,-0.46653684425022923,0.1554728609437766,0.24264684577496107,-0.17251053863600152,-0.14542367560108146,0.6780850513706412,0.11168107498567888,0.4323114787719322,0.40137010870007506,-0.35215411572254657,0.08641717028161186,-0.05935848768228961,0.33385057687905584,0.3111346555032771,0.03374797111609373,0.10221199436568572
304,0.1636217548875396,0.3461298946903398,-0.2333565673052771,-0.30008190849311206,0.3332262163068803,0.15339784011706106,0.17350277886178694,0.14443373400405532,0.06937373250251755,0.1938846693083236,-0.020397626293515884,0.056241500047262236,0.31501257601781585,0.03521232712560007,0.31260451285604524,0.2871163889046411,-0.014774917010754571
305,-0.038603364347782866,0.3807558613147009,0.17224841861994322,-0.09851033897345973,-0.1994683328230255,0.23980010892210227,0.24982258900136312,-0.11600447725845392,-0.322697042332726,0.20051624388285613,0.25916251817780694,0.29244900495504983,0.07156915212888351,0.03981403283697342,0.001220357624790931,-0.07007502669067454,0.4895214773529827
306,0.1901250685257231,0.18141069148365815,-0.01872348367883698,0.1602399761215795,0.18812549775877,-0.18329904817335113,0.03510975496160437,0.24519022089989018,0.04521427973100914,-0.18844126538241282,-0.1530571398391794,0.2893326305696375,0.0598365955185277,0.08329014142793219,0.18442346306946247,0.08528067838339004,0.10619021298001333
307,-0.30008190849311206,0.3332262163068803,0.15339784011706106,0.17350277886178694,0.14443373400405532,0.06937373250251755,0.1938846693083236,-0.020397626293515884,0.056241500047262236,0.31501257601781585,-0.18957184722081513,0.5826515229678326,0.15623469052714475,0.27640262933912124,0.47201011607596016,-0.28281767262770263,-0.0037568732807429827
308,0.31634318939043543,0.1452137764050096,0.07004406608160774,-0.008683836407810433,-0.11600447725845392,-0.322697042332726,0.20051624388285613,0.21910904649794555,0.1093603113504988,0.29244900495504983,0.07156915212888351,0.03981403283697342,0.001220357624790931,-0.07007502669067454,0.4895214773529827,0.0637917868463912,0.21208714275880025
309,0.056241500047262236,0.31501257601781585,0.03521232712560007,0.31260451285604524,0.31800420099521304,-0.005335817680394406,0.27501372788438055,0.20689829639105578,-0.18868606439129984,0.1938649078891614,0.11596495767376316,0.38629960513701794,0.044637696916542596,0.1491258597087924,0.10443331001532027,-0.012240582376639745,0.13886281909376522
310,0.3022190377547206,0.1947513444538738,0.06255089963037826,0.14128623717498243,0.16458087537784533,0.23046833214655307,-0.04177403759466122,-0.30418711666720355,0.3528982149432685,0.205696934332813,-0.06894471559741094,-0.21754472327174948,0.11712542482710067,0.13726845392845502,0.10477893452726418,0.154525193891985,0.12234390728662362
311,-0.39104435029717977,-0.58788795971382,0.8825455177838787,0.5486551716555055,-0.23240833069389197,0.7000941381334126,0.3710274399415613,-0.46653684425022923,0.1554728609437766,0.24264684577496107,-0.17251053863600152,-0.14542367560108146,0.6780850513706412,0.11168107498567888,0.4323114787719322,0.40137010870007506,-0.35215411572254657
312,-0.1607200420910524,0.31053865854267393,-0.06184262221178278,-0.1470698911807639,0.028485179149758382,0.008975541836774844,-0.025516086913291845,0.38806089204959493,-0.20156309491583888,0.12789596366752015,0.1503937044621789,0.11340700597604,0.1662950431666319,0.3810161110447579,0.37945256073396405,0.2729517301749195,-0.12099987263672833
313,-0.03903924591854724,0.24207087800657928,-0.026167537045574178,0.3188360004878918,0.3648744076231162,0.34342646217838496,-0.01628559255808749,0.22344916562290068,0.19065713133059195,0.13030374742807277,0.28667888938837066,-0.06951352474562462,0.16592700289521067,-0.07066784706132076,0.11293875088477945,-0.20535274008458249,0.48994632633582264
314,0.12494821353405587,0.11626296745509843,0.1967032816729059,0.13604608051457204,-0.4410086830701572,0.20521445648280787,0.18187890191990846,0.06623518666804999,0.7425967423056713,0.26569395997574946,-0.48211955771040454,0.31856934468977854,-0.1471160322989946,0.6723699816558567,0.3631106194833644,-0.5872769092188762,0.3343738849909891
315,0.015779282541251688,0.07778099345810575,0.14475962330811473,0.1313550547189986,0.07443711931806851,0.2013810585084282,0.16537104813962505,0.16944948516711295,0.024987697732263607,-0.05442187802164876,0.03237661780483232,0.005683677347195281,-0.1564723056670849,0.5746193857681196,0.11730632153435483,0.11996356155954901,0.1278373443948156
316,0.31997096866254743,0.27166200964144344,0.061634111965513244,0.22032608542910156,0.21689918467645036,-0.19131993763789917,0.25762659116874836,0.064972871506301,0.25375125815818755,0.02226975501848725,0.184785809834214,0.16588222747740497,0.17018348502593558,0.027595165892406535,0.1692395764517847,-0.016804451873613534,-0.0058054872213445345
317,0.1659339689806515,0.22725753124748785,-0.033804194159752304,0.17615938980224977,0.03444382036243173,-0.08424507459956743,-0.05323316428520335,0.38394456914269876,0.12494821353405587,0.11626296745509843,0.1967032816729059,0.13604608051457204,-0.4410086830701572,0.20521445648280787,0.18187890191990846,-0.018412927239126024,0.08651782774696389
318,-0.2056916248099073,-0.09977122531837382,0.2566705868769431,-0.03474334167112671,0.2136761375202918,0.07494596567037431,0.165690031394452,0.18096547976886537,0.3795145084592374,0.17047529049149088,0.07176664141241576,-0.05498110129799243,0.15183112240756858,0.10787259292306504,0.01840890062904963,-0.0995598219957391,0.4821384641347985
319,-0.19567178073345584,0.048418260223786674,0.12787983090555988,0.09892670391507088,0.19799846171187263,0.08817550672737952,0.016104682807028897,0.19820898945179852,-0.1228961939348214,0.46117402403887836,0.08956641254486458,-0.34376971549729113,0.31053865854267393,0.23395754267823185,-0.08417891571780703,-0.19567178073345584,0.048418260223786674
320,0.24982258900136312,-0.11600447725845392,0.26832401454185356,0.20395349412622332,0.39656667760254666,0.3438782254724192,-0.22430789111493196,-0.13216215275703985,0.04131191411989849,0.29312924637770893,0.36431095447616657,0.051655846724557176,0.147015137047838,0.0024338063128608364,0.3424673658147953,0.4144493965854573,0.25980627869946177
321,0.5569329242264648,-0.246023278873846,-0.02073871481096764,-0.029680462238063903,0.14956677270984858,0.3599731363146606,0.1693893827989283,0.1885061130219098,0.044637696916542596,0.1491258597087924,0.11626296745509843,0.1967032816729059,0.13604608051457204,-0.4410086830701572,0.20521445648280787,0.18187890191990846,-0.018412927239126024
322,-0.09823658655877998,0.2407284347887408,-0.12405508083124386,0.22599906281655174,0.2296552800988911,0.07187542666856812,0.09364824897947188,0.26063328665288116,0.13490246113837479,-0.10690798536618025,-0.20091983663120586,0.2564809375436427,0.2379115657403104,-0.03126694167154654,-0.2895737635617525,0.11571104830416722,0.19148059584239505
323,-0.04177403759466122,-0.30418711666720355,0.3528982149432685,0.205696934332813,-0.06894471559741094,-0.1431793400568374,0.1932733614432001,-0.05430886755852945,0.05310248474394906,0.14242805215696433,-0.13744108689493145,0.7512025272323432,0.10323363556716901,0.37562684311726585,0.43329493229864297,-0.3915575391071216,0.08437832832708639
324,0.2735431170666892,0.06625407688356992,-0.34376971549729113,0.31053865854267393,0.23395754267823185,-0.08417891571780703,-0.19567178073345584,0.048418260223786674,0.12787983090555988,0.09892670391507088,0.19799846171187263,0.08817550672737952,0.016104682807028897,0.19820898945179852,-0.1228961939348214,0.46117402403887836,0.010629951960803224
325,0.0029661854615968316,0.34595842949403505,-0.14665324790846987,-0.1530571398391794,0.2893326305696375,0.05019571528414323,0.11587366842218454,0.22417321000734797,0.3377246363120925,-0.04244823181316232,-0.0730539224471404,0.3334386814242376,-0.2930011245453141,-0.3323103623367577,-0.21119585311806702,0.6359536634803336,-0.20577899822194573
326,0.20503724985454205,0.1459981126354451,-0.09139857051369302,0.3563536013904831,0.28780869183605534,0.10583636003401536,0.0911876490090115,0.11016030936506847,0.2678296268354956,-0.11044697195648515,0.29822181701699224,-0.008912885521299718,0.004656571040100282,-0.11958844677906617,0.4510220067914173,0.15244082736729989,0.07288885104996093
327,0.15623469052714475,0.27640262933912124,0.47201011607596016,-0.28281767262770263,-0.0037568732807429827,0.09773086634370827,0.11982381637853495,-0.0036322028767203193,0.5154484502995313,0.2044492602416065,0.04163234839464616,-0.09945040258569912,0.46110913685599997,0.03434420395290914,0.08108865698436285,0.1615687764851244,-0.037857040474989806
328,0.2587212667043487,-0.14639799594510308,0.3286452837434767,0.21153885924695115,0.1163015082677053,-0.07607939841636727,0.4408191314993718,0.1944108882314549,-0.06291413037629064,0.1683969225102491,0.42630163816159206,-0.2131146307468916,-0.22820094866907836,-0.4077636285835352,-0.15881599178038797,0.874523150438384,-0.0030598719334408316
329,0.07249014922804803,0.16458087537784533,0.23046833214655307,-0.04177403759466122,-0.30418711666720355,0.3528982149432685,0.205696934332813,-0.06894471559741094,-0.21754472327174948,0.11712542482710067,0.13726845392845502,0.10477893452726418,0.154525193891985,0.12234390728662362,0.014770973447222226,0.16841010577103913,-0.08195309262561315
330,0.04509906066466046,0.31997096866254743,0.27166200964144344,0.061634111965513244,0.22032608542910156,0.34444663689532196,-0.0022649620560798393,0.00023042973591467987,0.07425954369573716,0.1967581543584978,0.11716303057832608,-0.002171998111318873,-0.03415029254685713,-0.1361437516837773,0.5126401164044888,0.10727375240522918,0.14836359842633548
331,-0.08047575649163148,0.16236333567151778,0.17047529049149088,0.07176664141241576,-0.05498110129799243,0.15183112240756858,0.10787259292306504,0.03807083861531478,0.2295099569039927,-0.25196316607160346,-0.05078018175580146,0.2269836513911627,0.21109509114465294,-0.25122925263422324,-0.31389127431207686,0.39595271167737006,0.2477901823414091
332,0.5642227911150639,-0.12169415188144998,-0.11306592133363663,0.043672943741050366,-0.08742949038525093,0.17124113491377574,-0.20272806045545047,0.5714173973408444,0.21369508916669722,0.2864317522176922,0.2649233174487815,-0.22582008661066053,0.010747444669999833,-0.04684048839730427,0.3445276958741689,0.2670168397207595,0.11999193592579707
333,-0.06894471559741094,-0.21754472327174948,0.11712542482710067,0.13726845392845502,0.10477893452726418,0.154525193891985,0.14277790442611513,0.24495845199737368,0.1101646675136064,0.24823346342850847,0.14466882919123236,0.16458087537784533,0.23046833214655307,-0.04177403759466122,-0.30418711666720355,0.3528982149432685,0.205696934332813
334,-0.154784423703279,0.3022190377547206,0.1947513444538738,0.06255089963037826,0.14128623717498243,0.16458087537784533,0.23046833214655307,-0.04177403759466122,-0.30418711666720355,0.3528982149432685,0.205696934332813,-0.06894471559741094,-0.21754472327174948,0.11712542482710067,0.13726845392845502,0.10477893452726418,0.154525193891985
335,0.22208583212672164,0.10912076590162222,0.08387223257892588,0.007282743814128762,0.020612343586763032,-0.016019177985158884,0.02271247292045064,0.29107111576143124,0.1045071141541918,0.07304539006835836,-0.1261693407012891,0.05257179403844993,0.24495845199737368,0.1101646675136064,0.24823346342850847,0.42630163816159206,-0.2131146307468916
336,-0.04494098055732182,0.5690449243076188,0.21717996938913814,0.3279502886094016,0.09451606649497561,-0.1767098477946617,0.04486876508389453,-0.029810975371668404,0.36698137508616957,0.28390600937395283,0.06077700494192656,-0.03348926380060616,0.3121144711635626,0.49930541624730584,0.09661674508426206,-0.04247753767970497,0.111002564726116
337,0.30387177201667565,0.3066306355625916,0.5546419203281793,-0.26978020481639686,-0.09744491478413504,0.029835882608371077,0.23244847910803215,0.3923522683435107,0.06574911402424904,0.11982381637853495,-0.0036322028767203193,0.5154484502995313,0.2044492602416065,0.04163234839464616,-0.09945040258569912,0.46110913685599997,0.03434420395290914
338,0.1967032816729059,0.13604608051457204,-0.4410086830701572,0.20521445648280787,0.18187890191990846,-0.018412927239126024,0.08651782774696389,0.27957828264201523,0.07241198467246238,-0.0009804569413706596,0.019828243580542443,0.21838582797646872,-0.026929355196783866,0.08118586580494987,0.0029661854615968316,0.34595842949403505,-0.21248517639154826
339,-0.05766107861356521,0.14954493181396358,0.16384677242970036,0.06412993674654287,-0.07754603495020393,0.19927450157206136,0.22382878195307498,-0.09401895570000028,0.10799564566925353,0.14738116301118354,0.09492199006514247,-0.09869715727879487,0.0835486894223549,0.15840175868133813,0.18145219611393124,0.23769099596891313,0.43358726407530823
340,0.04487858645134652,0.029272201147996082,0.03195666987309589,-0.04923300073592117,0.28884407459477013,0.17582378157665016,0.026950214585079065,0.18096547976886537,0.39861970155369486,0.3322918405849832,-0.0730539224471404,-0.3276340921767554,-0.560709760652686,0.014662593894547743,1.4080315384750042,-0.3211366212088857,1.0994415746910717
341,-0.16999080995714083,0.24400616256787622,0.6145468467126224,0.182811459615623,-0.27451396654390714,-0.037243909461088076,-0.08742949038525093,0.17124113491377574,-0.20272806045545047,0.5714173973408444,0.18489283103399579,0.2723849429441483,0.0383714803928995,-0.0341945571464552,0.1063634492370031,0.1962990495609203,0.11636283136443107
342,0.20093656574037363,-0.034300721465717984,0.09335134699302704,0.10120720781703763,0.15852576202856808,-0.1261693407012891,0.05257179403844993,0.24983719258605327,-0.2832162412671828,0.0020805530387531996,0.09813566285711402,-0.09435177912274093,0.20947145052352928,-0.13145164010685437,0.23843065633277077,0.11969849148818573,0.15101489071696825
343,0.19503432270321136,0.018964750924899278,0.22176350952506277,0.0976938196030565,-0.1011372261993832,0.23834739187748413,0.05627475275433264,0.2851260409760982,-0.04093780864936718,0.22340053763778864,0.17654672439733954,0.13598333473215593,0.03048863895714203,0.12638483116916358,0.056999667600075014,-0.03415029254685713,-0.1361437516837773
344,0.11209404702833785,0.2691318726029984,0.10583636003401536,0.0911876490090115,-0.028792933447526023,0.31264062742987014,0.10446858665007264,0.044637696916542596,0.1491258597087924,0.10443331001532027,-0.012240582376639745,0.13886281909376522,0.0663289995961218,0.2459899734113378,-0.014562473930395762,0.21364801688882992,0.17429534874748348
345,-0.21198150695143764,-0.19771289689077395,0.32661083949314984,0.10384331692069787,0.07711382871774942,0.20992472947069074,0.08617134357782268,0.07831120315928315,-0.036381717160680845,0.1918282357010622,0.2566953352236003,0.09440814158715664,0.25877643221949886,0.36206636083348,0.018964750924899278,0.1777514458130075,-0.04177403759466122
346,-0.3915575391071216,0.1991874509102764,-0.16436390704998038,0.4455944499953284,0.21781015800967046,0.10304113458430038,0.07360110385407279,0.15670911251286973,0.45003162645293465,0.16110004426294264,0.045895226796395086,-0.06052322043582949,0.4507323785553294,-0.0691774432698838,0.11730632153435483,0.11996356155954901,0.1278373443948156
347,0.22503561746781034,0.23051347462592298,-0.2674087357689618,0.05272393126356598,0.22506923505064735,0.10261484021232775,-0.21198150695143764,-0.19771289689077395,0.32661083949314984,0.10384331692069787,0.07711382871774942,0.20992472947069074,0.08617134357782268,0.07831120315928315,-0.036381717160680845,0.1918282357010622,0.2566953352236003
348,-0.13216215275703985,0.04131191411989849,0.29312924637770893,0.36431095447616657,0.051655846724557176,0.147015137047838,0.0024338063128608364,0.5425282188367668,0.41946818135912745,0.396950895585359,0.05722556129495675,-0.05963657763210757,0.24747498490240735,0.1906227232740485,-0.06664940695669395,0.2587212667043487,-0.14639799594510308
349,0.06458116259471598,0.2819858073684284,0.37945256073396405,0.2729517301749195,-0.12099987263672833,-0.39104435029717977,-0.58788795971382,0.8825455177838787,0.5486551716555055,-0.23240833069389197,0.7000941381334126,0.3710274399415613,-0.46653684425022923,0.1554728609437766,0.24264684577496107,-0.17251053863600152,-0.14542367560108146
350,0.19739197841878328,0.2574074511740544,-0.1363443429204539,0.28392816400072096,0.17315845339267563,0.05824213470011352,-0.05307296768324391,0.15659419328815105,0.18773405552046205,0.4763690489011428,-0.1670048053309648,-0.017998435792932244,0.06031076097975645,0.02182100849886886,0.32235892296680474,0.21043433282753074,0.04703410538990216
351,0.2851260409760982,-0.04093780864936718,0.22340053763778864,0.17654672439733954,0.13598333473215593,0.03048863895714203,0.12638483116916358,0.056999667600075014,-0.03415029254685713,-0.1361437516837773,0.5126401164044888,0.11293875088477945,-0.20535274008458249,0.5793427173608218,0.09004305927638333,0.1776169526838241,0.11019210973415139
352,0.582480184304969,-0.026167537045574178,0.3139355269426884,0.28704697470443025,-0.23376505563265904,0.25903415533466395,0.05353362786240616,0.27552939681922384,0.0799497909674738,0.1273673621854455,0.12302980186260518,0.2983918938792556,-0.12952072144717805,0.4265539805644823,0.10738292971034552,0.1268252869070336,-0.054658024990498495
353,0.12692743882989452,-0.09579475570179191,-0.028132770245767845,0.1915060377599846,-0.10391341217997091,0.3301924189647566,-0.1306468068111148,0.36493975362810666,0.1618681250337736,0.10981308189934724,0.4255352370150269,0.25980627869946177,0.028878761909011532,0.1512351673111633,0.0687471240577064,0.025303337699693184,0.07991964893101931
354,0.27685820958904017,-0.238454914255154,0.1622885154367558,0.27244070008152355,0.11639784455030472,0.24558940996994993,0.2716166448893086,0.23132011143789816,-0.37003291712239705,-0.45930796864318557,0.08435528278984028,0.4794833804839934,-0.09284003963689724,0.26295154864488435,0.5642227911150639,-0.12169415188144998,-0.11306592133363663
355,0.40979557006932316,0.23961717018966824,0.19246104542175718,0.19989817570442997,0.4592312571483904,-0.16129594391123622,-0.2057051867824583,-0.535203756815677,-0.18224044766622266,1.631133135384752,-0.27684410127456854,0.93613725027831,0.36905839115702316,-0.42191937147693376,0.1594097460088622,0.003986715639722211,-0.10353847396758291
356,0.006508261054583925,0.19637910122862356,0.22769351004899038,0.08256728264784874,-0.11495180160911317,0.36064203219538704,0.1673903322242667,-0.09284999744819501,0.3101946871467882,-0.16972559312542665,0.3638470451044476,0.20503724985454205,0.1459981126354451,-0.09139857051369302,0.3563536013904831,0.2492544554621723,-0.1378062638889054
357,0.1636217548875396,0.3461298946903398,-0.2333565673052771,-0.30008190849311206,0.2478664607682337,0.46117402403887836,0.010629951960803224,0.2329295694666118,0.43160144306355575,0.23386430015327572,0.15638892776370436,0.17813747119959616,0.11153480932866984,-0.2919755150128051,0.25194362687045424,0.18447934488472806,-0.03735439473461763
358,-0.0481804193300597,0.15012172490551431,0.11914993570351617,-0.013910993924571376,-0.17796770742789422,0.6237727862359442,-0.0034213682837081223,-0.15829306286883285,-0.19567178073345584,0.048418260223786674,0.12787983090555988,0.09892670391507088,0.19799846171187263,0.08817550672737952,0.016104682807028897,0.19820898945179852,-0.1228961939348214
359,0.19739197841878328,0.2574074511740544,-0.1363443429204539,0.36516519475806114,0.23046833214655307,-0.04177403759466122,-0.4034294869818522,0.5984436178614774,0.15948649245452387,-0.038225245979315856,0.196806731289316,0.31626446930358326,-0.2688525390751869,-0.23497703259441213,-0.6818950630676603,2.775715655692279,-0.12641861897147907
360,0.019519458325689406,-0.024104684871840008,0.41000486829468213,-0.054332979629034356,0.19955843128181666,0.2772055128018452,-0.2270480455207728,-0.14535264944239704,0.1636217548875396,0.3461298946903398,-0.2333565673052771,-0.30008190849311206,0.3332262163068803,0.15339784011706106,0.17350277886178694,0.14443373400405532,0.06937373250251755
361,0.355073964073535,0.3305091004000071,0.5569329242264648,-0.246023278873846,-0.02073871481096764,-0.11826619452270228,-0.23750900548058124,0.3301924189647566,-0.1306468068111148,0.36493975362810666,0.1618681250337736,0.10981308189934724,0.4255352370150269,0.25980627869946177,0.028878761909011532,0.1512351673111633,0.0687471240577064
362,0.08939889071784639,0.14222625457533922,0.09454735228493921,0.2455881403904545,0.22417321000734797,0.3377246363120925,-0.25067496534820216,-0.33049876626994434,-0.49479408873313274,1.2506888914384577,-0.16999080995714083,0.24400616256787622,0.6145468467126224,0.182811459615623,-0.27451396654390714,-0.037243909461088076,0.11155005483601206
363,0.02182100849886886,0.32235892296680474,0.325827286425988,0.147015137047838,0.0024338063128608364,0.5425282188367668,0.2102334860700648,-0.023462072827558623,-0.08357893242046706,0.5100102620576359,0.015971134607805734,0.13242407727825622,0.12389941991210354,-0.06701563151637725,0.2211385741886123,0.1901250685257231,0.18141069148365815
364,0.016130026589419835,0.13604560052272469,-0.018288587728737135,0.021704303877180964,-0.05845547641045337,0.3308041747258856,0.164257142074729,0.09676305399739243,0.18006443606999176,0.03226528517847111,-0.44078944845124995,0.3380206448902753,0.12849141162106129,0.4239511618761511,0.38464041570040863,0.08256728264784874,-0.11495180160911317
365,-0.05055300144419804,0.11493399400923741,0.16398023443426096,0.08641616074491512,-0.030744876890875142,0.03995236746348638,0.27685820958904017,-0.238454914255154,0.1622885154367558,0.27244070008152355,0.11639784455030472,0.24558940996994993,0.2716166448893086,0.23132011143789816,-0.37003291712239705,-0.45930796864318557,0.08435528278984028
366,0.5126401164044888,0.10727375240522918,0.14836359842633548,0.14084473078919998,-0.07991486120750843,-0.4268141196430951,0.40979557006932316,0.23961717018966824,-0.05766107861356521,0.14954493181396358,0.16384677242970036,0.06412993674654287,-0.07754603495020393,0.19927450157206136,0.22382878195307498,-0.09401895570000028,0.10799564566925353
367,0.2829097843134919,0.036318137954573296,0.2968939267958973,0.07580716838731938,0.08567346237233235,0.1659339689806515,0.22725753124748785,-0.033804194159752304,0.17615938980224977,0.03444382036243173,-0.08424507459956743,-0.05323316428520335,0.38394456914269876,0.12494821353405587,0.11626296745509843,0.1967032816729059,0.13604608051457204
368,0.396950895585359,0.05722556129495675,-0.05963657763210757,0.14901686786802,0.06131121467129291,0.20352536679165192,0.22208583212672164,0.10912076590162222,0.08387223257892588,0.007282743814128762,0.04704477449206132,0.10120720781703763,0.15852576202856808,-0.1261693407012891,0.05257179403844993,0.24495845199737368,0.1101646675136064
369,0.077208066716257,-0.03473222436348715,0.2269899149422962,0.1513353793055481,0.1525483543928927,0.05451036815254353,0.10581675702611819,0.21836952852283753,-0.1975496083240688,0.06599459167266276,-0.008662009011097413,0.16236333567151778,0.17047529049149088,0.07176664141241576,-0.05498110129799243,0.15183112240756858,0.10787259292306504
370,-0.018412927239126024,0.08651782774696389,0.27957828264201523,0.14143443644364026,0.17041386042389656,0.2758894441198532,0.38565678848867624,-0.2093333395469959,-0.3086869045626521,-0.45859624206429583,0.01881267170159937,0.9213821360251874,-0.015658216600592058,0.42755717652109604,0.10247846737264223,0.21692267376731647,0.19989817570442997
371,0.25877643221949886,0.36206636083348,0.018964750924899278,0.22176350952506277,0.0976938196030565,-0.1011372261993832,0.23834739187748413,0.05627475275433264,0.1572197392822666,0.128540358523504,-0.154784423703279,0.3022190377547206,0.1947513444538738,0.06255089963037826,0.14128623717498243,0.16458087537784533,0.23046833214655307
372,-0.2390661515095062,0.7216726934662775,0.37887817736150176,-0.4375915754722766,0.17850557601239259,0.04049002125523098,-0.0759962967737919,0.2888019963555893,0.5642227911150639,-0.12169415188144998,-0.11306592133363663,0.48812210432473213,0.49930541624730584,0.09661674508426206,-0.04247753767970497,0.111002564726116,0.32466681415976595
373,-0.4331030232034018,-0.10353847396758291,-0.08273860521489726,0.36219842017178827,0.20395349412622332,0.39656667760254666,0.3438782254724192,-0.22430789111493196,-0.13216215275703985,0.04131191411989849,0.29312924637770893,0.36431095447616657,-0.12909723997702865,-0.04633283163100682,0.2136761375202918,0.07494596567037431,0.25010784662062324
374,-0.06574295470794776,0.34385555108441634,0.18533780760642687,0.16500535895414353,0.11298577658039052,0.1593491945626654,-0.2832162412671828,0.0020805530387531996,0.09813566285711402,0.24144574243172198,0.11496552590834287,0.1509781412018274,-0.18847535709677912,-0.1530571398391794,0.26699888613333433,0.06682974592404096,-0.16034808885176957
375,0.09492199006514247,-0.09869715727879487,0.04000725056758852,0.25010784662062324,0.3523436055521462,0.16449856261676135,-0.06575779966302676,-0.4633805460079044,-0.6296462555508103,-0.06546514510591149,2.775715655692279,-0.12641861897147907,-0.071568525291851,0.651068744545621,0.17517207832310983,-0.2837244130358797,-0.05933768281964149
376,0.4970868953748266,0.0443270845504133,0.2086211161338412,0.3854280947760623,0.3481189339598148,-0.046633282251753776,0.28704697470443025,-0.23376505563265904,0.25903415533466395,0.05353362786240616,0.27552939681922384,0.0799497909674738,0.1273673621854455,0.12302980186260518,0.2983918938792556,-0.12952072144717805,0.22342416318361763
377,0.025303337699693184,0.07991964893101931,0.14910613995433913,0.13870999513948015,0.052111479316268625,0.2025166266354563,0.13030374742807277,0.28667888938837066,-0.06951352474562462,0.16592700289521067,-0.07066784706132076,0.11293875088477945,-0.20535274008458249,0.5793427173608218,0.09004305927638333,0.1776169526838241,0.11019210973415139
378,0.39302241740726196,-0.42191937147693376,0.1594097460088622,0.003986715639722211,-0.10353847396758291,-0.08273860521489726,0.36219842017178827,0.7412555263429705,0.4561894607607333,-0.4307036263075145,0.33404209236252513,-0.017315794149796837,-0.07556915478493191,-0.15398007638351432,0.1511533282653379,0.40902791458143434,0.3099970298175544
379,0.12402465147280047,0.1598372675145959,0.0706787807519289,0.10415277268582958,0.2735431170666892,0.06625407688356992,-0.34376971549729113,0.23168308782566766,0.3540554860126552,0.054753129013971114,0.231581300766322,0.16500535895414353,0.11298577658039052,0.1593491945626654,-0.2832162412671828,0.0020805530387531996,0.09813566285711402
380,-0.09977122531837382,0.2566705868769431,0.05332100360012209,0.1334798000593729,0.1915060377599846,-0.10391341217997091,0.3301924189647566,-0.1306468068111148,0.36493975362810666,0.1618681250337736,0.10981308189934724,0.4255352370150269,0.25980627869946177,0.028878761909011532,0.1512351673111633,0.0687471240577064,0.025303337699693184
381,-0.07973305727102308,0.19799789212246702,0.22952809153640188,0.011717367533914707,-0.04143608295393437,0.18036848701180638,0.08872221642612875,0.008975541836774844,-0.025516086913291845,0.38806089204959493,-0.20156309491583888,0.12789596366752015,0.1636217548875396,0.3461298946903398,-0.2333565673052771,-0.30008190849311206,0.3332262163068803
382,0.030295772611395898,-0.17611053221229445,0.532684865743833,0.11982048966670107,-0.0519861583077886,0.27183294112990597,-0.11338464126334705,0.22044835283863562,0.18175378128055952,0.21507230996456794,-0.11110494277211024,0.3924486791878392,0.2295099569039927,-0.25196316607160346,-0.248290067238162,0.31053865854267393,0.23395754267823185
383,-0.2270480455207728,-0.14535264944239704,0.1636217548875396,0.3461298946903398,-0.2333565673052771,-0.30008190849311206,0.3332262163068803,0.15339784011706106,0.17350277886178694,0.21030013408436893,0.2385322000375855,0.05824213470011352,-0.05307296768324391,0.15659419328815105,0.10901691378591169,-0.06287418633695564,0.020789453641837097
384,-0.10219671826133284,0.20037398764353218,0.20497716776757982,0.17400369564042703,-0.09436305739060516,0.33469231135482114,0.32166518950735806,-0.2270480455207728,-0.14535264944239704,0.1636217548875396,0.3461298946903398,-0.2333565673052771,-0.30008190849311206,0.3332262163068803,0.15339784011706106,0.17350277886178694,0.14443373400405532
385,0.184785809834214,0.16588222747740497,0.17018348502593558,0.027595165892406535,0.1692395764517847,-0.016804451873613534,0.004656571040100282,-0.11958844677906617,0.4510220067914173,0.15244082736729989,0.07288885104996093,0.1748984588804126,0.003142846329034149,0.21369508916669722,0.2864317522176922,0.2649233174487815,-0.22582008661066053
386,0.17101591016823178,0.1958943861923911,0.19659120888368425,0.0682533575974299,0.27615129752556655,0.1900673974285291,0.14118158550631343,0.064420931619945,0.17813747119959616,0.11153480932866984,-0.2919755150128051,0.25194362687045424,-0.17896740111005902,-0.04633283163100682,0.2136761375202918,0.07494596567037431,0.25010784662062324
387,0.11905401693134181,-0.17504131225752168,0.5997333894059517,0.07004406608160774,0.04322125070766891,0.17224841861994322,-0.09851033897345973,-0.1994683328230255,0.23980010892210227,0.24982258900136312,-0.11600447725845392,-0.322697042332726,0.20051624388285613,0.15095694205842922,0.17350277886178694,0.14443373400405532,0.06937373250251755
388,0.07176664141241576,-0.05498110129799243,0.15183112240756858,0.10787259292306504,0.01840890062904963,-0.0995598219957391,0.2719860753307789,0.11293875088477945,-0.20535274008458249,0.5793427173608218,0.09004305927638333,0.1776169526838241,0.11019210973415139,-0.10629703423484374,-0.4260345743094281,0.5984436178614774,0.15948649245452387
389,0.32466681415976595,-0.054898688296048936,0.22432644828488973,-0.1232149241758918,0.2686244753741979,0.15454741133606334,0.11838573542352976,-0.038603364347782866,0.3807558613147009,0.17224841861994322,-0.09851033897345973,-0.1994683328230255,0.23980010892210227,0.24982258900136312,-0.11600447725845392,-0.322697042332726,0.20051624388285613
390,0.4510220067914173,0.15244082736729989,0.07288885104996093,0.1748984588804126,0.14757008170315114,0.17429534874748348,0.2011047102573123,-0.05911225422027029,0.1470775585761181,0.02369429402154779,0.005683677347195281,-0.1564723056670849,0.5746193857681196,0.11730632153435483,0.11996356155954901,-0.00981598304204457,0.0911876490090115
391,0.11905401693134181,-0.17504131225752168,0.5690449243076188,0.21717996938913814,0.3279502886094016,0.09451606649497561,-0.1767098477946617,0.04486876508389453,-0.029810975371668404,0.48627991644872226,0.026633443720634878,-0.10502185721591453,0.16212723952415709,0.10247846737264223,0.21692267376731647,0.19989817570442997,0.4592312571483904
392,0.3099970298175544,0.471489611372563,-0.22685151173680398,-0.03410554351064948,-0.026979094668769906,0.21026955100633232,0.3594575830872452,0.10738292971034552,0.1268252869070336,-0.054658024990498495,0.5979804251199937,0.2526440820179429,0.030295772611395898,-0.17611053221229445,0.532684865743833,0.11982048966670107,-0.0519861583077886
393,0.17517207832310983,-0.2837244130358797,-0.05933768281964149,-0.0158205855430532,0.10766783526534249,-0.15136662886912727,0.732439073067299,0.16811112115875754,0.3065383859292377,0.3339580943966088,-0.3258809547938212,0.13330811200126508,-0.16700246707206481,0.3427284634949198,-0.0730539224471404,-0.3276340921767554,-0.560709760652686
394,0.36064203219538704,0.1673903322242667,-0.09284999744819501,0.3101946871467882,-0.16972559312542665,0.3638470451044476,-0.09795902235798642,-0.33049876626994434,-0.49479408873313274,1.2506888914384577,-0.16999080995714083,0.1915060377599846,-0.10391341217997091,0.3301924189647566,-0.1306468068111148,0.36493975362810666,0.1618681250337736
395,0.013769183121238256,0.3199731005245072,0.17315845339267563,0.05824213470011352,-0.05307296768324391,0.15659419328815105,0.12767436519768302,0.11153480932866984,-0.2919755150128051,0.25194362687045424,0.18447934488472806,-0.03735439473461763,-0.17974141893035753,-0.045429781649620936,0.19683736929912257,0.1334798000593729,0.1915060377599846
396,0.12692743882989452,-0.09579475570179191,-0.37215607382295773,0.42858710956831947,0.169608015722371,-0.08047575649163148,0.12502791032083813,0.1378193687751203,0.032519541821476844,0.005804140740080759,0.15562454509034235,0.09398115298271544,-0.01760761135922154,0.013769183121238256,0.3351624358998726,-0.14469081953720858,0.08939889071784639
397,0.11571104830416722,0.19148059584239505,0.10402791108409856,0.23091537737709414,0.06650813331778027,0.0688545810301372,0.06682974592404096,-0.16034808885176957,0.582480184304969,-0.026167537045574178,0.3188360004878918,0.3648744076231162,0.34342646217838496,-0.01628559255808749,0.22344916562290068,-0.0022649620560798393,0.00023042973591467987
398,0.026950214585079065,0.18096547976886537,0.39861970155369486,0.3322918405849832,0.4549627753336115,0.11239025342580698,0.019519458325689406,-0.024104684871840008,0.41000486829468213,-0.054332979629034356,0.19955843128181666,-0.154784423703279,0.3022190377547206,0.1947513444538738,0.06255089963037826,0.14128623717498243,0.16458087537784533
399,0.11639784455030472,0.18762958229381918,0.10981308189934724,0.4255352370150269,0.25980627869946177,0.028878761909011532,0.1512351673111633,0.00799872531931978,0.24747498490240735,0.1906227232740485,-0.06664940695669395,0.2587212667043487,-0.005249690759785123,0.20037398764353218,0.20497716776757982,0.17400369564042703,-0.09436305739060516
400,0.05451036815254353,0.10581675702611819,0.21836952852283753,-0.1975496083240688,0.06599459167266276,0.2140158170798685,0.032016070946640766,-0.2056916248099073,-0.09977122531837382,0.2566705868769431,0.05332100360012209,0.1334798000593729,0.1915060377599846,-0.10391341217997091,0.3301924189647566,-0.1306468068111148,0.36493975362810666
401,0.46110913685599997,0.03434420395290914,0.08108865698436285,0.1615687764851244,-0.037857040474989806,0.16967044100176074,0.20436905870817954,0.20064497471212211,-0.03419642558318104,0.22503561746781034,0.23051347462592298,-0.2674087357689618,0.05272393126356598,0.22506923505064735,0.10261484021232775,-0.21198150695143764,-0.19771289689077395
402,0.11021291834797739,-0.01051268262747767,0.44645725699367006,0.34622605703385295,0.023401847563298758,-0.11233793060977981,0.3873237836404128,0.14370153652087095,-0.06519178307126122,0.31264062742987014,-0.10219671826133284,0.20037398764353218,0.20497716776757982,0.17400369564042703,-0.09436305739060516,0.202496783134368,-0.05845547641045337
403,-0.4837512720809953,0.3343738849909891,0.2335672723395901,-0.11006995253884413,-0.15640318226972538,0.5826515229678326,0.15623469052714475,0.27640262933912124,0.47201011607596016,-0.28281767262770263,-0.0037568732807429827,-0.006068095610988907,0.22353226918003677,0.31634318939043543,0.1452137764050096,0.07004406608160774,0.05316462727074893
404,0.40137010870007506,-0.35215411572254657,0.08641717028161186,-0.05935848768228961,0.2234105281733045,-0.00910825187333178,-0.3009925401089623,-0.3557798169054311,-0.17575267886142004,0.576090306976329,-0.006011173839405014,-0.08273860521489726,0.36219842017178827,0.20395349412622332,0.39656667760254666,0.3438782254724192,-0.22430789111493196
405,-0.11411752537832029,-0.07300140090705133,0.015029837611797933,0.44060350728358616,0.19206526361875487,0.4763690489011428,-0.1670048053309648,-0.017998435792932244,0.06031076097975645,0.02182100849886886,0.32235892296680474,0.21043433282753074,0.04703410538990216,0.023224159920207973,0.13393104023913602,0.20497716776757982,0.17400369564042703
406,-0.41024474767980984,0.2704078672093213,0.267162624321814,0.12187058334242151,0.27546427786962585,0.061031905252357535,0.05848757429557536,-0.07720539751091571,0.010435914587602436,0.4970868953748266,0.0443270845504133,0.2086211161338412,0.6080188033920672,0.14370153652087095,-0.06519178307126122,0.31264062742987014,-0.21022688473844756
407,-0.02073871481096764,-0.029680462238063903,0.14956677270984858,0.3599731363146606,0.1693893827989283,0.11021291834797739,-0.01051268262747767,0.44645725699367006,0.34622605703385295,0.023401847563298758,-0.11233793060977981,0.3873237836404128,0.14370153652087095,-0.06519178307126122,0.31264062742987014,-0.10219671826133284,0.20037398764353218
408,-0.023190079283785647,0.41946818135912745,0.396950895585359,0.05722556129495675,-0.05963657763210757,0.2322009134611139,-0.01628559255808749,0.22344916562290068,-0.0022649620560798393,0.00023042973591467987,0.07425954369573716,0.19302682892354586,0.20880832158794416,0.11021351393836613,0.2811349847358627,0.0014623392565319142,0.04784244341978576
409,0.21208714275880025,0.4495007379400005,0.2933092651678347,-0.07857167594071549,0.2854839681489928,-0.1286611337248143,0.13799062650487542,0.049220828979773264,0.2691318726029984,0.10583636003401536,0.0911876490090115,0.11016030936506847,0.2678296268354956,-0.11044697195648515,0.29822181701699224,0.06963025852130174,-0.04415721420156436
410,0.13224843227692928,-0.13744108689493145,0.7512025272323432,0.10323363556716901,0.37562684311726585,0.43329493229864297,-0.3915575391071216,0.1991874509102764,-0.16436390704998038,0.4455944499953284,0.21781015800967046,0.10304113458430038,0.07360110385407279,0.15670911251286973,0.45003162645293465,0.16110004426294264,0.045895226796395086
411,-0.3696941816346616,0.07156915212888351,0.03981403283697342,0.001220357624790931,-0.07007502669067454,0.4895214773529827,0.0637917868463912,0.21208714275880025,0.4495007379400005,0.2933092651678347,-0.07857167594071549,0.2854839681489928,-0.1286611337248143,0.13799062650487542,0.049220828979773264,0.2691318726029984,0.10583636003401536
412,-0.04684048839730427,0.3445276958741689,0.2670168397207595,0.11999193592579707,0.025195000573940488,-0.16994910073822356,-0.3009925401089623,-0.3557798169054311,-0.17575267886142004,0.7504575430707922,0.41946818135912745,0.396950895585359,0.05722556129495675,-0.05963657763210757,0.24747498490240735,0.1906227232740485,-0.06664940695669395
413,0.19807776252919795,0.09454735228493921,0.2455881403904545,0.22417321000734797,0.3377246363120925,-0.25067496534820216,-0.33049876626994434,-0.49479408873313274,1.2506888914384577,-0.16999080995714083,0.24400616256787622,0.6145468467126224,0.182811459615623,-0.27451396654390714,-0.037243909461088076,-0.08742949038525093,0.17124113491377574
414,0.07176664141241576,-0.05498110129799243,0.15183112240756858,0.10787259292306504,0.01840890062904963,-0.0995598219957391,0.4821384641347985,-0.10720510281794955,-0.02327093882632231,0.13330989518342076,0.06458116259471598,0.2819858073684284,0.37945256073396405,0.2729517301749195,-0.1532796638295658,0.17047529049149088,0.07176664141241576
415,-0.0354215967745066,-0.07093347373910476,0.47495421114848513,-0.06981461482759276,0.2501629573434221,-0.007193016796767877,0.08783646987625998,0.17136904462667607,0.1900673974285291,0.14118158550631343,0.064420931619945,0.17813747119959616,0.11153480932866984,-0.2919755150128051,0.25194362687045424,0.18447934488472806,-0.03735439473461763
416,0.5154484502995313,0.2044492602416065,0.04163234839464616,-0.09945040258569912,0.46110913685599997,0.03434420395290914,0.08108865698436285,0.1615687764851244,-0.07416875414062896,0.3429403271418706,0.49930541624730584,0.09661674508426206,-0.04247753767970497,0.111002564726116,0.32466681415976595,-0.054898688296048936,0.22432644828488973
417,0.205696934332813,-0.06894471559741094,-0.21754472327174948,0.11712542482710067,0.13726845392845502,0.10477893452726418,0.154525193891985,0.12234390728662362,0.014770973447222226,0.16841010577103913,-0.17184534665718618,0.5705404810089426,-0.035538070537920075,-0.2837244130358797,-0.05933768281964149,0.05550597051297738,0.1220174870673977
418,0.18931492100556252,0.026950214585079065,0.18096547976886537,0.39861970155369486,0.3322918405849832,-0.0730539224471404,-0.3276340921767554,-0.560709760652686,0.014662593894547743,1.4080315384750042,-0.3211366212088857,1.0994415746910717,0.3631106194833644,-0.5872769092188762,0.3343738849909891,0.2335672723395901,-0.11006995253884413
419,-0.37003291712239705,-0.04023582436947585,0.14480516428365917,0.11473011258612666,-0.06087256733651791,0.10219365132836339,0.05435850774613463,-0.025839607220092212,0.12045898537141242,0.286877200722593,0.06552001088711226,-0.01222018030071071,0.05668940185689197,0.20093656574037363,-0.034300721465717984,0.09335134699302704,0.029436589434336847
420,-0.25122925263422324,-0.31389127431207686,0.39595271167737006,0.2477901823414091,0.11239773235496053,0.14034718129468007,0.07531665293909175,0.14223356297833722,-0.021651786553036286,0.12079119269608964,0.2824571418874076,0.04509906066466046,0.31997096866254743,0.27166200964144344,0.061634111965513244,0.22032608542910156,0.21689918467645036
421,0.09454735228493921,0.2455881403904545,0.22417321000734797,0.3377246363120925,-0.25067496534820216,-0.33049876626994434,-0.49479408873313274,1.2506888914384577,-0.16999080995714083,0.24400616256787622,0.6145468467126224,0.182811459615623,-0.27451396654390714,-0.037243909461088076,-0.08742949038525093,0.17124113491377574,-0.20272806045545047
422,0.11239025342580698,0.019519458325689406,-0.024104684871840008,0.41000486829468213,-0.054332979629034356,0.19955843128181666,-0.154784423703279,0.3022190377547206,0.1947513444538738,0.06255089963037826,0.14128623717498243,0.16458087537784533,0.23046833214655307,-0.04177403759466122,-0.30418711666720355,0.15413424709897539,0.1593491945626654
423,0.1970317131241627,0.21112320288276687,0.15400552467707154,0.11730632153435483,-0.21321462399316973,0.34385555108441634,0.018121512964525403,-0.4268141196430951,0.40979557006932316,0.23961717018966824,-0.05766107861356521,0.14954493181396358,0.16384677242970036,0.06412993674654287,-0.07754603495020393,0.19927450157206136,0.22382878195307498
424,0.29312924637770893,0.36431095447616657,0.051655846724557176,0.147015137047838,0.0024338063128608364,0.5425282188367668,0.2102334860700648,-0.023462072827558623,-0.08357893242046706,0.5100102620576359,0.015971134607805734,0.13242407727825622,0.12389941991210354,-0.06701563151637725,0.2211385741886123,0.1901250685257231,0.18141069148365815
425,-0.01872348367883698,0.1602399761215795,0.18812549775877,-0.18329904817335113,0.03510975496160437,0.24519022089989018,0.04521427973100914,-0.18844126538241282,-0.2348392629005029,0.3332262163068803,0.15339784011706106,0.17350277886178694,0.4858697205648546,0.010629951960803224,0.2329295694666118,0.43160144306355575,0.23386430015327572
426,-0.023190079283785647,0.41946818135912745,0.396950895585359,0.05722556129495675,-0.05963657763210757,0.24747498490240735,0.1906227232740485,-0.06664940695669395,0.30267696812919326,0.0024338063128608364,0.5425282188367668,0.2102334860700648,-0.023462072827558623,-0.08357893242046706,0.5100102620576359,0.015971134607805734,0.13242407727825622
427,-0.032007325327046816,0.09425897787719907,0.18704035057159146,0.1166120799555511,0.10308527413401705,0.17846779112789968,0.22208583212672164,0.10912076590162222,0.08387223257892588,0.007282743814128762,0.020612343586763032,-0.016019177985158884,0.02271247292045064,0.29107111576143124,0.1045071141541918,0.12488891724892921,0.20435731266315316
428,0.03374797111609373,0.10221199436568572,0.11086305524430831,0.5085612625617385,0.2358186269665527,-0.0354215967745066,0.25637579043337366,0.036318137954573296,0.2968939267958973,0.07580716838731938,0.08567346237233235,0.1659339689806515,0.22725753124748785,-0.033804194159752304,0.17615938980224977,0.03444382036243173,-0.08424507459956743
429,0.18096547976886537,0.39861970155369486,0.3322918405849832,-0.0730539224471404,-0.3276340921767554,-0.560709760652686,0.014662593894547743,1.4080315384750042,-0.3211366212088857,1.0994415746910717,0.3631106194833644,-0.5872769092188762,0.3343738849909891,0.2335672723395901,-0.11006995253884413,-0.15640318226972538,0.5826515229678326
430,-0.023462072827558623,0.21922203363880405,-0.19131993763789917,0.25762659116874836,0.064972871506301,0.25375125815818755,0.02226975501848725,0.184785809834214,0.16588222747740497,0.17018348502593558,0.027595165892406535,0.1692395764517847,-0.016804451873613534,0.004656571040100282,-0.11958844677906617,0.4510220067914173,0.15244082736729989
431,0.2824571418874076,0.04509906066466046,0.31997096866254743,0.27166200964144344,0.061634111965513244,0.22032608542910156,0.21689918467645036,-0.19131993763789917,0.25762659116874836,0.064972871506301,0.25375125815818755,0.02226975501848725,0.184785809834214,0.16588222747740497,0.17018348502593558,0.027595165892406535,0.1692395764517847
432,0.1622885154367558,0.27244070008152355,0.11639784455030472,0.24558940996994993,0.2716166448893086,0.23132011143789816,-0.37003291712239705,-0.45930796864318557,0.08435528278984028,0.4794833804839934,-0.09284003963689724,0.26295154864488435,0.5642227911150639,-0.12169415188144998,-0.11306592133363663,0.2017013585807754,-0.18049387029567956
433,0.4408191314993718,0.1944108882314549,-0.22506928532984996,-0.1994683328230255,0.2161443525952575,0.3924486791878392,0.2295099569039927,-0.25196316607160346,-0.05078018175580146,0.2269836513911627,0.21109509114465294,-0.25122925263422324,-0.31389127431207686,0.39595271167737006,0.2477901823414091,0.11239773235496053,0.14034718129468007
434,-0.015658216600592058,0.46151196219940505,0.4561894607607333,-0.4307036263075145,0.33404209236252513,-0.017315794149796837,-0.07556915478493191,-0.15398007638351432,0.1511533282653379,0.40902791458143434,0.3099970298175544,0.471489611372563,-0.22685151173680398,-0.03410554351064948,-0.026979094668769906,0.21026955100633232,0.3594575830872452
435,0.12461655134544304,0.17041386042389656,0.2758894441198532,0.38565678848867624,-0.2093333395469959,-0.3086869045626521,-0.45859624206429583,0.01881267170159937,0.9213821360251874,-0.015658216600592058,0.46151196219940505,0.4561894607607333,-0.4307036263075145,0.33404209236252513,-0.017315794149796837,-0.07556915478493191,-0.15398007638351432
436,0.576090306976329,0.1087216610509716,0.36219842017178827,-0.14817671145591038,0.4970868953748266,0.0443270845504133,0.2086211161338412,0.3854280947760623,0.3481189339598148,-0.046633282251753776,0.26952650526827204,0.018964750924899278,0.22176350952506277,0.0976938196030565,-0.1011372261993832,0.23834739187748413,0.05627475275433264
437,0.4772627981074588,-0.017093960217367823,0.20446229175264322,0.077208066716257,-0.03473222436348715,0.2269899149422962,0.1513353793055481,0.1525483543928927,-0.019993280382794187,0.07054179184139962,0.21692267376731647,0.19989817570442997,0.11530034228832974,0.5425282188367668,0.2102334860700648,-0.023462072827558623,-0.08357893242046706
438,-0.03415029254685713,-0.1361437516837773,0.5126401164044888,0.10727375240522918,0.14836359842633548,0.14084473078919998,-0.07991486120750843,-0.4268141196430951,0.40979557006932316,0.23961717018966824,-0.05766107861356521,0.14954493181396358,0.16384677242970036,0.06412993674654287,-0.07754603495020393,0.19927450157206136,0.22382878195307498
439,-0.01872348367883698,0.1602399761215795,0.18812549775877,-0.18329904817335113,0.03510975496160437,0.24519022089989018,0.04521427973100914,-0.18844126538241282,-0.1530571398391794,0.2893326305696375,0.0598365955185277,0.08329014142793219,0.15224329608334944,0.2094973578308059,0.1093603113504988,0.29244900495504983,0.07156915212888351
440,0.014662593894547743,1.4080315384750042,-0.3211366212088857,1.0994415746910717,0.3631106194833644,-0.5872769092188762,0.3343738849909891,0.2335672723395901,-0.11006995253884413,-0.15640318226972538,0.5826515229678326,0.15623469052714475,0.27640262933912124,0.47201011607596016,-0.28281767262770263,-0.0037568732807429827,-0.006068095610988907
441,0.11293875088477945,-0.20535274008458249,0.5793427173608218,0.09004305927638333,0.1776169526838241,0.11019210973415139,-0.10629703423484374,-0.5424662612265094,0.3343738849909891,0.2335672723395901,-0.11006995253884413,-0.15640318226972538,0.5826515229678326,0.15623469052714475,0.27640262933912124,0.47201011607596016,-0.28281767262770263
442,-0.038225245979315856,0.12200883569907046,0.1942458485822597,-0.051527520083015615,-0.22348214010372017,-0.17575267886142004,0.8674231227358188,0.32235892296680474,0.21043433282753074,0.04703410538990216,0.023224159920207973,0.3484169306665826,0.38464041570040863,0.08256728264784874,-0.11495180160911317,0.36064203219538704,0.1673903322242667
443,0.1220174870673977,0.06129942909837034,0.19601231956388124,0.20596975380684593,-0.057684741153323484,0.07384757606653194,0.14480516428365917,0.11473011258612666,-0.06087256733651791,0.10219365132836339,0.2904398373272532,-0.06912642547746016,-0.05845547641045337,0.3308041747258856,0.164257142074729,0.09676305399739243,0.18006443606999176
444,-0.01222018030071071,0.05668940185689197,0.20093656574037363,-0.034300721465717984,0.09335134699302704,0.10120720781703763,0.15852576202856808,-0.1261693407012891,0.05257179403844993,0.24495845199737368,0.1101646675136064,0.24823346342850847,0.42630163816159206,-0.2131146307468916,0.16147634557617352,0.10415277268582958,0.2735431170666892
445,0.23046833214655307,-0.04177403759466122,-0.30418711666720355,0.3528982149432685,0.205696934332813,-0.06894471559741094,-0.025774475061614923,0.16387788756728414,0.12461655134544304,0.17041386042389656,0.2758894441198532,0.38565678848867624,-0.2093333395469959,-0.3086869045626521,-0.45859624206429583,0.01881267170159937,0.9213821360251874
446,-0.06981461482759276,0.2501629573434221,-0.007193016796767877,0.08783646987625998,0.17136904462667607,0.1900673974285291,0.14118158550631343,0.064420931619945,0.17813747119959616,0.11153480932866984,-0.2919755150128051,0.25194362687045424,0.18447934488472806,-0.03735439473461763,-0.17974141893035753,-0.045429781649620936,0.1992759304480005
447,0.013769183121238256,0.3351624358998726,-0.14469081953720858,0.08939889071784639,0.14222625457533922,0.09454735228493921,0.2455881403904545,0.22417321000734797,0.3377246363120925,-0.25067496534820216,-0.33049876626994434,-0.49479408873313274,1.2506888914384577,-0.16999080995714083,0.24400616256787622,0.6145468467126224,0.182811459615623
448,0.20051624388285613,0.21910904649794555,0.2327932542270703,0.11239773235496053,0.14034718129468007,0.07531665293909175,0.14223356297833722,-0.021651786553036286,0.12079119269608964,0.2824571418874076,0.04509906066466046,0.31997096866254743,0.27166200964144344,0.061634111965513244,0.22032608542910156,0.21689918467645036,-0.2197526654057917
449,0.20485280725032834,0.5710140729030543,0.09919251932906349,-0.27453754616669024,-0.07896928497537498,0.03606607937215022,0.11905401693134181,-0.17504131225752168,0.5690449243076188,0.21717996938913814,0.3279502886094016,0.09451606649497561,-0.1767098477946617,0.04486876508389453,-0.08285699770254637,0.1378193687751203,0.032519541821476844
450,-0.11600447725845392,-0.322697042332726,0.20051624388285613,0.21910904649794555,0.1093603113504988,0.29244900495504983,0.07156915212888351,0.03981403283697342,0.001220357624790931,-0.07007502669067454,0.4895214773529827,0.0637917868463912,0.2861855773793377,0.302739642460258,-0.23376505563265904,0.25903415533466395,0.05353362786240616
451,0.17813747119959616,0.11153480932866984,-0.2919755150128051,0.11730189475987779,0.04521427973100914,-0.18844126538241282,-0.1530571398391794,0.2893326305696375,0.0598365955185277,0.08329014142793219,0.18442346306946247,0.08528067838339004,0.10619021298001333,-0.07427673148701162,0.2817765778115769,0.18876158217694772,0.12025697212036957
452,0.4079445160203092,0.15538551639601741,0.29502436812259675,-0.07973305727102308,0.19799789212246702,0.22952809153640188,0.011717367533914707,-0.04143608295393437,0.18036848701180638,0.08872221642612875,0.008975541836774844,-0.025516086913291845,0.38806089204959493,0.2668492118411461,-0.053256080531068464,-0.41024474767980984,0.2704078672093213
453,0.13598333473215593,0.03048863895714203,0.12638483116916358,0.056999667600075014,-0.03415029254685713,-0.1361437516837773,0.5126401164044888,0.10727375240522918,0.14836359842633548,0.14084473078919998,-0.07991486120750843,-0.4268141196430951,0.40979557006932316,0.23961717018966824,-0.05766107861356521,0.14954493181396358,0.16384677242970036
454,0.05722556129495675,-0.05963657763210757,0.24747498490240735,0.1906227232740485,-0.06664940695669395,0.2587212667043487,-0.14639799594510308,0.3286452837434767,0.21153885924695115,0.1163015082677053,-0.07607939841636727,0.4408191314993718,0.1944108882314549,-0.17628742224102106,-0.13205735314625608,0.1970317131241627,0.21112320288276687
455,0.09999394778949644,0.22146573820555276,0.07314429710685592,-0.1271890839969909,0.22798368323536836,0.14083053914836333,-0.02431958698577717,-0.014774917010754571,0.30790953094728557,0.026633443720634878,-0.10502185721591453,0.16212723952415709,0.10247846737264223,0.21692267376731647,0.19989817570442997,0.5681755882246987,0.03374797111609373
456,-0.09823658655877998,0.2407284347887408,-0.12405508083124386,0.22599906281655174,0.2296552800988911,0.07187542666856812,0.09364824897947188,0.26063328665288116,0.13490246113837479,0.1659339689806515,0.22725753124748785,-0.033804194159752304,0.17615938980224977,0.03444382036243173,-0.08424507459956743,-0.05323316428520335,0.38394456914269876
457,0.03761959736561409,0.18756622566533648,-0.0032170019832001968,0.05780403347831227,0.08945759497947195,0.13484381164054374,0.14901686786802,0.06131121467129291,0.20880832158794416,0.11021351393836613,0.2811349847358627,0.0014623392565319142,0.04784244341978576,0.0077741013978389175,0.04641076076847641,-0.12295444257606764,0.39770783469686205
458,-0.18873985973198337,-0.2630977126021474,0.15538551639601741,0.29502436812259675,-0.07973305727102308,0.19799789212246702,0.22952809153640188,0.011717367533914707,-0.04143608295393437,0.18036848701180638,0.08872221642612875,0.008975541836774844,-0.025516086913291845,0.38806089204959493,-0.20156309491583888,0.12789596366752015,0.1503937044621789
459,0.5710140729030543,0.09919251932906349,-0.33934258868829625,0.1220174870673977,0.06129942909837034,0.19601231956388124,0.20596975380684593,-0.057684741153323484,0.07384757606653194,0.1206064019918302,-0.11958844677906617,0.4510220067914173,0.15244082736729989,0.07288885104996093,0.1748984588804126,0.003142846329034149,-0.40042171646973945
460,-0.09744491478413504,0.029835882608371077,0.23244847910803215,0.3923522683435107,0.03999411295101348,0.11021291834797739,-0.01051268262747767,0.44645725699367006,0.34622605703385295,0.023401847563298758,-0.11233793060977981,0.3873237836404128,0.14370153652087095,-0.06519178307126122,0.31264062742987014,-0.10219671826133284,0.26649930142069256
461,-0.4260345743094281,0.5984436178614774,0.15948649245452387,-0.038225245979315856,0.072414285313609,-0.18844126538241282,-0.1530571398391794,0.2893326305696375,0.0598365955185277,0.08329014142793219,0.18442346306946247,0.15962615506932024,0.13672065948977402,-0.059372907008158365,0.28230669455910706,-0.10897268141169947,0.4019389235070164
462,0.13484381164054374,0.14901686786802,0.06131121467129291,0.20880832158794416,0.11021351393836613,0.2811349847358627,0.0014623392565319142,0.04784244341978576,0.0077741013978389175,0.04641076076847641,-0.12295444257606764,0.39770783469686205,0.08172071414989064,0.24383857054727498,0.12692743882989452,-0.09579475570179191,-0.37215607382295773
463,-0.2131146307468916,-0.22820094866907836,-0.4077636285835352,-0.15881599178038797,0.874523150438384,-0.0030598719334408316,0.39096949337005593,0.5105758017641661,-0.3718423771208559,0.18668007377330023,0.005169852410660244,-0.04538704312831413,-0.09714475970879345,0.024406105133026493,0.355073964073535,0.3305091004000071,0.5569329242264648
464,0.16841010577103913,-0.17184534665718618,0.5705404810089426,0.0008958314648755303,0.23630351086435855,0.4555579162737879,0.246515426242668,0.01770617465262488,0.15591559768791044,0.06181623550682581,-0.032007325327046816,0.09425897787719907,0.18704035057159146,0.1166120799555511,0.10308527413401705,0.17846779112789968,0.22208583212672164
465,0.22417321000734797,0.3377246363120925,-0.25067496534820216,-0.33049876626994434,-0.49479408873313274,1.2506888914384577,-0.16999080995714083,0.24400616256787622,0.6145468467126224,0.182811459615623,-0.27451396654390714,-0.037243909461088076,-0.08742949038525093,0.17124113491377574,-0.20272806045545047,0.5714173973408444,0.21369508916669722
466,0.21836952852283753,-0.1975496083240688,0.06599459167266276,0.2140158170798685,0.032016070946640766,-0.2056916248099073,-0.09977122531837382,0.2566705868769431,0.13093400103470756,0.03957451191768845,0.1932733614432001,-0.05430886755852945,0.05310248474394906,0.3607471428065565,0.06233658555976345,0.07738168420339343,0.12333235587442908
467,-0.03415029254685713,-0.1361437516837773,0.5126401164044888,0.10727375240522918,0.14836359842633548,0.12651636049186124,0.12692743882989452,-0.09579475570179191,-0.37215607382295773,0.42858710956831947,0.169608015722371,-0.08047575649163148,0.16236333567151778,0.17047529049149088,0.07176664141241576,-0.05498110129799243,0.15183112240756858
468,0.07318155581320575,0.27957828264201523,0.07241198467246238,-0.0009804569413706596,0.01559715395447646,-0.0341945571464552,0.1063634492370031,0.1962990495609203,-0.13145164010685437,0.23843065633277077,0.11969849148818573,0.15101489071696825,-0.19871529312115233,0.16387788756728414,0.12461655134544304,0.17041386042389656,0.2758894441198532
469,0.4507323785553294,-0.0691774432698838,0.2709843384910566,-0.11948577717296034,0.22477882403469934,0.15412082330316929,0.1598372675145959,0.0706787807519289,0.10415277268582958,0.2735431170666892,0.06625407688356992,-0.34376971549729113,0.31053865854267393,0.23395754267823185,-0.08417891571780703,-0.19567178073345584,0.048418260223786674
470,0.2477901823414091,0.11239773235496053,0.14034718129468007,0.07531665293909175,0.1662271851755465,-0.07427673148701162,0.2817765778115769,0.18876158217694772,0.12025697212036957,0.3552151175162411,0.3004909622472764,0.044637696916542596,0.1491258597087924,0.10443331001532027,-0.012240582376639745,0.13886281909376522,0.1707648473086524
471,0.049220828979773264,0.2691318726029984,0.10583636003401536,0.0911876490090115,0.11016030936506847,0.2678296268354956,-0.11044697195648515,0.29822181701699224,0.06963025852130174,-0.04415721420156436,-0.08021739414216453,0.21015504769464924,0.16078174031700854,0.18936452476172624,0.09562393978438231,0.14760436881813735,-0.17392707701365767
472,0.010435914587602436,-0.04540130560443173,0.3380206448902753,0.12849141162106129,-0.025839607220092212,0.12045898537141242,0.286877200722593,0.06552001088711226,-0.01222018030071071,0.05668940185689197,0.2764113425491008,-0.11948577717296034,0.22477882403469934,0.15412082330316929,0.1598372675145959,0.0706787807519289,0.10415277268582958
473,-0.19771289689077395,0.32661083949314984,0.10384331692069787,0.07711382871774942,0.20992472947069074,0.08617134357782268,0.07831120315928315,-0.036381717160680845,0.1918282357010622,0.2566953352236003,0.09440814158715664,0.25877643221949886,0.36206636083348,0.018964750924899278,0.22176350952506277,0.27184088809068,0.1166120799555511
474,0.164257142074729,0.09676305399739243,0.18006443606999176,0.03226528517847111,-0.44078944845124995,0.3380206448902753,0.10944836239643994,-0.1271890839969909,0.22798368323536836,0.14083053914836333,-0.02431958698577717,-0.014774917010754571,0.30790953094728557,0.026633443720634878,-0.10502185721591453,0.16212723952415709,0.10247846737264223
475,0.06574911402424904,0.11982381637853495,-0.0036322028767203193,0.5154484502995313,0.33459213058936754,-0.16129594391123622,-0.2057051867824583,-0.535203756815677,-0.18224044766622266,1.631133135384752,-0.27684410127456854,0.93613725027831,0.36905839115702316,-0.42191937147693376,0.1594097460088622,0.003986715639722211,-0.10353847396758291
476,0.23395754267823185,-0.08417891571780703,-0.19567178073345584,0.048418260223786674,-0.08989782196509587,0.582480184304969,-0.3559074918669623,0.3343738849909891,0.2335672723395901,-0.11006995253884413,-0.15640318226972538,0.5826515229678326,0.15623469052714475,0.27640262933912124,0.47201011607596016,-0.28281767262770263,-0.0037568732807429827
477,-0.20577899822194573,0.20485280725032834,0.5710140729030543,0.09919251932906349,-0.27453754616669024,0.31856934468977854,-0.1471160322989946,0.13224843227692928,-0.13744108689493145,0.7512025272323432,0.10323363556716901,0.37562684311726585,0.43329493229864297,-0.3915575391071216,0.1991874509102764,-0.16436390704998038,0.4455944499953284
478,0.16236333567151778,0.17047529049149088,0.07176664141241576,-0.05498110129799243,0.15183112240756858,0.10787259292306504,0.01840890062904963,-0.0995598219957391,0.4821384641347985,-0.10720510281794955,-0.02327093882632231,0.13330989518342076,0.06458116259471598,0.2819858073684284,0.37945256073396405,0.2901257044276129,0.4006017258170882
479,0.1101646675136064,0.24823346342850847,0.42630163816159206,-0.2131146307468916,-0.22820094866907836,-0.4077636285835352,-0.15881599178038797,0.874523150438384,-0.0030598719334408316,0.39096949337005593,0.5105758017641661,-0.3718423771208559,0.18668007377330023,0.005169852410660244,-0.04538704312831413,-0.09714475970879345,0.024406105133026493
480,-0.01872348367883698,0.3321338277666288,0.10912076590162222,0.08387223257892588,0.007282743814128762,0.020612343586763032,-0.016019177985158884,0.02271247292045064,0.29107111576143124,0.1045071141541918,0.12488891724892921,0.20435731266315316,-0.18873985973198337,-0.2630977126021474,0.15538551639601741,0.3429873811746431,0.3099970298175544
481,0.08641717028161186,-0.003973490509346585,0.011717367533914707,-0.04143608295393437,0.18036848701180638,0.08872221642612875,0.008975541836774844,-0.025516086913291845,0.38806089204959493,-0.20156309491583888,0.12789596366752015,0.1503937044621789,0.11340700597604,0.1662950431666319,0.31605517367239877,0.31626446930358326,-0.2688525390751869
482,0.049220828979773264,0.2691318726029984,0.10583636003401536,0.0911876490090115,0.11016030936506847,0.2678296268354956,-0.11044697195648515,0.1929031841309039,0.07697746817363835,0.056999667600075014,-0.03415029254685713,-0.1361437516837773,0.5126401164044888,0.10727375240522918,0.14836359842633548,0.14084473078919998,0.06738289843327507
483,-0.11006995253884413,-0.15640318226972538,0.5826515229678326,0.15623469052714475,0.27640262933912124,0.47201011607596016,-0.28281767262770263,-0.0037568732807429827,-0.006068095610988907,0.22353226918003677,0.4465474353484157,-0.0022649620560798393,0.00023042973591467987,0.07425954369573716,0.1967581543584978,0.11716303057832608,0.12569717207255016
484,-0.3323103623367577,-0.3518348089665249,0.22503561746781034,0.23051347462592298,-0.2674087357689618,0.05272393126356598,0.22506923505064735,0.10261484021232775,-0.21198150695143764,-0.19771289689077395,0.496741931392511,0.2566705868769431,0.05332100360012209,0.1334798000593729,0.1915060377599846,-0.10391341217997091,0.06058882282941367
485,0.15244082736729989,0.07288885104996093,0.1748984588804126,0.003142846329034149,-0.40042171646973945,0.30944710287579563,0.17593608521602916,-0.10071744145415372,0.16218366883225244,0.3173986533652038,0.15183112240756858,0.10787259292306504,0.01840890062904963,-0.0995598219957391,0.4821384641347985,-0.10720510281794955,-0.05187284120969639
486,0.17517207832310983,-0.2837244130358797,-0.05933768281964149,-0.0158205855430532,0.10766783526534249,-0.15136662886912727,0.732439073067299,0.16811112115875754,-0.015008928848916511,0.27685820958904017,-0.238454914255154,0.1622885154367558,0.27244070008152355,0.11639784455030472,0.24558940996994993,0.2716166448893086,0.23132011143789816
487,0.42858710956831947,0.19121772832620332,0.3599731363146606,0.1693893827989283,0.11021291834797739,-0.01051268262747767,0.44645725699367006,0.34622605703385295,0.023401847563298758,-0.11233793060977981,0.3873237836404128,0.14370153652087095,-0.06519178307126122,0.31264062742987014,-0.10219671826133284,0.20037398764353218,0.20497716776757982
488,0.016130026589419835,0.13604560052272469,-0.018288587728737135,0.021704303877180964,-0.05845547641045337,0.3308041747258856,0.07233026323861323,0.27685820958904017,-0.238454914255154,0.39192229350120666,-0.17611053221229445,0.532684865743833,0.11982048966670107,-0.0519861583077886,0.27183294112990597,-0.11338464126334705,0.22044835283863562
489,0.32466681415976595,-0.054898688296048936,0.22432644828488973,-0.1232149241758918,0.2686244753741979,0.15454741133606334,0.11838573542352976,-0.038603364347782866,0.3807558613147009,0.17224841861994322,-0.09851033897345973,-0.1994683328230255,0.23980010892210227,0.24982258900136312,-0.11600447725845392,-0.322697042332726,0.20051624388285613
490,1.2345642521917752,-0.2390661515095062,0.038704122045745096,0.19799846171187263,0.08817550672737952,0.016104682807028897,0.19820898945179852,-0.1228961939348214,0.46117402403887836,0.010629951960803224,0.2329295694666118,0.43160144306355575,0.23386430015327572,0.022736716960153926,0.20677149441364567,0.05235944102725745,0.11372970094486329
491,0.1673903322242667,-0.09284999744819501,0.3101946871467882,-0.16972559312542665,0.3638470451044476,0.20503724985454205,0.1459981126354451,-0.09139857051369302,0.3563536013904831,0.2492544554621723,-0.1378062638889054,-0.2005062652564799,0.18019128493810643,0.22391055848401822,0.2086211161338412,0.3854280947760623,0.3481189339598148
492,0.13598333473215593,0.03048863895714203,0.12638483116916358,0.056999667600075014,-0.03415029254685713,-0.1361437516837773,0.5126401164044888,0.10727375240522918,0.14836359842633548,0.14084473078919998,-0.07991486120750843,-0.4268141196430951,0.40979557006932316,0.23961717018966824,0.25029447368492114,-0.2333565673052771,-0.30008190849311206
493,0.27244070008152355,0.11639784455030472,-0.04205176153840695,0.10799564566925353,0.14738116301118354,0.09492199006514247,-0.11601169124174311,0.04205130832165293,0.3890877324073698,0.2649233174487815,-0.22582008661066053,0.010747444669999833,-0.027669554663940353,-0.05307296768324391,0.15659419328815105,0.10901691378591169,-0.06287418633695564
494,0.1109715537947085,0.15412082330316929,0.1598372675145959,0.0706787807519289,0.10415277268582958,0.2735431170666892,0.06625407688356992,-0.34376971549729113,0.31053865854267393,0.23395754267823185,-0.08417891571780703,-0.19567178073345584,0.048418260223786674,0.12787983090555988,0.09892670391507088,0.19799846171187263,0.04205130832165293
495,0.03444382036243173,-0.08424507459956743,-0.05323316428520335,0.38394456914269876,0.12494821353405587,0.11626296745509843,0.1967032816729059,0.13604608051457204,-0.4410086830701572,0.20521445648280787,0.18187890191990846,-0.018412927239126024,0.08651782774696389,0.27957828264201523,0.07241198467246238,0.07384757606653194,0.14480516428365917
496,-0.14542367560108146,0.6780850513706412,0.024406105133026493,0.355073964073535,0.3305091004000071,0.5569329242264648,-0.246023278873846,-0.0572257811988168,0.06031076097975645,0.02182100849886886,0.32235892296680474,0.21043433282753074,0.04703410538990216,0.023224159920207973,0.3484169306665826,0.38464041570040863,0.08256728264784874
497,0.10304113458430038,0.07360110385407279,0.15670911251286973,0.45003162645293465,0.16110004426294264,0.045895226796395086,-0.06052322043582949,0.4507323785553294,-0.0691774432698838,0.2709843384910566,-0.11948577717296034,0.22477882403469934,0.15412082330316929,0.1598372675145959,0.0706787807519289,0.10415277268582958,0.2735431170666892
498,0.24400616256787622,0.6145468467126224,0.182811459615623,-0.27451396654390714,-0.037243909461088076,-0.08742949038525093,0.17124113491377574,-0.20272806045545047,0.5714173973408444,0.21369508916669722,0.2864317522176922,0.2649233174487815,-0.22582008661066053,0.010747444669999833,-0.04684048839730427,0.3445276958741689,0.2670168397207595
499,0.2824571418874076,0.04509906066466046,0.31997096866254743,0.27166200964144344,0.061634111965513244,0.22032608542910156,0.21689918467645036,-0.19131993763789917,0.25762659116874836,0.064972871506301,0.25375125815818755,0.02226975501848725,0.184785809834214,0.16588222747740497,0.17018348502593558,0.027595165892406535,0.1692395764517847
500,-0.25122925263422324,-0.31389127431207686,0.39595271167737006,0.2477901823414091,0.11239773235496053,0.14034718129468007,0.07531665293909175,0.14223356297833722,-0.0489257672682823,0.4019389235070164,0.08865320947212052,0.11316297154198258,0.46291758814384293,0.2387995848553981,0.2514624397230687,-0.18868606439129984,0.1938649078891614
501,0.0688545810301372,0.06682974592404096,-0.16034808885176957,0.582480184304969,-0.026167537045574178,0.3188360004878918,0.3648744076231162,0.34342646217838496,-0.01628559255808749,0.22344916562290068,-0.0022649620560798393,0.00023042973591467987,0.07425954369573716,0.1967581543584978,0.15896040578186071,-0.01051268262747767,0.44645725699367006
502,0.003142846329034149,-0.40042171646973945,0.30944710287579563,0.17593608521602916,-0.10071744145415372,0.16218366883225244,0.2723849429441483,0.0383714803928995,-0.0341945571464552,0.1063634492370031,0.16909328098410453,0.10787259292306504,0.01840890062904963,-0.0995598219957391,0.4821384641347985,-0.10720510281794955,-0.02327093882632231
503,0.12234390728662362,0.014770973447222226,0.16841010577103913,-0.17184534665718618,0.5705404810089426,0.0008958314648755303,0.23630351086435855,0.4555579162737879,0.246515426242668,0.01770617465262488,0.15591559768791044,0.02067487604028523,0.147015137047838,0.0024338063128608364,0.5425282188367668,0.2102334860700648,-0.023462072827558623
504,0.09364824897947188,0.26063328665288116,0.13490246113837479,-0.10690798536618025,-0.20091983663120586,0.2564809375436427,0.2379115657403104,-0.03126694167154654,-0.2895737635617525,0.11571104830416722,0.19148059584239505,0.10402791108409856,0.23091537737709414,0.06650813331778027,0.0688545810301372,0.05310248474394906,0.3607471428065565
505,0.06181623550682581,-0.032007325327046816,0.09425897787719907,0.18704035057159146,0.1166120799555511,0.10308527413401705,0.17846779112789968,0.17192675592428788,0.009418074721667289,0.007793924365852867,-0.09554214890318367,0.17101591016823178,0.004656571040100282,-0.11958844677906617,0.4510220067914173,0.15244082736729989,0.07288885104996093
506,0.3121144711635626,0.49930541624730584,0.09661674508426206,-0.04247753767970497,0.111002564726116,0.32466681415976595,-0.054898688296048936,0.22432644828488973,-0.1232149241758918,0.2686244753741979,0.08256728264784874,-0.11495180160911317,0.36064203219538704,0.1673903322242667,-0.09284999744819501,0.3101946871467882,-0.16972559312542665
507,-0.46653684425022923,0.5227022905128348,-0.11411752537832029,-0.07300140090705133,0.015029837611797933,0.44060350728358616,0.19206526361875487,0.21823878721488263,0.2503177717232147,0.19920890419656892,0.006508261054583925,0.19637910122862356,0.5323290908947901,0.11239025342580698,0.019519458325689406,-0.024104684871840008,0.41000486829468213
508,-0.14536143896619835,0.04333727706415184,0.1220174870673977,0.06129942909837034,0.19601231956388124,0.20596975380684593,-0.057684741153323484,0.07384757606653194,0.14480516428365917,0.11473011258612666,-0.06087256733651791,0.10219365132836339,0.2904398373272532,-0.191413963210553,0.0962711095927171,0.19762225597500324,0.1081466919612358
509,-0.2688525390751869,-0.463412784567476,1.631133135384752,-0.16290921351417928,0.22146573820555276,0.07314429710685592,-0.1271890839969909,0.22798368323536836,0.14083053914836333,-0.02431958698577717,-0.014774917010754571,0.30790953094728557,0.026633443720634878,-0.10502185721591453,0.16212723952415709,0.10247846737264223,0.21692267376731647
510,0.12200883569907046,0.1942458485822597,0.05373657295280298,-0.0481804193300597,0.15012172490551431,0.11914993570351617,-0.013910993924571376,-0.17796770742789422,0.6237727862359442,-0.0034213682837081223,-0.10107599037759238,0.18931492100556252,0.026950214585079065,0.18096547976886537,0.39861970155369486,0.3322918405849832,-0.0730539224471404
511,-0.08021739414216453,0.21015504769464924,0.16078174031700854,0.18936452476172624,0.09562393978438231,0.14760436881813735,-0.17392707701365767,-0.14536143896619835,0.04333727706415184,0.1220174870673977,-0.029263023009425577,0.2329295694666118,0.43160144306355575,0.23386430015327572,0.022736716960153926,0.20677149441364567,0.05235944102725745
512,0.2729517301749195,-0.12099987263672833,-0.39104435029717977,-0.58788795971382,0.8825455177838787,0.5486551716555055,-0.23240833069389197,0.7000941381334126,0.3710274399415613,-0.46653684425022923,0.1554728609437766,0.24264684577496107,-0.17251053863600152,-0.14542367560108146,0.6780850513706412,0.11168107498567888,0.4323114787719322
513,0.20395349412622332,0.39656667760254666,0.3438782254724192,-0.22430789111493196,-0.13216215275703985,0.04131191411989849,0.29312924637770893,0.36431095447616657,0.051655846724557176,0.147015137047838,0.0024338063128608364,0.5425282188367668,0.2102334860700648,-0.023462072827558623,-0.08357893242046706,0.5100102620576359,0.015971134607805734
514,0.2011047102573123,-0.05911225422027029,0.1470775585761181,0.02369429402154779,0.005683677347195281,-0.1564723056670849,0.5746193857681196,-0.02953868185993533,0.3188360004878918,0.30292620138076715,0.25877643221949886,0.36206636083348,0.018964750924899278,0.22176350952506277,0.0976938196030565,-0.1011372261993832,0.23834739187748413
515,0.2211385741886123,0.1901250685257231,0.18141069148365815,-0.01872348367883698,0.1602399761215795,0.18812549775877,-0.18329904817335113,0.03510975496160437,0.24519022089989018,0.04521427973100914,-0.18844126538241282,-0.1530571398391794,0.2893326305696375,0.0598365955185277,0.08329014142793219,0.18442346306946247,0.08528067838339004
516,0.3445276958741689,0.2670168397207595,0.11999193592579707,0.025195000573940488,0.2525280799707006,0.46609603032039665,-0.03864764718918369,0.44645725699367006,0.34622605703385295,0.023401847563298758,-0.11233793060977981,0.3873237836404128,0.14370153652087095,-0.06519178307126122,0.2872084495194976,-0.11948577717296034,0.22477882403469934
517,0.2566705868769431,0.05332100360012209,0.1334798000593729,0.1915060377599846,-0.10391341217997091,0.2707704521290764,0.732439073067299,0.16811112115875754,0.3065383859292377,0.3339580943966088,-0.3258809547938212,0.13330811200126508,-0.16700246707206481,0.35905073798042664,0.2503177717232147,0.19920890419656892,0.006508261054583925
518,-0.30418711666720355,0.3528982149432685,0.205696934332813,-0.06894471559741094,-0.21754472327174948,0.11712542482710067,-0.19905544251875887,0.36219842017178827,0.20395349412622332,0.39656667760254666,0.3438782254724192,-0.22430789111493196,-0.13216215275703985,0.04131191411989849,0.15220612611650494,-0.07588574258395304,0.2146160329797934
519,0.003986715639722211,-0.10353847396758291,-0.08273860521489726,0.12715199464887306,0.40902791458143434,0.3099970298175544,0.471489611372563,-0.22685151173680398,-0.03410554351064948,-0.026979094668769906,0.21026955100633232,0.3594575830872452,0.10738292971034552,0.1268252869070336,-0.054658024990498495,0.5979804251199937,0.2526440820179429
520,0.02582216832870876,0.10159629500858154,0.02285161943960793,0.007793924365852867,-0.09554214890318367,0.17101591016823178,0.1958943861923911,0.19659120888368425,0.0682533575974299,0.17317355494762385,-0.17423414406398183,-0.17888375096808656,0.08116888373365817,-0.015658216600592058,0.46151196219940505,0.4561894607607333,-0.4307036263075145
521,0.10304113458430038,0.07360110385407279,0.15670911251286973,0.45003162645293465,0.16110004426294264,0.045895226796395086,-0.06052322043582949,0.4507323785553294,-0.0691774432698838,0.2709843384910566,-0.11948577717296034,0.22477882403469934,0.15412082330316929,0.1598372675145959,0.0706787807519289,0.10415277268582958,0.2735431170666892
522,0.1915060377599846,-0.10391341217997091,0.3301924189647566,-0.1306468068111148,0.36493975362810666,0.1618681250337736,0.10981308189934724,0.4255352370150269,0.25980627869946177,0.028878761909011532,0.11490988181373216,0.04703410538990216,0.023224159920207973,0.3484169306665826,0.38464041570040863,0.08256728264784874,-0.11495180160911317
523,0.4019389235070164,0.08865320947212052,0.11316297154198258,0.46291758814384293,0.2387995848553981,0.03761959736561409,0.18756622566533648,-0.0032170019832001968,0.05780403347831227,0.08945759497947195,0.13484381164054374,0.14901686786802,0.06131121467129291,0.20880832158794416,0.11021351393836613,0.4090476609505036,0.17224841861994322
524,-0.01760761135922154,0.013769183121238256,0.3351624358998726,-0.14469081953720858,0.08939889071784639,0.14222625457533922,0.05859179600019127,0.2379115657403104,-0.03126694167154654,-0.29950853302676367,0.2704078672093213,0.267162624321814,0.12187058334242151,0.27546427786962585,0.061031905252357535,0.05848757429557536,-0.07720539751091571
525,-0.12319514448977624,-0.06574295470794776,0.34385555108441634,0.18533780760642687,0.08349745439089365,-0.033804194159752304,0.22917825142282022,0.37562684311726585,0.43329493229864297,-0.3915575391071216,0.1991874509102764,-0.16436390704998038,0.4455944499953284,0.18910737920788256,0.11496552590834287,0.1509781412018274,0.21715120410033667
526,-0.05078018175580146,0.2269836513911627,0.21109509114465294,-0.25122925263422324,-0.31389127431207686,0.39595271167737006,0.2477901823414091,0.11239773235496053,0.14034718129468007,0.07531665293909175,0.14223356297833722,-0.021651786553036286,0.12079119269608964,0.2824571418874076,0.04509906066466046,0.31997096866254743,0.27166200964144344
527,0.13242407727825622,0.12389941991210354,-0.06701563151637725,0.2211385741886123,0.1901250685257231,0.18141069148365815,-0.01872348367883698,0.1602399761215795,0.18812549775877,-0.18329904817335113,0.03510975496160437,0.24519022089989018,0.04521427973100914,-0.18844126538241282,-0.1530571398391794,0.2893326305696375,0.0598365955185277
528,0.2587212667043487,-0.14639799594510308,0.3286452837434767,0.21153885924695115,0.1163015082677053,-0.07607939841636727,0.4408191314993718,0.1944108882314549,-0.17628742224102106,-0.13205735314625608,0.1970317131241627,0.21112320288276687,-0.053256080531068464,-0.41024474767980984,0.2704078672093213,0.267162624321814,0.12187058334242151
529,0.007282743814128762,0.020612343586763032,-0.016019177985158884,0.02271247292045064,0.29107111576143124,0.1045071141541918,0.12488891724892921,0.20435731266315316,-0.18873985973198337,0.06244038517316735,0.205696934332813,-0.06894471559741094,-0.21754472327174948,0.11712542482710067,0.13726845392845502,0.10477893452726418,0.154525193891985
530,0.5690449243076188,0.21717996938913814,0.3279502886094016,0.09451606649497561,-0.1767098477946617,0.04486876508389453,-0.029810975371668404,0.36698137508616957,0.28390600937395283,0.06077700494192656,-0.03348926380060616,0.3121144711635626,0.49930541624730584,0.09661674508426206,-0.04247753767970497,0.111002564726116,0.32466681415976595
531,0.1093603113504988,0.29244900495504983,0.07156915212888351,-0.08319473949824753,-0.02073871481096764,-0.029680462238063903,0.14956677270984858,0.3599731363146606,0.1693893827989283,0.11021291834797739,-0.01051268262747767,0.44645725699367006,0.34622605703385295,0.022435968176076956,0.20004137972598807,0.36206636083348,0.018964750924899278
532,0.10159629500858154,0.02285161943960793,0.007793924365852867,-0.09554214890318367,-0.09122096688196836,0.0077741013978389175,0.04641076076847641,-0.12295444257606764,0.39770783469686205,0.08172071414989064,0.24383857054727498,0.12692743882989452,-0.09579475570179191,-0.37215607382295773,0.42858710956831947,0.169608015722371,-0.08047575649163148
533,0.08939889071784639,0.14222625457533922,0.09454735228493921,0.2455881403904545,0.22417321000734797,0.3377246363120925,-0.25067496534820216,-0.33049876626994434,-0.49479408873313274,1.6947701193814022,-0.20577899822194573,0.20485280725032834,0.5710140729030543,0.09919251932906349,-0.27453754616669024,-0.07896928497537498,0.03606607937215022
534,0.3924486791878392,0.2295099569039927,-0.25196316607160346,0.0066334317262653816,0.18447934488472806,-0.03735439473461763,-0.17974141893035753,-0.045429781649620936,0.1992759304480005,0.07407198980981192,0.17323991061961344,0.13672065948977402,-0.014606105836460213,0.19820898945179852,-0.1228961939348214,0.46117402403887836,0.010629951960803224
535,-0.2093333395469959,-0.3086869045626521,-0.45859624206429583,-0.047575521504536526,-0.15881599178038797,0.874523150438384,-0.0030598719334408316,0.39096949337005593,0.5105758017641661,-0.3718423771208559,0.18668007377330023,0.005169852410660244,-0.04538704312831413,-0.09714475970879345,0.12100351014911725,0.10323363556716901,0.37562684311726585
536,-0.02431958698577717,-0.014774917010754571,0.30790953094728557,0.026633443720634878,-0.10502185721591453,0.16212723952415709,0.10247846737264223,0.21692267376731647,0.19989817570442997,0.4592312571483904,-0.16129594391123622,-0.2057051867824583,-0.535203756815677,0.2174486780872428,-0.07556915478493191,-0.15398007638351432,0.1511533282653379
537,-0.024104684871840008,0.41000486829468213,-0.054332979629034356,0.19955843128181666,-0.154784423703279,0.3022190377547206,0.1947513444538738,0.06255089963037826,0.14128623717498243,0.16458087537784533,0.23046833214655307,-0.04177403759466122,-0.30418711666720355,0.13230839410350537,0.05272393126356598,0.22506923505064735,0.10261484021232775
538,-0.054898688296048936,0.22432644828488973,-0.1232149241758918,0.2686244753741979,0.15454741133606334,0.11838573542352976,-0.038603364347782866,0.04905131213059377,-0.09945040258569912,0.46110913685599997,0.03434420395290914,0.08108865698436285,0.1615687764851244,-0.037857040474989806,0.16967044100176074,0.20436905870817954,0.20064497471212211
539,-0.49163582428543307,0.021414579109772094,1.2345642521917752,-0.2390661515095062,0.7216726934662775,0.37887817736150176,-0.4375915754722766,0.17850557601239259,0.04049002125523098,-0.0759962967737919,-0.07588574258395304,0.2146160329797934,0.30387177201667565,0.3066306355625916,0.5546419203281793,-0.26978020481639686,-0.09744491478413504
540,0.0598365955185277,0.08329014142793219,0.18442346306946247,0.08528067838339004,0.10619021298001333,-0.07427673148701162,0.2817765778115769,0.18876158217694772,0.12025697212036957,0.3552151175162411,0.3004909622472764,0.044637696916542596,0.1491258597087924,0.10443331001532027,-0.012240582376639745,0.13886281909376522,0.0663289995961218
541,-0.04538704312831413,-0.09714475970879345,0.024406105133026493,0.355073964073535,0.3305091004000071,0.5569329242264648,-0.246023278873846,-0.02073871481096764,-0.029680462238063903,0.14956677270984858,0.3599731363146606,0.1693893827989283,0.11021291834797739,-0.01051268262747767,0.44645725699367006,0.34622605703385295,0.023401847563298758
542,0.23046833214655307,-0.04177403759466122,-0.30418711666720355,0.3528982149432685,0.205696934332813,-0.06894471559741094,-0.05006936554986506,-0.10391341217997091,0.3301924189647566,-0.1618510743330633,0.11571104830416722,0.19148059584239505,0.10402791108409856,0.23091537737709414,0.06650813331778027,0.0688545810301372,0.06682974592404096
543,0.39770783469686205,0.08172071414989064,0.24383857054727498,0.12692743882989452,-0.12672018269484242,-0.13205735314625608,0.1970317131241627,0.21112320288276687,-0.053256080531068464,-0.41024474767980984,0.2704078672093213,0.17331956995381853,0.048418260223786674,0.12787983090555988,0.09892670391507088,0.19799846171187263,0.08817550672737952
544,0.010435914587602436,0.4970868953748266,0.0443270845504133,0.2086211161338412,0.3854280947760623,0.4076929177225436,0.4507323785553294,-0.0691774432698838,0.2709843384910566,-0.11948577717296034,0.22477882403469934,0.15412082330316929,0.1598372675145959,-0.018291576308624057,0.23218720665753584,0.05513546681446052,0.16570867460275632
545,0.010747444669999833,-0.04684048839730427,0.3445276958741689,0.2670168397207595,0.11999193592579707,0.025195000573940488,0.2525280799707006,0.46609603032039665,0.12547576951623374,-0.014864298582347406,0.02672968558008701,0.3808117223227501,-0.09823658655877998,0.2407284347887408,-0.12405508083124386,0.22599906281655174,0.042566402171658364
546,0.12569717207255016,0.08359265059376635,0.33876510586308256,0.02582216832870876,0.10159629500858154,0.02285161943960793,0.2590776726826567,0.37945256073396405,0.2729517301749195,-0.36177025976917787,0.04824253836004144,-0.154784423703279,0.3022190377547206,0.1255727244267183,0.27685820958904017,-0.238454914255154,0.1622885154367558
547,0.17654672439733954,0.2249866210402155,0.22417321000734797,0.3377246363120925,-0.25067496534820216,-0.33049876626994434,-0.49479408873313274,1.2506888914384577,-0.16999080995714083,0.24400616256787622,0.6145468467126224,0.182811459615623,-0.27451396654390714,-0.037243909461088076,-0.08742949038525093,0.17124113491377574,-0.20272806045545047
548,0.03606607937215022,0.11905401693134181,-0.17504131225752168,0.5690449243076188,0.21717996938913814,0.3279502886094016,0.09451606649497561,-0.1767098477946617,0.04486876508389453,-0.029810975371668404,0.36698137508616957,0.28390600937395283,0.06077700494192656,-0.03348926380060616,0.3121144711635626,0.49930541624730584,0.09661674508426206
549,-0.2837244130358797,-0.05933768281964149,-0.0158205855430532,0.10766783526534249,-0.15136662886912727,0.732439073067299,0.16811112115875754,0.3065383859292377,0.3339580943966088,-0.23869831601725638,-0.1228961939348214,0.46117402403887836,0.010629951960803224,0.2329295694666118,0.43160144306355575,0.23386430015327572,0.022736716960153926
550,-0.026167537045574178,0.3188360004878918,0.23658143447529667,-0.054658024990498495,0.5979804251199937,0.2526440820179429,0.030295772611395898,-0.08145189805244248,0.2407284347887408,-0.12405508083124386,0.22599906281655174,0.2296552800988911,0.07187542666856812,0.09364824897947188,0.26063328665288116,0.13490246113837479,-0.10690798536618025
551,-0.1228961939348214,0.46117402403887836,0.010629951960803224,0.2329295694666118,0.43160144306355575,0.23386430015327572,0.022736716960153926,0.20677149441364567,0.05235944102725745,0.015779282541251688,0.07778099345810575,0.14475962330811473,0.36349515286490497,-0.07857167594071549,0.2854839681489928,-0.1286611337248143,0.13799062650487542
552,0.2686244753741979,0.15454741133606334,0.11838573542352976,-0.038603364347782866,0.3807558613147009,0.17224841861994322,-0.09851033897345973,-0.1994683328230255,0.23980010892210227,0.24982258900136312,-0.11600447725845392,-0.322697042332726,0.20051624388285613,0.21910904649794555,0.1093603113504988,0.29244900495504983,0.07156915212888351
553,0.008586848590673934,-0.11958844677906617,-0.13877172979130742,0.28392816400072096,0.17315845339267563,0.05824213470011352,-0.05307296768324391,0.15659419328815105,0.10901691378591169,-0.06287418633695564,0.020789453641837097,0.4234865458933099,-0.1161805714536689,-0.04633283163100682,0.2136761375202918,0.07494596567037431,0.25010784662062324
554,-0.08047575649163148,0.16236333567151778,0.17047529049149088,0.07176664141241576,-0.05498110129799243,0.15183112240756858,0.10787259292306504,0.37562684311726585,0.43329493229864297,-0.3915575391071216,0.1991874509102764,-0.16436390704998038,0.4455944499953284,0.21781015800967046,0.10304113458430038,0.07360110385407279,0.10837736180198708
555,0.18187890191990846,-0.018412927239126024,0.08651782774696389,0.27957828264201523,0.07241198467246238,-0.0009804569413706596,0.019828243580542443,0.21838582797646872,-0.026929355196783866,0.08118586580494987,0.0029661854615968316,0.34595842949403505,-0.21248517639154826,0.045107140934606355,0.28875087664909865,0.14815850872667752,0.16282803887473282
556,0.021414579109772094,1.2345642521917752,-0.2390661515095062,0.7216726934662775,0.37887817736150176,-0.4375915754722766,0.17850557601239259,0.04049002125523098,-0.0759962967737919,-0.07588574258395304,0.2146160329797934,0.30387177201667565,0.0901953076271097,-0.09945040258569912,0.46110913685599997,0.03434420395290914,0.08108865698436285
557,0.18006443606999176,0.03226528517847111,-0.44078944845124995,0.3380206448902753,0.12849141162106129,-0.025839607220092212,0.12045898537141242,0.286877200722593,0.06552001088711226,-0.01222018030071071,0.05668940185689197,0.20093656574037363,-0.034300721465717984,0.09335134699302704,0.10120720781703763,0.14286338928645506,-0.10502185721591453
558,-0.03410554351064948,-0.026979094668769906,0.21026955100633232,0.3594575830872452,0.10738292971034552,0.1268252869070336,-0.054658024990498495,0.5979804251199937,0.2526440820179429,0.08317014294220157,-0.07093347373910476,0.47495421114848513,-0.02891246359369347,0.16584384218019113,0.22340053763778864,-0.12970311589905045,0.27501372788438055
559,0.08359265059376635,0.33876510586308256,0.2524335837121981,0.12547576951623374,-0.014864298582347406,0.02672968558008701,0.3808117223227501,-0.09823658655877998,0.2407284347887408,-0.12405508083124386,0.22599906281655174,0.2296552800988911,0.07187542666856812,0.191745980953529,0.2686244753741979,0.15454741133606334,0.11838573542352976
560,0.4510220067914173,0.15244082736729989,0.07288885104996093,0.1748984588804126,0.003142846329034149,0.0067783010966998595,0.04509906066466046,0.31997096866254743,0.27166200964144344,0.061634111965513244,0.22032608542910156,0.21689918467645036,-0.19131993763789917,0.25762659116874836,0.064972871506301,0.25375125815818755,0.02226975501848725
561,-0.016019177985158884,0.02271247292045064,0.29107111576143124,0.1045071141541918,0.12488891724892921,0.20435731266315316,-0.18873985973198337,-0.2630977126021474,0.15538551639601741,0.29502436812259675,-0.07973305727102308,0.19799789212246702,0.22952809153640188,-0.12169415188144998,-0.11306592133363663,0.2017013585807754,-0.18049387029567956
562,0.22032608542910156,0.21689918467645036,-0.19131993763789917,0.25762659116874836,0.064972871506301,0.25375125815818755,0.02226975501848725,0.184785809834214,0.16588222747740497,0.17018348502593558,0.027595165892406535,0.1692395764517847,-0.016804451873613534,0.004656571040100282,-0.11958844677906617,0.4510220067914173,0.15244082736729989
563,0.37887817736150176,-0.4375915754722766,0.17850557601239259,0.04049002125523098,-0.0759962967737919,-0.07588574258395304,0.2146160329797934,0.30387177201667565,0.3066306355625916,0.5546419203281793,-0.26978020481639686,-0.09744491478413504,0.029835882608371077,0.23244847910803215,0.3923522683435107,0.06574911402424904,0.11982381637853495
564,-0.0481804193300597,0.15012172490551431,0.11914993570351617,-0.013910993924571376,-0.17796770742789422,0.6237727862359442,-0.0034213682837081223,-0.10107599037759238,0.18931492100556252,0.026950214585079065,0.18096547976886537,0.39861970155369486,0.3322918405849832,-0.0730539224471404,-0.3276340921767554,-0.560709760652686,0.014662593894547743
565,0.12045898537141242,0.286877200722593,0.06552001088711226,-0.01222018030071071,0.05668940185689197,0.07005297469378108,0.2574074511740544,-0.1363443429204539,0.28392816400072096,0.17315845339267563,0.05824213470011352,-0.05307296768324391,0.15659419328815105,0.10901691378591169,-0.06287418633695564,0.020789453641837097,0.4234865458933099
566,-0.37003291712239705,-0.223661762095613,0.05668940185689197,0.23085794460906844,0.07176664141241576,-0.05498110129799243,0.15183112240756858,0.10787259292306504,0.01840890062904963,-0.0995598219957391,0.4821384641347985,0.017844359621399557,0.22506923505064735,0.10261484021232775,-0.21198150695143764,-0.19771289689077395,0.32661083949314984
567,0.1594097460088622,0.003986715639722211,-0.10353847396758291,-0.08273860521489726,0.36219842017178827,0.11896513781542807,0.11239773235496053,0.14034718129468007,0.07531665293909175,0.14223356297833722,-0.021651786553036286,0.12079119269608964,0.2824571418874076,0.04509906066466046,0.31997096866254743,0.27166200964144344,0.061634111965513244
568,0.3438782254724192,-0.22430789111493196,-0.13216215275703985,0.04131191411989849,0.29312924637770893,0.36431095447616657,0.051655846724557176,0.147015137047838,0.0024338063128608364,0.5425282188367668,0.2102334860700648,-0.023462072827558623,-0.08357893242046706,0.5100102620576359,0.015971134607805734,0.13242407727825622,0.12389941991210354
569,0.037986730406579156,0.42630163816159206,-0.2131146307468916,-0.22820094866907836,-0.4077636285835352,-0.15881599178038797,0.874523150438384,-0.0030598719334408316,0.39096949337005593,0.5105758017641661,-0.3718423771208559,-0.15640318226972538,0.5826515229678326,0.15623469052714475,0.27640262933912124,0.47201011607596016,-0.28281767262770263
570,-0.018288587728737135,0.021704303877180964,-0.05845547641045337,0.3308041747258856,0.164257142074729,0.09676305399739243,0.18006443606999176,0.03226528517847111,-0.44078944845124995,0.3380206448902753,0.12849141162106129,-0.025839607220092212,0.12045898537141242,0.286877200722593,0.06552001088711226,-0.01222018030071071,0.05668940185689197
571,0.23769099596891313,0.43358726407530823,-0.18009620301785492,-0.2833807162011421,-0.49163582428543307,0.021414579109772094,1.2345642521917752,-0.2390661515095062,0.7216726934662775,0.032341283750817365,-0.07588574258395304,0.2146160329797934,0.30387177201667565,0.3066306355625916,0.5546419203281793,-0.26978020481639686,-0.09744491478413504
572,-0.10630698036584084,0.1470775585761181,0.02369429402154779,0.042335755006554183,0.11969849148818573,0.15101489071696825,-0.19871529312115233,0.16387788756728414,0.12461655134544304,0.17041386042389656,0.2758894441198532,0.38565678848867624,-0.2093333395469959,-0.3086869045626521,-0.45859624206429583,0.01881267170159937,0.014662593894547637
573,0.4895214773529827,0.34834191081492416,0.40137010870007506,-0.35215411572254657,0.08641717028161186,-0.05935848768228961,0.33385057687905584,0.3111346555032771,0.03374797111609373,0.10221199436568572,0.11086305524430831,0.5085612625617385,0.2358186269665527,-0.0354215967745066,-0.07093347373910476,0.47495421114848513,-0.06981461482759276
574,0.33404209236252513,-0.017315794149796837,-0.07556915478493191,-0.15398007638351432,0.1511533282653379,0.40902791458143434,0.3099970298175544,0.471489611372563,-0.22685151173680398,-0.06432579398783611,0.04205130832165293,0.3890877324073698,0.23355982518621926,0.029024701733186827,-0.023190079283785647,0.41946818135912745,0.396950895585359
575,-0.032007325327046816,0.09425897787719907,0.18704035057159146,0.1166120799555511,0.10308527413401705,0.17846779112789968,0.22208583212672164,0.10912076590162222,0.08387223257892588,0.007282743814128762,0.020612343586763032,-0.016019177985158884,0.02271247292045064,0.29107111576143124,0.1045071141541918,0.12488891724892921,0.20435731266315316
576,0.40590190644829777,-0.04712027514696706,0.09999394778949644,0.22146573820555276,0.07314429710685592,-0.1271890839969909,0.22798368323536836,0.14083053914836333,-0.02431958698577717,-0.014774917010754571,0.30790953094728557,0.026633443720634878,-0.10502185721591453,0.16212723952415709,0.10247846737264223,0.005813468981947837,-0.0341945571464552
577,-0.45930796864318557,0.08435528278984028,0.4794833804839934,-0.09284003963689724,0.26295154864488435,0.5642227911150639,-0.12169415188144998,-0.11306592133363663,0.2017013585807754,-0.18049387029567956,0.05969298311436966,-0.12444320203172575,0.5611453632897837,0.1869335896853636,0.4006017258170882,-0.10347017542090149,-0.06487001071552723
578,0.42630163816159206,-0.2131146307468916,-0.22820094866907836,-0.4077636285835352,-0.15881599178038797,0.874523150438384,-0.0030598719334408316,0.39096949337005593,0.5105758017641661,-0.3718423771208559,0.18668007377330023,0.005169852410660244,-0.04538704312831413,-0.09714475970879345,0.024406105133026493,0.39011374878111016,0.19206526361875487
579,0.05627475275433264,0.2517869468536827,-0.18873985973198337,-0.2630977126021474,0.15538551639601741,0.29502436812259675,-0.07973305727102308,0.19799789212246702,0.22952809153640188,0.011717367533914707,-0.04143608295393437,0.18036848701180638,0.08872221642612875,0.008975541836774844,-0.025516086913291845,0.38806089204959493,-0.20156309491583888
580,0.2685197814770018,-0.053115559140665666,-0.37717238805262293,0.3049110816946138,0.016104682807028897,0.19820898945179852,-0.1228961939348214,0.46117402403887836,0.010629951960803224,0.2329295694666118,0.43160144306355575,0.23386430015327572,0.022736716960153926,0.20677149441364567,0.05235944102725745,0.015779282541251688,0.07778099345810575
581,-0.018288587728737135,0.021704303877180964,-0.05845547641045337,0.3308041747258856,0.164257142074729,0.09676305399739243,0.18006443606999176,0.03226528517847111,-0.44078944845124995,0.3380206448902753,0.12849141162106129,-0.025839607220092212,0.41252904670659885,0.38464041570040863,0.08256728264784874,-0.11495180160911317,0.11130357750559794
582,0.16570867460275632,0.18981378883331407,0.16929565744747385,0.016130026589419835,0.13604560052272469,-0.018288587728737135,0.021704303877180964,-0.05845547641045337,0.3308041747258856,0.164257142074729,0.09676305399739243,0.18006443606999176,0.03226528517847111,-0.44078944845124995,0.3380206448902753,0.12849141162106129,-0.025839607220092212
583,-0.06574295470794776,0.34385555108441634,0.18533780760642687,0.16500535895414353,0.11298577658039052,0.1593491945626654,-0.2832162412671828,0.0020805530387531996,0.09813566285711402,-0.09435177912274093,0.22363286922109724,0.2243299273245574,0.09929767896570325,-0.05055300144419804,0.11493399400923741,0.16398023443426096,0.08641616074491512
584,0.3924486791878392,0.2295099569039927,-0.25196316607160346,-0.05078018175580146,0.2269836513911627,0.21109509114465294,-0.2433526082794081,0.31053865854267393,0.23395754267823185,-0.08417891571780703,-0.19567178073345584,0.048418260223786674,0.12787983090555988,0.09892670391507088,0.19799846171187263,0.08817550672737952,0.016104682807028897
585,0.09425897787719907,0.18704035057159146,0.15317620954339542,0.23051347462592298,-0.2674087357689618,0.05272393126356598,0.22506923505064735,0.10261484021232775,-0.21198150695143764,-0.19771289689077395,0.32661083949314984,0.10384331692069787,0.07711382871774942,0.20992472947069074,0.08617134357782268,0.07831120315928315,-0.036381717160680845
586,0.3066306355625916,0.5546419203281793,-0.26978020481639686,-0.09744491478413504,0.029835882608371077,0.23244847910803215,0.3923522683435107,0.06574911402424904,0.11982381637853495,-0.0036322028767203193,0.5154484502995313,0.2044492602416065,0.04163234839464616,-0.09945040258569912,0.46110913685599997,0.03434420395290914,0.08108865698436285
587,0.07991964893101931,0.14910613995433913,0.13870999513948015,0.2317327935826364,0.2032151590447185,-0.20300578487782478,0.2829097843134919,0.036318137954573296,0.2968939267958973,0.07580716838731938,0.08567346237233235,0.21727382971370257,0.17813747119959616,0.11153480932866984,-0.2919755150128051,0.25194362687045424,0.18447934488472806
588,-0.58788795971382,-0.020598924745046793,0.08435528278984028,0.4794833804839934,-0.28768819404152074,0.3343738849909891,0.2335672723395901,-0.27656274546612886,0.13224843227692928,-0.13744108689493145,0.17052670266369924,0.2477901823414091,0.11239773235496053,0.14034718129468007,0.07531665293909175,0.14223356297833722,-0.021651786553036286
589,-0.036381717160680845,0.1918282357010622,0.2566953352236003,0.09440814158715664,0.25877643221949886,0.36206636083348,0.018964750924899278,0.22176350952506277,0.0976938196030565,-0.1011372261993832,0.23834739187748413,0.05627475275433264,0.2851260409760982,-0.04093780864936718,0.22340053763778864,0.17654672439733954,0.13598333473215593
590,0.26569395997574946,-0.48211955771040454,0.31856934468977854,-0.1471160322989946,0.13224843227692928,-0.13744108689493145,0.7512025272323432,0.10323363556716901,0.37562684311726585,0.43329493229864297,-0.3915575391071216,0.1991874509102764,-0.25220727153145067,-0.1767098477946617,0.04486876508389453,-0.029810975371668404,0.36698137508616957
591,0.044637696916542596,0.1583332189651776,0.14475962330811473,0.1313550547189986,0.025832384969303245,0.02226975501848725,0.184785809834214,0.16588222747740497,0.17018348502593558,0.027595165892406535,0.1692395764517847,-0.016804451873613534,0.004656571040100282,-0.11958844677906617,0.4510220067914173,0.15244082736729989,0.07288885104996093
592,0.03434420395290914,0.08108865698436285,0.1615687764851244,-0.037857040474989806,0.16967044100176074,0.20436905870817954,0.20064497471212211,-0.03419642558318104,0.22503561746781034,0.23051347462592298,-0.2674087357689618,0.05272393126356598,0.22506923505064735,0.10261484021232775,0.00375597021814983,0.12461655134544304,0.17041386042389656
593,0.044637696916542596,0.09778406709954617,-0.07093347373910476,0.47495421114848513,-0.06981461482759276,0.2501629573434221,-0.007193016796767877,0.08783646987625998,-0.04762798432197649,0.1512351673111633,0.0687471240577064,0.025303337699693184,0.07991964893101931,0.14910613995433913,0.13870999513948015,0.052111479316268625,0.2025166266354563
594,0.08567346237233235,0.1659339689806515,0.22725753124748785,-0.033804194159752304,0.17615938980224977,0.03444382036243173,-0.08424507459956743,-0.05323316428520335,0.38394456914269876,0.12494821353405587,0.11626296745509843,0.1967032816729059,0.13604608051457204,-0.4410086830701572,0.20521445648280787,0.14614934835456256,-0.018412927239126024
595,-0.05911225422027029,0.1470775585761181,0.02369429402154779,0.005683677347195281,-0.1564723056670849,0.5746193857681196,0.11730632153435483,0.11996356155954901,0.1278373443948156,0.35719247451033315,-0.2333565673052771,-0.30008190849311206,0.3332262163068803,0.15339784011706106,0.17350277886178694,0.14443373400405532,0.06937373250251755
596,0.2566705868769431,0.05332100360012209,0.1334798000593729,0.1915060377599846,-0.03880802948444437,0.19820898945179852,-0.1228961939348214,0.46117402403887836,0.010629951960803224,0.15510621958154996,0.3279502886094016,0.09451606649497561,-0.1767098477946617,0.04486876508389453,-0.029810975371668404,0.36698137508616957,0.28390600937395283
597,-0.27684410127456854,0.93613725027831,0.36905839115702316,-0.42191937147693376,0.1594097460088622,0.003986715639722211,-0.10353847396758291,0.35377937173539326,0.07156915212888351,0.03981403283697342,0.001220357624790931,-0.07007502669067454,0.4895214773529827,0.0637917868463912,0.21208714275880025,0.4495007379400005,0.2933092651678347
598,-0.20577899822194573,0.20485280725032834,0.5710140729030543,0.09919251932906349,-0.27453754616669024,-0.07896928497537498,0.1120374695396649,0.6145468467126224,0.182811459615623,-0.27451396654390714,-0.037243909461088076,-0.08742949038525093,0.17124113491377574,-0.20272806045545047,0.5714173973408444,0.21369508916669722,0.2864317522176922
599,0.5690449243076188,0.21717996938913814,0.3279502886094016,0.09451606649497561,-0.1767098477946617,0.04486876508389453,-0.029810975371668404,0.36698137508616957,0.28390600937395283,0.06077700494192656,-0.03348926380060616,0.3121144711635626,0.49930541624730584,0.09661674508426206,-0.04247753767970497,0.111002564726116,0.32466681415976595
600,0.11239025342580698,0.019519458325689406,-0.024104684871840008,0.13996692631150137,0.4772627981074588,-0.042572026385678,0.532684865743833,0.11982048966670107,-0.0519861583077886,0.27183294112990597,-0.11338464126334705,0.22044835283863562,0.18175378128055952,0.21507230996456794,-0.11110494277211024,0.3696485393143997,0.06625407688356992
601,0.24823346342850847,0.42630163816159206,-0.2131146307468916,-0.22820094866907836,-0.4077636285835352,-0.15881599178038797,0.874523150438384,-0.07846368960818656,0.011717367533914707,-0.04143608295393437,0.18036848701180638,0.08872221642612875,0.008975541836774844,-0.025516086913291845,0.38806089204959493,0.09156062972582202,0.30387177201667565
602,-0.2688525390751869,-0.23497703259441213,-0.6818950630676603,2.775715655692279,-0.12641861897147907,-0.071568525291851,0.651068744545621,0.17517207832310983,-0.2837244130358797,0.25866926663239914,0.2433730585524286,-0.1129297441565549,0.09892670391507088,0.19799846171187263,0.08817550672737952,0.016104682807028897,0.19820898945179852
603,-0.2056916248099073,-0.09977122531837382,0.2566705868769431,0.05332100360012209,0.1334798000593729,0.1915060377599846,-0.10391341217997091,0.3301924189647566,-0.1306468068111148,0.36493975362810666,0.1618681250337736,0.10981308189934724,0.4255352370150269,0.25980627869946177,0.028878761909011532,0.1512351673111633,0.0687471240577064
604,0.33404209236252513,-0.017315794149796837,-0.07556915478493191,-0.15398007638351432,0.1511533282653379,0.40902791458143434,0.3099970298175544,0.471489611372563,-0.22685151173680398,-0.03410554351064948,-0.026979094668769906,0.21026955100633232,0.3594575830872452,0.10738292971034552,0.1268252869070336,-0.054658024990498495,0.5979804251199937
605,-0.11338464126334705,0.22521923549928416,0.027595165892406535,0.1692395764517847,-0.016804451873613534,0.004656571040100282,-0.11958844677906617,0.4510220067914173,0.15244082736729989,0.07288885104996093,0.1748984588804126,0.003142846329034149,0.03628170128773756,-0.025839607220092212,0.12045898537141242,0.286877200722593,0.06552001088711226
606,-0.11338464126334705,0.5254828549562404,0.25980627869946177,0.028878761909011532,0.1512351673111633,0.0687471240577064,0.025303337699693184,0.07991964893101931,0.14910613995433913,0.13870999513948015,0.052111479316268625,0.2025166266354563,0.13030374742807277,0.28667888938837066,-0.06951352474562462,0.16592700289521067,-0.07066784706132076
607,0.05668940185689197,0.20093656574037363,-0.034300721465717984,0.09335134699302704,0.10120720781703763,0.15852576202856808,-0.1261693407012891,0.05257179403844993,0.24495845199737368,0.1101646675136064,0.24823346342850847,0.42630163816159206,-0.2131146307468916,-0.22820094866907836,-0.4077636285835352,-0.15881599178038797,0.874523150438384
608,-0.026979094668769906,0.21026955100633232,0.3594575830872452,0.10738292971034552,0.1268252869070336,-0.054658024990498495,0.5979804251199937,0.2568795792472403,0.020789453641837097,0.4234865458933099,-0.1161805714536689,-0.04633283163100682,0.2136761375202918,-0.0761301267348735,0.532684865743833,0.11982048966670107,-0.0519861583077886
609,-0.05055300144419804,0.11493399400923741,0.16398023443426096,0.08641616074491512,-0.030744876890875142,0.03995236746348638,0.27685820958904017,-0.238454914255154,-0.16034808885176957,0.582480184304969,-0.026167537045574178,0.3188360004878918,0.3648744076231162,0.34342646217838496,-0.01628559255808749,0.22344916562290068,-0.0022649620560798393
610,0.16110004426294264,0.045895226796395086,-0.13374856608223182,0.33876510586308256,0.02582216832870876,0.10159629500858154,0.02285161943960793,0.007793924365852867,-0.09554214890318367,0.17101591016823178,0.1958943861923911,0.25868648102313474,0.1942458485822597,0.05373657295280298,-0.0481804193300597,0.15012172490551431,0.11914993570351617
611,0.1273673621854455,0.12302980186260518,0.2983918938792556,-0.12952072144717805,0.22342416318361763,0.07008561531728158,0.1649773268484631,0.17813747119959616,0.11153480932866984,-0.2919755150128051,0.25194362687045424,0.18447934488472806,-0.03735439473461763,-0.17974141893035753,-0.2384507041833408,0.1938846693083236,-0.11212353424204455
612,0.06599459167266276,0.2140158170798685,0.032016070946640766,-0.2056916248099073,-0.09977122531837382,0.2566705868769431,0.05332100360012209,0.1334798000593729,0.1915060377599846,-0.10391341217997091,0.3301924189647566,-0.1306468068111148,0.36493975362810666,0.1618681250337736,0.10981308189934724,0.4255352370150269,0.25980627869946177
613,0.11168107498567888,0.4323114787719322,0.40137010870007506,-0.35215411572254657,0.08641717028161186,-0.05935848768228961,0.33385057687905584,0.3111346555032771,0.21427696188968498,0.34342646217838496,-0.05897922894540537,0.14118158550631343,0.064420931619945,0.17813747119959616,0.11153480932866984,-0.2919755150128051,0.25194362687045424
614,0.3924486791878392,0.2295099569039927,-0.25196316607160346,-0.05078018175580146,0.2269836513911627,0.21109509114465294,-0.25122925263422324,-0.31389127431207686,0.39595271167737006,0.2477901823414091,0.11239773235496053,0.14034718129468007,0.07531665293909175,0.14223356297833722,-0.021651786553036286,0.12079119269608964,0.2824571418874076
615,0.5642227911150639,-0.12169415188144998,-0.11306592133363663,0.2017013585807754,-0.18049387029567956,0.05969298311436966,-0.12444320203172575,0.024406105133026493,0.355073964073535,0.3305091004000071,0.5569329242264648,-0.246023278873846,-0.02073871481096764,-0.029680462238063903,0.14956677270984858,0.3599731363146606,0.1693893827989283
616,0.05451036815254353,0.10581675702611819,0.21836952852283753,-0.1975496083240688,0.06599459167266276,0.2140158170798685,0.032016070946640766,-0.2056916248099073,-0.09977122531837382,0.2566705868769431,0.05332100360012209,0.1334798000593729,0.1915060377599846,-0.10391341217997091,0.31302945596899795,-0.1228961939348214,0.46117402403887836
617,-0.07420667902913211,0.4772627981074588,-0.017093960217367823,0.20446229175264322,0.077208066716257,-0.03473222436348715,0.2269899149422962,0.1513353793055481,0.1525483543928927,0.05451036815254353,0.10581675702611819,0.21836952852283753,-0.1975496083240688,0.06599459167266276,0.2140158170798685,0.032016070946640766,-0.2056916248099073
618,0.0020805530387531996,0.13357219796243652,0.42858710956831947,0.169608015722371,-0.08047575649163148,0.16236333567151778,0.17047529049149088,0.07176664141241576,-0.05498110129799243,0.15183112240756858,0.10787259292306504,0.01840890062904963,-0.0995598219957391,0.4821384641347985,-0.10720510281794955,-0.02327093882632231,0.13330989518342076
619,0.08108865698436285,0.1615687764851244,0.02473336962486779,-0.22685151173680398,-0.03410554351064948,-0.026979094668769906,0.21026955100633232,0.3594575830872452,0.10738292971034552,0.1268252869070336,-0.054658024990498495,0.5979804251199937,0.2526440820179429,0.030295772611395898,-0.17611053221229445,0.532684865743833,0.11982048966670107
620,-0.14535264944239704,0.1636217548875396,0.3461298946903398,-0.2333565673052771,-0.30008190849311206,0.3332262163068803,0.15339784011706106,0.17350277886178694,0.14443373400405532,0.06937373250251755,0.1938846693083236,-0.020397626293515884,0.056241500047262236,0.31501257601781585,0.03521232712560007,0.31260451285604524,0.31800420099521304
621,-0.25122925263422324,-0.31389127431207686,0.39595271167737006,0.2477901823414091,0.11239773235496053,0.14034718129468007,0.07531665293909175,0.14223356297833722,-0.021651786553036286,0.12079119269608964,0.2824571418874076,0.04509906066466046,0.31997096866254743,0.27166200964144344,0.061634111965513244,0.22032608542910156,0.21689918467645036
622,-0.10219671826133284,0.19463647709900125,0.013769183121238256,0.3351624358998726,-0.14469081953720858,0.08939889071784639,0.14222625457533922,0.09454735228493921,0.2455881403904545,0.22417321000734797,0.3377246363120925,-0.25067496534820216,-0.33049876626994434,-0.49479408873313274,1.2506888914384577,-0.16999080995714083,0.24400616256787622
623,-0.07896928497537498,0.03606607937215022,0.11905401693134181,-0.17504131225752168,0.5690449243076188,0.21717996938913814,0.3279502886094016,0.09451606649497561,-0.1767098477946617,-0.12508919830690965,-0.045429781649620936,0.1992759304480005,0.07407198980981192,0.17323991061961344,0.13672065948977402,-0.059372907008158365,0.28230669455910706
624,-0.37215607382295773,0.42858710956831947,0.169608015722371,-0.08047575649163148,0.16236333567151778,0.17047529049149088,0.07176664141241576,-0.05498110129799243,0.15183112240756858,0.10787259292306504,0.01840890062904963,-0.0995598219957391,0.4821384641347985,-0.10720510281794955,-0.02327093882632231,0.13330989518342076,0.06458116259471598
625,0.16150134876585814,-0.03801256075218081,0.1081466919612358,0.23315219493351433,0.2759889856284672,0.3334386814242376,-0.2930011245453141,-0.3323103623367577,-0.21119585311806702,0.6359536634803336,-0.20577899822194573,0.20485280725032834,0.5710140729030543,0.09919251932906349,-0.27453754616669024,-0.07896928497537498,0.03606607937215022
626,0.2387995848553981,0.03761959736561409,0.18756622566533648,-0.0032170019832001968,0.01836973294643036,0.2032151590447185,-0.20300578487782478,0.2829097843134919,0.036318137954573296,0.2968939267958973,0.12859794100808733,0.2492544554621723,-0.1378062638889054,-0.2005062652564799,0.2282002950413238,0.03048863895714203,0.12638483116916358
627,0.07008561531728158,-0.12319514448977624,-0.06574295470794776,0.34385555108441634,0.18533780760642687,-0.42191937147693376,0.1594097460088622,0.003986715639722211,-0.10353847396758291,-0.08273860521489726,0.36219842017178827,0.20395349412622332,0.39656667760254666,0.3438782254724192,-0.22430789111493196,-0.13216215275703985,0.04131191411989849
628,-0.10629703423484374,-0.4260345743094281,0.5984436178614774,0.15948649245452387,-0.038225245979315856,0.12200883569907046,0.1942458485822597,0.05373657295280298,0.04936743806335487,0.20393985988063199,0.054108945930185164,-0.11411752537832029,-0.07300140090705133,0.015029837611797933,0.44060350728358616,0.19206526361875487,0.4624245466377027
629,0.1220174870673977,0.06129942909837034,0.19601231956388124,0.20596975380684593,-0.057684741153323484,0.07384757606653194,0.14480516428365917,0.11473011258612666,-0.06087256733651791,0.10219365132836339,0.2688678171440595,-0.04923300073592117,0.28884407459477013,-0.27453754616669024,-0.07896928497537498,0.03606607937215022,0.11905401693134181
630,0.2565974639919755,0.1570198042576097,0.15967623071216216,0.12066502910544308,0.3607471428065565,0.06233658555976345,0.25202439925764925,0.3540554860126552,0.054753129013971114,0.22470285204137724,0.2032151590447185,-0.20300578487782478,0.2829097843134919,0.036318137954573296,0.2968939267958973,0.07580716838731938,0.08567346237233235
631,0.061634111965513244,0.22032608542910156,0.21689918467645036,-0.19131993763789917,0.25762659116874836,0.064972871506301,0.25375125815818755,0.02226975501848725,0.184785809834214,0.16588222747740497,0.17018348502593558,0.027595165892406535,0.1692395764517847,-0.016804451873613534,0.004656571040100282,-0.11958844677906617,0.4510220067914173
632,-0.01222018030071071,0.07725941877185125,0.11473011258612666,-0.06087256733651791,0.10219365132836339,0.28494249186332077,-0.19871529312115233,0.16387788756728414,0.12461655134544304,0.17041386042389656,0.2758894441198532,0.38565678848867624,-0.2093333395469959,-0.3086869045626521,-0.45859624206429583,0.01881267170159937,0.9213821360251874
633,0.28884407459477013,0.11838573542352976,-0.038603364347782866,0.3807558613147009,0.17224841861994322,-0.09851033897345973,-0.1994683328230255,0.23980010892210227,0.24982258900136312,-0.11600447725845392,-0.322697042332726,0.20051624388285613,0.21910904649794555,0.1093603113504988,0.29244900495504983,0.07156915212888351,0.03981403283697342
634,-0.0730539224471404,-0.3276340921767554,-0.560709760652686,0.014662593894547743,1.4080315384750042,-0.3211366212088857,1.0994415746910717,0.3631106194833644,-0.5872769092188762,0.3343738849909891,0.2335672723395901,-0.11006995253884413,-0.15640318226972538,0.5826515229678326,0.15623469052714475,0.27640262933912124,0.47201011607596016
635,-0.4410086830701572,0.20521445648280787,0.18187890191990846,-0.018412927239126024,0.08651782774696389,0.27957828264201523,0.07241198467246238,-0.0009804569413706596,0.019828243580542443,0.21838582797646872,-0.026929355196783866,0.08118586580494987,0.0029661854615968316,0.3790770817616399,0.2758894441198532,0.38565678848867624,-0.2093333395469959
636,0.16811112115875754,0.3065383859292377,0.3339580943966088,-0.3258809547938212,0.13330811200126508,-0.16700246707206481,0.35905073798042664,0.3251171430968418,0.18006443606999176,0.03226528517847111,-0.44078944845124995,0.3380206448902753,0.12849141162106129,-0.025839607220092212,0.12045898537141242,0.286877200722593,0.06552001088711226
637,0.20093656574037363,-0.034300721465717984,0.09335134699302704,0.10120720781703763,0.15852576202856808,-0.1261693407012891,0.05257179403844993,0.24495845199737368,0.1101646675136064,0.24823346342850847,0.42630163816159206,0.06845447702521013,0.18141069148365815,-0.01872348367883698,0.1602399761215795,0.18812549775877,-0.18329904817335113
638,0.2587212667043487,0.1399107212525063,0.18175378128055952,0.21507230996456794,-0.11110494277211024,0.3924486791878392,0.2295099569039927,-0.25196316607160346,-0.05078018175580146,0.2269836513911627,0.21109509114465294,-0.25122925263422324,-0.31389127431207686,0.39595271167737006,0.2477901823414091,0.11239773235496053,0.14034718129468007
639,-0.33049876626994434,-0.49479408873313274,1.2506888914384577,-0.16999080995714083,0.24400616256787622,0.6145468467126224,0.4031208036502332,0.164257142074729,0.09676305399739243,0.18006443606999176,0.03226528517847111,-0.44078944845124995,0.3380206448902753,0.0891359809257264,0.17047529049149088,-0.3868144107847578,0.11608570550439605
640,-0.0730539224471404,-0.3276340921767554,-0.560709760652686,0.014662593894547743,1.5665906191533503,0.2670168397207595,0.11999193592579707,0.025195000573940488,0.2525280799707006,0.46609603032039665,0.12547576951623374,-0.014864298582347406,0.02672968558008701,0.3808117223227501,0.11100234393559452,0.21471052174039773,0.2032151590447185
641,0.2933092651678347,-0.07857167594071549,0.2854839681489928,-0.1286611337248143,0.13799062650487542,0.05205490943995144,-0.03348926380060616,0.3121144711635626,0.49930541624730584,0.09661674508426206,-0.04247753767970497,0.111002564726116,0.32466681415976595,-0.18632768929910803,-0.1994683328230255,0.2821995610026018,0.2758894441198532
642,-0.071568525291851,0.651068744545621,0.17517207832310983,-0.2837244130358797,0.25998134734600065,0.2433730585524286,-0.04712027514696706,0.09999394778949644,0.22146573820555276,0.07314429710685592,-0.1271890839969909,0.22798368323536836,0.14083053914836333,-0.03453453984877311,-0.12319514448977624,-0.06574295470794776,0.056388548478534375
643,-0.21754472327174948,0.11712542482710067,-0.142074691783058,0.20485280725032834,0.5710140729030543,0.09919251932906349,-0.27453754616669024,-0.07896928497537498,0.03606607937215022,0.11905401693134181,-0.17504131225752168,0.5592456290391918,0.14956677270984858,0.3599731363146606,0.1693893827989283,0.11021291834797739,-0.01051268262747767
644,0.23834739187748413,0.05627475275433264,0.2851260409760982,-0.04093780864936718,0.22340053763778864,0.17654672439733954,0.13598333473215593,0.03048863895714203,0.12638483116916358,0.056999667600075014,-0.03415029254685713,0.015244623490206442,-0.10502185721591453,0.16212723952415709,0.10247846737264223,0.21692267376731647,0.19989817570442997
645,0.016130026589419835,0.2877670271542953,0.47201011607596016,-0.28281767262770263,-0.0037568732807429827,-0.006068095610988907,0.26491874482578665,0.3594575830872452,0.09224524233487587,0.20689829639105578,-0.18868606439129984,0.1938649078891614,0.11596495767376316,0.23218720665753584,0.0696797017353103,0.32166518950735806,-0.2270480455207728
646,-0.0036322028767203193,0.5154484502995313,0.2044492602416065,0.04163234839464616,-0.09945040258569912,0.46110913685599997,0.03434420395290914,0.08108865698436285,0.1615687764851244,-0.037857040474989806,0.16967044100176074,0.20436905870817954,0.22643906756319154,-0.10248309887142547,-0.06487001071552723,0.022974105712554253,0.04205130832165293
647,0.07384757606653194,0.14480516428365917,0.11473011258612666,-0.06087256733651791,0.10219365132836339,0.2904398373272532,-0.191413963210553,0.0962711095927171,0.19762225597500324,0.1081466919612358,0.23315219493351433,0.2759889856284672,0.3334386814242376,-0.45258569284406064,-0.45930796864318557,0.08435528278984028,0.7241675991841428
648,-0.2131146307468916,-0.22820094866907836,-0.4077636285835352,-0.15881599178038797,0.874523150438384,-0.0030598719334408316,0.06504544989171787,0.08651782774696389,0.27957828264201523,0.07241198467246238,-0.0009804569413706596,0.0629622452474685,0.18036848701180638,0.08872221642612875,0.008975541836774844,-0.025516086913291845,0.38806089204959493
649,0.19927450157206136,0.22382878195307498,-0.09401895570000028,0.03361559840629191,0.032519541821476844,0.005804140740080759,0.15562454509034235,0.09398115298271544,-0.09265333953569191,-0.06287418633695564,0.020789453641837097,0.4234865458933099,-0.1161805714536689,-0.04633283163100682,0.2136761375202918,0.07494596567037431,0.25010784662062324
650,0.18518734134368978,0.03957451191768845,0.1932733614432001,-0.05430886755852945,0.05310248474394906,0.3607471428065565,0.06233658555976345,0.25202439925764925,0.3540554860126552,0.054753129013971114,0.22470285204137724,0.2032151590447185,-0.20300578487782478,-0.03415029254685713,-0.1361437516837773,0.5126401164044888,0.10727375240522918
651,0.08359265059376635,0.33876510586308256,0.02582216832870876,0.10159629500858154,0.02285161943960793,0.007793924365852867,-0.09554214890318367,0.17101591016823178,0.1958943861923911,0.19659120888368425,0.0682533575974299,0.17317355494762385,-0.17423414406398183,-0.17888375096808656,0.14457497153757373,0.16150134876585814,-0.04888249344416614
652,0.011717367533914707,-0.04143608295393437,0.11111471412019423,0.19799789212246702,0.22952809153640188,-0.043896504451198415,0.005804140740080759,0.15562454509034235,0.09398115298271544,0.12409857093066969,0.13484381164054374,0.14901686786802,0.06131121467129291,0.20880832158794416,0.11021351393836613,0.2811349847358627,0.0014623392565319142
653,-0.036381717160680845,0.1918282357010622,0.2566953352236003,0.09440814158715664,0.25877643221949886,0.36206636083348,-0.033337844150699736,0.036318137954573296,0.2968939267958973,0.07580716838731938,0.08567346237233235,0.1659339689806515,0.22725753124748785,-0.033804194159752304,0.17615938980224977,0.03444382036243173,-0.08424507459956743
654,0.010629951960803224,0.2329295694666118,0.43160144306355575,0.23386430015327572,0.022736716960153926,0.20677149441364567,0.05235944102725745,0.015779282541251688,0.07778099345810575,0.14475962330811473,0.1313550547189986,0.07443711931806851,0.2013810585084282,0.16537104813962505,0.16944948516711295,0.024987697732263607,0.04487858645134652
655,0.19603204200615487,0.3004909622472764,0.044637696916542596,0.1491258597087924,0.10443331001532027,-0.012240582376639745,0.13886281909376522,0.0663289995961218,0.2459899734113378,-0.014562473930395762,0.21364801688882992,0.17429534874748348,0.2011047102573123,-0.05911225422027029,0.1470775585761181,0.02369429402154779,0.005683677347195281
656,0.1970317131241627,0.21112320288276687,-0.053256080531068464,-0.41024474767980984,0.2704078672093213,0.267162624321814,0.12187058334242151,0.27546427786962585,0.061031905252357535,0.05848757429557536,-0.07720539751091571,0.010435914587602436,0.4970868953748266,0.0443270845504133,0.2086211161338412,0.3854280947760623,0.3481189339598148
657,0.15218442678035976,0.3924486791878392,0.2295099569039927,0.325236831357615,0.11982048966670107,-0.0519861583077886,0.27183294112990597,-0.11338464126334705,0.22044835283863562,0.18175378128055952,0.21507230996456794,-0.11110494277211024,0.3924486791878392,0.2295099569039927,-0.25196316607160346,-0.05078018175580146,0.2269836513911627
658,0.007282743814128762,0.020612343586763032,-0.016019177985158884,0.02271247292045064,0.29107111576143124,0.1045071141541918,0.12488891724892921,0.20435731266315316,-0.18873985973198337,-0.2630977126021474,0.15538551639601741,0.29502436812259675,-0.07973305727102308,0.19799789212246702,0.22952809153640188,0.011717367533914707,-0.04143608295393437
659,0.36219842017178827,0.20395349412622332,0.39656667760254666,0.3438782254724192,-0.22430789111493196,-0.13216215275703985,0.04131191411989849,0.29312924637770893,0.36431095447616657,0.051655846724557176,0.147015137047838,0.0024338063128608364,0.5425282188367668,0.2102334860700648,-0.023462072827558623,-0.08357893242046706,0.5100102620576359
660,-0.20535274008458249,0.5793427173608218,0.20684927582932539,0.31605517367239877,0.31626446930358326,-0.2688525390751869,-0.23497703259441213,-0.6818950630676603,2.775715655692279,-0.12641861897147907,-0.071568525291851,0.651068744545621,0.17517207832310983,-0.2837244130358797,-0.05933768281964149,-0.0158205855430532,0.10766783526534249
661,0.08595079027684539,0.07711382871774942,0.20992472947069074,0.08617134357782268,0.07831120315928315,-0.036381717160680845,0.1918282357010622,0.2566953352236003,0.09440814158715664,0.25877643221949886,0.36206636083348,0.018964750924899278,0.22176350952506277,0.0976938196030565,-0.1011372261993832,0.23834739187748413,-0.017042485016252194
662,0.08108865698436285,0.1615687764851244,-0.037857040474989806,0.16967044100176074,0.20436905870817954,0.20064497471212211,-0.03419642558318104,0.22503561746781034,0.23051347462592298,-0.2674087357689618,0.05272393126356598,0.22506923505064735,0.10261484021232775,-0.21198150695143764,-0.19771289689077395,0.32661083949314984,0.07839655941719417
663,0.4019389235070164,0.08865320947212052,0.11316297154198258,-0.4410086830701572,0.20521445648280787,0.18187890191990846,-0.018412927239126024,0.08651782774696389,0.27957828264201523,0.07241198467246238,-0.0009804569413706596,0.019828243580542443,0.21838582797646872,-0.026929355196783866,0.08118586580494987,0.0029661854615968316,0.34595842949403505
664,0.6780850513706412,-0.08600545858317245,0.12045898537141242,0.286877200722593,0.06552001088711226,-0.01222018030071071,0.05668940185689197,0.11418232997969897,-0.06287418633695564,0.020789453641837097,0.4234865458933099,-0.1161805714536689,-0.04633283163100682,0.2136761375202918,0.07494596567037431,0.25010784662062324,0.3523436055521462
665,0.11016030936506847,0.2678296268354956,-0.11044697195648515,0.29822181701699224,0.06963025852130174,-0.04415721420156436,-0.08021739414216453,0.21015504769464924,0.16078174031700854,0.18936452476172624,0.09562393978438231,0.14760436881813735,-0.17392707701365767,-0.14536143896619835,0.239470124936455,0.11340700597604,0.1662950431666319
666,-0.05845547641045337,0.3308041747258856,0.164257142074729,0.09676305399739243,0.18006443606999176,0.03226528517847111,-0.44078944845124995,0.3380206448902753,0.12849141162106129,-0.025839607220092212,0.12045898537141242,0.5922410528109764,0.565946646773559,-0.27387320345155214,0.11608570550439605,0.054108945930185164,-0.11411752537832029
667,0.20093656574037363,-0.034300721465717984,0.09335134699302704,0.10120720781703763,0.15852576202856808,-0.1261693407012891,0.05257179403844993,0.24495845199737368,0.11278941491241422,0.3322918405849832,-0.0730539224471404,-0.3276340921767554,-0.560709760652686,0.014662593894547743,1.4080315384750042,-0.3211366212088857,0.7793629412140853
668,-0.054658024990498495,0.5979804251199937,0.2526440820179429,0.030295772611395898,-0.17611053221229445,0.532684865743833,-0.06406742122876595,0.20037398764353218,0.20497716776757982,0.17400369564042703,-0.09436305739060516,0.33469231135482114,0.32166518950735806,-0.2270480455207728,-0.14535264944239704,0.1636217548875396,0.3461298946903398
669,-0.20535274008458249,0.5793427173608218,0.09004305927638333,0.1776169526838241,0.11019210973415139,-0.10629703423484374,-0.4260345743094281,0.5984436178614774,0.18145219611393124,0.23769099596891313,0.43358726407530823,-0.18009620301785492,-0.2833807162011421,-0.49163582428543307,0.021414579109772094,1.2345642521917752,-0.2390661515095062
670,-0.11088653938316373,-0.148064560972247,0.4323114787719322,0.40137010870007506,-0.35215411572254657,0.08641717028161186,-0.05935848768228961,0.33385057687905584,0.3111346555032771,0.03374797111609373,0.10221199436568572,0.11086305524430831,0.5085612625617385,0.2358186269665527,-0.0354215967745066,-0.07093347373910476,0.47495421114848513
671,0.007944420515341881,0.14223356297833722,-0.021651786553036286,0.12079119269608964,0.2824571418874076,0.04509906066466046,0.31997096866254743,0.27166200964144344,0.061634111965513244,0.22032608542910156,0.21689918467645036,-0.19131993763789917,0.25762659116874836,0.064972871506301,0.25375125815818755,0.02226975501848725,0.184785809834214
672,-0.22582008661066053,0.010747444669999833,-0.04684048839730427,0.3445276958741689,0.2670168397207595,0.11999193592579707,0.025195000573940488,0.2525280799707006,0.46609603032039665,0.12547576951623374,-0.014864298582347406,-0.08424507459956743,-0.05323316428520335,0.38394456914269876,0.12494821353405587,0.11626296745509843,0.1967032816729059
673,-0.029680462238063903,0.14956677270984858,0.3599731363146606,0.1693893827989283,0.11021291834797739,-0.01051268262747767,0.35081521654064435,-0.2688525390751869,-0.23497703259441213,-0.6818950630676603,2.775715655692279,-0.12641861897147907,-0.071568525291851,0.651068744545621,0.17517207832310983,-0.2837244130358797,-0.05933768281964149
674,-0.04415721420156436,-0.08021739414216453,0.21015504769464924,0.16078174031700854,0.18936452476172624,0.07237610315499185,-0.44078944845124995,0.3380206448902753,0.12849141162106129,-0.025839607220092212,0.12045898537141242,0.286877200722593,0.06552001088711226,-0.01222018030071071,0.05668940185689197,0.17517207832310983,-0.2837244130358797
675,0.532684865743833,0.11982048966670107,-0.0519861583077886,0.27183294112990597,-0.11338464126334705,0.22044835283863562,0.18175378128055952,0.21507230996456794,-0.11110494277211024,0.3924486791878392,0.2295099569039927,-0.25196316607160346,-0.05078018175580146,0.2269836513911627,0.21109509114465294,-0.25122925263422324,-0.31389127431207686
676,-0.4268141196430951,0.40979557006932316,0.23961717018966824,-0.05766107861356521,0.14954493181396358,0.16384677242970036,0.06412993674654287,-0.07754603495020393,0.19927450157206136,0.22382878195307498,-0.09401895570000028,0.10799564566925353,0.14738116301118354,0.09492199006514247,-0.09869715727879487,0.0835486894223549,0.15840175868133813
677,-0.053256080531068464,-0.11125463183351925,-0.006068095610988907,0.22353226918003677,0.31634318939043543,-0.33021394212040767,0.39595271167737006,0.2477901823414091,0.11239773235496053,0.14034718129468007,0.03401912749794323,0.23244847910803215,-0.3894901647747064,0.5622280081444593,-0.06092265305807112,-0.07420667902913211,-0.14241568356771478
678,-0.37717238805262293,0.2565974639919755,0.1570198042576097,0.15967623071216216,0.18518734134368978,0.03957451191768845,0.1932733614432001,-0.05430886755852945,0.05310248474394906,0.3607471428065565,0.06233658555976345,0.25202439925764925,0.3540554860126552,0.3264491630511701,0.25877643221949886,0.36206636083348,0.018964750924899278
679,0.14954493181396358,0.16384677242970036,0.06412993674654287,-0.07754603495020393,0.19927450157206136,0.22382878195307498,-0.09401895570000028,0.10799564566925353,0.14738116301118354,0.09492199006514247,-0.07348337490622069,0.2136761375202918,0.07494596567037431,0.25010784662062324,0.3523436055521462,0.16449856261676135,-0.06575779966302676
680,0.15852576202856808,-0.1261693407012891,0.05257179403844993,0.24495845199737368,0.1101646675136064,0.24823346342850847,0.42630163816159206,-0.2131146307468916,-0.22820094866907836,-0.4077636285835352,-0.5043122707417214,0.021414579109772094,1.2345642521917752,-0.2390661515095062,0.7216726934662775,0.37887817736150176,-0.4375915754722766
681,0.28875087664909865,0.14815850872667752,0.16282803887473282,0.3842572887052237,-0.00910825187333178,-0.3009925401089623,-0.3557798169054311,-0.32982784200435367,0.6359536634803336,-0.20577899822194573,0.20485280725032834,0.5710140729030543,0.09919251932906349,-0.27453754616669024,-0.07896928497537498,0.03606607937215022,0.11905401693134181
682,0.11021291834797739,-0.01051268262747767,0.44645725699367006,0.34622605703385295,0.023401847563298758,-0.11233793060977981,0.3873237836404128,0.14370153652087095,-0.06519178307126122,0.31264062742987014,-0.10219671826133284,0.20037398764353218,0.20497716776757982,0.17400369564042703,-0.09436305739060516,0.33469231135482114,0.32166518950735806
683,-0.10391341217997091,0.3301924189647566,-0.1306468068111148,0.36493975362810666,0.1618681250337736,0.10981308189934724,0.4255352370150269,0.25980627869946177,0.028878761909011532,0.1512351673111633,0.0687471240577064,0.025303337699693184,0.07991964893101931,0.14910613995433913,0.19164556746646988,-0.1232149241758918,0.2686244753741979
684,-0.4268141196430951,0.40979557006932316,0.23961717018966824,-0.05766107861356521,0.14954493181396358,0.16384677242970036,0.06412993674654287,-0.05006081401652463,-0.17392707701365767,-0.14536143896619835,0.04333727706415184,0.1220174870673977,0.06129942909837034,0.19601231956388124,0.20596975380684593,-0.057684741153323484,0.07384757606653194
685,0.23630351086435855,0.4555579162737879,0.246515426242668,0.01770617465262488,0.15591559768791044,0.06181623550682581,-0.032007325327046816,0.09425897787719907,0.18704035057159146,0.1166120799555511,0.10308527413401705,0.17846779112789968,0.22208583212672164,0.10912076590162222,0.08387223257892588,0.007282743814128762,0.020612343586763032
686,-0.016804451873613534,0.004656571040100282,-0.11958844677906617,0.4510220067914173,0.15244082736729989,0.07288885104996093,0.1748984588804126,0.003142846329034149,-0.40042171646973945,0.30944710287579563,0.17593608521602916,-0.10071744145415372,0.16218366883225244,0.2723849429441483,0.0383714803928995,-0.0341945571464552,0.1063634492370031
687,0.12200883569907046,0.1942458485822597,0.05373657295280298,-0.0481804193300597,0.15012172490551431,0.11914993570351617,-0.013910993924571376,-0.17796770742789422,0.6237727862359442,-0.0034213682837081223,-0.10107599037759238,0.18931492100556252,0.026950214585079065,0.18096547976886537,0.39861970155369486,0.3322918405849832,-0.0730539224471404
688,0.1776169526838241,0.11019210973415139,-0.10629703423484374,0.23032693891866182,0.10261484021232775,-0.21198150695143764,-0.19771289689077395,0.32661083949314984,0.10384331692069787,0.07711382871774942,0.20992472947069074,0.08617134357782268,0.07831120315928315,-0.036381717160680845,0.1918282357010622,0.2566953352236003,0.09440814158715664
689,-0.09977122531837382,0.2566705868769431,-0.0545143766982602,-0.17796770742789422,0.6237727862359442,-0.0034213682837081223,-0.10107599037759238,0.18931492100556252,0.026950214585079065,0.18096547976886537,0.39861970155369486,0.3322918405849832,-0.0730539224471404,-0.3276340921767554,-0.560709760652686,0.014662593894547743,1.4080315384750042
690,0.22798368323536836,0.2092366450547034,-0.09401895570000028,0.10799564566925353,0.14738116301118354,0.09492199006514247,-0.09869715727879487,0.0835486894223549,0.15840175868133813,0.18145219611393124,0.23769099596891313,0.43358726407530823,-0.18009620301785492,-0.2833807162011421,-0.49163582428543307,0.021414579109772094,1.2345642521917752
691,0.10981308189934724,0.4255352370150269,0.1615687764851244,-0.037857040474989806,0.16967044100176074,0.20436905870817954,0.20064497471212211,-0.03419642558318104,0.22503561746781034,0.23051347462592298,-0.2674087357689618,-0.04116129561213387,0.16212723952415709,0.05064041624303702,0.23630351086435855,0.44214755094293107,0.2011047102573123
692,-0.19131993763789917,0.25762659116874836,0.064972871506301,0.25375125815818755,0.02226975501848725,0.184785809834214,0.16588222747740497,0.17018348502593558,0.027595165892406535,0.1692395764517847,-0.016804451873613534,0.004656571040100282,-0.11958844677906617,0.4510220067914173,0.15244082736729989,0.07288885104996093,0.39861970155369486
693,0.14118158550631343,0.064420931619945,0.10410205721447416,0.052111479316268625,0.2025166266354563,0.13030374742807277,0.27603280178207557,0.006508261054583925,0.19637910122862356,0.5323290908947901,0.11239025342580698,0.019519458325689406,-0.024104684871840008,0.41000486829468213,-0.054332979629034356,0.19955843128181666,-0.154784423703279
694,-0.12444320203172575,0.5611453632897837,0.1869335896853636,0.4006017258170882,-0.10347017542090149,-0.08148573527369679,-0.1306468068111148,0.36493975362810666,0.1618681250337736,0.10981308189934724,0.4255352370150269,0.25980627869946177,0.40628763131922097,-0.017093960217367823,0.20446229175264322,0.077208066716257,-0.03473222436348715
695,0.2295099569039927,-0.25196316607160346,-0.07902573694313833,0.14457497153757373,0.16150134876585814,-0.04888249344416614,0.25742689993318923,0.1378193687751203,0.032519541821476844,0.005804140740080759,0.15562454509034235,0.09398115298271544,-0.01760761135922154,0.013769183121238256,0.3351624358998726,-0.14469081953720858,0.08939889071784639
696,0.04509906066466046,0.31997096866254743,0.27166200964144344,0.061634111965513244,0.22032608542910156,0.21689918467645036,-0.19131993763789917,0.25762659116874836,0.064972871506301,0.5367332542087379,0.045998575915262546,0.23218720665753584,0.05513546681446052,0.16570867460275632,0.18981378883331407,0.32679623745854147,0.31626446930358326
697,-0.1286611337248143,0.13799062650487542,-0.09579475570179191,-0.37215607382295773,0.42858710956831947,0.169608015722371,-0.08047575649163148,0.16236333567151778,0.17047529049149088,0.07176664141241576,-0.05498110129799243,0.15183112240756858,0.10787259292306504,0.01840890062904963,-0.0995598219957391,0.4821384641347985,-0.10720510281794955
698,0.023224159920207973,0.3484169306665826,0.38464041570040863,0.08256728264784874,-0.11495180160911317,0.36064203219538704,0.1673903322242667,-0.09284999744819501,0.3101946871467882,-0.16972559312542665,0.3638470451044476,0.20503724985454205,0.1459981126354451,-0.09139857051369302,0.3563536013904831,0.2492544554621723,-0.1378062638889054
699,-0.27941822214122913,0.2686244753741979,0.15454741133606334,0.11838573542352976,-0.038603364347782866,0.3807558613147009,0.17224841861994322,-0.09851033897345973,-0.1994683328230255,0.23980010892210227,0.24982258900136312,-0.11600447725845392,-0.322697042332726,0.03831415728966865,-0.05430886755852945,0.05310248474394906,0.3607471428065565
700,-0.09823658655877998,0.2407284347887408,-0.12405508083124386,0.22599906281655174,0.2296552800988911,0.07187542666856812,0.09364824897947188,0.26063328665288116,0.13490246113837479,-0.20300578487782478,-0.020724496454415733,0.0020805530387531996,0.09813566285711402,-0.09435177912274093,0.22363286922109724,0.2243299273245574,0.09929767896570325
701,-0.04888249344416614,0.25742689993318923,0.1378193687751203,0.032519541821476844,0.005804140740080759,0.15562454509034235,0.09398115298271544,-0.01760761135922154,0.013769183121238256,0.3351624358998726,-0.14469081953720858,0.08939889071784639,0.14222625457533922,0.09454735228493921,0.2455881403904545,0.22417321000734797,0.3377246363120925
702,0.03048863895714203,0.12638483116916358,0.056999667600075014,-0.03415029254685713,-0.1361437516837773,0.5126401164044888,0.10727375240522918,0.14836359842633548,0.14084473078919998,-0.07991486120750843,-0.4268141196430951,0.40979557006932316,0.23961717018966824,-0.05766107861356521,0.14954493181396358,0.16384677242970036,0.06412993674654287
703,0.17018348502593558,0.027595165892406535,0.1692395764517847,-0.016804451873613534,0.004656571040100282,-0.11958844677906617,0.4510220067914173,0.15244082736729989,0.07288885104996093,0.1748984588804126,0.003142846329034149,-0.40042171646973945,0.30944710287579563,0.17593608521602916,-0.10071744145415372,0.16218366883225244,0.2723849429441483
704,0.21015504769464924,-0.13862201971695803,0.6237727862359442,-0.0034213682837081223,-0.10107599037759238,0.18931492100556252,0.46113206869733736,0.5105758017641661,0.10221199436568572,0.11086305524430831,0.5085612625617385,0.2358186269665527,-0.0354215967745066,-0.07093347373910476,0.47495421114848513,-0.06981461482759276,0.2501629573434221
705,0.14901686786802,0.06131121467129291,0.1567121086966752,0.14475962330811473,0.24570448931410976,0.11496552590834287,0.1509781412018274,0.21715120410033667,-0.11088653938316373,-0.3298778796407805,0.19739197841878328,0.2574074511740544,-0.1363443429204539,0.28392816400072096,0.17315845339267563,0.05824213470011352,-0.05307296768324391
706,0.10581675702611819,0.21836952852283753,-0.1975496083240688,0.06599459167266276,0.2140158170798685,0.032016070946640766,-0.2056916248099073,-0.09977122531837382,0.2566705868769431,0.05332100360012209,0.1334798000593729,0.1915060377599846,-0.10391341217997091,0.3301924189647566,-0.1306468068111148,0.36493975362810666,0.1618681250337736
707,0.08641616074491512,-0.030744876890875142,0.03995236746348638,0.27685820958904017,-0.238454914255154,0.1622885154367558,0.3471611542363119,-0.13566882174536724,0.46151196219940505,0.4561894607607333,-0.4307036263075145,0.33404209236252513,-0.017315794149796837,-0.07556915478493191,-0.15398007638351432,0.1511533282653379,0.40902791458143434
708,0.1748984588804126,0.003142846329034149,-0.40042171646973945,0.30944710287579563,0.17593608521602916,-0.10071744145415372,0.16218366883225244,0.2723849429441483,0.0383714803928995,0.06550747571992133,0.15183112240756858,0.10787259292306504,0.01840890062904963,-0.1526316733944589,-0.4820010422294675,0.6345265610190949,0.2433730585524286
709,-0.17974141893035753,-0.045429781649620936,0.1992759304480005,0.07407198980981192,0.17323991061961344,0.13672065948977402,-0.059372907008158365,0.28230669455910706,-0.10897268141169947,0.4019389235070164,0.08865320947212052,0.11316297154198258,0.46291758814384293,0.2387995848553981,0.03761959736561409,0.18756622566533648,-0.0032170019832001968
710,0.08108865698436285,0.1615687764851244,-0.037857040474989806,0.16967044100176074,0.3040763315954788,-0.0022649620560798393,0.00023042973591467987,0.07425954369573716,0.15576100992284223,0.0911876490090115,0.11016030936506847,0.2678296268354956,-0.11044697195648515,0.29822181701699224,0.06963025852130174,-0.04415721420156436,-0.08021739414216453
711,0.12692743882989452,-0.09579475570179191,0.16981845928534323,0.10247846737264223,0.21692267376731647,0.20245462949259468,0.1504854741801716,0.1525483543928927,-0.0041072059571159196,0.045895226796395086,-0.06052322043582949,0.4507323785553294,-0.0691774432698838,0.2709843384910566,-0.11948577717296034,0.22477882403469934,0.15412082330316929
712,0.15967623071216216,0.18518734134368978,0.03957451191768845,0.1932733614432001,-0.05430886755852945,0.05310248474394906,0.3607471428065565,0.06233658555976345,0.25202439925764925,0.3540554860126552,0.054753129013971114,0.22470285204137724,0.2032151590447185,-0.20300578487782478,0.2829097843134919,0.036318137954573296,0.2968939267958973
713,-0.014864298582347406,-0.013165290015288897,0.13490246113837479,-0.10690798536618025,-0.20091983663120586,0.2564809375436427,0.2379115657403104,-0.03126694167154654,-0.2895737635617525,0.11571104830416722,0.19148059584239505,0.10402791108409856,0.23091537737709414,0.06650813331778027,0.0688545810301372,0.06682974592404096,-0.16034808885176957
714,0.22353226918003677,0.4474188716564607,0.051655846724557176,0.147015137047838,0.0024338063128608364,0.5425282188367668,0.2102334860700648,-0.023462072827558623,-0.08357893242046706,0.5100102620576359,0.015971134607805734,0.1876960555470864,0.15591559768791044,0.06181623550682581,-0.032007325327046816,0.09425897787719907,0.18704035057159146
715,-0.18009620301785492,-0.2833807162011421,-0.5735241472283585,0.014662593894547743,1.4080315384750042,-0.3211366212088857,1.0994415746910717,0.3631106194833644,-0.5872769092188762,0.3343738849909891,0.2335672723395901,-0.11006995253884413,-0.15640318226972538,0.5826515229678326,0.15623469052714475,0.17664525013713572,0.18175378128055952
716,0.40902791458143434,0.3099970298175544,0.471489611372563,-0.22685151173680398,-0.03410554351064948,-0.026979094668769906,0.21026955100633232,0.3594575830872452,0.10738292971034552,0.1268252869070336,-0.054658024990498495,0.5979804251199937,0.2526440820179429,0.030295772611395898,0.2196722372706765,0.25980627869946177,0.028878761909011532
717,0.015971134607805734,0.13242407727825622,0.12389941991210354,-0.06701563151637725,0.2211385741886123,0.1901250685257231,0.18141069148365815,-0.01872348367883698,0.1602399761215795,0.18812549775877,-0.18329904817335113,0.03510975496160437,0.24519022089989018,0.04521427973100914,-0.18844126538241282,-0.1530571398391794,0.2893326305696375
718,0.11168107498567888,0.4323114787719322,0.40137010870007506,-0.35215411572254657,0.08641717028161186,-0.05935848768228961,0.33385057687905584,0.3111346555032771,0.03374797111609373,0.10221199436568572,0.11086305524430831,0.5085612625617385,0.2358186269665527,-0.0354215967745066,-0.07093347373910476,0.47495421114848513,-0.06981461482759276
719,-0.25067496534820216,-0.33049876626994434,-0.49479408873313274,1.2506888914384577,0.017257021238034447,0.4970868953748266,0.0443270845504133,0.2086211161338412,0.3854280947760623,0.3481189339598148,-0.046633282251753776,0.28704697470443025,-0.23376505563265904,0.25903415533466395,0.05353362786240616,0.27552939681922384,0.0799497909674738
720,-0.12405508083124386,0.22599906281655174,0.23783767778349438,0.47201011607596016,-0.28281767262770263,-0.0037568732807429827,-0.006068095610988907,0.22353226918003677,0.31634318939043543,0.1452137764050096,0.12625973126116033,0.13604608051457204,-0.4410086830701572,0.20521445648280787,0.18187890191990846,-0.018412927239126024,0.08651782774696389
721,0.27244070008152355,0.11639784455030472,0.24558940996994993,0.2716166448893086,0.23132011143789816,-0.37003291712239705,-0.45930796864318557,0.08435528278984028,0.4794833804839934,-0.09284003963689724,0.26295154864488435,0.5642227911150639,-0.12169415188144998,-0.11306592133363663,0.2017013585807754,-0.18049387029567956,0.05969298311436966
722,-0.05845547641045337,0.3308041747258856,0.164257142074729,0.09676305399739243,0.18412801593131567,0.06937373250251755,0.1938846693083236,-0.020397626293515884,0.056241500047262236,0.31501257601781585,0.03521232712560007,0.31260451285604524,0.31800420099521304,-0.005335817680394406,0.27501372788438055,0.2670397684550231,0.23046833214655307
723,0.049220828979773264,0.2691318726029984,0.10583636003401536,0.0911876490090115,0.11016030936506847,0.2678296268354956,-0.11044697195648515,0.29822181701699224,0.02135461389568065,0.19659120888368425,0.0682533575974299,0.17317355494762385,-0.17423414406398183,-0.17888375096808656,0.14457497153757373,0.16150134876585814,-0.04888249344416614
724,0.4234865458933099,-0.1161805714536689,-0.04633283163100682,0.2136761375202918,0.07494596567037431,0.25010784662062324,0.3523436055521462,0.16449856261676135,-0.06575779966302676,-0.4633805460079044,-0.6296462555508103,2.322443244981363,0.016820628608099946,-0.12210513461064502,0.7425967423056713,0.26569395997574946,-0.48211955771040454
725,-0.0341945571464552,0.1063634492370031,0.1962990495609203,-0.13145164010685437,0.23843065633277077,0.11969849148818573,0.15101489071696825,-0.19871529312115233,0.16387788756728414,0.12461655134544304,0.17041386042389656,0.19932137584811066,0.20037398764353218,0.20497716776757982,0.17400369564042703,-0.09436305739060516,0.33469231135482114
726,0.17850557601239259,0.04049002125523098,-0.0759962967737919,-0.07588574258395304,0.2146160329797934,0.30387177201667565,0.3066306355625916,0.5546419203281793,-0.26978020481639686,-0.09744491478413504,0.029835882608371077,0.23244847910803215,0.3923522683435107,0.06574911402424904,0.11982381637853495,-0.0036322028767203193,0.11019210973415139
727,-0.020397626293515884,0.056241500047262236,0.31501257601781585,0.03521232712560007,0.31260451285604524,0.07778099345810575,0.14475962330811473,0.1313550547189986,0.07443711931806851,0.2013810585084282,0.16537104813962505,0.16944948516711295,0.024987697732263607,0.04487858645134652,0.029272201147996082,0.03195666987309589,-0.04923300073592117
728,0.37562684311726585,0.43329493229864297,-0.3915575391071216,0.1991874509102764,-0.16436390704998038,0.4455944499953284,0.21781015800967046,0.10304113458430038,0.07360110385407279,0.15670911251286973,0.45003162645293465,0.16110004426294264,0.045895226796395086,-0.06052322043582949,0.4507323785553294,-0.0691774432698838,0.2709843384910566
729,0.15967623071216216,0.18518734134368978,0.03957451191768845,0.1932733614432001,-0.05430886755852945,0.05310248474394906,0.3607471428065565,0.06233658555976345,0.25202439925764925,0.3540554860126552,0.054753129013971114,0.22470285204137724,0.2032151590447185,-0.20300578487782478,0.2829097843134919,0.036318137954573296,0.2968939267958973
730,0.22432644828488973,-0.1232149241758918,0.2686244753741979,0.15454741133606334,0.11838573542352976,-0.038603364347782866,0.3807558613147009,0.17224841861994322,0.35838587378146364,0.14910613995433913,0.13870999513948015,0.052111479316268625,0.2025166266354563,0.13030374742807277,0.28667888938837066,-0.06951352474562462,0.16592700289521067
731,0.5984436178614774,0.15948649245452387,-0.038225245979315856,0.12200883569907046,0.01613255303624672,0.06129942909837034,0.19601231956388124,0.20596975380684593,-0.057684741153323484,0.07384757606653194,0.14480516428365917,0.11473011258612666,-0.06087256733651791,0.10219365132836339,0.2904398373272532,-0.191413963210553,0.0962711095927171
732,0.40902791458143434,0.3099970298175544,0.471489611372563,-0.22685151173680398,0.1373716831599403,0.2893326305696375,0.0598365955185277,0.08329014142793219,0.18442346306946247,0.08528067838339004,0.10619021298001333,-0.07427673148701162,0.2817765778115769,0.18876158217694772,0.03774135061221383,0.2811349847358627,0.0014623392565319142
733,0.37621889211516396,0.11473011258612666,-0.06087256733651791,-0.11901603931556916,0.93613725027831,0.36905839115702316,-0.42191937147693376,0.1594097460088622,-0.1079774287487122,0.22342416318361763,0.07008561531728158,-0.12319514448977624,-0.06574295470794776,0.34385555108441634,0.18533780760642687,0.16500535895414353,0.11298577658039052
734,0.03434420395290914,0.08108865698436285,0.1615687764851244,-0.037857040474989806,0.16967044100176074,0.11016030936506847,0.2678296268354956,-0.11044697195648515,0.29822181701699224,0.06963025852130174,-0.04415721420156436,-0.08021739414216453,0.21015504769464924,0.2661600858390384,0.5154484502995313,0.2044492602416065,0.04163234839464616
735,0.3438782254724192,-0.22430789111493196,-0.13216215275703985,0.04131191411989849,0.29312924637770893,0.36431095447616657,0.051655846724557176,0.147015137047838,0.0024338063128608364,0.5425282188367668,0.2102334860700648,-0.023462072827558623,-0.08357893242046706,0.5100102620576359,0.1108516234812836,-0.09284999744819501,0.3101946871467882
736,0.44645725699367006,0.34622605703385295,0.023401847563298758,0.24743238385667185,0.052111479316268625,0.2025166266354563,0.13030374742807277,0.28667888938837066,-0.06951352474562462,0.16592700289521067,-0.07066784706132076,0.11293875088477945,-0.20535274008458249,0.5793427173608218,0.09004305927638333,0.178217860012099,0.24823346342850847
737,-0.31389127431207686,0.39595271167737006,0.2477901823414091,0.11239773235496053,0.14034718129468007,0.012941607266011642,0.04486876508389453,-0.029810975371668404,0.36698137508616957,0.28390600937395283,0.06077700494192656,0.11627774824947158,0.10308527413401705,0.17846779112789968,0.22208583212672164,0.10912076590162222,0.08387223257892588
738,0.2933092651678347,-0.07857167594071549,0.2854839681489928,-0.1286611337248143,0.13799062650487542,0.049220828979773264,0.2691318726029984,0.10583636003401536,0.0911876490090115,0.11016030936506847,0.2678296268354956,0.049471352659253016,0.111002564726116,0.32466681415976595,-0.054898688296048936,0.22432644828488973,-0.1232149241758918
739,0.1622885154367558,0.27244070008152355,0.11639784455030472,-0.06609015426954037,0.020789453641837097,0.37710388887645674,0.286877200722593,0.06552001088711226,-0.01222018030071071,0.05668940185689197,0.20093656574037363,-0.034300721465717984,0.09335134699302704,0.10120720781703763,0.15852576202856808,-0.1261693407012891,0.05257179403844993
740,0.15454741133606334,0.11838573542352976,-0.038603364347782866,0.3807558613147009,0.17224841861994322,-0.09851033897345973,-0.1994683328230255,0.23980010892210227,0.24982258900136312,0.00896313647289011,-0.07093347373910476,0.47495421114848513,-0.06981461482759276,0.2501629573434221,-0.007193016796767877,0.08783646987625998,-0.031076612256601983
741,0.2566953352236003,0.09440814158715664,0.25877643221949886,0.36206636083348,0.018964750924899278,0.22176350952506277,0.0976938196030565,-0.1011372261993832,0.23834739187748413,0.05627475275433264,0.2851260409760982,-0.04093780864936718,0.22340053763778864,0.17654672439733954,0.13598333473215593,0.03048863895714203,0.12638483116916358
742,0.164257142074729,0.09676305399739243,0.18006443606999176,0.03226528517847111,-0.44078944845124995,0.3380206448902753,0.12849141162106129,-0.025839607220092212,0.12045898537141242,0.286877200722593,0.06552001088711226,-0.01222018030071071,0.05668940185689197,0.20093656574037363,-0.034300721465717984,0.09335134699302704,0.10120720781703763
743,-0.0158205855430532,0.10766783526534249,-0.15136662886912727,0.2246100770217558,-0.029810975371668404,0.36698137508616957,0.28390600937395283,0.06077700494192656,-0.03348926380060616,0.3121144711635626,0.49930541624730584,0.09661674508426206,-0.04247753767970497,0.111002564726116,0.32466681415976595,-0.054898688296048936,0.22432644828488973
744,0.03374797111609373,0.10221199436568572,0.11086305524430831,0.5085612625617385,0.2358186269665527,-0.10164084766753897,0.19637910122862356,0.5323290908947901,0.11239025342580698,0.019519458325689406,-0.024104684871840008,0.41000486829468213,-0.054332979629034356,0.19955843128181666,0.08266516452060109,-0.07607939841636727,0.4408191314993718
745,0.18145219611393124,0.23769099596891313,0.43358726407530823,-0.18009620301785492,-0.2833807162011421,-0.49163582428543307,0.021414579109772094,1.2345642521917752,-0.2390661515095062,0.7216726934662775,0.37887817736150176,-0.4375915754722766,0.27405119519007304,0.08641616074491512,-0.030744876890875142,0.03995236746348638,0.27685820958904017
746,0.4019389235070164,0.08865320947212052,0.11316297154198258,0.46291758814384293,0.2387995848553981,0.03761959736561409,0.18756622566533648,-0.0032170019832001968,0.05780403347831227,0.08945759497947195,0.13484381164054374,0.14901686786802,0.06131121467129291,0.20880832158794416,0.11021351393836613,0.2811349847358627,0.0014623392565319142
747,0.4821384641347985,-0.10720510281794955,-0.02327093882632231,0.13330989518342076,0.06458116259471598,0.2819858073684284,0.37945256073396405,0.2729517301749195,-0.12099987263672833,-0.39104435029717977,-0.58788795971382,0.8825455177838787,0.5486551716555055,-0.23240833069389197,0.7000941381334126,0.3710274399415613,-0.46653684425022923
748,0.11905401693134181,-0.17504131225752168,0.5690449243076188,0.21717996938913814,0.3279502886094016,0.09451606649497561,-0.1767098477946617,-0.0013172222166330074,-0.04684048839730427,0.3445276958741689,0.2670168397207595,0.11999193592579707,0.025195000573940488,0.2525280799707006,0.46609603032039665,0.12547576951623374,-0.014864298582347406
749,0.18019128493810643,0.2685197814770018,-0.053115559140665666,-0.37717238805262293,0.2565974639919755,0.1570198042576097,0.15967623071216216,0.18518734134368978,0.03957451191768845,0.1932733614432001,-0.05430886755852945,0.05310248474394906,0.3607471428065565,0.06233658555976345,0.25202439925764925,0.3540554860126552,0.054753129013971114
750,-0.02327093882632231,0.13330989518342076,0.06458116259471598,0.2819858073684284,0.3437202045154012,-0.014864298582347406,0.02672968558008701,0.3808117223227501,-0.09823658655877998,0.2407284347887408,-0.12405508083124386,0.22599906281655174,0.2296552800988911,0.07187542666856812,0.09364824897947188,0.26063328665288116,0.13490246113837479
751,0.38806089204959493,-0.20156309491583888,0.12789596366752015,0.1503937044621789,0.11340700597604,0.1662950431666319,0.31605517367239877,0.31626446930358326,-0.2688525390751869,-0.23497703259441213,-0.6818950630676603,2.775715655692279,-0.12641861897147907,-0.071568525291851,0.7507669421251956,0.3192966724783039,0.3594575830872452
752,0.14815850872667752,0.16282803887473282,0.3842572887052237,-0.00910825187333178,0.059548722519976935,0.0029661854615968316,0.34595842949403505,-0.21248517639154826,0.045107140934606355,0.28875087664909865,0.14815850872667752,0.16282803887473282,0.3842572887052237,-0.00910825187333178,-0.3009925401089623,-0.3557798169054311,-0.17575267886142004
753,0.0799497909674738,0.1273673621854455,0.12302980186260518,0.2983918938792556,-0.12952072144717805,0.22342416318361763,0.07008561531728158,-0.12319514448977624,-0.06574295470794776,-0.008814927156414524,-0.37215607382295773,0.42858710956831947,0.169608015722371,-0.08047575649163148,0.16236333567151778,0.17047529049149088,0.04894778025320304
754,-0.15136662886912727,0.6705020436429513,-0.48211955771040454,0.31856934468977854,-0.1471160322989946,0.13224843227692928,-0.13744108689493145,0.7512025272323432,0.10323363556716901,0.37562684311726585,0.43329493229864297,-0.3915575391071216,0.1991874509102764,-0.16436390704998038,0.4455944499953284,0.21781015800967046,0.10304113458430038
755,0.30944710287579563,0.17593608521602916,-0.10071744145415372,0.16218366883225244,0.2723849429441483,0.09238399186552206,0.24383857054727498,0.12692743882989452,-0.09579475570179191,-0.37215607382295773,0.42858710956831947,0.169608015722371,-0.08047575649163148,0.16236333567151778,0.17047529049149088,0.07176664141241576,-0.05498110129799243
756,-0.20577899822194573,0.20485280725032834,0.5710140729030543,0.09919251932906349,-0.27453754616669024,-0.07896928497537498,0.03606607937215022,0.11905401693134181,-0.17504131225752168,0.6915923642558195,0.16212723952415709,0.10247846737264223,0.21692267376731647,0.19989817570442997,0.4592312571483904,-0.16129594391123622,0.017834905570381757
757,0.03957451191768845,0.1932733614432001,-0.05430886755852945,0.05310248474394906,0.3607471428065565,0.3591014495914853,0.1906227232740485,-0.06664940695669395,0.2587212667043487,-0.14639799594510308,0.3286452837434767,0.21153885924695115,0.1163015082677053,0.2711102881971592,-0.154784423703279,0.3022190377547206,0.1947513444538738
758,0.0799497909674738,0.1273673621854455,0.12302980186260518,0.2983918938792556,-0.12952072144717805,0.22342416318361763,0.07008561531728158,-0.12319514448977624,-0.06574295470794776,0.34385555108441634,0.18533780760642687,0.16500535895414353,0.11298577658039052,0.1593491945626654,-0.2832162412671828,0.0020805530387531996,0.09813566285711402
759,0.11596495767376316,0.4085647732251212,0.34342646217838496,-0.01628559255808749,0.22344916562290068,0.05114603588562891,-0.2270480455207728,-0.14535264944239704,0.1636217548875396,0.3461298946903398,-0.2333565673052771,-0.30008190849311206,0.3332262163068803,0.15339784011706106,0.17350277886178694,0.14443373400405532,0.06937373250251755
760,-0.4307036263075145,0.33404209236252513,-0.017315794149796837,-0.07556915478493191,-0.15398007638351432,0.1511533282653379,0.40902791458143434,0.5031139857715359,0.15101489071696825,-0.19871529312115233,0.16387788756728414,0.12461655134544304,0.22581573228800444,0.2729517301749195,-0.12099987263672833,-0.39104435029717977,-0.58788795971382
761,-0.0022649620560798393,0.00023042973591467987,0.07425954369573716,0.1967581543584978,0.11716303057832608,0.12569717207255016,0.08359265059376635,0.33876510586308256,0.02582216832870876,0.10159629500858154,0.02285161943960793,0.007793924365852867,-0.09554214890318367,0.17101591016823178,0.1958943861923911,-0.018903134382409915,-0.05323316428520335
762,0.4507323785553294,-0.0691774432698838,0.2709843384910566,-0.11948577717296034,0.22477882403469934,0.15412082330316929,0.1598372675145959,0.0706787807519289,0.10415277268582958,0.2735431170666892,0.06625407688356992,-0.34376971549729113,0.31053865854267393,0.23395754267823185,-0.08417891571780703,-0.19567178073345584,0.048418260223786674
763,0.0443270845504133,0.2086211161338412,0.3854280947760623,0.3481189339598148,-0.046633282251753776,0.28704697470443025,-0.23376505563265904,0.25903415533466395,0.05353362786240616,0.27552939681922384,0.0799497909674738,0.1273673621854455,0.12302980186260518,0.2983918938792556,-0.12952072144717805,0.22342416318361763,0.07008561531728158
764,0.005169852410660244,-0.04538704312831413,-0.09714475970879345,0.024406105133026493,0.355073964073535,0.3305091004000071,0.5569329242264648,-0.246023278873846,-0.02073871481096764,-0.029680462238063903,0.14956677270984858,0.3599731363146606,0.1693893827989283,0.11021291834797739,-0.0023624303269277583,0.16255838488327867,-0.18873985973198337
765,0.11608570550439605,0.054108945930185164,-0.11411752537832029,-0.07300140090705133,0.015029837611797933,0.2726532440201684,-0.071568525291851,0.651068744545621,0.17517207832310983,-0.3623511490976599,-0.1471160322989946,0.13224843227692928,-0.06163362895795429,0.32661083949314984,-0.23621824987009474,-0.09744491478413504,0.029835882608371077
766,0.064972871506301,0.25375125815818755,0.02226975501848725,0.184785809834214,0.16588222747740497,0.17018348502593558,0.027595165892406535,0.1692395764517847,-0.016804451873613534,0.004656571040100282,-0.11958844677906617,0.4510220067914173,0.15244082736729989,0.07288885104996093,0.1748984588804126,0.003142846329034149,-0.40042171646973945
767,0.6237727862359442,-0.0034213682837081223,-0.10107599037759238,0.18931492100556252,0.026950214585079065,0.18096547976886537,0.39861970155369486,0.3322918405849832,-0.0730539224471404,-0.3276340921767554,-0.560709760652686,0.014662593894547743,1.4080315384750042,-0.3211366212088857,1.0994415746910717,0.37038704666885913,0.23324952696800372
768,-0.2895737635617525,0.11571104830416722,0.19148059584239505,0.10402791108409856,0.2091602970822667,0.08617134357782268,0.07831120315928315,-0.036381717160680845,0.1918282357010622,0.2566953352236003,0.09440814158715664,0.25877643221949886,0.36206636083348,0.018964750924899278,0.2396349458168483,0.18981378883331407,0.16929565744747385
769,-0.053256080531068464,-0.41024474767980984,0.2704078672093213,0.267162624321814,0.12187058334242151,0.27546427786962585,0.061031905252357535,0.05848757429557536,-0.07720539751091571,0.19895527152655001,0.07407198980981192,0.17323991061961344,0.13672065948977402,-0.059372907008158365,0.28230669455910706,-0.10897268141169947,0.32276458168490946
770,-0.04177403759466122,-0.30418711666720355,0.3528982149432685,0.205696934332813,-0.06894471559741094,-0.21754472327174948,0.11712542482710067,0.045107140934606355,0.28875087664909865,0.14815850872667752,0.16282803887473282,0.3842572887052237,-0.00910825187333178,-0.3009925401089623,-0.3557798169054311,-0.17575267886142004,0.576090306976329
771,0.5793427173608218,0.09004305927638333,0.1776169526838241,0.11019210973415139,-0.10629703423484374,-0.4260345743094281,0.5984436178614774,0.15948649245452387,-0.038225245979315856,0.12200883569907046,0.1942458485822597,0.06798048891760666,0.2243299273245574,0.09929767896570325,0.2502904651940263,0.11340700597604,0.1662950431666319
772,0.022736716960153926,-0.13346078379084436,0.3807558613147009,0.17224841861994322,-0.09851033897345973,-0.1994683328230255,0.23980010892210227,0.24982258900136312,0.22342416318361763,0.07008561531728158,-0.12319514448977624,-0.06574295470794776,0.34385555108441634,0.18533780760642687,0.16500535895414353,0.11298577658039052,0.1593491945626654
773,0.04163234839464616,-0.09945040258569912,0.46110913685599997,0.03434420395290914,0.08108865698436285,0.1615687764851244,-0.037857040474989806,0.16967044100176074,0.20436905870817954,0.20064497471212211,-0.03419642558318104,0.22503561746781034,0.23051347462592298,-0.2674087357689618,-0.18780810990367552,0.12789596366752015,0.1503937044621789
774,0.2806902514017833,0.05848757429557536,-0.07720539751091571,0.010435914587602436,0.40464776584275775,-0.13744108689493145,0.7512025272323432,0.07380286909185475,0.23769099596891313,0.43358726407530823,-0.18009620301785492,-0.2833807162011421,-0.49163582428543307,0.021414579109772094,1.2345642521917752,-0.2390661515095062,0.7216726934662775
775,0.03444382036243173,-0.08424507459956743,-0.05323316428520335,0.38394456914269876,0.17950338113938263,-0.23944941888619578,-0.31389127431207686,0.39595271167737006,0.2477901823414091,0.11239773235496053,0.14034718129468007,0.07531665293909175,0.14223356297833722,-0.021651786553036286,0.12079119269608964,0.24348565421913473,0.286877200722593
776,0.1659339689806515,0.22725753124748785,0.13362033724066227,0.22725753124748785,-0.033804194159752304,0.17615938980224977,0.03444382036243173,-0.08424507459956743,-0.05323316428520335,0.38394456914269876,0.12494821353405587,0.11626296745509843,0.1967032816729059,-0.00142699171585483,0.23843065633277077,0.11969849148818573,0.15101489071696825
777,0.1967581543584978,0.11716303057832608,0.12569717207255016,0.08359265059376635,0.33876510586308256,0.02582216832870876,0.10159629500858154,0.02285161943960793,0.007793924365852867,-0.09554214890318367,0.17101591016823178,0.1958943861923911,0.19659120888368425,0.0682533575974299,0.095687245675357,-0.10502185721591453,0.16212723952415709
778,-0.06052322043582949,0.19592342369930613,0.16570867460275632,0.18981378883331407,0.30077421380726294,-0.01872348367883698,0.1602399761215795,0.18812549775877,-0.18329904817335113,0.03510975496160437,0.24519022089989018,0.04521427973100914,-0.13279636739242107,0.09999394778949644,0.22146573820555276,0.07314429710685592,-0.09509654144113656
779,-0.17423414406398183,-0.17888375096808656,0.14457497153757373,0.16150134876585814,0.12327049043142489,0.28119594337997955,0.34265949762257436,0.13604560052272469,-0.018288587728737135,0.021704303877180964,-0.05845547641045337,0.3308041747258856,0.164257142074729,0.09676305399739243,0.1445090439030637,-0.2919755150128051,0.25194362687045424
780,0.16387788756728414,0.12461655134544304,0.17041386042389656,0.2758894441198532,0.38565678848867624,-0.2093333395469959,-0.3086869045626521,-0.45859624206429583,0.01881267170159937,0.9213821360251874,-0.015658216600592058,0.46151196219940505,0.4561894607607333,-0.4307036263075145,0.33404209236252513,-0.017315794149796837,-0.07556915478493191
781,0.2854839681489928,-0.1286611337248143,0.13799062650487542,0.049220828979773264,0.2691318726029984,0.10583636003401536,0.0911876490090115,0.11016030936506847,0.2678296268354956,-0.11044697195648515,0.29822181701699224,0.06963025852130174,-0.04415721420156436,-0.08021739414216453,0.21015504769464924,0.16078174031700854,0.18936452476172624
782,0.1278373443948156,-0.08747270326604926,-0.4820010422294675,0.6345265610190949,0.2433730585524286,-0.04712027514696706,0.09999394778949644,0.22146573820555276,0.07314429710685592,-0.1271890839969909,0.22798368323536836,0.14083053914836333,-0.02431958698577717,-0.014774917010754571,0.30790953094728557,0.026633443720634878,-0.10502185721591453
783,0.16929565744747385,0.016130026589419835,0.13604560052272469,-0.018288587728737135,0.021704303877180964,-0.05845547641045337,0.3308041747258856,0.164257142074729,0.09676305399739243,0.18006443606999176,0.03226528517847111,-0.44078944845124995,0.3380206448902753,0.12849141162106129,-0.025839607220092212,0.31202842120420554,0.29107111576143124
784,0.40902791458143434,0.3099970298175544,0.471489611372563,-0.22685151173680398,-0.03410554351064948,-0.026979094668769906,0.21026955100633232,0.3594575830872452,0.10738292971034552,0.1268252869070336,-0.054658024990498495,0.5979804251199937,0.2526440820179429,0.030295772611395898,-0.17611053221229445,0.532684865743833,0.11982048966670107
785,-0.4268141196430951,0.48271484148601623,0.15562454509034235,0.09398115298271544,-0.01760761135922154,0.013769183121238256,0.3351624358998726,-0.14469081953720858,0.08939889071784639,0.14222625457533922,0.09454735228493921,0.2455881403904545,0.22417321000734797,0.3377246363120925,-0.25067496534820216,-0.33049876626994434,-0.5251374925674707
786,0.001220357624790931,-0.07007502669067454,0.4895214773529827,0.0637917868463912,0.21208714275880025,0.4495007379400005,0.2933092651678347,-0.07857167594071549,0.2854839681489928,-0.1286611337248143,0.13799062650487542,0.049220828979773264,0.2691318726029984,0.10583636003401536,0.0911876490090115,0.11016030936506847,0.2678296268354956
787,-0.025516086913291845,0.38806089204959493,-0.20156309491583888,0.12789596366752015,0.1503937044621789,0.11340700597604,0.23621395648245488,0.5085612625617385,0.2358186269665527,-0.0354215967745066,-0.07093347373910476,0.47495421114848513,-0.06981461482759276,0.2501629573434221,-0.007193016796767877,0.08783646987625998,0.17136904462667607
788,0.04486876508389453,-0.029810975371668404,0.36698137508616957,0.28390600937395283,0.06077700494192656,-0.03348926380060616,0.3121144711635626,0.49930541624730584,0.09661674508426206,-0.04247753767970497,0.111002564726116,0.32466681415976595,-0.054898688296048936,0.22432644828488973,-0.1232149241758918,0.04041652106444924,0.3377246363120925
789,0.2829097843134919,0.036318137954573296,0.2968939267958973,0.07580716838731938,0.08567346237233235,0.1659339689806515,0.22725753124748785,-0.033804194159752304,0.17615938980224977,0.03444382036243173,-0.08424507459956743,-0.05323316428520335,0.38394456914269876,0.12494821353405587,0.11626296745509843,0.1967032816729059,0.13604608051457204
790,0.06650813331778027,0.0688545810301372,0.06682974592404096,-0.16034808885176957,0.582480184304969,-0.026167537045574178,0.3188360004878918,0.3648744076231162,0.34342646217838496,-0.01628559255808749,0.22344916562290068,-0.0022649620560798393,0.00023042973591467987,0.30535219901710936,-0.033804194159752304,0.17615938980224977,0.03444382036243173
791,0.18812549775877,-0.18329904817335113,0.03510975496160437,0.24519022089989018,0.04521427973100914,-0.18844126538241282,-0.1530571398391794,0.2893326305696375,0.0598365955185277,0.08329014142793219,0.18442346306946247,0.08528067838339004,0.10619021298001333,-0.07427673148701162,0.2817765778115769,0.18876158217694772,0.12025697212036957
792,0.23218720665753584,0.155666481872407,0.17136904462667607,0.1900673974285291,0.14118158550631343,0.064420931619945,0.17813747119959616,0.11153480932866984,-0.2919755150128051,0.25194362687045424,0.18447934488472806,-0.03735439473461763,-0.17974141893035753,-0.045429781649620936,0.1992759304480005,0.07407198980981192,0.17323991061961344
793,0.024987697732263607,0.04487858645134652,0.029272201147996082,0.03195666987309589,-0.04923300073592117,0.28884407459477013,0.11496552590834287,0.1509781412018274,0.21715120410033667,-0.11088653938316373,-0.1434573853795889,-0.19613801256314614,0.12789596366752015,-0.026361010870380057,0.15538551639601741,0.29502436812259675,-0.11734027433917003
794,-0.07007502669067454,0.4895214773529827,0.0637917868463912,0.21208714275880025,0.4495007379400005,-0.2579851559869849,-0.3086869045626521,-0.45859624206429583,0.01881267170159937,0.9213821360251874,-0.015658216600592058,0.46151196219940505,0.4561894607607333,-0.4307036263075145,0.33404209236252513,-0.017315794149796837,-0.07556915478493191
795,0.24558940996994993,0.2716166448893086,0.23132011143789816,-0.37003291712239705,-0.45930796864318557,0.08435528278984028,0.4794833804839934,-0.09284003963689724,0.26295154864488435,0.47063600111747983,-0.038225245979315856,0.12200883569907046,0.1942458485822597,0.05373657295280298,-0.0481804193300597,0.15012172490551431,0.11914993570351617
796,0.16500535895414353,0.11298577658039052,0.1593491945626654,-0.2832162412671828,0.0020805530387531996,0.09813566285711402,-0.09435177912274093,0.22363286922109724,0.2243299273245574,0.09929767896570325,-0.05055300144419804,0.11493399400923741,0.16239511410747612,0.15562454509034235,0.09398115298271544,-0.01760761135922154,0.013769183121238256
797,0.04131191411989849,0.29312924637770893,-0.016236492876821693,0.5979804251199937,0.2526440820179429,0.030295772611395898,-0.17611053221229445,0.532684865743833,0.11982048966670107,-0.0519861583077886,0.27183294112990597,-0.11338464126334705,0.22044835283863562,0.18175378128055952,0.21507230996456794,-0.11110494277211024,0.3924486791878392
798,0.3461298946903398,-0.2333565673052771,-0.30008190849311206,0.3332262163068803,0.15339784011706106,0.17350277886178694,0.14443373400405532,0.06937373250251755,0.1938846693083236,-0.020397626293515884,0.056241500047262236,0.31501257601781585,0.03521232712560007,0.31260451285604524,0.31800420099521304,-0.005335817680394406,0.6089162082635614
799,0.08651782774696389,0.27957828264201523,0.07241198467246238,-0.0009804569413706596,0.019828243580542443,0.21838582797646872,-0.026929355196783866,0.08118586580494987,0.0029661854615968316,0.34595842949403505,0.1093603113504988,0.29244900495504983,0.07156915212888351,0.03981403283697342,0.001220357624790931,-0.07007502669067454,0.4895214773529827
800,0.39656667760254666,0.09727466650972547,-0.037857040474989806,0.16967044100176074,0.20436905870817954,0.20064497471212211,-0.03419642558318104,0.22503561746781034,0.23051347462592298,-0.2674087357689618,0.05272393126356598,0.22506923505064735,0.10261484021232775,-0.21198150695143764,-0.19771289689077395,0.32661083949314984,0.10384331692069787
801,0.04333727706415184,0.1220174870673977,0.06129942909837034,0.19601231956388124,0.20596975380684593,-0.057684741153323484,0.07384757606653194,0.14480516428365917,0.11473011258612666,0.18808310930485855,-0.4375915754722766,0.17850557601239259,0.04049002125523098,-0.0759962967737919,-0.07588574258395304,-0.04103852475126933,0.1992759304480005
802,0.06181623550682581,-0.11286833929063517,0.17654672439733954,0.13598333473215593,0.03048863895714203,0.12638483116916358,0.056999667600075014,-0.03415029254685713,-0.1361437516837773,0.5126401164044888,0.10727375240522918,0.21586011215151696,0.29107111576143124,0.1045071141541918,0.12488891724892921,0.20435731266315316,-0.18873985973198337
803,0.07176664141241576,-0.05498110129799243,0.15183112240756858,0.2956866927212986,0.18187890191990846,-0.018412927239126024,0.08651782774696389,0.27957828264201523,0.07241198467246238,-0.0009804569413706596,-0.11775984686778547,-0.3323103623367577,-0.21119585311806702,0.6359536634803336,-0.20577899822194573,0.20485280725032834,0.5710140729030543
804,0.2686244753741979,0.15454741133606334,0.11838573542352976,-0.038603364347782866,0.3807558613147009,0.17224841861994322,-0.09851033897345973,-0.1994683328230255,0.23980010892210227,0.24982258900136312,-0.11600447725845392,-0.07966616147614808,0.36493975362810666,0.1618681250337736,0.10981308189934724,0.4255352370150269,0.25980627869946177
805,-0.054658024990498495,0.5979804251199937,-0.004847390266739315,0.3101946871467882,-0.16972559312542665,0.3638470451044476,0.20503724985454205,0.1459981126354451,-0.09139857051369302,0.3563536013904831,0.2492544554621723,-0.1378062638889054,-0.2005062652564799,0.18019128493810643,0.2685197814770018,-0.053115559140665666,-0.37717238805262293
806,-0.1361437516837773,0.5126401164044888,0.10727375240522918,0.19040810397555563,0.2451578621634348,0.2295099569039927,-0.25196316607160346,-0.05078018175580146,0.2269836513911627,0.21109509114465294,-0.07690301219527314,0.1970317131241627,0.21112320288276687,-0.053256080531068464,-0.41024474767980984,0.2704078672093213,0.267162624321814
807,0.35905073798042664,0.2503177717232147,0.1920978139922073,0.025195000573940488,0.2525280799707006,0.46609603032039665,0.12547576951623374,-0.014864298582347406,0.02672968558008701,0.3808117223227501,-0.09823658655877998,0.24081974333325362,0.17429534874748348,0.2011047102573123,-0.05911225422027029,0.1470775585761181,0.02369429402154779
808,-0.12792652650528574,-0.08424507459956743,-0.05323316428520335,0.38394456914269876,0.12494821353405587,0.11626296745509843,0.1967032816729059,0.13604608051457204,-0.06765394359659074,-0.09435177912274093,0.22363286922109724,0.2243299273245574,-0.18873985973198337,-0.2630977126021474,0.15538551639601741,0.29502436812259675,-0.40042171646973945
809,0.3445276958741689,0.2670168397207595,0.11999193592579707,0.025195000573940488,0.2525280799707006,0.46609603032039665,0.12547576951623374,-0.014864298582347406,0.02672968558008701,0.3808117223227501,-0.09823658655877998,0.2407284347887408,-0.12405508083124386,0.22599906281655174,0.2296552800988911,0.07187542666856812,0.16078174031700854
810,0.3461298946903398,-0.2333565673052771,-0.30008190849311206,0.3332262163068803,0.15339784011706106,0.17350277886178694,0.14443373400405532,0.06937373250251755,0.1938846693083236,-0.020397626293515884,0.056241500047262236,0.31501257601781585,-0.2704386270326885,-0.03410554351064948,-0.026979094668769906,0.21026955100633232,0.3594575830872452
811,0.05627475275433264,0.2851260409760982,-0.04093780864936718,0.22340053763778864,0.17654672439733954,0.13598333473215593,0.03048863895714203,0.12638483116916358,0.056999667600075014,-0.03415029254685713,-0.1361437516837773,0.5126401164044888,0.0741770424713964,-0.05911225422027029,0.1470775585761181,0.02369429402154779,0.005683677347195281
812,-0.4410086830701572,0.20521445648280787,0.18187890191990846,-0.018412927239126024,0.08651782774696389,0.13448936366144015,0.11626296745509843,0.1967032816729059,0.13604608051457204,-0.4410086830701572,0.20521445648280787,0.18187890191990846,-0.018412927239126024,0.08651782774696389,0.27539737226988037,0.15821251111086007,0.21109509114465294
813,0.13451072506577624,-0.15136662886912727,0.732439073067299,0.16811112115875754,0.3065383859292377,0.3339580943966088,-0.3258809547938212,0.13330811200126508,-0.16700246707206481,0.42678125555741603,0.5085612625617385,0.2358186269665527,-0.0354215967745066,-0.07093347373910476,0.47495421114848513,-0.06981461482759276,0.2501629573434221
814,0.27546427786962585,0.061031905252357535,0.05848757429557536,-0.07720539751091571,0.010435914587602436,0.4970868953748266,0.0443270845504133,0.2086211161338412,0.3854280947760623,0.3481189339598148,0.14743130737128063,0.07778099345810575,0.14475962330811473,0.1313550547189986,0.07443711931806851,0.2013810585084282,0.16537104813962505
815,0.2685197814770018,-0.053115559140665666,-0.37717238805262293,0.2565974639919755,0.2609288922076278,0.07531665293909175,0.14223356297833722,-0.021651786553036286,0.12079119269608964,0.2824571418874076,0.04509906066466046,0.31997096866254743,0.27166200964144344,0.061634111965513244,0.22032608542910156,0.21689918467645036,-0.19131993763789917
816,0.12488891724892921,0.3066508402305604,0.164257142074729,0.09676305399739243,0.2502099946282203,0.02285161943960793,0.007793924365852867,-0.09554214890318367,0.17101591016823178,0.1958943861923911,0.19659120888368425,0.0682533575974299,0.17317355494762385,-0.17423414406398183,-0.17888375096808656,0.14457497153757373,0.16150134876585814
817,-0.20300578487782478,0.2829097843134919,0.036318137954573296,0.2968939267958973,-0.1047373121151815,0.21015504769464924,0.16078174031700854,0.18936452476172624,0.09562393978438231,0.14760436881813735,-0.17392707701365767,-0.14536143896619835,0.04333727706415184,0.1220174870673977,0.06129942909837034,0.19601231956388124,0.20596975380684593
818,0.24747498490240735,0.1906227232740485,-0.06664940695669395,0.2587212667043487,-0.14639799594510308,0.3286452837434767,0.21153885924695115,0.1163015082677053,-0.07607939841636727,0.4408191314993718,0.1944108882314549,-0.17628742224102106,-0.13205735314625608,0.1970317131241627,0.21112320288276687,-0.053256080531068464,-0.41024474767980984
819,0.11000837810446776,-0.13145164010685437,0.23843065633277077,0.11969849148818573,0.15637666597516328,0.0835486894223549,0.15840175868133813,0.18145219611393124,0.23769099596891313,0.13668030977245832,0.054753129013971114,0.22470285204137724,0.2032151590447185,-0.20300578487782478,0.2587899656345559,0.11838573542352976,-0.038603364347782866
820,0.08359265059376635,-0.0363537858034549,0.22342416318361763,0.07008561531728158,-0.12319514448977624,-0.11287145545903088,0.5126401164044888,0.10727375240522918,0.14836359842633548,0.14084473078919998,-0.07991486120750843,-0.4268141196430951,0.40979557006932316,0.23961717018966824,-0.05766107861356521,0.14954493181396358,0.16384677242970036
821,0.028878761909011532,0.1512351673111633,0.0687471240577064,0.025303337699693184,0.07991964893101931,0.14910613995433913,0.2270483370135963,0.044637696916542596,0.1491258597087924,0.13923581449377093,0.25877643221949886,0.36206636083348,0.018964750924899278,0.22176350952506277,0.0976938196030565,-0.1011372261993832,0.23834739187748413
822,0.08266597171170713,0.06552001088711226,-0.01222018030071071,0.05668940185689197,0.20093656574037363,-0.034300721465717984,0.09335134699302704,0.10120720781703763,0.15852576202856808,-0.1261693407012891,0.16706274469634502,0.11639784455030472,0.24558940996994993,0.2716166448893086,0.20985173324870482,0.3286452837434767,0.21153885924695115
823,0.007282743814128762,0.020612343586763032,-0.016019177985158884,0.02271247292045064,0.29107111576143124,0.1045071141541918,0.12488891724892921,0.20435731266315316,-0.18873985973198337,-0.2630977126021474,0.15538551639601741,0.29502436812259675,-0.07973305727102308,0.19799789212246702,0.22952809153640188,0.011717367533914707,-0.04143608295393437
824,0.0688545810301372,0.06682974592404096,0.049008706206688554,-0.16436390704998038,0.4455944499953284,0.21781015800967046,0.10304113458430038,0.07360110385407279,0.15670911251286973,0.45003162645293465,0.16110004426294264,0.045895226796395086,-0.06052322043582949,0.4507323785553294,-0.0691774432698838,0.2709843384910566,-0.11948577717296034
825,-0.3915575391071216,0.1991874509102764,-0.16436390704998038,0.4455944499953284,0.21781015800967046,0.10304113458430038,0.07360110385407279,0.15670911251286973,0.45003162645293465,0.16110004426294264,0.17294980029700863,0.07288885104996093,0.1748984588804126,0.003142846329034149,-0.40042171646973945,0.30944710287579563,0.17593608521602916
826,0.21112320288276687,-0.053256080531068464,-0.41024474767980984,0.2704078672093213,0.267162624321814,0.12187058334242151,0.27546427786962585,0.061031905252357535,0.05848757429557536,-0.07720539751091571,0.010435914587602436,0.4970868953748266,0.0443270845504133,0.2086211161338412,0.33024174494588493,-0.09945040258569912,0.46110913685599997
827,0.17846779112789968,0.22208583212672164,0.09451606649497561,-0.1767098477946617,0.04486876508389453,-0.029810975371668404,0.36698137508616957,0.013927518482497792,0.03510975496160437,0.24519022089989018,0.04521427973100914,-0.18844126538241282,-0.1530571398391794,0.2893326305696375,0.0598365955185277,0.08329014142793219,0.18442346306946247
828,-0.58788795971382,0.8825455177838787,0.5486551716555055,-0.23240833069389197,0.7000941381334126,0.3710274399415613,-0.46653684425022923,0.1554728609437766,0.6393656002282471,0.003986715639722211,-0.10353847396758291,-0.08273860521489726,0.36219842017178827,0.20395349412622332,0.39656667760254666,0.3438782254724192,-0.22430789111493196
829,0.07156915212888351,0.03981403283697342,0.001220357624790931,-0.07007502669067454,0.4895214773529827,0.0637917868463912,0.21208714275880025,0.4495007379400005,0.2933092651678347,-0.07857167594071549,0.17738682994962646,0.1509781412018274,0.21715120410033667,-0.11088653938316373,-0.3298778796407805,0.19739197841878328,0.2574074511740544
830,-0.09435177912274093,0.22363286922109724,0.2243299273245574,0.09929767896570325,-0.05055300144419804,0.11493399400923741,0.16398023443426096,0.08641616074491512,-0.030744876890875142,0.03995236746348638,0.3638194599396228,0.09562393978438231,0.14760436881813735,-0.17392707701365767,-0.14536143896619835,0.04333727706415184,0.1220174870673977
831,-0.08273860521489726,0.36219842017178827,0.20395349412622332,0.39656667760254666,0.3438782254724192,-0.22430789111493196,-0.13216215275703985,0.04131191411989849,0.29312924637770893,0.36431095447616657,0.051655846724557176,0.147015137047838,0.0024338063128608364,0.5425282188367668,0.2102334860700648,-0.023462072827558623,-0.08357893242046706
832,-0.10071744145415372,0.16218366883225244,0.2723849429441483,0.0383714803928995,-0.0341945571464552,0.1063634492370031,0.1962990495609203,-0.13145164010685437,0.23843065633277077,0.11969849148818573,0.15101489071696825,-0.19871529312115233,0.16387788756728414,0.12461655134544304,0.17041386042389656,0.2758894441198532,0.38565678848867624
833,0.17350277886178694,0.14443373400405532,0.06937373250251755,0.1938846693083236,-0.020397626293515884,0.056241500047262236,0.31501257601781585,0.03521232712560007,0.31260451285604524,0.31800420099521304,-0.005335817680394406,0.27501372788438055,0.20689829639105578,-0.18868606439129984,0.1938649078891614,0.11596495767376316,0.23218720665753584
834,0.09335134699302704,0.10120720781703763,0.06819274936818978,-0.05078018175580146,0.2269836513911627,0.21109509114465294,-0.35878977482002106,0.30944710287579563,0.17593608521602916,-0.10071744145415372,0.16218366883225244,0.2723849429441483,0.0383714803928995,-0.0341945571464552,0.1063634492370031,0.1962990495609203,-0.13145164010685437
835,-0.017298731068627646,0.18019128493810643,0.2685197814770018,-0.053115559140665666,-0.37717238805262293,0.2565974639919755,0.1570198042576097,0.15967623071216216,0.18518734134368978,0.03957451191768845,0.1932733614432001,-0.05430886755852945,0.05310248474394906,0.3607471428065565,0.06233658555976345,0.25202439925764925,0.3540554860126552
836,0.03510975496160437,0.24519022089989018,0.04521427973100914,-0.18844126538241282,-0.1530571398391794,0.2374741415742272,0.030962513281617553,0.2136761375202918,0.07494596567037431,0.25010784662062324,0.3523436055521462,0.16449856261676135,-0.06575779966302676,-0.4633805460079044,-0.6296462555508103,2.322443244981363,0.016820628608099946
837,0.10901691378591169,-0.06287418633695564,0.020789453641837097,0.4234865458933099,-0.1161805714536689,-0.04633283163100682,0.2136761375202918,0.10521578425735686,-0.01222018030071071,0.05668940185689197,0.20093656574037363,-0.034300721465717984,0.09335134699302704,0.10120720781703763,0.3418486415552765,0.5085612625617385,0.2358186269665527
838,0.29502436812259675,-0.07973305727102308,0.19799789212246702,0.22952809153640188,0.011717367533914707,-0.04143608295393437,0.18036848701180638,0.08872221642612875,0.008975541836774844,-0.025516086913291845,0.38806089204959493,-0.20156309491583888,0.12789596366752015,0.1503937044621789,0.11340700597604,0.1662950431666319,0.31605517367239877
839,0.13933336611690395,0.0663289995961218,0.2459899734113378,-0.014562473930395762,0.21364801688882992,0.17429534874748348,0.2011047102573123,-0.05911225422027029,0.2489669030591257,-0.23376505563265904,0.3526985501443365,0.23395754267823185,-0.08417891571780703,-0.19567178073345584,0.048418260223786674,0.12787983090555988,0.09892670391507088
840,0.03510975496160437,0.24519022089989018,0.04521427973100914,-0.18844126538241282,-0.3439481171945985,0.010747444669999833,-0.04684048839730427,0.3445276958741689,0.2670168397207595,0.11999193592579707,0.4222020521632184,0.13607126767627759,-0.0341945571464552,0.1063634492370031,0.1962990495609203,-0.13145164010685437,0.23843065633277077
841,0.12461655134544304,0.17041386042389656,0.2758894441198532,0.38565678848867624,-0.2093333395469959,-0.3086869045626521,-0.45859624206429583,0.01881267170159937,0.9213821360251874,-0.015658216600592058,0.46151196219940505,0.4561894607607333,-0.4307036263075145,0.33404209236252513,-0.017315794149796837,-0.07556915478493191,-0.15398007638351432
842,0.7425967423056713,0.26569395997574946,-0.2718376308062998,0.02222600824960639,0.13672065948977402,-0.059372907008158365,0.28230669455910706,-0.10897268141169947,0.4019389235070164,0.08865320947212052,0.11316297154198258,0.46291758814384293,0.2387995848553981,0.03761959736561409,0.18756622566533648,-0.0032170019832001968,0.05780403347831227
843,0.12234390728662362,0.014770973447222226,0.16841010577103913,-0.17184534665718618,0.5705404810089426,0.0008958314648755303,0.23630351086435855,0.4555579162737879,0.246515426242668,0.01770617465262488,0.03401337538284965,0.184785809834214,0.16588222747740497,0.17018348502593558,0.027595165892406535,0.1692395764517847,-0.055367294137727945
844,0.4794833804839934,-0.09284003963689724,0.26295154864488435,0.5642227911150639,-0.12169415188144998,-0.11306592133363663,0.2017013585807754,-0.18049387029567956,0.05969298311436966,-0.12444320203172575,0.5611453632897837,0.1869335896853636,0.4006017258170882,-0.10347017542090149,-0.06487001071552723,0.022974105712554253,0.04205130832165293
845,0.27501372788438055,0.24185056985325032,-0.26089292338106373,0.31053865854267393,0.23395754267823185,-0.08417891571780703,-0.19567178073345584,0.048418260223786674,0.12787983090555988,0.09892670391507088,0.19799846171187263,-0.04693068281012394,0.4455944499953284,0.21781015800967046,0.10304113458430038,0.07360110385407279,0.15670911251286973
846,0.874523150438384,-0.0030598719334408316,0.39096949337005593,0.5105758017641661,-0.3718423771208559,0.18668007377330023,0.005169852410660244,-0.04538704312831413,-0.09714475970879345,0.024406105133026493,0.355073964073535,0.3305091004000071,0.5569329242264648,-0.246023278873846,-0.02073871481096764,-0.029680462238063903,0.14956677270984858
847,0.5100102620576359,0.015971134607805734,0.13242407727825622,0.12389941991210354,-0.06701563151637725,0.2211385741886123,0.1901250685257231,0.18141069148365815,-0.01872348367883698,0.1602399761215795,0.1882176526900472,0.09562393978438231,0.14760436881813735,-0.17392707701365767,-0.14536143896619835,0.04333727706415184,0.1220174870673977
848,0.3648744076231162,0.34342646217838496,-0.01628559255808749,0.1015943185971812,0.13030374742807277,0.28667888938837066,-0.06951352474562462,0.16592700289521067,-0.07066784706132076,0.11293875088477945,-0.20535274008458249,0.5793427173608218,0.09004305927638333,0.1776169526838241,0.11019210973415139,-0.10629703423484374,-0.4260345743094281
849,-0.246023278873846,-0.02073871481096764,0.18996023334588819,0.07004406608160774,-0.16418689752345075,0.38394456914269876,0.11240187413895551,-0.10779696429328764,0.22342416318361763,0.07008561531728158,-0.12319514448977624,-0.06574295470794776,0.34385555108441634,0.18533780760642687,0.16500535895414353,0.11298577658039052,0.1593491945626654
850,0.22353226918003677,0.31634318939043543,0.1452137764050096,0.07004406608160774,0.05316462727074893,0.5077589261353112,0.27800976640018904,-0.06092265305807112,-0.07420667902913211,0.4772627981074588,-0.017093960217367823,0.20446229175264322,0.077208066716257,-0.03473222436348715,0.2269899149422962,0.1513353793055481,0.1525483543928927
851,0.16458087537784533,0.23046833214655307,0.1815822837569488,0.21715120410033667,0.013151992617316002,0.10443331001532027,0.03270878193238107,0.31800420099521304,-0.005335817680394406,0.27501372788438055,0.20689829639105578,-0.18868606439129984,0.1938649078891614,0.11596495767376316,0.23218720665753584,0.05513546681446052,0.16570867460275632
852,0.09440814158715664,0.25877643221949886,0.36206636083348,0.018964750924899278,0.22176350952506277,0.13553027194575726,-0.07420667902913211,0.4772627981074588,-0.017093960217367823,0.1431585524739657,0.12389941991210354,-0.06701563151637725,0.2211385741886123,0.1901250685257231,0.18141069148365815,-0.01872348367883698,0.1602399761215795
853,-0.10629703423484374,-0.4260345743094281,0.5984436178614774,0.15948649245452387,-0.038225245979315856,0.12200883569907046,0.1942458485822597,0.05373657295280298,-0.0481804193300597,0.15012172490551431,0.11914993570351617,-0.013910993924571376,-0.17796770742789422,0.6237727862359442,-0.0034213682837081223,-0.10107599037759238,0.18931492100556252
854,0.23218720665753584,0.05513546681446052,0.16570867460275632,0.18981378883331407,0.16929565744747385,0.016130026589419835,0.13604560052272469,-0.018288587728737135,0.021704303877180964,-0.05845547641045337,0.3308041747258856,0.164257142074729,0.09676305399739243,0.18006443606999176,0.03226528517847111,-0.44078944845124995,0.3380206448902753
855,-0.22820094866907836,-0.4077636285835352,-0.15881599178038797,0.874523150438384,-0.0030598719334408316,0.39096949337005593,0.5105758017641661,-0.3718423771208559,0.18668007377330023,0.005169852410660244,-0.04538704312831413,-0.09714475970879345,0.024406105133026493,0.355073964073535,0.3305091004000071,0.5569329242264648,-0.246023278873846
856,0.3631106194833644,-0.5872769092188762,0.3343738849909891,0.2335672723395901,-0.11006995253884413,-0.15640318226972538,0.5826515229678326,0.15623469052714475,-0.22338827283087184,-0.535203756815677,-0.18224044766622266,1.631133135384752,-0.27684410127456854,0.93613725027831,0.36905839115702316,-0.42191937147693376,0.1594097460088622
857,0.10308527413401705,0.17846779112789968,0.22208583212672164,0.10912076590162222,0.08387223257892588,0.007282743814128762,0.020612343586763032,-0.016019177985158884,0.02271247292045064,0.29107111576143124,0.1045071141541918,0.12488891724892921,-0.011185790250671488,-0.37215607382295773,0.42858710956831947,0.169608015722371,-0.08047575649163148
858,0.4323114787719322,0.40137010870007506,-0.28641930958826917,-0.07427673148701162,0.2817765778115769,0.18876158217694772,0.12025697212036957,0.3552151175162411,0.3004909622472764,0.1085302253529222,0.184785809834214,0.16588222747740497,0.17018348502593558,0.027595165892406535,0.1692395764517847,-0.016804451873613534,0.004656571040100282
859,0.3638470451044476,0.20503724985454205,0.1459981126354451,-0.09139857051369302,0.3563536013904831,0.2492544554621723,-0.1378062638889054,-0.2005062652564799,0.18019128493810643,0.2685197814770018,-0.053115559140665666,-0.37717238805262293,0.2565974639919755,0.1570198042576097,0.15967623071216216,0.18518734134368978,0.03957451191768845
860,0.5826515229678326,0.15623469052714475,0.19920011461103831,0.054753129013971114,0.22470285204137724,0.2032151590447185,-0.20300578487782478,0.2829097843134919,0.17218260461239776,0.5077589261353112,0.27800976640018904,-0.06092265305807112,-0.07420667902913211,0.4772627981074588,-0.017093960217367823,0.20446229175264322,0.077208066716257
861,-0.006068095610988907,0.22353226918003677,0.31634318939043543,0.1452137764050096,0.246515426242668,0.01770617465262488,0.15591559768791044,0.06181623550682581,-0.032007325327046816,0.09425897787719907,0.08884695233171495,0.1173861637279716,0.07187542666856812,0.09364824897947188,0.26063328665288116,0.13490246113837479,-0.10690798536618025
862,0.21109509114465294,-0.12014178626365916,0.1636217548875396,0.3461298946903398,-0.2333565673052771,-0.30008190849311206,0.3332262163068803,0.15339784011706106,0.17350277886178694,0.14443373400405532,0.06937373250251755,0.1938846693083236,-0.020397626293515884,0.056241500047262236,0.31501257601781585,0.11443597643552295,0.32466681415976595
863,0.18006443606999176,0.03226528517847111,-0.44078944845124995,0.3380206448902753,0.12849141162106129,-0.025839607220092212,0.12087353560604029,-0.06287418633695564,0.020789453641837097,0.4234865458933099,-0.1161805714536689,-0.04633283163100682,0.2136761375202918,0.07494596567037431,0.10373223403568727,0.18145219611393124,0.23769099596891313
864,-0.013910993924571376,-0.17796770742789422,0.6237727862359442,-0.0034213682837081223,-0.10107599037759238,0.18931492100556252,0.026950214585079065,0.18096547976886537,0.39861970155369486,0.3322918405849832,-0.0730539224471404,-0.3276340921767554,-0.560709760652686,0.014662593894547743,1.4080315384750042,-0.0935952072658686,0.19799789212246702
865,0.07156915212888351,0.03981403283697342,0.001220357624790931,0.3276628346230497,0.019100224856819056,0.20435731266315316,-0.18873985973198337,-0.2630977126021474,0.15538551639601741,0.29502436812259675,-0.07973305727102308,0.19799789212246702,0.22952809153640188,0.1316938542687793,0.14457497153757373,0.16150134876585814,-0.06312307287399964
866,0.14738116301118354,0.15057350604539063,0.25202439925764925,0.3540554860126552,0.054753129013971114,0.22470285204137724,0.25401055696593045,-0.056558050676630466,-0.21754472327174948,0.11712542482710067,0.13726845392845502,0.02677970660595579,-0.19567178073345584,0.048418260223786674,0.12787983090555988,0.09892670391507088,0.19799846171187263
867,0.077208066716257,-0.03473222436348715,0.2269899149422962,0.1513353793055481,0.1525483543928927,0.05451036815254353,0.10581675702611819,0.21836952852283753,-0.1975496083240688,0.06599459167266276,0.2140158170798685,0.032016070946640766,-0.2056916248099073,-0.09977122531837382,0.2566705868769431,0.05332100360012209,0.1334798000593729
868,0.15591559768791044,0.06181623550682581,-0.032007325327046816,0.09425897787719907,0.18704035057159146,0.1166120799555511,0.10308527413401705,0.17846779112789968,0.22208583212672164,0.10912076590162222,0.08387223257892588,0.007282743814128762,0.08272429492143678,0.4495007379400005,0.2933092651678347,-0.07857167594071549,0.2854839681489928
869,0.14370153652087095,-0.11003190764134659,0.2587212667043487,-0.14639799594510308,0.3286452837434767,0.21153885924695115,0.1163015082677053,-0.07607939841636727,0.3738898922337414,0.1676730252380315,0.054886114612682224,-0.16170279875272162,0.16387788756728414,0.12461655134544304,0.17041386042389656,0.2758894441198532,0.38565678848867624
870,0.2503177717232147,0.19920890419656892,0.006508261054583925,0.19637910122862356,0.5323290908947901,0.11239025342580698,0.019519458325689406,-0.024104684871840008,0.41000486829468213,-0.054332979629034356,0.19955843128181666,-0.154784423703279,0.3022190377547206,0.1947513444538738,0.06255089963037826,0.14128623717498243,0.16458087537784533
871,0.25010784662062324,0.3523436055521462,0.16449856261676135,-0.06575779966302676,-0.15424574469861652,0.026633443720634878,-0.10502185721591453,0.16212723952415709,0.10247846737264223,0.21692267376731647,0.19989817570442997,0.4592312571483904,0.02764366655244454,0.36698137508616957,0.15613220976197956,-0.04415721420156436,-0.08021739414216453
872,0.09364824897947188,0.26063328665288116,0.13490246113837479,-0.10690798536618025,-0.20091983663120586,0.2564809375436427,0.2379115657403104,-0.03126694167154654,-0.2895737635617525,0.09889311250244673,0.0688545810301372,0.06682974592404096,0.3332262163068803,0.15339784011706106,0.17350277886178694,0.14443373400405532,0.06937373250251755
873,-0.017315794149796837,0.15051306264681108,0.11473011258612666,-0.06087256733651791,0.10219365132836339,0.2904398373272532,-0.191413963210553,0.0962711095927171,0.19762225597500324,0.1081466919612358,0.23315219493351433,0.2759889856284672,0.3334386814242376,-0.2930011245453141,-0.3323103623367577,-0.21119585311806702,0.6359536634803336
874,0.25903415533466395,0.05353362786240616,0.27552939681922384,0.0799497909674738,0.1273673621854455,0.12302980186260518,0.2983918938792556,-0.12952072144717805,0.22342416318361763,0.07008561531728158,-0.12319514448977624,-0.06574295470794776,0.34385555108441634,0.18533780760642687,0.16500535895414353,0.11298577658039052,0.1593491945626654
875,0.21208714275880025,0.4495007379400005,0.2933092651678347,-0.07857167594071549,0.2854839681489928,-0.1286611337248143,0.13799062650487542,0.049220828979773264,0.2691318726029984,0.10583636003401536,0.0911876490090115,0.11016030936506847,0.2678296268354956,-0.11044697195648515,0.29822181701699224,0.06963025852130174,-0.04415721420156436
876,-0.1975496083240688,0.06599459167266276,0.2140158170798685,0.032016070946640766,-0.2056916248099073,-0.09977122531837382,0.2566705868769431,0.05332100360012209,0.1334798000593729,0.1915060377599846,-0.10391341217997091,0.3301924189647566,-0.1306468068111148,0.36493975362810666,0.1618681250337736,0.10981308189934724,0.4255352370150269
877,-0.14535264944239704,0.1636217548875396,0.3461298946903398,-0.2333565673052771,-0.30008190849311206,0.3332262163068803,0.15339784011706106,0.17350277886178694,0.14443373400405532,0.1134226120876174,0.2893326305696375,-0.15160728170773569,-0.09977122531837382,0.2566705868769431,-0.2991477470837593,0.2704078672093213,0.267162624321814
878,-0.07754603495020393,0.19927450157206136,0.22382878195307498,-0.09401895570000028,0.10799564566925353,-0.02735083162456417,0.07996856493842841,0.18365161018361947,-0.023190079283785647,0.41946818135912745,0.396950895585359,0.05722556129495675,-0.05963657763210757,0.24747498490240735,0.1906227232740485,-0.06664940695669395,0.2587212667043487
879,-0.0730539224471404,-0.3276340921767554,-0.560709760652686,0.014662593894547743,1.4080315384750042,-0.3211366212088857,1.0994415746910717,0.3631106194833644,-0.5872769092188762,0.3343738849909891,0.2335672723395901,-0.11006995253884413,0.20485280725032834,0.5710140729030543,0.3205669016618189,0.06625407688356992,-0.34376971549729113
880,-0.1361437516837773,0.5126401164044888,0.10727375240522918,0.14836359842633548,0.14084473078919998,-0.07991486120750843,-0.4268141196430951,0.40979557006932316,0.23961717018966824,-0.05766107861356521,0.14954493181396358,0.16384677242970036,0.06412993674654287,-0.07754603495020393,0.19927450157206136,0.22382878195307498,-0.09401895570000028
881,-0.26978020481639686,-0.09744491478413504,0.029835882608371077,0.23244847910803215,0.3923522683435107,0.06574911402424904,0.11982381637853495,-0.0036322028767203193,0.5154484502995313,0.2044492602416065,0.24597910613604348,0.15454741133606334,0.11838573542352976,-0.038603364347782866,0.3807558613147009,0.17224841861994322,-0.09851033897345973
882,-0.08742949038525093,0.17124113491377574,-0.20272806045545047,0.5714173973408444,0.21369508916669722,0.2864317522176922,0.2649233174487815,-0.22582008661066053,0.010747444669999833,-0.04684048839730427,0.3445276958741689,0.2670168397207595,0.11999193592579707,0.025195000573940488,0.2525280799707006,0.46609603032039665,0.12547576951623374
883,0.5826515229678326,0.15623469052714475,0.27640262933912124,0.47201011607596016,-0.28281767262770263,-0.0037568732807429827,-0.006068095610988907,0.22353226918003677,0.31634318939043543,0.1452137764050096,0.07004406608160774,0.05316462727074893,0.5077589261353112,0.27800976640018904,-0.06092265305807112,-0.07420667902913211,0.4772627981074588
884,-0.08357893242046706,0.5100102620576359,0.015971134607805734,0.13242407727825622,0.12389941991210354,-0.06701563151637725,0.2211385741886123,0.1901250685257231,0.18141069148365815,-0.01872348367883698,0.1602399761215795,0.18812549775877,-0.18329904817335113,0.03510975496160437,0.24519022089989018,0.04521427973100914,-0.18844126538241282
885,0.31626446930358326,-0.2688525390751869,-0.23497703259441213,-0.38383826658710213,0.2243299273245574,0.09929767896570325,-0.05055300144419804,0.11493399400923741,0.16398023443426096,0.08641616074491512,-0.030744876890875142,0.03995236746348638,0.40676830025246835,0.169608015722371,-0.08047575649163148,0.16236333567151778,0.17047529049149088
886,0.2893326305696375,0.0598365955185277,0.08329014142793219,0.18442346306946247,0.08528067838339004,0.10619021298001333,-0.07427673148701162,0.2817765778115769,0.18876158217694772,0.12025697212036957,0.3552151175162411,0.3004909622472764,0.044637696916542596,0.1491258597087924,0.10443331001532027,-0.012240582376639745,0.2543753284338778
887,0.3188360004878918,0.3648744076231162,0.34342646217838496,-0.01628559255808749,0.2193844923376447,0.2032151590447185,-0.20300578487782478,0.2829097843134919,0.036318137954573296,0.2968939267958973,0.07580716838731938,0.08567346237233235,0.2380781379612254,0.1958943861923911,0.19659120888368425,0.0682533575974299,0.17317355494762385
888,0.39770783469686205,0.08172071414989064,0.24383857054727498,0.12692743882989452,-0.09579475570179191,-0.37215607382295773,0.42858710956831947,0.169608015722371,-0.08047575649163148,0.16236333567151778,0.17047529049149088,0.07176664141241576,-0.05498110129799243,0.15183112240756858,0.10787259292306504,0.01840890062904963,-0.0995598219957391
889,0.1693893827989283,0.11021291834797739,-0.01051268262747767,0.44645725699367006,0.34622605703385295,0.38085953998935,-0.1670048053309648,-0.017998435792932244,0.06031076097975645,0.02182100849886886,0.32235892296680474,0.21043433282753074,0.04703410538990216,0.023224159920207973,0.3484169306665826,0.38464041570040863,0.08256728264784874
890,0.05353362786240616,0.27552939681922384,0.021526508926775694,0.10159629500858154,0.02285161943960793,0.007793924365852867,-0.09554214890318367,0.5407418820816005,0.182811459615623,-0.27451396654390714,-0.037243909461088076,-0.08742949038525093,0.17124113491377574,-0.20272806045545047,0.5714173973408444,0.21369508916669722,0.2864317522176922
891,0.43329493229864297,-0.3915575391071216,0.1991874509102764,-0.16436390704998038,0.4455944499953284,0.21781015800967046,0.10304113458430038,0.07360110385407279,0.15670911251286973,0.45003162645293465,0.16110004426294264,0.045895226796395086,-0.06052322043582949,0.4507323785553294,-0.09195618708660448,0.1512351673111633,0.0687471240577064
892,0.05513546681446052,0.16570867460275632,0.18981378883331407,0.16929565744747385,0.016130026589419835,0.13604560052272469,-0.018288587728737135,0.021704303877180964,-0.05845547641045337,0.3308041747258856,0.164257142074729,0.09676305399739243,0.22044659817489026,0.1659339689806515,0.22725753124748785,-0.033804194159752304,0.17615938980224977
893,0.1081466919612358,0.23315219493351433,0.2759889856284672,0.3334386814242376,-0.2930011245453141,-0.3323103623367577,-0.21119585311806702,0.6359536634803336,-0.20577899822194573,0.20485280725032834,0.5710140729030543,0.09919251932906349,-0.27453754616669024,-0.07896928497537498,0.03606607937215022,0.2334486448172321,-0.07973305727102308
894,-0.560709760652686,-0.1694035828481706,0.21838582797646872,-0.026929355196783866,0.08118586580494987,0.0029661854615968316,0.34595842949403505,-0.21248517639154826,0.045107140934606355,0.28875087664909865,0.14815850872667752,0.16282803887473282,0.3842572887052237,-0.00910825187333178,-0.3009925401089623,-0.3557798169054311,-0.17575267886142004
895,0.23218720665753584,0.05513546681446052,0.16570867460275632,0.18981378883331407,0.16929565744747385,0.016130026589419835,0.13604560052272469,-0.018288587728737135,0.021704303877180964,-0.05845547641045337,0.3308041747258856,0.164257142074729,0.09676305399739243,0.18006443606999176,0.03226528517847111,-0.44078944845124995,0.3380206448902753
896,0.31997096866254743,0.27166200964144344,0.061634111965513244,0.22032608542910156,0.21689918467645036,-0.19131993763789917,0.25762659116874836,0.064972871506301,0.25375125815818755,0.02226975501848725,0.184785809834214,0.16588222747740497,0.17018348502593558,0.027595165892406535,0.1692395764517847,-0.016804451873613534,0.11649771500568798
897,0.7000941381334126,0.3710274399415613,-0.46653684425022923,0.397559785779939,0.003986715639722211,0.029409305298034913,0.15659419328815105,0.10901691378591169,-0.06287418633695564,0.020789453641837097,0.4234865458933099,-0.1161805714536689,-0.04633283163100682,0.2136761375202918,0.03335412953537139,-0.05055300144419804,0.2467917653826088
898,-0.09744491478413504,0.029835882608371077,0.23244847910803215,0.3923522683435107,0.06574911402424904,0.11982381637853495,-0.0036322028767203193,0.5154484502995313,0.2044492602416065,0.04163234839464616,-0.16562873160815939,0.02672968558008701,0.3808117223227501,-0.09823658655877998,0.2407284347887408,-0.12405508083124386,0.22599906281655174
899,0.2025166266354563,0.13030374742807277,0.28667888938837066,-0.06951352474562462,0.16592700289521067,-0.07066784706132076,0.11293875088477945,-0.20535274008458249,0.5793427173608218,0.06649083196793634,0.0029661854615968316,0.34595842949403505,-0.21248517639154826,0.16706769469384092,0.1334798000593729,0.1915060377599846,-0.10391341217997091
900,-0.20577899822194573,0.20485280725032834,0.5710140729030543,0.09919251932906349,-0.27453754616669024,-0.07896928497537498,0.03606607937215022,0.11492121862935524,0.18036848701180638,0.08872221642612875,0.008975541836774844,-0.025516086913291845,0.38806089204959493,-0.0995965442595257,-0.09246311259349532,0.12789596366752015,0.023457527975173077
901,0.16967044100176074,0.20436905870817954,0.20064497471212211,-0.03419642558318104,0.22503561746781034,0.23051347462592298,-0.2674087357689618,0.05272393126356598,0.22506923505064735,0.10261484021232775,-0.21198150695143764,-0.19771289689077395,0.32661083949314984,0.10384331692069787,0.07711382871774942,0.20992472947069074,0.08617134357782268
902,0.17593608521602916,-0.10071744145415372,0.16218366883225244,0.2723849429441483,0.0383714803928995,-0.0341945571464552,0.1063634492370031,0.1962990495609203,-0.13145164010685437,0.23843065633277077,0.11969849148818573,0.15101489071696825,-0.19871529312115233,0.16387788756728414,0.12461655134544304,0.17041386042389656,0.2758894441198532
903,-0.07556915478493191,-0.15398007638351432,0.1511533282653379,0.40902791458143434,0.3099970298175544,0.471489611372563,-0.22685151173680398,-0.03410554351064948,-0.026979094668769906,0.21026955100633232,0.3594575830872452,0.10738292971034552,0.1268252869070336,-0.054658024990498495,0.5979804251199937,0.2526440820179429,0.030295772611395898
904,0.18442346306946247,0.05625231362117489,0.4895214773529827,0.0637917868463912,0.21208714275880025,0.4495007379400005,0.2933092651678347,-0.07857167594071549,0.2854839681489928,-0.1286611337248143,0.13799062650487542,0.049220828979773264,0.2691318726029984,0.10583636003401536,0.0911876490090115,0.11016030936506847,0.2678296268354956
905,-0.11233793060977981,0.3873237836404128,0.14370153652087095,-0.06519178307126122,0.31264062742987014,-0.10219671826133284,0.20037398764353218,0.20497716776757982,0.17400369564042703,-0.09436305739060516,0.33469231135482114,0.32166518950735806,-0.2270480455207728,-0.14535264944239704,0.1636217548875396,0.3461298946903398,-0.2333565673052771
906,0.12311636846713249,-0.0341945571464552,0.1063634492370031,0.15079183822564832,0.15562454509034235,0.09398115298271544,-0.01760761135922154,0.013769183121238256,0.3351624358998726,-0.14469081953720858,0.08939889071784639,0.14222625457533922,0.09454735228493921,0.2455881403904545,0.22417321000734797,0.3377246363120925,-0.25067496534820216
907,0.2136761375202918,0.07494596567037431,0.25010784662062324,0.3523436055521462,0.16449856261676135,-0.06575779966302676,-0.4633805460079044,-0.6296462555508103,2.322443244981363,0.016820628608099946,-0.18693704126066962,0.25742689993318923,0.1378193687751203,0.032519541821476844,0.005804140740080759,0.15562454509034235,0.09398115298271544
908,-0.054658024990498495,0.5979804251199937,0.2526440820179429,0.030295772611395898,-0.17611053221229445,0.532684865743833,0.11982048966670107,-0.0519861583077886,0.27183294112990597,-0.11338464126334705,0.22044835283863562,0.18175378128055952,0.21507230996456794,-0.06333955597366359,0.13604560052272469,-0.018288587728737135,0.021704303877180964
909,-0.4633805460079044,-0.6296462555508103,2.322443244981363,0.016820628608099946,-0.12210513461064502,0.7425967423056713,0.26569395997574946,-0.48211955771040454,0.31856934468977854,-0.1471160322989946,0.13224843227692928,-0.13744108689493145,0.7512025272323432,0.10323363556716901,-0.13387565958328862,0.38394456914269876,0.12494821353405587
910,0.3842572887052237,-0.00910825187333178,-0.3009925401089623,-0.3557798169054311,-0.17575267886142004,0.7803403838714913,0.11473011258612666,-0.06087256733651791,0.10219365132836339,0.2904398373272532,-0.191413963210553,0.0962711095927171,0.19762225597500324,0.1081466919612358,0.23315219493351433,0.2759889856284672,0.3334386814242376
911,0.253138698198485,0.027595165892406535,0.1692395764517847,-0.016804451873613534,0.004656571040100282,-0.11958844677906617,0.4510220067914173,0.15244082736729989,0.07288885104996093,0.1748984588804126,0.003142846329034149,-0.40042171646973945,0.30944710287579563,0.17593608521602916,-0.10071744145415372,0.16218366883225244,0.2723849429441483
912,0.0682533575974299,0.17317355494762385,-0.17423414406398183,-0.17888375096808656,0.14457497153757373,0.16150134876585814,-0.04888249344416614,0.25742689993318923,0.03656766808553651,0.5746193857681196,0.11730632153435483,0.11996356155954901,0.1278373443948156,-0.08747270326604926,-0.4820010422294675,0.6345265610190949,0.2433730585524286
913,-0.06490880837193544,0.015971134607805734,0.13242407727825622,0.12389941991210354,-0.06701563151637725,0.2211385741886123,0.1901250685257231,0.18141069148365815,-0.01872348367883698,0.1602399761215795,0.387262846503479,0.1615687764851244,-0.037857040474989806,0.16967044100176074,0.20436905870817954,0.20064497471212211,-0.03419642558318104
914,0.10261484021232775,-0.21198150695143764,-0.19033141237753504,0.19148059584239505,0.10402791108409856,0.23091537737709414,0.06650813331778027,0.0688545810301372,0.06682974592404096,-0.10046921506224225,0.16841010577103913,-0.17184534665718618,0.5705404810089426,0.0008958314648755303,0.23630351086435855,0.4555579162737879,0.246515426242668
915,0.22044835283863562,0.18175378128055952,0.21507230996456794,-0.11110494277211024,0.3924486791878392,0.2295099569039927,-0.25196316607160346,-0.05078018175580146,0.2269836513911627,0.21109509114465294,-0.25122925263422324,-0.31389127431207686,0.39595271167737006,0.2477901823414091,0.11239773235496053,0.14034718129468007,0.07531665293909175
916,0.12638483116916358,-0.0023098559120910537,0.0008958314648755303,0.23630351086435855,0.4555579162737879,0.246515426242668,0.21723967066998237,0.1166120799555511,0.10308527413401705,0.17846779112789968,0.22208583212672164,0.10912076590162222,0.08387223257892588,0.007282743814128762,0.020612343586763032,-0.016019177985158884,0.02271247292045064
917,-0.3718423771208559,0.18668007377330023,0.005169852410660244,-0.04538704312831413,-0.09714475970879345,0.024186041253871964,0.5690449243076188,0.21717996938913814,0.3279502886094016,0.09451606649497561,-0.1767098477946617,0.04486876508389453,-0.029810975371668404,0.302128140691236,0.1693893827989283,0.11021291834797739,-0.01051268262747767
918,0.36431095447616657,0.21052207256920089,0.1491258597087924,0.10443331001532027,-0.012240582376639745,0.13886281909376522,0.0663289995961218,0.2459899734113378,-0.014562473930395762,0.21364801688882992,0.17429534874748348,0.2011047102573123,-0.05911225422027029,0.1470775585761181,0.02369429402154779,0.15526760411641582,0.11791997061306286
919,0.2709843384910566,-0.11948577717296034,0.0117018148791135,0.1659339689806515,0.22725753124748785,-0.033804194159752304,0.17615938980224977,0.03444382036243173,-0.08424507459956743,-0.05323316428520335,0.38394456914269876,0.12494821353405587,0.11626296745509843,0.1967032816729059,0.13604608051457204,-0.4410086830701572,0.20521445648280787
920,0.20503724985454205,0.1459981126354451,0.17740645669401803,0.39861970155369486,0.3322918405849832,-0.0730539224471404,-0.3276340921767554,-0.560709760652686,0.014662593894547743,1.4080315384750042,-0.3211366212088857,1.0994415746910717,0.3631106194833644,-0.5872769092188762,0.3343738849909891,0.2335672723395901,-0.11006995253884413
921,0.04486876508389453,-0.029810975371668404,0.36698137508616957,0.28390600937395283,0.06077700494192656,-0.03348926380060616,0.3121144711635626,0.49930541624730584,0.09661674508426206,-0.04247753767970497,0.111002564726116,0.08387223257892588,0.007282743814128762,0.020612343586763032,-0.016019177985158884,0.02271247292045064,0.29107111576143124
922,-0.07720539751091571,0.010435914587602436,0.4970868953748266,0.0443270845504133,0.2086211161338412,0.3854280947760623,0.3481189339598148,-0.046633282251753776,0.28704697470443025,-0.23376505563265904,0.25903415533466395,0.05353362786240616,0.27552939681922384,0.0799497909674738,0.1273673621854455,0.12302980186260518,0.2983918938792556
923,0.09440814158715664,0.25877643221949886,0.36206636083348,0.018964750924899278,0.22176350952506277,0.0976938196030565,-0.1011372261993832,0.23834739187748413,0.05627475275433264,-0.024104684871840008,0.41000486829468213,-0.054332979629034356,0.19955843128181666,-0.154784423703279,0.3022190377547206,-0.11903816250934877,0.16218366883225244
924,0.31626446930358326,-0.2688525390751869,-0.23497703259441213,-0.6818950630676603,2.775715655692279,0.0398445837701996,0.13330989518342076,0.12531691289477995,0.36905839115702316,-0.42191937147693376,0.1594097460088622,0.003986715639722211,-0.10353847396758291,-0.08273860521489726,0.36219842017178827,0.20395349412622332,0.39656667760254666
925,-0.10391341217997091,0.3301924189647566,-0.1306468068111148,0.36493975362810666,0.1618681250337736,0.10981308189934724,0.4255352370150269,0.25980627869946177,0.028878761909011532,0.1512351673111633,0.24993057314413958,-0.2674087357689618,0.05272393126356598,0.22506923505064735,0.10261484021232775,-0.21198150695143764,-0.19771289689077395
926,0.2414964810928292,0.21364801688882992,0.17429534874748348,0.2011047102573123,-0.05911225422027029,0.1470775585761181,0.02369429402154779,0.005683677347195281,-0.1564723056670849,0.5746193857681196,0.11730632153435483,0.11996356155954901,0.1278373443948156,-0.08747270326604926,-0.4820010422294675,0.6345265610190949,0.2433730585524286
927,0.36493975362810666,0.1618681250337736,0.10981308189934724,0.4255352370150269,0.25980627869946177,0.028878761909011532,0.1512351673111633,0.0687471240577064,0.025303337699693184,0.4252220093151575,0.25980627869946177,0.028878761909011532,0.1512351673111633,0.0687471240577064,0.025303337699693184,0.07991964893101931,0.0663978213436569
928,0.18019128493810643,0.2685197814770018,-0.053115559140665666,-0.37717238805262293,0.2565974639919755,0.22696128851842362,0.10477893452726418,0.154525193891985,0.12234390728662362,0.014770973447222226,0.16841010577103913,-0.17184534665718618,0.5705404810089426,0.0008958314648755303,0.23630351086435855,0.2884425100017706,0.20689829639105578
929,0.1511533282653379,0.40902791458143434,0.3099970298175544,0.471489611372563,-0.22685151173680398,-0.03410554351064948,-0.09586710381556326,0.12079119269608964,0.2824571418874076,0.04509906066466046,0.31997096866254743,0.27166200964144344,0.061634111965513244,0.22032608542910156,0.21689918467645036,-0.19131993763789917,0.25762659116874836
930,0.13886281909376522,0.0663289995961218,0.2459899734113378,-0.014562473930395762,0.21364801688882992,0.17429534874748348,0.2011047102573123,-0.05911225422027029,0.1470775585761181,0.02369429402154779,0.005683677347195281,-0.1564723056670849,0.5746193857681196,0.11730632153435483,0.11996356155954901,0.1278373443948156,-0.08747270326604926
931,0.18981378883331407,0.16929565744747385,0.016130026589419835,0.13604560052272469,-0.018288587728737135,0.021704303877180964,-0.05845547641045337,0.3308041747258856,0.164257142074729,0.09676305399739243,0.18006443606999176,0.03226528517847111,-0.44078944845124995,0.3380206448902753,0.12849141162106129,-0.025839607220092212,0.12045898537141242
932,0.2433730585524286,-0.04712027514696706,0.09999394778949644,0.22146573820555276,0.07314429710685592,-0.1271890839969909,0.22798368323536836,0.14083053914836333,-0.02431958698577717,-0.014774917010754571,0.28157126445794284,0.09451606649497561,-0.1767098477946617,0.04486876508389453,-0.029810975371668404,0.36698137508616957,0.28390600937395283
933,0.008975541836774844,-0.025516086913291845,0.38806089204959493,-0.20156309491583888,0.12789596366752015,0.1503937044621789,0.11340700597604,0.1662950431666319,0.31605517367239877,0.31626446930358326,-0.2688525390751869,-0.23497703259441213,-0.6818950630676603,-0.058445098780436334,0.21715120410033667,-0.11088653938316373,-0.3298778796407805
934,0.07425954369573716,0.1967581543584978,0.11716303057832608,0.12569717207255016,0.08359265059376635,0.33876510586308256,0.02582216832870876,0.10159629500858154,0.02285161943960793,0.007793924365852867,-0.09554214890318367,0.17101591016823178,0.1958943861923911,0.19659120888368425,0.0682533575974299,0.17317355494762385,-0.17423414406398183
935,0.184785809834214,0.16588222747740497,0.17018348502593558,0.027595165892406535,0.1692395764517847,-0.016804451873613534,0.004656571040100282,-0.11958844677906617,0.4510220067914173,0.15244082736729989,0.07288885104996093,0.1748984588804126,0.003142846329034149,-0.40042171646973945,-0.13517747139623287,0.2017013585807754,-0.18049387029567956
936,0.09919251932906349,-0.27453754616669024,-0.07896928497537498,0.03606607937215022,0.11905401693134181,-0.17504131225752168,0.3726010297751639,-0.04633283163100682,0.2136761375202918,0.12132453432499744,-0.013910993924571376,-0.17796770742789422,0.6237727862359442,-0.0034213682837081223,-0.10107599037759238,0.18931492100556252,0.026950214585079065
937,0.3923522683435107,0.06574911402424904,0.11982381637853495,-0.0036322028767203193,0.4741126295278808,0.38464041570040863,0.08256728264784874,-0.11495180160911317,0.36064203219538704,0.1673903322242667,-0.09284999744819501,0.3101946871467882,-0.16972559312542665,0.3638470451044476,0.20503724985454205,0.1459981126354451,-0.09139857051369302
938,0.11239025342580698,0.019519458325689406,-0.024104684871840008,0.2981820578904246,0.2709843384910566,-0.11948577717296034,0.22477882403469934,0.15412082330316929,0.1598372675145959,0.0706787807519289,0.10415277268582958,0.2735431170666892,0.06625407688356992,-0.34376971549729113,0.31053865854267393,0.023520018355082696,0.07711382871774942
939,-0.2093333395469959,-0.3086869045626521,-0.45859624206429583,0.01881267170159937,0.9213821360251874,0.06702448381521711,0.08118586580494987,0.0029661854615968316,0.34595842949403505,-0.21248517639154826,0.045107140934606355,0.28875087664909865,0.14815850872667752,0.16282803887473282,0.3842572887052237,-0.00910825187333178,-0.11853896373783857
940,-0.16700246707206481,0.35905073798042664,0.4376210393970419,0.14954493181396358,0.16384677242970036,0.06412993674654287,-0.07754603495020393,0.25978601845830523,0.2649233174487815,-0.22582008661066053,0.010747444669999833,0.19138390204391736,-0.04415721420156436,-0.08021739414216453,0.21015504769464924,0.1652285456145751,0.17123616016067425
941,0.007282743814128762,0.020612343586763032,-0.016019177985158884,0.02271247292045064,0.29107111576143124,0.1045071141541918,0.12488891724892921,0.20435731266315316,0.18104979222234135,0.23051347462592298,-0.2674087357689618,0.05272393126356598,0.22506923505064735,0.10261484021232775,-0.21198150695143764,-0.19771289689077395,0.32661083949314984
942,0.29312924637770893,0.36431095447616657,0.051655846724557176,0.147015137047838,-0.18934540940689296,0.22342416318361763,0.07008561531728158,-0.12319514448977624,-0.06574295470794776,0.34385555108441634,0.18533780760642687,0.16500535895414353,0.11298577658039052,0.1593491945626654,-0.2832162412671828,0.0020805530387531996,0.09813566285711402
943,-0.09851033897345973,-0.1994683328230255,0.23980010892210227,0.24982258900136312,-0.11600447725845392,-0.322697042332726,0.20051624388285613,0.21910904649794555,0.1093603113504988,0.29244900495504983,0.07156915212888351,0.03981403283697342,0.001220357624790931,0.0688545810301372,0.06682974592404096,-0.16034808885176957,0.582480184304969
944,0.0706787807519289,0.10415277268582958,0.2735431170666892,0.06625407688356992,-0.34376971549729113,0.31053865854267393,0.23395754267823185,-0.08417891571780703,0.15600357542197085,0.15623469052714475,0.22009143544650459,0.2864317522176922,0.2649233174487815,-0.12999407434684562,0.08867840426064012,0.44060350728358616,0.19206526361875487
945,0.25980627869946177,0.028878761909011532,0.1512351673111633,0.0687471240577064,0.025303337699693184,0.07991964893101931,0.14910613995433913,0.18994000948947012,0.2013810585084282,0.16537104813962505,0.16944948516711295,0.024987697732263607,0.04487858645134652,0.029272201147996082,0.03195666987309589,-0.04923300073592117,0.28884407459477013
946,0.09661674508426206,-0.04247753767970497,-0.14695254237182984,0.22176350952506277,0.0976938196030565,-0.1011372261993832,0.35213401508741266,0.23051347462592298,-0.2674087357689618,0.05272393126356598,0.22506923505064735,0.10261484021232775,-0.21198150695143764,-0.19771289689077395,0.32661083949314984,0.10384331692069787,0.07711382871774942
947,0.41554899284961727,0.13490246113837479,0.3153729969288157,-0.23376505563265904,0.25903415533466395,0.05353362786240616,0.24662652179664313,-0.06894471559741094,-0.21754472327174948,0.11712542482710067,0.13726845392845502,0.10477893452726418,0.154525193891985,0.12234390728662362,0.014770973447222226,0.17118248713957185,-0.036381717160680845
948,-0.04888249344416614,0.25742689993318923,0.1378193687751203,-0.19051349776102805,0.2805331199261269,-0.238454914255154,0.1622885154367558,0.27244070008152355,0.11639784455030472,0.24558940996994993,0.2716166448893086,0.23132011143789816,-0.37003291712239705,-0.45930796864318557,0.08435528278984028,0.4794833804839934,-0.09284003963689724
949,0.2146160329797934,0.30387177201667565,0.22290673968445343,-0.191413963210553,0.0962711095927171,0.19762225597500324,0.1081466919612358,0.23315219493351433,0.2759889856284672,0.3334386814242376,-0.2930011245453141,-0.3323103623367577,-0.21119585311806702,0.6359536634803336,-0.20577899822194573,0.20485280725032834,0.5710140729030543
950,0.1938846693083236,-0.020397626293515884,0.056241500047262236,0.31501257601781585,0.03521232712560007,0.31260451285604524,0.31800420099521304,-0.005335817680394406,0.27501372788438055,0.20689829639105578,-0.18868606439129984,0.1938649078891614,0.11596495767376316,0.23218720665753584,0.05513546681446052,0.16570867460275632,0.4444125897754004
951,0.11969849148818573,0.15101489071696825,-0.19871529312115233,0.16387788756728414,0.17237217372169733,0.39656667760254666,0.3438782254724192,-0.22430789111493196,-0.13216215275703985,0.04131191411989849,0.29312924637770893,0.36431095447616657,0.051655846724557176,0.147015137047838,0.0024338063128608364,0.5425282188367668,0.2102334860700648
952,0.2864317522176922,0.2649233174487815,-0.22582008661066053,0.010747444669999833,-0.04684048839730427,0.3445276958741689,0.2670168397207595,0.13299242626979144,0.31997096866254743,0.27166200964144344,0.061634111965513244,0.16733974345929897,0.2025166266354563,0.13030374742807277,0.28667888938837066,-0.06951352474562462,0.16592700289521067
953,0.5642227911150639,-0.12169415188144998,-0.11306592133363663,0.2017013585807754,-0.18049387029567956,0.05969298311436966,-0.12444320203172575,0.5611453632897837,0.1869335896853636,0.4006017258170882,-0.10347017542090149,-0.06487001071552723,0.022974105712554253,0.04205130832165293,0.3890877324073698,0.23355982518621926,0.029024701733186827
954,-0.2833807162011421,-0.49163582428543307,0.021414579109772094,1.2345642521917752,-0.2390661515095062,0.7216726934662775,0.03317364433765729,0.16150134876585814,-0.04888249344416614,0.25742689993318923,0.1378193687751203,0.032519541821476844,0.005804140740080759,0.15562454509034235,0.09398115298271544,0.3648744076231162,0.34342646217838496
955,-0.016019177985158884,0.02271247292045064,0.29107111576143124,0.1045071141541918,0.12488891724892921,0.2050401964863179,-0.4260345743094281,0.5984436178614774,0.07099277088180843,-0.25122925263422324,-0.31389127431207686,0.39595271167737006,0.2477901823414091,0.11239773235496053,0.14034718129468007,0.12941479947088136,0.2477901823414091
956,0.32235892296680474,0.21043433282753074,0.04703410538990216,0.023224159920207973,0.3484169306665826,0.38464041570040863,0.08256728264784874,-0.11495180160911317,0.36064203219538704,0.1673903322242667,-0.09284999744819501,0.3101946871467882,-0.16972559312542665,0.3638470451044476,0.20503724985454205,0.1459981126354451,-0.09139857051369302
957,0.41000486829468213,-0.054332979629034356,0.19955843128181666,-0.154784423703279,0.3022190377547206,0.1947513444538738,0.06255089963037826,0.14128623717498243,0.16458087537784533,0.23046833214655307,-0.04177403759466122,-0.30418711666720355,0.3528982149432685,0.205696934332813,0.058286174455816624,0.16811112115875754,0.3065383859292377
958,-0.021651786553036286,0.12079119269608964,0.2824571418874076,0.04509906066466046,0.31997096866254743,0.27166200964144344,0.061634111965513244,0.22032608542910156,0.21689918467645036,-0.19131993763789917,0.25762659116874836,0.064972871506301,0.25375125815818755,0.02226975501848725,0.184785809834214,0.16588222747740497,0.17018348502593558
959,0.005683677347195281,-0.1564723056670849,0.5746193857681196,0.25135261124896086,0.45003162645293465,0.16110004426294264,0.045895226796395086,-0.06052322043582949,0.4507323785553294,-0.0691774432698838,0.2709843384910566,-0.11948577717296034,0.22477882403469934,0.15412082330316929,0.1598372675145959,0.0706787807519289,0.10415277268582958
960,0.2477901823414091,0.11239773235496053,0.14034718129468007,0.07531665293909175,0.14223356297833722,-0.021651786553036286,0.12079119269608964,0.2824571418874076,0.04509906066466046,0.31997096866254743,0.27166200964144344,0.061634111965513244,0.22032608542910156,0.21689918467645036,-0.19131993763789917,0.25762659116874836,0.064972871506301
961,-0.11958844677906617,0.4510220067914173,0.15244082736729989,0.07288885104996093,0.1748984588804126,0.003142846329034149,-0.40042171646973945,0.30944710287579563,0.17593608521602916,-0.10071744145415372,0.16218366883225244,0.2723849429441483,0.0383714803928995,-0.0341945571464552,0.1063634492370031,0.1962990495609203,-0.13145164010685437
962,-0.1011372261993832,0.23834739187748413,0.05627475275433264,0.2851260409760982,-0.04093780864936718,0.22340053763778864,0.17654672439733954,0.13598333473215593,0.03048863895714203,0.12638483116916358,0.056999667600075014,-0.03415029254685713,-0.1361437516837773,0.5126401164044888,0.10727375240522918,0.14836359842633548,0.14084473078919998
963,-0.0759962967737919,-0.07588574258395304,0.2146160329797934,0.30387177201667565,0.3066306355625916,0.5546419203281793,-0.26978020481639686,-0.09744491478413504,0.029835882608371077,0.23244847910803215,0.3923522683435107,0.06574911402424904,0.11982381637853495,-0.0036322028767203193,0.5154484502995313,0.2044492602416065,0.04163234839464616
964,-0.46653684425022923,0.1554728609437766,0.24264684577496107,-0.17251053863600152,-0.14542367560108146,0.6780850513706412,0.11168107498567888,0.4323114787719322,0.40137010870007506,-0.35215411572254657,0.08641717028161186,-0.05935848768228961,0.33385057687905584,0.3111346555032771,0.03374797111609373,0.10221199436568572,0.11086305524430831
965,0.08641616074491512,-0.030744876890875142,0.03995236746348638,0.27685820958904017,-0.238454914255154,0.1622885154367558,0.27244070008152355,0.11639784455030472,0.3081742472726529,0.31626446930358326,-0.2688525390751869,-0.23497703259441213,-0.6818950630676603,2.775715655692279,-0.12641861897147907,-0.071568525291851,0.651068744545621
966,-0.08047575649163148,0.16236333567151778,0.17047529049149088,0.07176664141241576,-0.05498110129799243,0.15183112240756858,0.10787259292306504,0.01840890062904963,-0.0995598219957391,0.4821384641347985,-0.10720510281794955,-0.02327093882632231,0.13330989518342076,0.06458116259471598,0.2819858073684284,0.37945256073396405,0.2729517301749195
967,-0.17796770742789422,0.6237727862359442,-0.0034213682837081223,-0.10107599037759238,0.18931492100556252,0.11064015631713513,0.07176664141241576,0.3527595112314826,0.40137010870007506,-0.35215411572254657,0.15363796810574562,-0.1228961939348214,0.46117402403887836,0.010629951960803224,0.2329295694666118,0.43160144306355575,0.23386430015327572
968,0.2564809375436427,0.2379115657403104,-0.03126694167154654,-0.2895737635617525,0.11571104830416722,0.19148059584239505,0.10402791108409856,0.23091537737709414,0.06650813331778027,0.0688545810301372,0.06682974592404096,-0.16034808885176957,0.582480184304969,-0.026167537045574178,0.3188360004878918,0.3648744076231162,0.34342646217838496
969,0.08641717028161186,-0.05935848768228961,0.33385057687905584,0.3111346555032771,0.03374797111609373,0.124676687771142,0.19637910122862356,0.5323290908947901,0.11239025342580698,0.019519458325689406,-0.024104684871840008,0.41000486829468213,-0.054332979629034356,0.19955843128181666,-0.154784423703279,0.3022190377547206,0.1947513444538738
970,0.06574911402424904,0.11982381637853495,-0.0036322028767203193,0.5154484502995313,-0.016542151250784603,-0.3276340921767554,-0.560709760652686,0.014662593894547743,1.4080315384750042,-0.3211366212088857,1.0994415746910717,0.3631106194833644,-0.5872769092188762,0.3343738849909891,0.2335672723395901,-0.02660880146226607,0.36698137508616957
971,0.4510220067914173,0.15244082736729989,0.07288885104996093,0.1748984588804126,0.003142846329034149,-0.40042171646973945,0.30944710287579563,0.17593608521602916,-0.10071744145415372,0.11807856195588105,-0.05307296768324391,0.15659419328815105,0.10901691378591169,-0.06287418633695564,-0.14941016876084715,-0.0759962967737919,-0.07588574258395304
972,0.22353226918003677,0.31634318939043543,0.1452137764050096,0.07004406608160774,0.05316462727074893,0.0522701123824246,-0.025516086913291845,0.38806089204959493,-0.20156309491583888,0.12789596366752015,0.1503937044621789,0.11340700597604,0.1662950431666319,0.31605517367239877,0.31626446930358326,-0.2688525390751869,-0.23497703259441213
973,0.2893326305696375,0.0598365955185277,0.08329014142793219,0.18442346306946247,0.08528067838339004,-0.04073696094751338,0.08641717028161186,-0.05935848768228961,0.33385057687905584,0.3111346555032771,0.03374797111609373,0.10221199436568572,0.11086305524430831,0.5085612625617385,0.2358186269665527,-0.0354215967745066,-0.07093347373910476
974,0.08528067838339004,0.10619021298001333,-0.07427673148701162,0.2817765778115769,0.18876158217694772,0.12025697212036957,0.3552151175162411,0.3004909622472764,0.044637696916542596,0.1491258597087924,0.10443331001532027,-0.012240582376639745,0.13886281909376522,0.0663289995961218,0.2459899734113378,-0.014562473930395762,0.21364801688882992
975,0.04333727706415184,0.1220174870673977,0.06129942909837034,0.19601231956388124,0.20596975380684593,-0.057684741153323484,0.07384757606653194,0.14480516428365917,0.11473011258612666,-0.06087256733651791,0.10219365132836339,0.2904398373272532,-0.191413963210553,0.0962711095927171,0.19762225597500324,0.1081466919612358,0.23315219493351433
976,0.2379115657403104,-0.03126694167154654,-0.2895737635617525,0.11571104830416722,0.19148059584239505,0.10402791108409856,0.03974053972167562,-0.059372907008158365,0.28230669455910706,-0.10897268141169947,0.4019389235070164,0.08865320947212052,0.11316297154198258,0.46291758814384293,0.2387995848553981,0.03761959736561409,0.18756622566533648
977,0.06682974592404096,-0.16034808885176957,0.582480184304969,0.0713440617939045,-0.28046772428989536,-0.3086869045626521,-0.45859624206429583,0.01881267170159937,0.9213821360251874,-0.015658216600592058,0.46151196219940505,0.4561894607607333,-0.4307036263075145,0.33404209236252513,-0.017315794149796837,-0.07556915478493191,-0.15398007638351432
978,0.3121144711635626,0.008305659337532132,0.22599906281655174,0.2296552800988911,0.07187542666856812,0.09364824897947188,0.26063328665288116,0.13490246113837479,-0.10690798536618025,-0.20091983663120586,0.2564809375436427,0.2379115657403104,-0.03126694167154654,-0.2895737635617525,0.11571104830416722,0.19148059584239505,0.10402791108409856
979,-0.0759962967737919,-0.07588574258395304,0.2146160329797934,0.30387177201667565,0.3066306355625916,0.5546419203281793,-0.26978020481639686,-0.09744491478413504,0.029835882608371077,0.23244847910803215,0.3923522683435107,0.06574911402424904,0.11982381637853495,-0.0036322028767203193,0.5154484502995313,0.18712880277775137,-0.025516086913291845
980,0.49930541624730584,0.09661674508426206,-0.04247753767970497,0.111002564726116,0.32466681415976595,-0.054898688296048936,0.22432644828488973,0.269937597403126,0.17136904462667607,0.1900673974285291,0.14118158550631343,0.064420931619945,0.17813747119959616,0.11153480932866984,-0.2919755150128051,0.25194362687045424,0.18447934488472806
981,0.14760436881813735,-0.17392707701365767,-0.14536143896619835,0.04863111894663422,0.19601231956388124,0.20596975380684593,-0.057684741153323484,0.07384757606653194,-0.01222018030071071,0.05668940185689197,0.20093656574037363,-0.034300721465717984,0.09335134699302704,0.10120720781703763,0.15852576202856808,-0.1261693407012891,0.05257179403844993
982,-0.08747270326604926,-0.4820010422294675,0.6345265610190949,0.18232183537172228,0.14815850872667752,0.16282803887473282,0.3842572887052237,-0.00910825187333178,-0.3009925401089623,-0.3557798169054311,-0.17575267886142004,0.576090306976329,-0.006011173839405014,0.407556646171246,0.565946646773559,-0.27387320345155214,0.11608570550439605
983,0.27957828264201523,0.07241198467246238,-0.0009804569413706596,0.019828243580542443,0.21838582797646872,-0.026929355196783866,0.08118586580494987,0.0029661854615968316,0.34595842949403505,-0.21248517639154826,0.059192426426094964,-0.4820010422294675,0.6345265610190949,0.2433730585524286,-0.04712027514696706,0.09999394778949644,0.22146573820555276
984,-0.07066784706132076,0.11293875088477945,-0.20535274008458249,0.5793427173608218,0.09004305927638333,0.1776169526838241,-0.09373677395901428,-0.06574295470794776,0.34385555108441634,0.18533780760642687,0.41282309084281155,0.2729517301749195,-0.12099987263672833,-0.39104435029717977,-0.58788795971382,0.8825455177838787,0.5486551716555055
985,0.17224841861994322,0.1403648213721468,0.025303337699693184,0.07991964893101931,0.14910613995433913,0.13870999513948015,0.052111479316268625,0.2025166266354563,0.13030374742807277,0.28667888938837066,-0.06951352474562462,0.16592700289521067,-0.07066784706132076,0.07571412180321557,0.18212355196577734,0.11730632153435483,0.11996356155954901
986,0.5077589261353112,0.27800976640018904,-0.06092265305807112,-0.07420667902913211,0.4772627981074588,-0.017093960217367823,0.20446229175264322,0.077208066716257,-0.03473222436348715,0.2269899149422962,0.1513353793055481,0.1525483543928927,0.05451036815254353,0.10581675702611819,0.21836952852283753,-0.1975496083240688,0.06599459167266276
987,0.07531665293909175,0.14223356297833722,-0.021651786553036286,0.12079119269608964,0.2824571418874076,0.011675767425995243,-0.07420667902913211,0.4772627981074588,-0.017093960217367823,0.20446229175264322,0.077208066716257,-0.03473222436348715,0.2269899149422962,0.1513353793055481,0.1525483543928927,0.05451036815254353,0.10581675702611819
988,-0.0354215967745066,-0.0360278185332138,0.11086305524430831,0.5085612625617385,0.2358186269665527,-0.0354215967745066,-0.07093347373910476,0.47495421114848513,-0.06981461482759276,0.2501629573434221,-0.007193016796767877,0.08783646987625998,0.17136904462667607,0.1900673974285291,0.14118158550631343,0.064420931619945,0.17813747119959616
989,0.10581675702611819,0.21836952852283753,-0.1975496083240688,0.06599459167266276,0.08818283434411574,0.24383857054727498,0.12692743882989452,-0.09579475570179191,-0.37215607382295773,0.42858710956831947,0.04782065669643067,0.16282803887473282,0.3842572887052237,-0.00910825187333178,-0.3009925401089623,-0.3557798169054311,-0.17575267886142004
990,0.43358726407530823,-0.18009620301785492,-0.43227090115804795,-0.006011173839405014,0.407556646171246,0.565946646773559,-0.27387320345155214,0.11608570550439605,0.054108945930185164,-0.04489658970631963,0.008975541836774844,-0.025516086913291845,0.38806089204959493,-0.20156309491583888,0.12789596366752015,0.1503937044621789,0.11340700597604
991,0.0818799413215967,0.19148059584239505,0.10402791108409856,-0.00588174631149148,0.05272393126356598,0.22506923505064735,0.10261484021232775,-0.21198150695143764,-0.19771289689077395,0.32661083949314984,0.10384331692069787,0.22303847711582717,0.2566953352236003,0.09440814158715664,0.25877643221949886,0.36206636083348,0.018964750924899278
992,0.09892670391507088,0.19799846171187263,0.17067878476621298,0.07831120315928315,-0.036381717160680845,0.1918282357010622,0.2566953352236003,0.06819322230432975,-0.09139857051369302,0.3563536013904831,0.2492544554621723,-0.1378062638889054,-0.2005062652564799,0.18019128493810643,0.2685197814770018,-0.053115559140665666,-0.37717238805262293
993,0.15591559768791044,0.06181623550682581,-0.00033506103149334287,0.015779282541251688,0.07778099345810575,0.14475962330811473,0.048162323407152124,-0.19567178073345584,0.048418260223786674,0.12787983090555988,0.09892670391507088,0.19799846171187263,0.08817550672737952,0.016104682807028897,0.19820898945179852,-0.1228961939348214,0.46117402403887836
994,0.14222625457533922,0.09454735228493921,0.2455881403904545,0.22417321000734797,0.3377246363120925,-0.25067496534820216,-0.33049876626994434,-0.49479408873313274,1.2506888914384577,-0.16999080995714083,0.24400616256787622,0.6145468467126224,0.182811459615623,-0.27451396654390714,-0.037243909461088076,-0.08742949038525093,0.07505843153991831
995,0.1900673974285291,0.14118158550631343,0.064420931619945,0.17813747119959616,0.11153480932866984,-0.2919755150128051,0.25194362687045424,0.18447934488472806,-0.03735439473461763,-0.17974141893035753,-0.045429781649620936,0.1992759304480005,0.07407198980981192,0.17323991061961344,0.13672065948977402,-0.059372907008158365,0.28230669455910706
996,0.14836359842633548,0.14084473078919998,-0.07991486120750843,-0.4268141196430951,0.40979557006932316,0.23961717018966824,-0.05766107861356521,0.14954493181396358,0.16384677242970036,0.06412993674654287,-0.07754603495020393,0.19927450157206136,0.22382878195307498,-0.09401895570000028,0.10799564566925353,0.14738116301118354,0.09492199006514247
997,0.06181623550682581,-0.032007325327046816,0.09425897787719907,0.18704035057159146,0.1166120799555511,0.10308527413401705,0.17846779112789968,0.22208583212672164,0.10912076590162222,0.08387223257892588,0.007282743814128762,0.05349575636552451,-0.06052322043582949,0.4507323785553294,-0.0691774432698838,0.2709843384910566,-0.11948577717296034
998,0.1967581543584978,0.11716303057832608,0.12569717207255016,0.08359265059376635,0.33876510586308256,0.02582216832870876,0.10159629500858154,0.02285161943960793,0.007793924365852867,-0.09554214890318367,0.17101591016823178,0.1958943861923911,0.19659120888368425,0.0682533575974299,0.17317355494762385,-0.17423414406398183,-0.17888375096808656
999,-0.0036322028767203193,0.5154484502995313,0.2044492602416065,0.04163234839464616,-0.09945040258569912,0.46110913685599997,0.03434420395290914,0.08108865698436285,0.1615687764851244,-0.037857040474989806,0.16967044100176074,0.20436905870817954,0.20064497471212211,-0.03419642558318104,0.22503561746781034,0.23051347462592298,-0.2674087357689618
