sim_id,year_1,year_2,year_3,year_4,year_5,year_6,year_7,year_8,year_9,year_10,year_11,year_12,year_13,year_14,year_15,year_16,year_17,year_18,year_19,year_20,year_21
0,0.052863968380306686,0.042413614625101466,-0.009200394809037693,0.004299657044073789,-0.01473198548039481,0.0033751049213474834,0.011213727722435705,0.05239773835289581,0.01853262344435327,0.010068724907123608,0.022683386114089713,0.016515814760306495,0.13498531885131013,0.12926506844514737,0.15170152090831238,0.08927835889575753,0.026650294369621963,0.05023086249500809,0.021330709658760057,0.02729994973720216,0.019290237091062958
1,-0.05045483875978517,-0.08296368035457874,-0.12481355296141478,0.2341697026224454,0.11449748966614386,0.04721335484869471,0.1864918273196731,0.1912402838473926,-0.007339068801813674,0.032708833873126085,0.050713076916418395,0.02991114106029612,0.07775323221691115,0.06818077459428386,0.09243218492997904,0.059001729166159776,0.047856138232220576,-0.02592957193685902,0.0746436849787944,0.02841273061469006,0.047442303827898546
2,-5.8338600625194406e-05,-0.010248523690522197,-0.15567643467981396,-0.05578242451271492,0.0027414211450370565,0.025628320800981142,-0.08823696391282364,0.002721033292247158,-0.005133491311685329,0.04220342435102671,0.00888128311780124,-0.003576996288077466,-0.017420439501306575,0.02895771913353037,0.06438663738759,0.022578594132397916,0.09140733834896966,0.044948861138336606,0.050512162209031305,-0.029910882190410843,0.09395215948939031
3,-0.10338315238127574,-0.05509488366834008,0.011611238192971548,0.23950488532678857,0.04837086616455555,0.1043825189063411,0.1442516967700536,0.12849048001054955,0.020712984020955096,0.005437065094973533,0.06031989768325848,-0.029910882190410843,0.046143869675719554,0.047856138232220576,-0.02592957193685902,0.0746436849787944,0.12849048001054955,0.020712984020955096,0.005437065094973533,0.05017535607181645,0.04979001272479147
4,0.02344835378555335,0.11196063535886654,0.09036745043547073,0.20817411967213192,0.009591104411358879,0.05631413212158116,0.042268457879275786,0.005827663009140014,0.020169020825399984,0.07150946280620203,0.04824130298852722,0.016537414449602463,-0.09083556275906199,-0.05630009286773721,-0.004303363818687617,-0.000764935061800556,-0.0015810793213288728,-0.1507672778219676,0.05886859575445568,0.254888216607517,0.012076025850456295
5,0.004842037492388549,-0.03719091389142518,-0.022830988391619886,0.06797811455886198,0.07420012214525842,-0.02068948773455074,-0.08974303515891574,0.017527314762775668,0.028274969972201847,0.0331860274858787,-0.06097355054458573,-0.022169872968913627,-0.05821588772622714,-0.11916443213939447,0.06461142211478281,0.23535898697636634,-0.013624535480764548,0.22798934083862815,0.16445608965141556,0.025929747822988528,0.036219566792590606
6,-0.011679526504085241,0.007461879601311705,0.0031790701162829277,-0.004489316240323887,-0.008127589068975276,-0.00505393398592306,0.027342220336279893,0.032401305533269247,-0.07383617068359147,-0.11268482126922406,0.014874046400746022,0.009961599505911202,0.0329867735043766,-0.005227979033285708,0.015024797213813964,0.08978943009235238,0.18811433798098445,0.09021814789768995,0.10173028248107555,0.0339515426218907,-0.031032734108641196
7,-0.04962330899281994,0.02692700917244224,-0.019069577522530502,-0.059344447409009064,-0.0976602067509475,-0.0557556817700381,-0.03205603826024159,0.2526262616941449,0.05619929885881941,0.07379625291980775,0.15240257127716805,0.1680627641109319,0.0007639960399501508,0.03846181439477531,0.05090386806201433,0.072670739841771,0.14960067236142724,0.15728314174886657,-0.0007868436390697441,0.026508189548699945,0.06438663738759
8,0.06692223099929095,0.005262864003230632,-0.04889617861396572,-0.056947025472608256,-0.08296368035457874,-0.12481355296141478,0.2341697026224454,0.11449748966614386,0.04721335484869471,0.1864918273196731,0.1912402838473926,-0.007339068801813674,0.032708833873126085,0.050713076916418395,0.02991114106029612,0.07775323221691115,0.08360971738967124,0.0441216471640192,-0.019269455674365138,0.05607678211970807,0.020127943408622548
9,0.06719771983644916,0.03592628127818669,0.041034435089818105,0.012210156230299331,-0.05196133780222694,0.0028742228637099495,0.07942804085490669,0.03591066926944299,-0.03904979439636809,-0.08752271000182854,0.021403949475942596,0.06692223099929095,0.005262864003230632,-0.04889617861396572,-0.056947025472608256,-0.08296368035457874,-0.12481355296141478,0.2341697026224454,0.11449748966614386,0.04721335484869471,0.1864918273196731
10,0.0634970250320656,0.04812106459312323,0.017461980216704025,-0.027010873579979045,-0.014730314040599294,0.02826162078001348,0.04939081639495947,0.012204001535472821,0.043707444721036194,0.03250377872011051,-0.016846829757837384,-0.02094376794236849,0.013055502677213972,0.03913718739332794,0.0060348711455441165,-0.09190603741494878,-0.07712035945429473,-0.03603910562800098,-0.05685112987281479,-0.1431778791867063,0.15155688308086152
11,-0.09028939417877037,-0.02844027685948375,-0.08772596864057779,-0.042448068992912216,0.057498151475025974,-0.03099676014357284,-0.056746431009554614,-0.002423868950951307,0.01041279437881343,0.046225217964285595,-0.0034178765959546687,-0.02871232318376256,-0.016800826856763127,0.019385155276800098,-0.0028759325671209564,0.07791135487191457,0.02344835378555335,0.013361807653441157,0.031711869931220056,0.015325103577544191,0.02367804367127799
12,0.020907862155915197,-0.028446372447748804,0.012365818491159804,0.004842037492388549,-0.03719091389142518,-0.022830988391619886,0.06797811455886198,0.07420012214525842,-0.02068948773455074,-0.08974303515891574,0.017527314762775668,0.054775782089034865,0.1585077643839471,0.04331732004592603,0.11178376376371055,0.23686636505316352,0.05075880985350582,0.02759643671691845,-0.005297334717018741,0.054950776773823706,0.06351461633079457
13,0.017461980216704025,-0.027010873579979045,-0.014730314040599294,0.02826162078001348,0.04939081639495947,0.012204001535472821,0.043707444721036194,0.04349646456222365,-0.011346396815389154,0.00966076592308283,-0.004896598863669388,0.001396149368181709,0.00385394882475879,-0.0035989485344935825,-0.0024272429711673232,0.007020421424277806,0.00043711952401027877,-0.006680494674934709,0.014945083156067693,0.005167882429577925,-0.006905108733557086
14,0.09456087618775416,0.1442680668719345,0.09036745043547073,0.20817411967213192,0.009591104411358879,0.05631413212158116,0.042268457879275786,0.005827663009140014,0.020169020825399984,0.07150946280620203,0.04824130298852722,0.016537414449602463,0.011967390001827817,0.07472554095781088,0.02815498806673793,-0.03457835186186034,0.09907059068764777,0.009525257639794482,0.07623805115305331,-0.04895804795747495,-0.07821917475426834
15,-0.005133491311685329,0.04220342435102671,0.00888128311780124,-0.003576996288077466,-0.017420439501306575,0.03930624981704534,-0.03268418807681166,0.05813555917784697,-0.02996308879641303,-0.020846727225749255,0.10256063737013693,0.011702624363025375,0.0417510739700792,-3.963623685946036e-05,0.030429494047507367,-0.00887580242302415,0.011878759963531013,-0.01970843724354158,-0.001764216062209568,-0.06529203476732443,0.10692926466615334
16,0.09849201751450516,0.01685672166555747,0.025860773477762753,0.01870527823515234,-0.009681890320329786,0.05112307606913304,0.023963976708823272,0.05674287905853458,0.04682409768225949,-0.0011166604408174479,-0.021319727455457294,0.025455493242960484,0.03271750017330179,-0.04677990554653519,-0.06866753903744134,0.010675079839919726,0.04982300929955519,0.021457461599548977,-0.05439192569851582,-0.03603910562800098,-0.1083178855726867
17,-0.0004640594308981007,0.06575677282832645,-0.014169577538660988,-0.017246124246697962,-0.021319727455457294,0.025455493242960484,-0.01650675505206109,0.09376043479837523,0.015178932581916594,0.031711869931220056,0.015325103577544191,0.02367804367127799,0.019082143207103875,-0.05519291734833666,0.041034435089818105,0.012210156230299331,-0.05196133780222694,0.0028742228637099495,0.07942804085490669,0.03591066926944299,-0.03904979439636809
18,-0.011378475219155786,-0.0810228182142374,0.005199332304599804,0.03239325159703908,-0.056947025472608256,-0.08296368035457874,-0.12481355296141478,0.2341697026224454,0.11449748966614386,0.04721335484869471,0.1864918273196731,0.1912402838473926,0.005394424926092233,0.033619419513257524,0.09660961896248449,0.03597544998645742,0.024648367639700457,0.03451567945184562,-0.01021194743165507,-0.033074350021090174,0.04800823393719242
19,0.10692926466615334,0.052818503065756854,0.01695484128659917,-0.037715375123555536,-0.05917818288180227,0.008367286199831514,0.07633428797990718,-0.04962330899281994,-0.05073514033788832,-0.081205586329834,-0.07649533509282554,0.004887389884845521,0.24334785007519066,0.03483200682607578,0.09687186759712554,0.15927582686149339,0.13331833453538028,0.005168656270110838,0.01860029890708141,0.06669800285182495,0.033619419513257524
20,-0.009936918659731264,0.029728891762537946,0.04405507131998533,0.036452961892731166,0.063505960378669,0.039632328378430816,-0.0027070038742869756,0.07406778941808727,0.05182666214494851,0.058840435390986504,-0.0051051083419211,-0.01607082458684289,-0.017449686457939966,0.03195651403544279,0.032987146810026395,0.043783032082419,0.03344474957879514,0.0029025417067542396,0.007221085628945011,0.009346032013199956,-0.014727339179581215
21,-0.08889000711334612,0.008442502072560752,-0.03322227229726265,0.06547859457587751,0.012552498632147085,-0.0005763305691675266,-0.039406788034806274,0.06748800444979743,-0.04850554726351195,0.026955011035204188,0.06436676991295626,0.02303278315861766,0.023504173591286825,0.014790474462585109,0.02278155912917828,-0.02456315189035098,0.03329672356968668,-0.03136287361237509,-0.01315090154732808,-0.037196617343158475,0.09745846809380196
22,-0.028446372447748804,0.012365818491159804,0.004842037492388549,-0.03719091389142518,-0.022830988391619886,0.06797811455886198,0.07420012214525842,-0.02068948773455074,-0.08974303515891574,0.017527314762775668,0.028274969972201847,0.06867017589345809,-0.019069577522530502,-0.059344447409009064,-0.0976602067509475,-0.0557556817700381,-0.03205603826024159,0.2526262616941449,0.05619929885881941,0.07379625291980775,0.15240257127716805
23,0.02740464613057831,-0.022181734731348293,0.03302551187024177,-0.033401786587522055,0.0011471072145716112,-0.05562886314565989,0.11104851877539362,-0.024984417014047168,-0.1218280230092854,-0.038618769215352976,0.0017344377427880998,0.0383700697461459,-0.004229448637686191,0.04426037679894457,0.015024797213813964,0.08978943009235238,0.18811433798098445,0.09021814789768995,0.19038427574162717,-0.002725805564664397,0.02413714607568401
24,-0.0063949693526819855,-0.02155405246506647,0.07772641030097946,0.031176078979686366,0.03779158738155633,0.00851847444375363,0.021435570978467603,0.03339560384599197,0.03451567945184562,-0.01021194743165507,-0.033074350021090174,-0.0005691905900054693,0.0281140192679024,0.029280853265727526,0.00342281220920832,0.01961569337155239,0.048659151818756505,0.08430201731479531,0.008977307504258474,-0.02549187566543074,0.03916741147349725
25,0.07633428797990718,-0.04962330899281994,-0.05073514033788832,-0.081205586329834,-0.07649533509282554,0.004887389884845521,0.24334785007519066,0.03483200682607578,0.09687186759712554,0.15927582686149339,0.13331833453538028,0.005168656270110838,0.01860029890708141,0.06669800285182495,0.004816931160551648,0.013393092697523859,-5.8338600625194406e-05,-0.010248523690522197,-0.15567643467981396,-0.05578242451271492,0.0027414211450370565
26,-0.011346396815389154,0.00966076592308283,-0.015260808365570344,-0.07311732007286383,-0.09889894590370596,-0.07716690882936779,0.05481731158778569,-0.005529137560678465,-0.06566738679306296,-0.020389869958670415,0.0017092297775827784,0.05977963840371972,0.021435570978467603,0.015126061979743104,-0.02792503850162619,0.004381774557754737,0.01639230386462114,-0.06110037982224164,-0.004591051317929993,-0.06866753903744134,0.010675079839919726
27,-0.02942832466642877,0.03845109691278335,0.012275326094953992,0.10652074418392923,0.15471591201636187,0.1195536119516561,0.16077321134488992,0.0059681337722265965,0.04167222769359799,0.025144494961714538,-0.03647529900603461,0.09314832120171126,0.0720908090417364,-0.001832860749488936,-0.008054504811190783,-0.09009055783775237,0.029156456970374847,0.020315402513363848,0.006287851614069399,0.029239223785477764,0.016288290926872614
28,0.0010835265497321734,0.030169365189279703,0.05954689270225735,0.02699928247404044,0.05454706420919959,0.08976295191255872,0.042288990324287054,-0.009681890320329786,0.05112307606913304,0.023963976708823272,0.05674287905853458,0.04682409768225949,0.02423140145385302,0.014796192932722805,0.0823473341015913,0.05731174544484317,0.028748656926538833,-0.006766053924133821,-0.013687465687720385,-0.014879420061233384,0.031133313490282106
29,0.040829540244036434,-0.015009469703147637,-0.0033481605894797144,0.012649918105789538,0.003923268694962706,-0.013534918400980867,-0.026853141604926915,0.04509197743886771,0.031861365171198065,-0.060927950869310125,-0.13787805025683347,-0.0020105680194356466,0.04248574632216505,0.02403911798411785,-0.0006670782883442124,0.03209308509343252,0.032037542390131735,0.09059272686196553,0.05407329072383777,0.013963011136263486,-0.01443544461218946
30,0.11178376376371055,0.23686636505316352,0.05075880985350582,0.02759643671691845,-0.005297334717018741,0.054950776773823706,0.06351461633079457,0.06771129635265376,0.07331847075741482,0.0021443880627073906,0.015240443207146707,0.05649429316671417,0.022833190338024337,0.05991057336089857,0.012552498632147085,-0.0005763305691675266,-0.012021179156231411,-0.020846727225749255,0.10256063737013693,0.011702624363025375,0.0417510739700792
31,0.05102624206575158,0.020933622671211866,0.04590908523343384,0.05961348252391238,0.031214668156433666,0.002996970439633211,0.07365042419861502,0.05846382627014092,0.06370946940140053,-0.025506369445125927,-0.0010058767142069683,-0.027893117321920374,0.04023619118118503,-0.03716115413325973,-0.034936127697749966,0.008499036672793286,0.03590981164249519,-0.030569674068653747,-0.06118506855572103,-0.15790354778416274,-0.010432458507049902
32,-0.12253989570409915,-0.07290450683104488,0.058365230668770134,-0.013287997462302109,-0.05387380003170251,-0.02616373777776799,-0.0004640594308981007,0.06575677282832645,-0.014169577538660988,-0.017246124246697962,-0.021319727455457294,0.025455493242960484,-0.01650675505206109,0.09376043479837523,0.015178932581916594,0.031711869931220056,0.015325103577544191,0.02367804367127799,0.019082143207103875,-0.05519291734833666,0.030793703589048205
33,-0.09492778842213713,0.014249098444838066,0.013552328782214544,0.016249939377331123,0.019290237091062958,0.0007713046167454211,0.015126061979743104,-0.02792503850162619,0.004381774557754737,0.01639230386462114,-0.06110037982224164,0.06811044416381795,0.15240257127716805,0.1680627641109319,0.0007639960399501508,0.03846181439477531,0.05090386806201433,0.020149016518727223,0.09243218492997904,0.059001729166159776,0.047856138232220576
34,0.04028733948383551,-0.045389581123573476,-0.043472820294300434,-0.03166469678688542,-0.1329047130515534,0.08950145097867729,0.20527086862786997,-0.02177030502227734,0.22666738584077392,0.16025330892228135,0.029606206151133886,0.036063760027324546,0.027953507033170056,0.04594981860169079,0.06319230671727441,0.07424945199336273,0.0540311695998272,-0.00521909168479309,0.05102624206575158,0.020933622671211866,0.05840146346444081
35,0.04237123697766942,0.034037086276389676,-0.049407531129056194,-0.1434132833015306,-0.009326092852967406,0.05522655912088008,0.011257117079635537,0.009885871632892783,0.013450894429110424,0.02415492521826854,0.13679031692311297,0.12367975797769766,0.16899550807497488,0.08105651591925545,-0.0049851771713745364,0.07472554095781088,0.02815498806673793,-0.03457835186186034,0.09907059068764777,0.009525257639794482,0.07623805115305331
36,0.01041279437881343,0.046225217964285595,-0.0034178765959546687,-0.02871232318376256,-0.016800826856763127,0.019385155276800098,0.017930268681566067,0.010578799310315386,0.029152458653708312,0.01081979999768568,-0.02994043999248146,0.00732898516381754,0.02039034568448307,-0.055460249568366704,0.02770419661784631,0.08287636971891303,0.009333812953931188,-0.016832619674398547,-0.08588848725511113,0.027031862256106813,0.053648497988271496
37,-0.04056938058421847,-0.005637525045480252,-0.025838511639785726,0.11886890957762948,0.005320447429078421,-0.011443240120825341,-0.06504903210521822,-0.011188332158927672,0.021403949475942596,0.06692223099929095,0.005262864003230632,-0.04889617861396572,-0.056947025472608256,-0.08296368035457874,-0.12481355296141478,0.2341697026224454,0.11449748966614386,0.010281475718876642,0.036219566792590606,0.03942978255274464,0.03223561708346208
38,-0.013754734367317636,-0.007547991372525836,-0.004042477083777581,0.020435228983264355,0.006297766455834597,-0.01669743734389148,-0.0253224956421449,0.04237123697766942,0.034037086276389676,-0.049407531129056194,-0.1434132833015306,-0.009326092852967406,0.053724110108185875,0.0012990776355567737,0.007170867643536217,-0.011679526504085241,0.007461879601311705,-0.003506954269905417,-0.03457835186186034,0.09907059068764777,0.009525257639794482
39,-0.0162462464960763,0.06081204173790412,0.0012446836373436378,-0.007829901167596347,-0.02712704838623795,0.05550996276826985,-0.042678964071087205,0.023634010206012964,0.07067891964497917,0.015240547515204036,0.027084564191957573,0.008075881188370368,0.02740464613057831,-0.022181734731348293,0.03302551187024177,-0.033401786587522055,0.0011471072145716112,-0.05562886314565989,0.11104851877539362,0.0408922640134475,-0.011000442122731982
40,0.24334785007519066,0.03483200682607578,0.09687186759712554,0.15927582686149339,0.13331833453538028,0.005168656270110838,0.01860029890708141,0.06669800285182495,0.044928536492972036,0.04979001272479147,0.08622357462744075,0.055909746701747885,0.037811335473967846,-0.026074719040020927,0.0927671693931366,0.010791209501792631,0.039806038468316006,0.0417510739700792,-3.963623685946036e-05,0.030429494047507367,-0.00887580242302415
41,-0.04677990554653519,-0.06866753903744134,0.010675079839919726,0.04982300929955519,-0.009062060943608743,0.040276012846963534,-0.013287997462302109,-0.05387380003170251,-0.02616373777776799,-0.0004640594308981007,0.06575677282832645,-0.014169577538660988,-0.017246124246697962,-0.021319727455457294,0.025455493242960484,-0.01650675505206109,0.09376043479837523,0.019539300966798265,0.015126061979743104,-0.02792503850162619,0.004381774557754737
42,0.04490965294620502,-0.04938033602649569,-0.05318883424782888,0.008718766633751039,0.024648367639700457,0.03451567945184562,-0.01021194743165507,-0.009774094354617697,-0.02996308879641303,-0.020846727225749255,0.10256063737013693,0.011702624363025375,0.0417510739700792,0.01360992469523069,0.019644900767271215,0.061907521205541424,0.04354140256395621,-0.0011521168442352808,0.06996550155243682,0.0634970250320656,0.04812106459312323
43,0.07772641030097946,0.031176078979686366,0.03779158738155633,0.00851847444375363,0.021435570978467603,0.04948194874224675,0.00022826238394464397,0.07698443952173475,0.15261343281996542,0.09511245755734427,0.19460797607474095,-0.008248630740864026,0.06208251319461728,0.04618033823150406,-0.00039668250200649,0.0320296105725281,0.0748770995501764,0.028516291247346292,0.015487793012481365,-0.09096881126589298,-0.05048555245022713
44,0.05750007864095875,0.029486966374752895,0.008080301731063687,0.06736312926851827,0.04490472173897989,0.13498531885131013,0.12926506844514737,0.15170152090831238,0.08927835889575753,0.026650294369621963,0.05023086249500809,0.021330709658760057,-0.034785772257091875,0.10183186860558922,0.05790043189516751,0.020841236177624917,-0.03163850228123829,-0.0883003365479709,-0.02486485722016533,-0.002487481497062186,-0.0027283911528191464
45,0.026508189548699945,0.06438663738759,0.022578594132397916,0.09140733834896966,0.044948861138336606,0.050512162209031305,-0.029910882190410843,0.09395215948939031,0.024905751099002196,0.04188973617586783,0.06439905428187961,-0.0007330077890140873,0.03764176433914727,0.08734846799044324,0.03790628799489715,0.022684370018144242,-0.013293106975691601,-0.019886363012011198,0.027985131753974917,0.024649406615095838,0.02232662736483993
46,0.04154225173810074,-0.06581065085683803,-0.03651943588496546,0.008475104952900851,0.02765786528493706,0.021182684662227964,0.06509170871596559,0.011257117079635537,0.009885871632892783,0.013450894429110424,0.02415492521826854,0.13679031692311297,0.12367975797769766,0.16899550807497488,0.08105651591925545,-0.0049851771713745364,0.07472554095781088,0.02815498806673793,-0.03457835186186034,0.09907059068764777,0.009525257639794482
47,-0.07716690882936779,0.05481731158778569,-0.005529137560678465,-0.06566738679306296,-0.020389869958670415,0.0017092297775827784,0.05977963840371972,-0.01375974830781866,-0.009995613412700156,-0.03833580052512118,0.07122724602773757,-0.04075534184360642,0.08570673383282468,0.009428846587031999,0.02435138468706542,0.03598242857365579,0.01961569337155239,0.048659151818756505,0.12790301675578866,0.11004866409985843,0.1786296003926594
48,-0.005133491311685329,0.04220342435102671,0.00888128311780124,-0.003576996288077466,-0.04388965059227629,0.01970623765645272,0.06570940764382426,0.04614115426521307,-0.005814780866760401,0.008527595105345247,-0.010202013685965725,-0.0007087971577727721,0.01219014238418171,0.016357579018128617,-0.01475725902830638,-0.02942832466642877,0.03660958204538981,0.04647911062049513,-0.04572308988216685,-0.13068905238419817,-0.027128337150302294
49,0.0049317270532911505,0.007477942352647772,0.006612771198706547,-0.010420765207966178,0.021515981298733042,0.007974038851990953,-0.017751195343342213,0.027513738163283858,0.010764415351345306,0.013427251399639835,0.05878796760083395,0.1442680668719345,0.09036745043547073,0.20817411967213192,0.009591104411358879,0.05631413212158116,0.042268457879275786,0.005827663009140014,0.020169020825399984,0.07150946280620203,0.04824130298852722
50,0.003923268694962706,-0.013534918400980867,-0.026853141604926915,0.03177406639494155,0.03764176433914727,0.08734846799044324,0.03790628799489715,0.022684370018144242,-0.013293106975691601,-0.019886363012011198,0.027985131753974917,0.024649406615095838,0.02232662736483993,0.05618386114043311,0.02554805067516022,-0.09941841958590553,-0.055412634380477395,0.013393092697523859,0.012404677307871216,0.007170867643536217,-0.011679526504085241
51,0.00906408850801866,-0.017449686457939966,0.03195651403544279,0.032987146810026395,0.043783032082419,0.03344474957879514,0.0029025417067542396,0.007221085628945011,0.00902087018533543,-0.029534921581718058,0.02709928010278606,0.055970802408372225,-0.03677184575890198,-0.1218280230092854,-0.038618769215352976,0.0017344377427880998,0.0383700697461459,-0.004229448637686191,0.04426037679894457,0.015024797213813964,0.08978943009235238
52,0.1784795106950509,0.17095955027704018,-0.011320186630305316,0.05327822497532394,0.0462263520970877,0.054118305348248005,-0.0074318819833296195,0.055383400241375814,0.05517479340364767,0.08078541694248285,0.08847001808827315,0.01685672166555747,0.025860773477762753,0.017924797219877563,0.023580997183367442,0.017281620614598397,-0.034287320165793035,0.016661813725847092,0.017238679523561444,-0.02879538165637836,-0.005133491311685329
53,0.023597433850476822,-0.022856495367242196,-0.004517566543534055,-0.07031992292326242,0.12512951565687028,0.04630595254479673,0.0033421825569468046,-0.04227611970469211,-0.050498900630185264,0.010783273399662228,0.04645933327868312,-0.031242931752715704,-0.04904310773206642,-0.10338315238127574,-0.05509488366834008,0.011611238192971548,0.23950488532678857,0.04837086616455555,0.1043825189063411,0.1442516967700536,0.12849048001054955
54,-0.045389581123573476,-0.05750531694245116,0.017527314762775668,0.028274969972201847,0.0331860274858787,-0.06097355054458573,0.036030525765955626,0.20527086862786997,-0.02177030502227734,0.22666738584077392,0.16025330892228135,0.029606206151133886,0.036063760027324546,0.027953507033170056,0.04594981860169079,0.06319230671727441,0.07424945199336273,0.0540311695998272,-0.00521909168479309,0.05102624206575158,0.020933622671211866
55,0.04248574632216505,0.02403911798411785,-0.0006670782883442124,0.03209308509343252,0.032037542390131735,0.13328823247215815,0.10421237703207416,0.18772419387962436,0.06552574171230927,0.023924418008826748,0.05838048512076765,0.019600514325103572,0.00779473378207362,-0.001517564516523798,-0.14258923569181944,-0.06851762111446583,-0.028919930259445434,0.04248151104216597,-0.02927708533922444,-0.05873782374826621,0.001374842288426062
56,-0.0489350186692615,-0.06482928669907931,-0.08472219196931578,-0.10825506337615295,0.263310632907053,0.11011995149387833,0.03595651255263394,0.08994307343333154,0.031214668156433666,0.002996970439633211,0.07365042419861502,0.05846382627014092,0.06370946940140053,-0.025506369445125927,-0.0010058767142069683,-0.027893117321920374,0.02639861893020655,0.029078939581978474,0.06331349843036885,0.03112869326451413,0.0019359245923828542
57,0.10133919983596766,0.039463226707756656,0.037833419266079034,-0.08240092046298034,-0.06711143021698956,-0.009372199840067003,0.001754605321988245,-0.001517564516523798,-0.14258923569181944,-0.06851762111446583,-0.028919930259445434,0.04248151104216597,-0.03414049173007912,-0.1218280230092854,-0.038618769215352976,0.0017344377427880998,0.0383700697461459,-0.004229448637686191,0.04426037679894457,0.015024797213813964,0.08949304792975198
58,0.04800823393719242,-0.02996308879641303,-0.020846727225749255,0.10256063737013693,0.011702624363025375,0.0417510739700792,-3.963623685946036e-05,0.10150316879458134,0.14083582185004723,0.09874539105052259,0.18307662312199474,0.0452438535946445,0.040449890021927545,-0.06267119191694225,-0.0777020536288688,-0.015065250731236896,0.002353141630354524,-0.001668183540305831,-0.12036325534435462,-0.08772596864057779,-0.042448068992912216
59,0.07462004907188186,0.07988536334400807,0.018118850213676558,0.0025336243002390554,-0.10033392389766944,-0.06031508786027079,0.01974060520282703,0.00435558155294859,-0.018978511458347606,-0.15049273384696898,-0.06866403183244768,0.015151760354786346,0.02923423138402624,-0.08370626856186839,-0.0014347097716089039,-0.0162462464960763,0.06081204173790412,0.0012446836373436378,-0.007829901167596347,-0.02712704838623795,0.05550996276826985
60,-0.062258592534061,-0.011200022754991325,0.017044371176663856,0.04724433085543002,-0.011456943698128315,-0.016235574331397593,-0.02641509517482331,0.02349940927067805,-0.016313320641010303,0.09849201751450516,0.01685672166555747,0.025860773477762753,0.017924797219877563,0.023580997183367442,0.017281620614598397,-0.034287320165793035,0.016661813725847092,0.017238679523561444,-0.08531813387807584,0.051639251347764654,0.06679229388045187
61,0.026650294369621963,0.05023086249500809,0.021330709658760057,-0.03037192734020063,0.04806240645073723,0.016226096778767064,-0.03269455800362337,0.0670983972639024,0.024600949002244726,-0.00745868450345515,0.05878796760083395,0.1442680668719345,0.09036745043547073,0.1791903172833441,0.04618033823150406,-0.02239516378052814,0.01848809379400931,-0.10478409704311777,-0.050209993324580156,0.020283963990658363,-0.0005485705735380322
62,0.002721033292247158,-0.005133491311685329,0.04220342435102671,0.00888128311780124,-0.003576996288077466,-0.017420439501306575,0.03930624981704534,-0.03268418807681166,0.024820507352673524,0.05454457330743639,0.02157137338810507,0.0230773999402624,0.007822680867767927,0.03141904600384711,-0.014865073275704896,0.008424930808509461,0.02517833335626331,0.09044619152700702,0.05268977902213795,0.02176619879236522,-0.007656332504046889
63,-0.011513472180371801,0.03614906441302523,0.005747103245119043,0.07395787540543002,0.042413614625101466,-0.009200394809037693,0.004299657044073789,-0.01473198548039481,0.0033751049213474834,0.011213727722435705,0.013538887880741127,-0.009866661182637375,-0.029950006555454843,0.041625614727588994,0.03305770518251055,-0.045628209002634,-0.13008317716932508,-0.023728592557452504,0.040829540244036434,0.01853262344435327,0.010068724907123608
64,0.025144494961714538,-0.03647529900603461,0.09314832120171126,0.0720908090417364,-0.001832860749488936,0.009227329261559551,0.03341163695318257,0.0049317270532911505,0.007477942352647772,0.006612771198706547,-0.010420765207966178,0.021515981298733042,0.007974038851990953,-0.017751195343342213,-0.020869068846696422,0.016721652182922028,0.03808185594297404,-0.00496676521662024,-0.11399169447086158,-0.051075149006804765,-0.0021335904868741654
65,-0.007547991372525836,-0.004042477083777581,0.020435228983264355,0.006297766455834597,-0.01669743734389148,-0.0253224956421449,0.04237123697766942,0.034037086276389676,-0.049407531129056194,-0.1434132833015306,-0.009326092852967406,0.05522655912088008,0.011257117079635537,0.009885871632892783,0.027960518648294186,-0.00894110017760338,-0.02810689182065751,0.02334834607514963,-0.0063949693526819855,-0.021677462962518174,0.01041279437881343
66,-0.01928682094180781,-0.02094376794236849,0.013055502677213972,0.03913718739332794,0.0060348711455441165,-0.09190603741494878,-0.09492778842213713,0.014249098444838066,0.028343350896880053,0.030403777928640862,0.019290237091062958,0.00022826238394464397,0.07698443952173475,0.15261343281996542,0.09511245755734427,0.19460797607474095,-0.008248630740864026,0.06208251319461728,0.038715639121415735,-0.02775432483880939,0.0035007798920464336
67,0.023175625805814403,-0.03553245916052851,0.02849595128758009,0.006364926000034128,-0.04579112302167692,-0.01582101293001888,0.05764210194520755,0.0704862757948348,-0.04677990554653519,-0.06866753903744134,0.010675079839919726,0.04982300929955519,0.021457461599548977,-0.05439192569851582,-0.03603910562800098,-0.05685112987281479,-0.1431778791867063,0.15155688308086152,0.1585077643839471,0.046004160625338054,0.1786110197944668
68,0.016226096778767064,-0.03269455800362337,0.09547372235376145,0.07520625932878826,0.001623004560214426,-0.01534755215224717,-0.09563878585135667,-0.008340888828211813,0.2526262616941449,0.05619929885881941,0.021745312234367698,0.0900989218150235,0.03219585093613028,-0.08633037716556878,-0.0929254930148846,0.009416902762785275,0.010180296726133154,0.032883772015831446,0.010764415351345306,0.013427251399639835,0.05878796760083395
69,0.01998665997633142,-0.031082690526254893,0.002430625486315612,0.060347406176913226,-0.022181734731348293,0.03302551187024177,-0.033401786587522055,0.0011471072145716112,-0.05562886314565989,0.11104851877539362,0.0408922640134475,-0.011000442122731982,-0.08258793842706147,-0.014210233821178028,0.05595520268387419,0.04008123113413429,-0.0005898371524523021,-0.0489350186692615,-0.06482928669907931,-0.08472219196931578,-0.10825506337615295
70,0.07633428797990718,-0.04962330899281994,-0.022169872968913627,-0.05821588772622714,-0.11916443213939447,0.06461142211478281,0.23535898697636634,-0.013624535480764548,0.22798934083862815,0.16445608965141556,0.025929747822988528,0.036219566792590606,0.03942978255274464,0.03223561708346208,0.0562120907260079,0.08487372572927601,0.05356779014822743,-0.015332311026208764,0.05668850738506953,0.024910970380971356,0.04444616506221233
71,0.044948861138336606,0.050512162209031305,-0.029910882190410843,0.09395215948939031,0.024905751099002196,0.04188973617586783,0.06439905428187961,-0.0007330077890140873,0.03764176433914727,0.08734846799044324,0.03790628799489715,0.022684370018144242,-0.013293106975691601,-0.019886363012011198,0.027985131753974917,0.024649406615095838,0.02232662736483993,0.04079701475276391,0.005839169704932225,0.000596609706238854,-0.003198480817079996
72,-0.026074719040020927,0.0927671693931366,0.010791209501792631,0.06260025505551696,0.05214769454175549,-0.01255877680473109,0.06719771983644916,0.06516418858680059,0.0492758897269837,-0.02646261069030074,-0.1434132833015306,-0.009326092852967406,0.04736535332554463,-0.09083556275906199,-0.09711600645757168,0.027031862256106813,0.05013792224196025,0.019600514325103572,-0.033892685813506865,0.11368810681052183,0.031718220345082954
73,0.0014569153378469603,0.018166813643522718,-0.001341686963325277,0.0033751049213474834,0.011213727722435705,0.013538887880741127,-0.017059377035281043,0.07331847075741482,0.030004976734141087,0.06201164737881865,0.019082143207103875,-0.05519291734833666,0.041034435089818105,0.012210156230299331,-0.05196133780222694,0.0028742228637099495,0.07942804085490669,0.03591066926944299,-0.03947944641803121,0.07395787540543002,0.042413614625101466
74,0.16445608965141556,0.020530801045690356,-0.042678964071087205,0.023634010206012964,0.07067891964497917,0.015240547515204036,0.027084564191957573,0.008075881188370368,0.02740464613057831,-0.022181734731348293,0.03302551187024177,-0.033401786587522055,0.0011471072145716112,-0.05562886314565989,0.11104851877539362,0.0408922640134475,-0.011000442122731982,-0.08258793842706147,-0.04720936048316139,-0.042448068992912216,0.057498151475025974
75,0.04490965294620502,-0.04938033602649569,-0.05318883424782888,0.008718766633751039,0.024648367639700457,0.03451567945184562,-0.01021194743165507,-0.033074350021090174,0.04800823393719242,-0.02996308879641303,-0.020846727225749255,0.10256063737013693,0.011702624363025375,0.0417510739700792,-3.963623685946036e-05,0.039333221604190845,0.050512162209031305,-0.029910882190410843,0.09395215948939031,0.024905751099002196,-0.007383161348494955
76,0.1315825200212921,0.1367068347800229,0.1311532579188743,0.11131571440938633,0.035793694190449386,0.04806240645073723,0.016226096778767064,-0.03269455800362337,0.09547372235376145,0.07520625932878826,0.001623004560214426,-0.01534755215224717,-0.09563878585135667,-0.034902765518025916,0.00110658245929761,-0.0019707085426019775,-0.07311732007286383,-0.09889894590370596,-0.07716690882936779,0.05481731158778569,-0.005529137560678465
77,-0.022856495367242196,-0.004517566543534055,-0.07031992292326242,0.12512951565687028,0.04630595254479673,0.0033421825569468046,-0.04227611970469211,-0.050498900630185264,0.010783273399662228,0.04645933327868312,-0.031242931752715704,-0.04904310773206642,-0.10338315238127574,-0.0605446213613312,0.004887389884845521,0.24334785007519066,0.03596463253986014,0.09044619152700702,-0.0032929277278975345,0.006364926000034128,-0.04579112302167692
78,0.061907521205541424,0.04354140256395621,-0.0011521168442352808,0.06996550155243682,0.0634970250320656,0.04812106459312323,0.017461980216704025,-0.027010873579979045,-0.014730314040599294,0.02826162078001348,0.017808873832522814,0.020655242408598253,-0.03567382466677644,-0.01046043074501207,0.028225122466648295,0.044647968058535034,0.026091687558453626,0.03341163695318257,0.0049317270532911505,0.007477942352647772,0.006612771198706547
79,-0.020431440671730198,0.01998665997633142,-0.031082690526254893,0.002430625486315612,0.07570685403943211,0.016543619986341563,0.017924797219877563,0.023580997183367442,0.017281620614598397,-0.034287320165793035,0.016661813725847092,0.017238679523561444,0.0067318443944498025,0.0003928929700552938,-0.027914669894337645,0.10498664055254922,0.022458901633128824,-0.007778741942306582,-0.0037848696158415815,0.020327262293546484,-0.08889000711334612
80,0.09381664737022734,0.14083582185004723,0.09874539105052259,0.1980595960206749,-0.007250054133614382,0.05536150111826453,0.04405280732275557,-0.03381423652864563,0.057357430003822034,-0.027931969716044284,0.020422863599038738,0.0576371770949132,-0.026072889377660884,-0.12253989570409915,-0.03621649721069029,-0.0131336109081202,0.061907521205541424,0.04573648724309125,-0.006790861538028222,0.009433281355915271,-0.014600470371364999
81,0.02517833335626331,0.09044619152700702,0.05268977902213795,0.02176619879236522,-0.007656332504046889,-0.03507399595771937,0.016940676610758692,0.02902295906132065,-0.008191109106544123,0.0900989218150235,0.04022077283856794,-0.0173456788167319,0.006702524739548357,-0.007547991372525836,-0.004042477083777581,0.020435228983264355,0.006297766455834597,-0.01669743734389148,-0.0253224956421449,0.04237123697766942,0.034037086276389676
82,-0.01475725902830638,-0.02035423008061721,-0.027893117321920374,0.02639861893020655,0.029078939581978474,0.06331349843036885,0.03112869326451413,0.0019359245923828542,0.007020421424277806,0.00043711952401027877,-0.006680494674934709,0.014945083156067693,0.005167882429577925,-0.006905108733557086,-0.029534921581718058,0.02709928010278606,0.055970802408372225,-0.03677184575890198,-0.1218280230092854,-0.038618769215352976,0.0017344377427880998
83,0.015126061979743104,-0.02792503850162619,0.004381774557754737,0.01639230386462114,-0.06110037982224164,0.07946234483177844,0.04684663102592058,0.0061949975367046,-0.019068281816173573,-0.0713840292511914,0.0028870675659669913,0.0946013051011754,-0.04511760309730755,-0.05776803244126003,-0.07780113493787241,-0.08523360912573254,0.030474884881794746,0.19476497723196481,0.054359119672220756,0.085384685131117,0.14960067236142724
84,0.007974038851990953,-0.00072590316482399,-0.0032982567368964053,-0.03826419835710366,0.031453163421733106,0.021294956482008322,-0.005346549189384994,0.08806943722472424,0.039865583625172084,-0.015285831653700205,0.002021835830374982,-0.0018427708801756102,-0.0033481605894797144,0.012649918105789538,0.003923268694962706,-0.013534918400980867,-0.026853141604926915,0.06253405459302952,0.08748535202515613,0.013963011136263486,-0.01443544461218946
85,0.0897037047873954,0.01998665997633142,-0.031082690526254893,0.002430625486315612,0.07067879187118188,0.032987146810026395,0.043783032082419,0.03344474957879514,0.0029025417067542396,0.007221085628945011,0.009346032013199956,-0.014727339179581215,0.02043033461432674,0.006085282308852949,-0.013945795051438253,-0.027931969716044284,0.020422863599038738,0.0576371770949132,-0.026072889377660884,-0.12253989570409915,-0.03621649721069029
86,-0.1218280230092854,-0.038618769215352976,0.0017344377427880998,0.0383700697461459,-0.004229448637686191,0.04426037679894457,0.015024797213813964,0.08978943009235238,0.18811433798098445,0.09021814789768995,0.19038427574162717,-0.002725805564664397,0.02413714607568401,0.05068818011555717,-0.041133885201600016,0.08365555280968927,0.0799543854539114,-0.012964228954416082,0.01848809379400931,-0.10478409704311777,-0.050209993324580156
87,0.13145744601978232,0.09853586021489504,-0.04624443418091701,0.07546919914540791,-0.052644045068644486,0.057391731731546526,0.04265630603855725,0.022807142819862326,0.02439044517374037,0.017073106277451525,0.020907862155915197,-0.028446372447748804,0.012365818491159804,0.004842037492388549,0.014475887971099484,0.01252791852493433,0.05364691489810045,0.05974919523256175,-0.004820745568297918,0.05314037668756117,0.07310831228205482
88,0.10652074418392923,0.14332260116698015,0.1311532579188743,0.11131571440938633,0.035793694190449386,0.04806240645073723,0.016226096778767064,-0.03269455800362337,0.09547372235376145,0.07520625932878826,0.001623004560214426,0.010959767256974928,-0.09096881126589298,-0.05048555245022713,-0.004089574664219004,0.0014569153378469603,0.004961207336632868,-0.15464392607940886,-0.07638695467008619,0.0062943424767758155,0.03251710760405471
89,-0.005346549189384994,0.08806943722472424,0.029232018333804663,0.012649918105789538,0.003923268694962706,-0.013534918400980867,-0.03374674071437715,0.009028741917982133,0.02870977967473705,0.022755690182547236,-0.08633037716556878,-0.0929254930148846,-0.053960273585968846,-0.1209672773677749,0.0023554476846316284,0.0281140192679024,0.029280853265727526,0.00342281220920832,0.02059180287371594,0.1442680668719345,0.09036745043547073
90,-0.04889617861396572,-0.056947025472608256,-0.08296368035457874,-0.12481355296141478,0.2341697026224454,0.11449748966614386,0.04721335484869471,0.1864918273196731,0.1912402838473926,-0.007339068801813674,0.032708833873126085,0.050713076916418395,0.02991114106029612,0.07775323221691115,0.08360971738967124,0.0441216471640192,-0.019269455674365138,0.05607678211970807,0.020127943408622548,0.048914298907070615,-0.014169577538660988
91,0.022578594132397916,0.09140733834896966,0.044948861138336606,0.050512162209031305,-0.029910882190410843,0.09395215948939031,-0.011379091107375035,0.007798985953508917,0.07819459062322921,0.044448562392878324,-0.006790861538028222,0.009433281355915271,-0.014600470371364999,-0.005535919993249112,0.01577757943279184,0.017210955642604907,-0.013148571141253456,-0.03327052651534079,0.033919103148152926,0.04751357520136966,-0.045693205856184464
92,0.056233847737528125,-0.15567643467981396,-0.05578242451271492,0.0027414211450370565,0.039360909878888926,0.02554805067516022,-0.011346396815389154,0.00966076592308283,-0.004896598863669388,0.001396149368181709,0.00385394882475879,0.06267977841439333,0.03481835612729046,-0.016846829757837384,-0.02094376794236849,0.013055502677213972,0.03913718739332794,0.0060348711455441165,-0.02112625798786727,-0.029534921581718058,0.02709928010278606
93,0.09511245755734427,0.19460797607474095,-0.008248630740864026,0.06208251319461728,0.04618033823150406,-0.00039668250200649,0.0320296105725281,0.04104858403868713,-0.10033392389766944,-0.06031508786027079,0.01974060520282703,-0.007798734681290897,0.036063760027324546,0.027953507033170056,0.04594981860169079,0.06319230671727441,0.07424945199336273,0.0540311695998272,-0.00521909168479309,0.05102624206575158,0.020933622671211866
94,0.10652074418392923,0.15471591201636187,0.1195536119516561,0.16077321134488992,0.0059681337722265965,0.04167222769359799,0.025144494961714538,-0.03647529900603461,0.09314832120171126,0.0720908090417364,-0.001832860749488936,-0.008054504811190783,-0.09009055783775237,-0.04822456859237323,0.011789268251337469,-0.004737227059644066,-0.01766156035542441,-0.1425588762630393,-0.07335021298209492,0.030783248129296784,0.010313697062755246
95,0.002021835830374982,-0.0018427708801756102,-0.0033481605894797144,0.012649918105789538,-0.0033481605894797144,0.012649918105789538,0.003923268694962706,-0.013534918400980867,-0.026853141604926915,0.04509197743886771,0.031861365171198065,-0.060927950869310125,-0.13787805025683347,-0.02067424302696964,-0.0777020536288688,-0.015065250731236896,0.002353141630354524,-0.001668183540305831,-0.12036325534435462,-0.08772596864057779,-0.042448068992912216
96,0.03779158738155633,0.00851847444375363,0.021435570978467603,0.015126061979743104,-0.02792503850162619,0.004381774557754737,0.01639230386462114,-0.06110037982224164,0.07946234483177844,0.04684663102592058,0.0061949975367046,-0.019068281816173573,-0.0713840292511914,0.0028870675659669913,0.0946013051011754,-0.04511760309730755,-0.05776803244126003,-0.07780113493787241,-0.08523360912573254,0.030474884881794746,0.19476497723196481
97,-0.027893117321920374,0.02639861893020655,0.029078939581978474,0.06331349843036885,0.03112869326451413,0.0019359245923828542,0.007020421424277806,0.00043711952401027877,-0.006680494674934709,0.011206439169149186,0.0320296105725281,0.0748770995501764,0.028516291247346292,0.015487793012481365,-0.09096881126589298,-0.05048555245022713,-0.004089574664219004,0.0014569153378469603,0.004961207336632868,-0.15464392607940886,-0.07335021298209492
98,-0.029534921581718058,0.02709928010278606,0.055970802408372225,-0.026072889377660884,-0.12253989570409915,-0.03621649721069029,-0.0131336109081202,0.0506174831210367,-0.0031455015921875735,0.04556569985235456,0.020701877565899043,0.06392473766982591,0.17290342797616506,0.11157955438534486,0.17354461860428042,0.005093046603205656,0.03998519926936727,0.04310360874963124,-0.00311542308986455,0.02744969203863194,0.10401486493516268
99,-0.030094690370443412,0.004887389884845521,0.24334785007519066,0.03483200682607578,0.09687186759712554,0.15927582686149339,0.13331833453538028,0.005168656270110838,0.01860029890708141,0.06669800285182495,0.033619419513257524,0.09660961896248449,0.03875830766692102,0.042671270030834596,-0.031419770986970096,0.1016350791241134,0.01252791852493433,0.05364691489810045,0.05974919523256175,-0.004820745568297918,0.05314037668756117
100,-0.00887580242302415,0.011878759963531013,-0.01970843724354158,-0.001764216062209568,-0.06529203476732443,0.10692926466615334,0.052818503065756854,0.01695484128659917,-0.037715375123555536,-0.05917818288180227,0.008367286199831514,0.07633428797990718,-0.04962330899281994,-0.05073514033788832,-0.081205586329834,-0.07649533509282554,0.004887389884845521,0.24334785007519066,0.02734539182641244,0.032177038443231165,0.017355998364001222
101,0.007822680867767927,0.03141904600384711,-0.014865073275704896,0.037043997380734404,-0.04056938058421847,-0.005637525045480252,-0.04471708607168182,0.002353141630354524,-0.001668183540305831,-0.12036325534435462,-0.08772596864057779,-0.042448068992912216,0.057498151475025974,-0.03099676014357284,-0.056746431009554614,-0.002423868950951307,0.01041279437881343,0.040987580797004076,0.029152458653708312,0.01081979999768568,-0.02994043999248146
102,-0.004922972172201207,-0.0002762711550266936,-0.1449848810164573,-0.07282663330833591,-0.011106035712797547,0.04490965294620502,-0.04938033602649569,-0.05318883424782888,0.008718766633751039,0.024648367639700457,0.03451567945184562,-0.01021194743165507,0.02631882958713734,-0.04579112302167692,-0.01582101293001888,0.05764210194520755,0.0704862757948348,-0.04677990554653519,-0.06866753903744134,0.010675079839919726,0.04982300929955519
103,0.01081979999768568,-0.02994043999248146,0.00732898516381754,0.02039034568448307,-0.055460249568366704,0.02770419661784631,0.08287636971891303,0.05118625414794426,0.020701877565899043,0.06392473766982591,0.17290342797616506,0.11157955438534486,0.17354461860428042,0.005093046603205656,0.03998519926936727,0.04310360874963124,-0.03845370595166686,0.07462004907188186,0.07988536334400807,0.018118850213676558,0.0025336243002390554
104,0.02639861893020655,0.029078939581978474,0.06331349843036885,0.03112869326451413,0.0019359245923828542,0.007020421424277806,0.02340268207023865,0.015240547515204036,0.027084564191957573,0.008075881188370368,0.02740464613057831,-0.022181734731348293,0.03302551187024177,-0.033401786587522055,0.0011471072145716112,-0.05562886314565989,0.11104851877539362,0.06122813180951501,0.012204001535472821,0.043707444721036194,0.008125885190452386
105,0.06679229388045187,0.03227390694017979,-0.0162359438464235,-0.09028939417877037,-0.002782893872620861,0.07608944778980152,-0.0005898371524523021,-0.0489350186692615,-0.06482928669907931,-0.08472219196931578,-0.10825506337615295,0.09999512202809652,-0.06176180680248807,-0.11395230555630652,0.10191809335007525,0.23386517694246298,-0.01210618658436047,0.14168675613036044,0.22283684317037525,0.02323773830564187,0.03947689379387463
106,0.08976295191255872,0.042288990324287054,-0.009681890320329786,0.05112307606913304,0.023963976708823272,0.05674287905853458,0.04682409768225949,0.02423140145385302,0.014796192932722805,0.015719992289216157,0.0528040198596846,0.06414806547249353,0.0027716475998749096,0.00732898516381754,0.02039034568448307,-0.055460249568366704,0.02770419661784631,0.08287636971891303,0.009333812953931188,0.05614625025802186,0.05878796760083395
107,-0.014210233821178028,0.05595520268387419,0.017269539927308293,-0.035612895278368584,-0.05865601678933303,-0.06176180680248807,-0.11395230555630652,0.10191809335007525,0.23386517694246298,-0.029486601211345186,0.023597433850476822,-0.022856495367242196,-0.004517566543534055,-0.07031992292326242,0.12512951565687028,0.04630595254479673,0.0033421825569468046,-0.04227611970469211,-0.050498900630185264,0.010783273399662228,0.04645933327868312
108,0.07502408584230007,0.06667213500753454,0.06959588102455792,-0.009936918659731264,0.021563445257773702,-0.055460249568366704,0.02770419661784631,0.08287636971891303,0.009333812953931188,-0.016832619674398547,-0.08588848725511113,0.027031862256106813,0.053648497988271496,0.015298102915068706,0.23386517694246298,-0.01210618658436047,0.14168675613036044,0.22283684317037525,0.02323773830564187,0.03947689379387463,0.009830092162553105
109,-0.01922870684246713,0.02517833335626331,0.09044619152700702,0.05268977902213795,0.02176619879236522,-0.007656332504046889,-0.03507399595771937,0.016940676610758692,0.02902295906132065,-0.008191109106544123,0.0900989218150235,0.04022077283856794,-0.0173456788167319,0.006702524739548357,-0.007547991372525836,-0.004042477083777581,0.020435228983264355,0.006297766455834597,-0.01669743734389148,-0.0253224956421449,0.04237123697766942
110,-0.08889000711334612,0.008442502072560752,-0.03322227229726265,0.06547859457587751,0.012552498632147085,-0.0005763305691675266,-0.039406788034806274,0.06748800444979743,-0.04850554726351195,0.026955011035204188,0.06436676991295626,0.02303278315861766,0.023504173591286825,0.014790474462585109,0.022092493641074486,0.16605428527117183,0.05075880985350582,0.02759643671691845,-0.005297334717018741,0.054950776773823706,0.06351461633079457
111,0.011257117079635537,0.009885871632892783,0.013450894429110424,0.02415492521826854,0.13679031692311297,0.12367975797769766,0.16899550807497488,0.08105651591925545,-0.0049851771713745364,0.07472554095781088,0.02815498806673793,-0.03457835186186034,0.09907059068764777,0.009525257639794482,0.040291256534930604,-0.006905108733557086,-0.029534921581718058,0.02709928010278606,0.055970802408372225,-0.03677184575890198,-0.1218280230092854
112,0.016940676610758692,0.02902295906132065,-0.008191109106544123,0.0900989218150235,0.04022077283856794,-0.0173456788167319,0.006702524739548357,-0.007547991372525836,-0.004042477083777581,0.020435228983264355,0.006297766455834597,-0.01669743734389148,-0.0253224956421449,0.04237123697766942,0.039573445635135734,-0.08633037716556878,-0.0929254930148846,0.009416902762785275,0.010180296726133154,0.032883772015831446,0.010764415351345306
113,0.002996970439633211,0.07365042419861502,0.05846382627014092,0.06370946940140053,-0.025506369445125927,-0.0010058767142069683,-0.017808305890816216,-0.016832619674398547,-0.08588848725511113,0.027031862256106813,0.053648497988271496,-0.019069577522530502,-0.059344447409009064,-0.0976602067509475,-0.0557556817700381,-0.03205603826024159,0.2526262616941449,0.05619929885881941,0.07379625291980775,0.15240257127716805,0.1680627641109319
114,0.08978943009235238,0.18811433798098445,0.09021814789768995,0.19038427574162717,-0.002725805564664397,0.02413714607568401,0.05068818011555717,-0.041133885201600016,0.08365555280968927,0.0799543854539114,-0.012964228954416082,0.01848809379400931,-0.10478409704311777,-0.050209993324580156,0.020283963990658363,-0.0005485705735380322,-0.01938484730921016,-0.1457170726235326,-0.06833406106931146,0.02056614342377341,0.02692459688709791
115,0.0017344377427880998,0.025810595499099868,0.07819459062322921,0.044448562392878324,-0.006790861538028222,0.009433281355915271,-0.014600470371364999,-0.005535919993249112,0.01577757943279184,0.00788358795709604,0.013538887880741127,-0.009866661182637375,-0.029950006555454843,0.041625614727588994,0.03305770518251055,-0.045628209002634,-0.13008317716932508,-0.023728592557452504,0.040829540244036434,0.01853262344435327,0.010068724907123608
116,-0.00496676521662024,-0.11399169447086158,-0.051075149006804765,-0.0021335904868741654,0.0331153666186435,0.008772262157337138,0.03948925873048987,-0.005579862452647787,0.077739445343134,0.03982964454413606,0.06044932323785948,0.020655242408598253,-0.03567382466677644,-0.01046043074501207,0.028225122466648295,0.044647968058535034,-0.012131291120334405,-0.007547991372525836,-0.004042477083777581,0.020435228983264355,0.006297766455834597
117,0.07633428797990718,-0.04962330899281994,-0.05073514033788832,-0.081205586329834,-0.07649533509282554,0.004887389884845521,0.24334785007519066,0.03483200682607578,0.09687186759712554,0.15927582686149339,0.13331833453538028,0.005168656270110838,0.01860029890708141,0.06669800285182495,0.033619419513257524,0.09660961896248449,0.030442772343250154,-0.0028759325671209564,0.07791135487191457,0.02344835378555335,0.029657446232651936
118,0.0313435380150615,-0.012788132184603986,0.023597433850476822,-0.022856495367242196,-0.004517566543534055,-0.07031992292326242,0.12512951565687028,0.04630595254479673,0.0033421825569468046,-0.04227611970469211,-0.050498900630185264,0.010783273399662228,0.04645933327868312,-0.031242931752715704,-0.04904310773206642,-0.10338315238127574,0.03901960056551912,0.008499036672793286,0.03590981164249519,-0.030569674068653747,-0.06118506855572103
119,0.0025336243002390554,-0.10033392389766944,-0.06031508786027079,0.01974060520282703,0.00435558155294859,-0.018978511458347606,-0.15049273384696898,-0.06866403183244768,0.015151760354786346,0.02923423138402624,-0.08370626856186839,-0.0014347097716089039,-0.0162462464960763,0.06081204173790412,0.0012446836373436378,-0.007829901167596347,-0.02712704838623795,0.05550996276826985,-0.042678964071087205,0.023634010206012964,0.07067891964497917
120,0.0246433542126176,0.08014730302853963,0.0551352858496667,0.020204766968143936,0.006982664079105983,-0.020490841137627124,-0.011513472180371801,0.03614906441302523,0.005747103245119043,0.07395787540543002,0.042413614625101466,-0.009200394809037693,0.004299657044073789,-0.01473198548039481,0.0033751049213474834,0.011213727722435705,0.013538887880741127,-0.009866661182637375,-0.009039981931415794,0.1043825189063411,0.1442516967700536
121,0.009028741917982133,0.02870977967473705,0.022755690182547236,-0.08633037716556878,-0.0929254930148846,0.009416902762785275,0.010180296726133154,0.032883772015831446,0.010764415351345306,0.013427251399639835,0.05878796760083395,0.1442680668719345,0.09036745043547073,0.20817411967213192,0.009591104411358879,0.05631413212158116,0.042268457879275786,0.005827663009140014,0.020169020825399984,0.07150946280620203,0.04824130298852722
122,0.015847352608689344,-0.01262927522922229,0.09265456436381819,0.028878379176320676,0.006702524739548357,-0.007547991372525836,-0.004042477083777581,0.020435228983264355,0.006297766455834597,-0.01669743734389148,-0.0253224956421449,0.04237123697766942,0.034037086276389676,-0.049407531129056194,-0.1434132833015306,-0.009326092852967406,0.05522655912088008,0.011257117079635537,0.009885871632892783,0.013450894429110424,0.02415492521826854
123,0.04684663102592058,-0.014229484226591703,0.05668850738506953,0.024910970380971356,0.04444616506221233,0.05750007864095875,0.029486966374752895,0.008080301731063687,0.06736312926851827,0.05180920723544425,0.006612771198706547,0.021128846640643982,0.03651849782299039,-0.01713394966401948,0.061073824379587346,0.012275326094953992,0.10652074418392923,0.15471591201636187,0.1195536119516561,0.020485661682754973,0.09314832120171126
124,0.03483200682607578,0.09687186759712554,0.15927582686149339,0.13331833453538028,0.005168656270110838,0.01860029890708141,0.06669800285182495,0.033619419513257524,0.09660961896248449,0.03875830766692102,0.042671270030834596,-0.031419770986970096,0.1016350791241134,0.01252791852493433,0.05364691489810045,0.05974919523256175,-0.004820745568297918,0.05314037668756117,0.07310831228205482,0.05407329072383777,0.013963011136263486
125,-0.0019707085426019775,-0.07311732007286383,-0.09889894590370596,-0.07716690882936779,0.05481731158778569,-0.005529137560678465,-0.06566738679306296,-0.020389869958670415,0.0017092297775827784,0.05977963840371972,0.030717952754331992,0.04671823888313922,-0.0066750398740466005,0.077739445343134,0.03982964454413606,0.06044932323785948,0.020655242408598253,-0.03567382466677644,-0.01046043074501207,0.028225122466648295,0.044647968058535034
126,-0.0683707738427256,-0.1209672773677749,0.0023554476846316284,0.0281140192679024,0.029280853265727526,0.00342281220920832,0.01961569337155239,0.048659151818756505,0.12790301675578866,0.11004866409985843,0.1786296003926594,0.057001927295215075,0.025957653285422967,0.04728589598410899,0.0339515426218907,-0.031032734108641196,0.10133919983596766,0.039463226707756656,0.037833419266079034,-0.08240092046298034,-0.06711143021698956
127,-0.04904310773206642,-0.10338315238127574,-0.05509488366834008,0.011611238192971548,0.23950488532678857,0.04837086616455555,0.1043825189063411,0.1442516967700536,0.12849048001054955,0.020712984020955096,0.005437065094973533,0.017136722012624932,0.011789268251337469,-0.004737227059644066,-0.01766156035542441,0.02759643671691845,-0.005297334717018741,0.054950776773823706,0.06351461633079457,0.06771129635265376,0.07331847075741482
128,0.0540311695998272,-0.00521909168479309,0.05102624206575158,0.020933622671211866,0.04590908523343384,0.05961348252391238,0.031214668156433666,0.05194852180449573,-0.04572308988216685,0.11549969352514268,0.09453251986209088,0.05356779014822743,-0.015332311026208764,0.05668850738506953,0.024910970380971356,0.04444616506221233,0.05750007864095875,0.029486966374752895,0.008080301731063687,0.06736312926851827,0.06484997864763854
129,0.050713076916418395,0.02991114106029612,0.07775323221691115,0.08360971738967124,0.0441216471640192,-0.019269455674365138,0.05607678211970807,0.020127943408622548,0.0528040198596846,0.06414806547249353,0.010441241355893008,0.0246433542126176,0.08014730302853963,0.0551352858496667,0.021040770120628195,0.04751357520136966,-0.045693205856184464,-0.12218888144058664,-0.03311736690928855,0.029156456970374847,0.020315402513363848
130,0.043498732633943174,0.012981123408360313,0.059001729166159776,0.047856138232220576,-0.02592957193685902,0.0746436849787944,-0.0014635415701782864,-0.08258793842706147,-0.014210233821178028,0.05595520268387419,0.017269539927308293,-0.035612895278368584,-0.05865601678933303,-0.06176180680248807,-0.1485465509438072,0.004887389884845521,0.24334785007519066,0.03483200682607578,0.09687186759712554,0.15927582686149339,0.13331833453538028
131,0.20618471364188823,0.09682711124749349,0.02679779099817386,-0.0074318819833296195,0.055383400241375814,0.05254682115963913,0.09243218492997904,0.059001729166159776,0.047856138232220576,-0.02592957193685902,0.0746436849787944,0.02841273061469006,0.047442303827898546,0.0685423723087051,-0.00311542308986455,0.02744969203863194,0.10401486493516268,0.03510483726889428,0.0183397684187012,-0.0032982567368964053,-0.03826419835710366
132,0.09687186759712554,0.15927582686149339,0.13331833453538028,0.005670866501563713,0.04594981860169079,0.06319230671727441,0.07424945199336273,0.0540311695998272,-0.00521909168479309,0.05102624206575158,0.020933622671211866,0.04590908523343384,0.05961348252391238,0.031214668156433666,0.002996970439633211,0.07365042419861502,0.05846382627014092,0.06370946940140053,-0.025506369445125927,0.002774939635587524,-0.033401786587522055
133,0.029239223785477764,0.016288290926872614,0.1315825200212921,0.1367068347800229,0.1311532579188743,0.11131571440938633,0.035793694190449386,0.04806240645073723,0.016226096778767064,-0.03269455800362337,0.09547372235376145,0.07520625932878826,0.001623004560214426,-0.01534755215224717,-0.09563878585135667,-0.034902765518025916,0.00110658245929761,-0.0019707085426019775,-0.07311732007286383,-0.09889894590370596,-0.07716690882936779
134,-0.12342676797280178,-0.07282663330833591,-0.011106035712797547,0.04490965294620502,-0.04938033602649569,-0.05318883424782888,0.008718766633751039,0.009631178046194637,0.07365042419861502,0.05846382627014092,0.06370946940140053,-0.025506369445125927,-0.0010058767142069683,-0.027893117321920374,0.02639861893020655,0.029078939581978474,0.0017506065169630937,-0.013293106975691601,-0.019886363012011198,0.027985131753974917,0.024649406615095838
135,0.021294956482008322,-0.005346549189384994,0.08806943722472424,0.039865583625172084,-0.015285831653700205,0.002021835830374982,-0.0018427708801756102,-0.0033481605894797144,0.012649918105789538,0.003923268694962706,-0.013534918400980867,-0.026853141604926915,0.04509197743886771,0.031861365171198065,-0.060927950869310125,-0.13787805025683347,-0.0020105680194356466,0.007020421424277806,0.00043711952401027877,0.013521780423583714,0.029280853265727526
136,0.14083582185004723,0.05631950504083591,-0.03327052651534079,0.033919103148152926,0.04751357520136966,-0.045693205856184464,-0.12218888144058664,-0.03311736690928855,0.029156456970374847,0.020315402513363848,0.006287851614069399,0.029239223785477764,0.016288290926872614,0.020562466603232354,0.048659151818756505,0.12790301675578866,0.11004866409985843,0.1786296003926594,0.057001927295215075,0.025957653285422967,0.04728589598410899
137,0.013427251399639835,0.05878796760083395,0.1442680668719345,0.09036745043547073,0.20817411967213192,0.009591104411358879,0.05631413212158116,0.042268457879275786,0.04737909836151648,0.0061949975367046,-0.019068281816173573,-0.0713840292511914,0.0028870675659669913,0.0946013051011754,-0.04511760309730755,-0.05776803244126003,-0.07780113493787241,-0.08523360912573254,0.030474884881794746,0.19476497723196481,0.054359119672220756
138,-0.05196133780222694,0.0028742228637099495,0.07942804085490669,0.03591066926944299,-0.03904979439636809,-0.08752271000182854,0.021403949475942596,0.06692223099929095,0.005262864003230632,-0.04889617861396572,-0.056947025472608256,-0.08296368035457874,-0.12481355296141478,0.10908573352722628,0.04248151104216597,-0.02927708533922444,-0.05873782374826621,0.001374842288426062,0.016131477872899806,0.04083681163566783,-0.008660317960369103
139,0.020841236177624917,-0.03163850228123829,-0.023889878117802528,0.002353141630354524,-0.001668183540305831,-0.12036325534435462,-0.08772596864057779,-0.042448068992912216,0.057498151475025974,-0.03099676014357284,-0.056746431009554614,-0.002423868950951307,0.01041279437881343,0.046225217964285595,-0.0034178765959546687,-0.02871232318376256,-0.016800826856763127,0.019385155276800098,-0.0028759325671209564,0.07791135487191457,0.02344835378555335
140,-0.03268418807681166,0.024820507352673524,0.05454457330743639,0.057247456131758044,0.023963976708823272,0.05674287905853458,0.04682409768225949,0.02423140145385302,0.014796192932722805,0.0823473341015913,0.05731174544484317,0.028748656926538833,-0.006766053924133821,-0.013687465687720385,-0.014879420061233384,0.031133313490282106,0.007798985953508917,0.07819459062322921,0.044448562392878324,-0.006790861538028222,0.009433281355915271
141,0.0383700697461459,-0.004229448637686191,0.04426037679894457,0.015024797213813964,0.08978943009235238,0.18811433798098445,0.09021814789768995,0.19038427574162717,-0.002725805564664397,0.02413714607568401,0.05068818011555717,-0.041133885201600016,0.08365555280968927,0.059158796130909616,-0.004489316240323887,-0.008127589068975276,-0.00505393398592306,0.027342220336279893,0.03091441659292303,-0.009866661182637375,-0.024266147579110997
142,0.010556726679935019,0.07369538944811423,0.03904977210986973,0.015847352608689344,-0.01262927522922229,0.09265456436381819,0.0452438535946445,0.02231189793737722,-0.08581948839162631,-0.06508105366372605,-0.0014427468015152075,-0.004922972172201207,-0.0002762711550266936,-0.1449848810164573,-0.07282663330833591,-0.011106035712797547,0.04490965294620502,-0.04938033602649569,-0.05318883424782888,0.008718766633751039,0.024648367639700457
143,0.06260025505551696,0.05214769454175549,-0.01255877680473109,0.0933804507502066,0.03510483726889428,0.0183397684187012,-0.0032982567368964053,-0.03826419835710366,0.031453163421733106,0.021294956482008322,-0.005346549189384994,0.08806943722472424,0.039865583625172084,-0.015285831653700205,0.002021835830374982,-0.0018427708801756102,-0.0033481605894797144,0.012649918105789538,0.003923268694962706,-0.013534918400980867,-0.026853141604926915
144,0.0017344377427880998,0.0383700697461459,-0.004229448637686191,0.04426037679894457,0.015024797213813964,0.08978943009235238,0.18811433798098445,0.09021814789768995,0.19038427574162717,-0.002725805564664397,0.02413714607568401,-0.057725923262403354,-0.06711143021698956,-0.009372199840067003,0.001754605321988245,-0.001517564516523798,-0.14258923569181944,-0.06851762111446583,-0.028919930259445434,0.020678822865682803,0.032037542390131735
145,-0.04822456859237323,0.011789268251337469,-0.004737227059644066,-0.01766156035542441,-0.1425588762630393,-0.07335021298209492,0.030783248129296784,0.015523407838747783,-0.08073559907332292,-0.003870944107512582,-0.014683768648714483,0.06623824382816598,-0.0035657031842441177,-0.0040099439253633,-0.04624443418091701,0.07546919914540791,-0.052644045068644486,0.057391731731546526,0.04265630603855725,0.022807142819862326,0.02439044517374037
146,0.12367975797769766,0.16899550807497488,0.18640853757485246,0.19038427574162717,-0.002725805564664397,0.02413714607568401,0.05068818011555717,0.0012024410470992941,0.004345290344611144,0.001665061697892903,-0.007154718189339423,0.02090016898043685,-0.004093450140098699,-0.014982093628872283,-0.015130296811596812,0.009028741917982133,0.02870977967473705,0.022755690182547236,0.00854374153313368,0.03085472320050027,0.04556569985235456
147,0.007221085628945011,0.009346032013199956,-0.014727339179581215,0.02043033461432674,0.006085282308852949,-0.013945795051438253,-0.027931969716044284,0.020422863599038738,0.0576371770949132,-0.026072889377660884,-0.12253989570409915,-0.03621649721069029,-0.0131336109081202,0.0506174831210367,-0.053968994064760946,0.041034435089818105,0.012210156230299331,-0.05196133780222694,0.0028742228637099495,0.07942804085490669,0.03591066926944299
148,-0.05630009286773721,-0.004303363818687617,-0.0016686239979490554,0.005747103245119043,0.07395787540543002,0.042413614625101466,-0.009200394809037693,0.004299657044073789,-0.01473198548039481,0.0033751049213474834,0.011213727722435705,0.013538887880741127,-0.009866661182637375,-0.029950006555454843,0.041625614727588994,0.03305770518251055,-0.045628209002634,-0.13008317716932508,-0.023728592557452504,0.040829540244036434,0.01853262344435327
149,0.05075880985350582,0.02759643671691845,-0.005297334717018741,0.054950776773823706,0.06351461633079457,0.06771129635265376,0.07331847075741482,0.030940315022201004,0.01685672166555747,0.025860773477762753,0.017924797219877563,0.023580997183367442,0.017281620614598397,-0.034287320165793035,0.016661813725847092,0.017238679523561444,-0.08531813387807584,0.051639251347764654,0.06679229388045187,0.03227390694017979,-0.0162359438464235
150,0.0685423723087051,-0.00311542308986455,0.02744969203863194,0.10401486493516268,0.03510483726889428,0.0183397684187012,-0.0032982567368964053,-0.03826419835710366,0.031453163421733106,0.021294956482008322,-0.005346549189384994,0.08806943722472424,0.039865583625172084,-0.015285831653700205,0.002021835830374982,-0.0018427708801756102,-0.0033481605894797144,0.012649918105789538,0.003923268694962706,-0.013534918400980867,-0.026853141604926915
151,-0.01473198548039481,0.0033751049213474834,0.011213727722435705,0.013538887880741127,-0.009866661182637375,-0.029950006555454843,0.041625614727588994,0.01853262344435327,0.010068724907123608,0.022683386114089713,0.016515814760306495,0.13498531885131013,0.12926506844514737,0.15170152090831238,0.08927835889575753,0.026650294369621963,0.05023086249500809,-0.012293109759871716,0.011213727722435705,0.013538887880741127,-0.009866661182637375
152,0.022833190338024337,0.06930880348256134,0.04671823888313922,-0.0066750398740466005,0.077739445343134,0.03982964454413606,0.06044932323785948,0.020655242408598253,-0.03567382466677644,-0.01046043074501207,0.028225122466648295,0.044647968058535034,0.026091687558453626,0.03341163695318257,0.0049317270532911505,0.007477942352647772,0.00644659614970346,0.04354140256395621,-0.0011521168442352808,0.06996550155243682,0.06104572427540036
153,0.023504173591286825,0.014790474462585109,0.02278155912917828,-0.02456315189035098,0.03329672356968668,-0.03136287361237509,-0.01315090154732808,-0.037196617343158475,0.09745846809380196,0.04415707487510739,-0.025559993762288603,-0.13787805025683347,-0.0020105680194356466,0.04248574632216505,0.02403911798411785,-0.0006670782883442124,0.03209308509343252,0.032037542390131735,0.13328823247215815,0.10421237703207416,0.18772419387962436
154,0.08205111427962404,0.08078541694248285,0.06554334326021176,0.015232563943364053,-0.00011492672750969557,0.06786289075018366,0.019644900767271215,0.061907521205541424,0.04354140256395621,-0.0011521168442352808,0.06996550155243682,0.0634970250320656,0.04812106459312323,0.017461980216704025,-0.027010873579979045,-0.014730314040599294,0.02826162078001348,0.03156481214572913,-0.004820745568297918,0.05314037668756117,0.07310831228205482
155,0.03251710760405471,-0.07682537110950548,-0.020352219706992098,0.006940060669718801,0.033791252003787804,0.009119805272276776,0.008977307504258474,-0.02549187566543074,0.03916741147349725,-0.030720136272704167,-0.007930492469347556,0.08135867933125521,0.016237304618384896,0.03276785207007106,0.005616486133727918,0.031990468729583256,-0.028890134044899925,0.037347660292486595,-0.020533393111316484,-0.012436708278717812,-0.027914669894337645
156,0.061073824379587346,0.012275326094953992,0.10652074418392923,0.15471591201636187,0.1195536119516561,0.16077321134488992,0.0059681337722265965,0.04167222769359799,0.025144494961714538,-0.03647529900603461,0.09314832120171126,0.0720908090417364,-0.001832860749488936,-0.008054504811190783,-0.09009055783775237,-0.04822456859237323,0.011789268251337469,-0.004737227059644066,-0.01766156035542441,-0.1425588762630393,-0.07335021298209492
157,0.010556726679935019,0.07369538944811423,0.03904977210986973,0.015847352608689344,-0.01262927522922229,0.09265456436381819,0.0452438535946445,0.02231189793737722,-0.08581948839162631,-0.06508105366372605,-0.0014427468015152075,-0.004922972172201207,-0.0002762711550266936,0.01327754895502727,0.002015173597135853,0.05878796760083395,0.1442680668719345,0.09036745043547073,0.20817411967213192,0.009591104411358879,0.04746616686205127
158,0.002430625486315612,0.07570685403943211,0.013127471629898833,0.043498732633943174,0.006171945495862345,0.0313435380150615,-0.012788132184603986,0.023597433850476822,-0.022856495367242196,-0.004517566543534055,-0.07031992292326242,0.12512951565687028,0.04630595254479673,0.13772495704920013,0.05075880985350582,0.02759643671691845,-0.005297334717018741,0.054950776773823706,0.06351461633079457,0.06771129635265376,0.07331847075741482
159,-0.02549187566543074,0.03916741147349725,-0.030720136272704167,-0.007930492469347556,0.08135867933125521,0.016237304618384896,0.03276785207007106,0.005616486133727918,0.031990468729583256,-0.028890134044899925,0.037347660292486595,-0.020533393111316484,-0.012436708278717812,-0.027914669894337645,0.10498664055254922,0.022458901633128824,-0.007778741942306582,-0.03716115413325973,-0.034936127697749966,0.008499036672793286,-0.045389581123573476
160,0.0028742228637099495,0.07942804085490669,0.03591066926944299,-0.03904979439636809,-0.08752271000182854,0.03342729655031168,-0.08296368035457874,-0.12481355296141478,0.2341697026224454,0.11449748966614386,0.04721335484869471,0.1864918273196731,0.1912402838473926,-0.007339068801813674,0.032708833873126085,0.0640856248078243,0.06959588102455792,-0.009936918659731264,0.029728891762537946,-0.005359804041854589,0.08135217061748415
161,-0.0035989485344935825,-0.008671695817373782,-0.017376977939665986,0.03797585285006797,0.034830188290305736,-0.0683707738427256,-0.1209672773677749,0.0023554476846316284,0.0281140192679024,0.029280853265727526,0.00342281220920832,0.01961569337155239,0.048659151818756505,0.12790301675578866,0.11004866409985843,0.20067314389643134,0.08105651591925545,-0.0049851771713745364,0.07472554095781088,0.02815498806673793,-0.03457835186186034
162,0.003923268694962706,-0.013534918400980867,-0.026853141604926915,0.04509197743886771,0.031861365171198065,-0.060927950869310125,-0.13787805025683347,-0.0020105680194356466,0.04248574632216505,0.02403911798411785,-0.0006670782883442124,0.03209308509343252,0.032037542390131735,0.13328823247215815,0.10421237703207416,0.18772419387962436,0.06552574171230927,0.023924418008826748,0.05838048512076765,0.019600514325103572,-0.033892685813506865
163,0.013427251399639835,0.05878796760083395,0.1442680668719345,0.09036745043547073,0.20817411967213192,0.009591104411358879,0.05631413212158116,0.042268457879275786,0.005827663009140014,0.020169020825399984,0.07150946280620203,0.04824130298852722,0.016537414449602463,-0.09083556275906199,-0.05630009286773721,-0.09443073723371848,0.017527314762775668,0.028274969972201847,0.0331860274858787,-0.06097355054458573,-0.022169872968913627
164,0.004345290344611144,0.001665061697892903,-0.007154718189339423,0.02090016898043685,-0.06299339591342107,-0.13787805025683347,-0.0020105680194356466,0.04248574632216505,0.02403911798411785,-0.0006670782883442124,0.03209308509343252,0.032037542390131735,0.13328823247215815,0.10421237703207416,0.18772419387962436,0.06552574171230927,0.023924418008826748,0.05838048512076765,0.019600514325103572,-0.033892685813506865,0.11368810681052183
165,-0.02996308879641303,-0.020846727225749255,0.10256063737013693,0.011702624363025375,0.0417510739700792,-3.963623685946036e-05,0.030429494047507367,0.05511689419377509,0.013127471629898833,0.043498732633943174,0.006171945495862345,0.0313435380150615,-0.012788132184603986,0.023597433850476822,-0.022856495367242196,-0.004517566543534055,-0.07031992292326242,0.12512951565687028,0.04630595254479673,0.0033421825569468046,-0.04227611970469211
166,-0.02177030502227734,0.22666738584077392,0.16025330892228135,0.029606206151133886,0.036063760027324546,0.027953507033170056,0.04594981860169079,0.06319230671727441,0.07424945199336273,0.0540311695998272,-0.00521909168479309,0.05102624206575158,0.020933622671211866,0.04590908523343384,0.05961348252391238,0.031214668156433666,0.002996970439633211,0.07365042419861502,0.05846382627014092,0.06370946940140053,-0.025506369445125927
167,0.07406778941808727,0.05182666214494851,0.058840435390986504,0.03990060764637979,0.045526761041284745,0.021049862769594634,0.026352301379043326,0.0012990776355567737,0.007170867643536217,-0.011679526504085241,0.007461879601311705,0.0031790701162829277,-0.004489316240323887,-0.008127589068975276,-0.00505393398592306,0.027342220336279893,0.032401305533269247,0.0011920081357735563,0.09044619152700702,0.05268977902213795,0.02176619879236522
168,0.07715438445561038,0.2127050409126765,0.010556726679935019,0.07369538944811423,0.03904977210986973,0.015847352608689344,-0.01262927522922229,0.09265456436381819,0.0452438535946445,0.02231189793737722,-0.08581948839162631,-0.06508105366372605,-0.0014427468015152075,-0.004922972172201207,-0.0002762711550266936,-0.1449848810164573,-0.07282663330833591,-0.011106035712797547,0.04490965294620502,-0.04938033602649569,-0.05318883424782888
169,-0.01938484730921016,-0.1457170726235326,-0.06833406106931146,0.02056614342377341,0.020327262293546484,-0.08889000711334612,0.008442502072560752,-0.03322227229726265,0.06547859457587751,0.012552498632147085,-0.0005763305691675266,-0.039406788034806274,0.06748800444979743,-0.04850554726351195,0.026955011035204188,0.06436676991295626,0.02303278315861766,0.05742887036965358,0.14083582185004723,0.09874539105052259,0.1980595960206749
170,0.01970623765645272,0.06570940764382426,0.04614115426521307,-0.005814780866760401,0.008527595105345247,-0.010202013685965725,-0.0007087971577727721,0.01219014238418171,0.016357579018128617,-0.01475725902830638,-0.02942832466642877,0.03660958204538981,0.04647911062049513,-0.04572308988216685,-0.13068905238419817,-0.027128337150302294,0.017439536052967712,0.03651849782299039,-0.01713394966401948,0.061073824379587346,0.012275326094953992
171,-0.03136287361237509,-0.01315090154732808,-0.037196617343158475,0.09745846809380196,0.04415707487510739,-0.011378475219155786,-0.0810228182142374,0.005199332304599804,0.012765043902344708,0.04028733948383551,-0.045389581123573476,-0.043472820294300434,-0.03166469678688542,-0.1329047130515534,0.08950145097867729,0.20527086862786997,-0.02177030502227734,0.05981071754544449,-0.030645721609290747,0.027910536194669523,0.01970623765645272
172,0.01998665997633142,-0.031082690526254893,0.002430625486315612,0.07570685403943211,0.013127471629898833,0.043498732633943174,0.006171945495862345,0.0313435380150615,-0.012788132184603986,0.023597433850476822,-0.022856495367242196,-0.004517566543534055,-0.07031992292326242,0.03733810823182055,0.001665061697892903,0.009191586195166152,0.009961599505911202,0.0329867735043766,0.004729783438254615,0.021012075726165945,0.053974597623704164
173,0.04263610092887712,-0.0173456788167319,0.006702524739548357,-0.007547991372525836,-0.004042477083777581,0.020435228983264355,0.006297766455834597,-0.01669743734389148,-0.0253224956421449,0.04237123697766942,0.034037086276389676,-0.049407531129056194,-0.1434132833015306,-0.009326092852967406,0.05522655912088008,0.011257117079635537,0.009885871632892783,0.013450894429110424,0.02415492521826854,0.13679031692311297,0.12367975797769766
174,-0.011346396815389154,0.00966076592308283,-0.014840237399720475,0.02415492521826854,0.13679031692311297,0.12367975797769766,0.16899550807497488,0.08105651591925545,-0.0049851771713745364,0.07472554095781088,0.02815498806673793,-0.010008899227148446,0.013450894429110424,0.02415492521826854,0.13679031692311297,0.12367975797769766,0.16899550807497488,0.08105651591925545,-0.0049851771713745364,0.07472554095781088,0.02815498806673793
175,0.021435570978467603,0.015126061979743104,-0.02792503850162619,0.004381774557754737,0.01639230386462114,-0.06110037982224164,0.07946234483177844,0.04684663102592058,0.0061949975367046,-0.019068281816173573,-0.0713840292511914,-0.018982891453395673,-0.05616080316826022,-0.15957931500483433,0.00963737490581092,0.044233642604987015,0.24223348615295345,0.011503904041554106,0.11178376376371055,0.23686636505316352,0.05075880985350582
176,-0.06866753903744134,-0.014418299225693676,-0.055150510227477294,-0.06176180680248807,-0.11395230555630652,0.07652054901720298,-0.081205586329834,-0.07649533509282554,0.004887389884845521,0.24334785007519066,-0.0398024214202083,0.017439536052967712,0.03651849782299039,-0.01713394966401948,0.061073824379587346,0.012275326094953992,0.10652074418392923,0.15471591201636187,0.1195536119516561,0.16077321134488992,0.0059681337722265965
177,-0.13068905238419817,-0.027128337150302294,0.017439536052967712,0.03651849782299039,-0.01713394966401948,0.061073824379587346,0.012275326094953992,0.10652074418392923,0.15471591201636187,0.1195536119516561,0.16077321134488992,0.0059681337722265965,0.04167222769359799,0.025144494961714538,-0.03647529900603461,0.09314832120171126,0.0018391702618744533,0.0025336243002390554,-0.10033392389766944,-0.032875476535387235,-0.05776803244126003
178,-0.012436708278717812,-0.027914669894337645,0.06052779484139389,0.021294956482008322,-0.005346549189384994,0.08806943722472424,0.039865583625172084,-0.015285831653700205,0.002021835830374982,-0.0018427708801756102,-0.0033481605894797144,0.012649918105789538,0.003923268694962706,-0.013534918400980867,-0.026853141604926915,0.04509197743886771,0.031861365171198065,-0.060927950869310125,0.06504317843383235,0.0634970250320656,0.04812106459312323
179,0.05454706420919959,0.08976295191255872,-0.023976837910662067,-0.016313320641010303,0.09849201751450516,0.01685672166555747,0.03061783975016373,-0.0011521168442352808,-0.0027283911528191464,-0.09261339929158924,-0.09093940332212361,-0.07132791565052274,0.058365230668770134,-0.013287997462302109,-0.05387380003170251,-0.016054572673595478,0.026091687558453626,0.03341163695318257,0.029039777880215462,-0.014982093628872283,-0.015130296811596812
180,0.06081204173790412,0.0012446836373436378,-0.007829901167596347,-0.02712704838623795,0.05550996276826985,-0.042678964071087205,0.023634010206012964,0.07067891964497917,0.015240547515204036,0.027084564191957573,0.008075881188370368,0.02740464613057831,-0.013127884783771832,0.01661130304753056,0.03183635712256434,0.020127943408622548,0.0528040198596846,0.06414806547249353,0.010441241355893008,0.0246433542126176,0.08014730302853963
181,-0.01315090154732808,-0.037196617343158475,0.09745846809380196,0.04415707487510739,-0.011378475219155786,-0.0810228182142374,0.005199332304599804,0.032859091314819976,0.03590981164249519,-0.030569674068653747,-0.06118506855572103,-0.15790354778416274,-0.010432458507049902,0.05886859575445568,0.254888216607517,0.012076025850456295,0.09177072063153116,0.20618471364188823,0.09682711124749349,0.02679779099817386,0.02633188879876697
182,0.07633428797990718,-0.04962330899281994,-0.05073514033788832,-0.081205586329834,-0.07649533509282554,0.004887389884845521,0.24334785007519066,0.03483200682607578,0.09687186759712554,0.15927582686149339,0.13331833453538028,0.005168656270110838,0.01860029890708141,0.06669800285182495,0.033619419513257524,0.09660961896248449,0.03875830766692102,0.042671270030834596,-0.031419770986970096,0.1016350791241134,0.01252791852493433
183,-0.001832860749488936,-0.008054504811190783,-0.09009055783775237,-0.04822456859237323,0.011789268251337469,-0.004737227059644066,-0.01766156035542441,-0.1425588762630393,-0.07335021298209492,0.030783248129296784,0.015523407838747783,-0.08073559907332292,0.026722514912135956,0.02991114106029612,0.07775323221691115,0.08360971738967124,0.0441216471640192,-0.019269455674365138,0.05607678211970807,0.020127943408622548,0.0528040198596846
184,0.13328823247215815,0.11982599896297307,0.08105651591925545,-0.0049851771713745364,0.07472554095781088,0.02815498806673793,-0.03457835186186034,0.09907059068764777,0.009525257639794482,0.07623805115305331,-0.04895804795747495,-0.07821917475426834,-0.026852133123197418,0.0030069818919605347,-0.0021785246224466574,-0.10399664984710869,-0.10090048097460565,-0.049769954245097114,0.05369791876574997,-0.014347829529096627,-0.062258592534061
185,0.060694088804750954,0.08078541694248285,0.06554334326021176,0.015232563943364053,-0.00011492672750969557,0.0346098474850544,0.02744969203863194,0.10401486493516268,0.03510483726889428,0.0183397684187012,-0.0032982567368964053,-0.03826419835710366,0.031453163421733106,0.015537891130018898,-0.0035657031842441177,-0.0040099439253633,-0.04624443418091701,0.07546919914540791,-0.052644045068644486,0.057391731731546526,0.04265630603855725
186,-0.09093940332212361,-0.07132791565052274,0.058365230668770134,-0.013287997462302109,-0.05387380003170251,-0.02616373777776799,-0.0004640594308981007,0.06575677282832645,-0.014169577538660988,-0.017246124246697962,-0.021319727455457294,0.025455493242960484,-0.01650675505206109,0.09376043479837523,0.015178932581916594,0.031711869931220056,0.015325103577544191,0.02367804367127799,0.019082143207103875,-0.05519291734833666,0.041034435089818105
187,-0.031242931752715704,-0.04904310773206642,-0.10338315238127574,-0.05509488366834008,0.011611238192971548,0.23950488532678857,0.03427523435917683,0.010068724907123608,0.022683386114089713,0.016515814760306495,0.13498531885131013,0.12926506844514737,0.15170152090831238,0.08927835889575753,0.026650294369621963,0.05023086249500809,0.04975898982772976,-0.07682537110950548,-0.020352219706992098,0.006940060669718801,0.033791252003787804
188,0.032177038443231165,0.017355998364001222,0.004345290344611144,0.001665061697892903,-0.007154718189339423,0.02090016898043685,-0.004093450140098699,-0.014982093628872283,-0.015130296811596812,-0.027570823887157963,0.04509197743886771,0.031861365171198065,-0.060927950869310125,-0.13787805025683347,0.007154785825955938,0.054359119672220756,0.085384685131117,0.14960067236142724,0.15728314174886657,-0.0007868436390697441,0.051343932390410046
189,0.06370946940140053,-0.025506369445125927,-0.0010058767142069683,-0.027893117321920374,0.02639861893020655,0.029078939581978474,0.06331349843036885,0.03112869326451413,0.0019359245923828542,0.007020421424277806,0.00043711952401027877,-0.006680494674934709,0.014945083156067693,0.005167882429577925,-0.006905108733557086,-0.029534921581718058,0.02709928010278606,0.055970802408372225,-0.03677184575890198,-0.0426148810408944,0.0900989218150235
190,0.0720908090417364,-0.001832860749488936,-0.008054504811190783,-0.09009055783775237,-0.04822456859237323,0.011789268251337469,-0.004737227059644066,-0.01766156035542441,-0.1425588762630393,-0.07335021298209492,0.030783248129296784,0.015779778046796106,-0.016235574331397593,-0.02641509517482331,0.02349940927067805,0.03955504084863114,0.06260025505551696,0.05214769454175549,-0.01255877680473109,0.06719771983644916,0.06516418858680059
191,0.18605162301684083,0.015485571189997131,0.045055186205520396,0.01860029890708141,0.06669800285182495,0.033619419513257524,0.09660961896248449,0.03875830766692102,0.042671270030834596,-0.031419770986970096,0.1016350791241134,0.01252791852493433,0.05364691489810045,0.05974919523256175,-0.004820745568297918,0.05314037668756117,0.07310831228205482,0.05407329072383777,0.013963011136263486,-0.01443544461218946,-0.019067498641394894
192,0.1311532579188743,0.06120588573768596,0.007170867643536217,-0.011679526504085241,0.007461879601311705,0.046068760170220414,0.015847352608689344,-0.01262927522922229,0.09265456436381819,0.0452438535946445,0.02231189793737722,-0.08581948839162631,-0.06508105366372605,-0.0014427468015152075,-0.004922972172201207,-0.0002762711550266936,-0.1449848810164573,-0.07282663330833591,-0.011106035712797547,0.04490965294620502,-0.04938033602649569
193,-0.014865073275704896,0.037043997380734404,-0.04056938058421847,-0.005637525045480252,-0.025838511639785726,0.11886890957762948,0.005320447429078421,-0.011443240120825341,-0.06504903210521822,-0.011188332158927672,0.02420862082602183,0.028737402589274815,-0.033475418142976346,-0.05616080316826022,-0.15957931500483433,0.00963737490581092,0.044233642604987015,0.24223348615295345,0.011503904041554106,0.11178376376371055,0.23686636505316352
194,0.03614906441302523,0.005747103245119043,0.07395787540543002,0.042413614625101466,-0.009200394809037693,0.004299657044073789,-0.01473198548039481,0.0033751049213474834,0.011213727722435705,0.013538887880741127,-0.009866661182637375,-0.03760265432822336,-0.01669743734389148,-0.0253224956421449,0.04237123697766942,0.034037086276389676,-0.049407531129056194,-0.1434132833015306,-0.009326092852967406,0.05522655912088008,0.011257117079635537
195,-0.028919930259445434,0.04248151104216597,-0.02927708533922444,-0.05873782374826621,0.001374842288426062,0.016131477872899806,0.04083681163566783,-0.008660317960369103,-0.02810689182065751,0.02334834607514963,-0.0063949693526819855,0.03284922362087298,0.03641138496146255,-0.028467015752386745,0.06842655064573248,0.024218604489924928,0.05175229404135538,0.07463734568278337,-0.002881656542227375,0.020610407661871635,0.0462263520970877
196,-0.0027070038742869756,0.07406778941808727,0.05182666214494851,0.058840435390986504,-0.0051051083419211,-0.01607082458684289,-0.017449686457939966,0.03195651403544279,0.06775287200456093,-0.03677184575890198,-0.1218280230092854,-0.038618769215352976,0.0017344377427880998,0.0383700697461459,-0.004229448637686191,0.04426037679894457,0.015024797213813964,0.08978943009235238,0.18811433798098445,0.12839218184474085,0.03483200682607578
197,0.017527314762775668,0.028274969972201847,0.0331860274858787,-0.06097355054458573,-0.022169872968913627,-0.05821588772622714,-0.11916443213939447,0.06461142211478281,0.23535898697636634,-0.013624535480764548,0.22798934083862815,0.16445608965141556,0.025929747822988528,0.036219566792590606,0.03942978255274464,0.03223561708346208,0.0562120907260079,0.08487372572927601,0.05356779014822743,-0.015332311026208764,0.05668850738506953
198,0.06438663738759,0.022578594132397916,0.09140733834896966,0.044948861138336606,0.050512162209031305,-0.029910882190410843,0.09395215948939031,0.024905751099002196,0.04188973617586783,0.06439905428187961,-0.0007330077890140873,0.03764176433914727,0.08734846799044324,0.03790628799489715,0.022684370018144242,-0.013293106975691601,-0.019886363012011198,0.027985131753974917,0.024649406615095838,0.02232662736483993,0.05618386114043311
199,0.013127471629898833,0.043498732633943174,0.006171945495862345,0.0313435380150615,-0.012788132184603986,0.023597433850476822,-0.022856495367242196,-0.004517566543534055,-0.07031992292326242,0.12512951565687028,0.04630595254479673,0.0033421825569468046,-0.04227611970469211,-0.050498900630185264,0.010783273399662228,0.04645933327868312,-0.03495060103436141,-0.10338315238127574,-0.05509488366834008,0.011611238192971548,0.23950488532678857
200,-0.06267119191694225,-0.0777020536288688,-0.015065250731236896,0.002353141630354524,-0.001668183540305831,0.007118228321876061,0.0823473341015913,0.05731174544484317,0.028748656926538833,-0.006766053924133821,-0.013687465687720385,-0.014879420061233384,0.0434810578385475,-0.028467015752386745,0.06842655064573248,0.024218604489924928,0.05175229404135538,0.07463734568278337,-0.002881656542227375,0.02517833335626331,0.09044619152700702
201,0.05182666214494851,0.058840435390986504,-0.0051051083419211,-0.01607082458684289,-0.017449686457939966,0.03195651403544279,0.032987146810026395,0.043783032082419,0.03344474957879514,0.0029025417067542396,0.007221085628945011,-0.07739068098975704,-0.06031508786027079,0.01974060520282703,0.00435558155294859,-0.018978511458347606,-0.15049273384696898,-0.06724822667496906,-0.003870944107512582,-0.014683768648714483,0.06623824382816598
202,-0.023728592557452504,0.040829540244036434,0.01853262344435327,0.010068724907123608,0.022683386114089713,0.016515814760306495,0.13498531885131013,0.12926506844514737,0.15170152090831238,0.08927835889575753,0.03844762234503615,0.007020421424277806,0.00043711952401027877,-0.006680494674934709,0.014945083156067693,-0.024216479658453065,0.07472554095781088,0.02815498806673793,-0.03457835186186034,0.09907059068764777,0.1597892570166638
203,0.022755690182547236,-0.08633037716556878,-0.0929254930148846,0.009416902762785275,0.010180296726133154,0.032883772015831446,0.010764415351345306,0.013427251399639835,0.05878796760083395,0.1442680668719345,0.09036745043547073,0.20817411967213192,0.009591104411358879,0.05631413212158116,0.042268457879275786,0.005827663009140014,0.020169020825399984,0.07150946280620203,0.04824130298852722,0.016537414449602463,-0.09083556275906199
204,0.0492758897269837,0.016811891915699914,-0.015806339504420387,-0.022624027600938547,0.021486469795082428,0.047198711375346154,0.02734539182641244,0.032177038443231165,0.017355998364001222,0.004345290344611144,-0.0035178572683941564,-0.041233407514956376,0.10183186860558922,0.05790043189516751,0.020841236177624917,-0.03163850228123829,-0.0883003365479709,-0.02486485722016533,-0.002487481497062186,-0.0027283911528191464,-0.09261339929158924
205,0.07775323221691115,0.08360971738967124,0.019079517791592983,-0.15049273384696898,-0.06866403183244768,0.015151760354786346,0.02923423138402624,-0.08370626856186839,-0.0014347097716089039,-0.0162462464960763,0.06081204173790412,0.0012446836373436378,-0.007829901167596347,-0.02712704838623795,0.05550996276826985,-0.042678964071087205,0.023634010206012964,0.07067891964497917,0.015240547515204036,0.027084564191957573,-0.003107010257051179
206,-0.03567382466677644,-0.01046043074501207,0.028225122466648295,0.044647968058535034,-0.04647460886404598,-0.019886363012011198,0.027985131753974917,0.024649406615095838,0.02232662736483993,0.05618386114043311,0.02554805067516022,-0.011346396815389154,0.00966076592308283,-0.004896598863669388,0.001396149368181709,0.00385394882475879,-0.0035989485344935825,0.02724606098520644,0.032177038443231165,0.017355998364001222,0.004345290344611144
207,0.22283684317037525,0.02323773830564187,0.03947689379387463,0.009830092162553105,0.04298146736515457,0.07502408584230007,0.06667213500753454,0.06959588102455792,-0.009936918659731264,0.029728891762537946,0.04405507131998533,0.036452961892731166,0.063505960378669,0.039632328378430816,-0.0027070038742869756,0.07941530908287303,-0.09261339929158924,-0.09093940332212361,-0.07132791565052274,0.058365230668770134,-0.013287997462302109
208,0.028516291247346292,0.015487793012481365,-0.09096881126589298,-0.05048555245022713,0.20618471364188823,0.09682711124749349,0.02679779099817386,-0.0074318819833296195,0.055383400241375814,0.05517479340364767,0.04361304932215147,0.1784795106950509,0.17095955027704018,-0.011320186630305316,0.05327822497532394,0.0462263520970877,0.02728045160063736,0.08733021923824424,0.083601952740726,0.03641138496146255,-0.028467015752386745
209,-0.04579112302167692,-0.01582101293001888,0.05764210194520755,0.0704862757948348,-0.04677990554653519,-0.06866753903744134,0.010675079839919726,0.04982300929955519,0.021457461599548977,-0.022691187186442915,0.0946013051011754,-0.04511760309730755,-0.05776803244126003,-0.07780113493787241,-0.08523360912573254,0.030474884881794746,0.19476497723196481,0.054359119672220756,0.085384685131117,0.14960067236142724,0.159095220419422
210,-0.04938033602649569,-0.05318883424782888,0.008718766633751039,0.024648367639700457,0.03451567945184562,-0.01021194743165507,0.05069567665689634,0.06346182294238031,0.02278155912917828,0.008075766909662723,0.03875830766692102,0.042671270030834596,-0.031419770986970096,0.06200281694475155,0.05017535607181645,0.04979001272479147,0.08622357462744075,0.006509878603532163,0.07462004907188186,0.07988536334400807,0.018118850213676558
211,0.0928494353534945,0.018118850213676558,0.0025336243002390554,-0.10033392389766944,-0.06458021943945189,0.058365230668770134,-0.013287997462302109,-0.05387380003170251,-0.02616373777776799,-0.02342436320324364,-0.15049273384696898,-0.06866403183244768,0.015151760354786346,0.02923423138402624,-0.08370626856186839,-0.0014347097716089039,-0.0162462464960763,0.06081204173790412,0.007901839873257727,0.006085282308852949,-0.013945795051438253
212,0.05543686808800729,-0.02775432483880939,0.0035007798920464336,-0.030645721609290747,0.027910536194669523,0.01970623765645272,0.06570940764382426,0.04614115426521307,-0.005814780866760401,0.008527595105345247,-0.010202013685965725,-0.0007087971577727721,0.01219014238418171,0.016357579018128617,-0.01475725902830638,-0.02942832466642877,0.03660958204538981,0.04647911062049513,-0.04572308988216685,-0.13068905238419817,-0.027128337150302294
213,-0.028890134044899925,0.037347660292486595,-0.020533393111316484,-0.012436708278717812,-0.022863130132851045,0.09687186759712554,0.15927582686149339,0.13331833453538028,0.005168656270110838,0.01860029890708141,0.06669800285182495,0.033619419513257524,0.09660961896248449,0.03875830766692102,0.042671270030834596,-0.031419770986970096,0.1016350791241134,0.01252791852493433,0.05364691489810045,0.05974919523256175,-0.004820745568297918
214,0.06260025505551696,0.014809530633530106,-0.017449686457939966,0.03195651403544279,0.032987146810026395,0.0434669053884206,-0.015285831653700205,0.002021835830374982,-0.0018427708801756102,0.02815498806673793,-0.03457835186186034,0.09907059068764777,0.08966123688456727,0.031718220345082954,0.028821220377179844,-0.004251963973188967,-0.05945145215055069,-0.0777020536288688,-0.015065250731236896,0.002353141630354524,-0.001668183540305831
215,0.06351461633079457,0.06771129635265376,0.07331847075741482,0.0021443880627073906,0.015240443207146707,0.05649429316671417,0.022833190338024337,0.06930880348256134,0.04671823888313922,-0.0066750398740466005,0.077739445343134,0.03982964454413606,0.06044932323785948,0.0006186489197650897,0.02403911798411785,-0.0006670782883442124,0.03209308509343252,0.032037542390131735,0.13328823247215815,0.10421237703207416,0.18772419387962436
216,-0.00505393398592306,0.027342220336279893,0.032401305533269247,-0.07383617068359147,-0.11268482126922406,0.014874046400746022,0.009961599505911202,0.0329867735043766,0.004729783438254615,0.016148518981581393,0.06370946940140053,-0.025506369445125927,0.0355325757654562,-0.02592957193685902,0.0746436849787944,0.02841273061469006,0.047442303827898546,0.0685423723087051,-0.00311542308986455,0.02744969203863194,0.10401486493516268
217,0.0685423723087051,-0.00311542308986455,0.02744969203863194,0.10401486493516268,0.03510483726889428,0.0183397684187012,-0.0032982567368964053,-0.03826419835710366,0.031453163421733106,0.021294956482008322,-0.005346549189384994,0.07795425289289416,0.04614115426521307,-0.005814780866760401,0.008527595105345247,-0.010202013685965725,-0.0007087971577727721,0.01219014238418171,0.016357579018128617,-0.01475725902830638,-0.02942832466642877
218,-0.010432458507049902,0.05886859575445568,0.254888216607517,0.012076025850456295,0.09177072063153116,0.20618471364188823,0.09682711124749349,0.02679779099817386,-0.0074318819833296195,0.055383400241375814,0.04736057394578059,0.1786110197944668,0.18605162301684083,0.015485571189997131,0.030169365189279703,0.05954689270225735,0.02699928247404044,0.05454706420919959,0.08976295191255872,0.042288990324287054,-0.009681890320329786
219,-0.002487481497062186,-0.0027283911528191464,-0.09261339929158924,-0.09093940332212361,-0.07132791565052274,0.058365230668770134,-0.013287997462302109,-0.05387380003170251,-0.02616373777776799,-0.0004640594308981007,0.06575677282832645,-0.014169577538660988,-0.017246124246697962,-0.021319727455457294,0.025455493242960484,-0.01650675505206109,0.09376043479837523,0.015178932581916594,0.031711869931220056,0.015325103577544191,0.02367804367127799
220,0.0331860274858787,-0.030944811297452777,-0.06482928669907931,-0.08472219196931578,-0.10825506337615295,0.14392284198243097,-0.04889617861396572,-0.056947025472608256,-0.08296368035457874,-0.12481355296141478,0.2341697026224454,0.11449748966614386,0.04721335484869471,0.1864918273196731,0.1912402838473926,-0.007339068801813674,0.032708833873126085,0.050713076916418395,0.02991114106029612,0.07775323221691115,0.08360971738967124
221,0.022766089298742888,0.013963011136263486,0.009327660659956114,0.016357579018128617,-0.01475725902830638,-0.02942832466642877,0.03660958204538981,0.04647911062049513,-0.04572308988216685,-0.13068905238419817,-0.027128337150302294,0.017439536052967712,0.033691644142452355,0.002781809632271284,0.03930624981704534,-0.03268418807681166,0.024820507352673524,0.05454457330743639,0.02157137338810507,0.0230773999402624,0.007822680867767927
222,0.050512162209031305,-0.029910882190410843,0.09395215948939031,0.024905751099002196,0.04188973617586783,0.06439905428187961,-0.03131264418074811,0.09314832120171126,0.0720908090417364,-0.001832860749488936,-0.008054504811190783,-0.09009055783775237,-0.04822456859237323,0.011789268251337469,-0.004737227059644066,-0.01766156035542441,-0.1425588762630393,-0.07335021298209492,0.030783248129296784,0.035665884271449476,-0.06581065085683803
223,0.0014569153378469603,0.004961207336632868,-0.15464392607940886,-0.07638695467008619,0.0062943424767758155,0.03251710760405471,-0.07682537110950548,-0.020352219706992098,0.006940060669718801,0.033791252003787804,0.009119805272276776,0.008977307504258474,-0.02549187566543074,0.03916741147349725,-0.030720136272704167,-0.007930492469347556,0.08135867933125521,0.016237304618384896,0.03276785207007106,0.00851847444375363,0.005616486133727918
224,-0.011200022754991325,0.017044371176663856,0.04724433085543002,-0.011456943698128315,-0.016235574331397593,-0.02641509517482331,0.02349940927067805,-0.016313320641010303,0.09849201751450516,0.01685672166555747,0.025860773477762753,0.017924797219877563,0.023580997183367442,0.017281620614598397,-0.034287320165793035,0.07284577016393126,0.05364691489810045,0.05974919523256175,-0.004820745568297918,0.05314037668756117,0.07310831228205482
225,-0.07638695467008619,0.0062943424767758155,0.03251710760405471,-0.07682537110950548,-0.020352219706992098,0.006940060669718801,0.033791252003787804,0.009119805272276776,0.008977307504258474,-0.02549187566543074,0.03916741147349725,-0.030720136272704167,-0.007930492469347556,0.08135867933125521,0.06497002122818184,-0.042678964071087205,0.023634010206012964,0.07067891964497917,0.015240547515204036,0.027084564191957573,0.008075881188370368
226,0.008367286199831514,0.07633428797990718,-0.04962330899281994,-0.05073514033788832,-0.081205586329834,-0.07649533509282554,0.004887389884845521,0.24334785007519066,0.03483200682607578,0.09687186759712554,0.15927582686149339,0.13331833453538028,0.005168656270110838,0.01860029890708141,0.06669800285182495,0.033619419513257524,0.09660961896248449,0.03875830766692102,0.042671270030834596,-0.031419770986970096,0.1016350791241134
227,0.03276785207007106,0.005616486133727918,0.031990468729583256,-0.028890134044899925,0.037347660292486595,-0.020533393111316484,-0.012436708278717812,-0.027914669894337645,0.10498664055254922,0.022458901633128824,-0.007778741942306582,-0.03716115413325973,-0.034936127697749966,0.008499036672793286,0.03590981164249519,-0.030569674068653747,-0.06118506855572103,-0.15790354778416274,-0.010432458507049902,0.05886859575445568,0.254888216607517
228,-0.0162462464960763,0.06081204173790412,0.0012446836373436378,-0.007829901167596347,0.014729815005578295,0.05268977902213795,0.02176619879236522,-0.007656332504046889,-0.03507399595771937,0.016940676610758692,0.02902295906132065,-0.008191109106544123,0.0900989218150235,0.04022077283856794,-0.0173456788167319,0.006702524739548357,-0.007547991372525836,-0.004042477083777581,0.012710275729092389,-0.017376977939665986,0.03797585285006797
229,0.04083681163566783,-0.008660317960369103,-0.02810689182065751,0.02334834607514963,-0.0063949693526819855,-0.02155405246506647,0.07772641030097946,0.031176078979686366,0.03779158738155633,0.00851847444375363,0.021435570978467603,0.015126061979743104,-0.02792503850162619,0.004381774557754737,0.01639230386462114,-0.06110037982224164,0.07946234483177844,0.04684663102592058,0.0061949975367046,-0.019068281816173573,-0.0713840292511914
230,-0.011513472180371801,0.03614906441302523,0.005747103245119043,0.07395787540543002,0.042413614625101466,-0.009200394809037693,0.004299657044073789,-0.01473198548039481,0.0033751049213474834,0.007474266447358324,0.01577757943279184,0.017210955642604907,-0.01586186265597997,0.017355998364001222,0.004345290344611144,0.001665061697892903,-0.007154718189339423,0.02090016898043685,-0.004093450140098699,-0.014982093628872283,-0.015130296811596812
231,-0.05562886314565989,0.11104851877539362,0.0408922640134475,0.053467747980834555,-0.02082035187009622,-0.1457170726235326,-0.06833406106931146,0.02056614342377341,0.020327262293546484,-0.08889000711334612,0.008442502072560752,-0.03322227229726265,0.06547859457587751,0.012552498632147085,-0.0005763305691675266,-0.039406788034806274,0.06748800444979743,-0.04850554726351195,0.026955011035204188,0.06436676991295626,0.02303278315861766
232,0.0492758897269837,0.016811891915699914,-0.015806339504420387,-0.022624027600938547,0.021486469795082428,0.047198711375346154,0.03819743807393062,-0.014600470371364999,-0.005535919993249112,0.01577757943279184,0.017210955642604907,-0.013148571141253456,-0.03327052651534079,0.033919103148152926,0.03561010774515537,0.005132317567122862,-0.016846829757837384,-0.02094376794236849,0.013055502677213972,0.03913718739332794,0.0060348711455441165
233,0.05068818011555717,-0.041133885201600016,0.08365555280968927,0.0799543854539114,-0.012964228954416082,0.01848809379400931,0.02217616334093449,0.23535898697636634,-0.013624535480764548,0.22798934083862815,0.16445608965141556,0.025929747822988528,0.036219566792590606,0.03942978255274464,0.03223561708346208,0.0562120907260079,0.08487372572927601,0.03714938420107018,0.0415420475687577,0.03223561708346208,0.0562120907260079
234,-0.06866403183244768,0.015151760354786346,0.02923423138402624,-0.08370626856186839,-0.02680846448710192,0.00110658245929761,-0.0019707085426019775,-0.07311732007286383,-0.09889894590370596,-0.07716690882936779,0.05481731158778569,-0.005529137560678465,-0.06566738679306296,-0.039499790873559044,0.09376043479837523,0.015178932581916594,0.031711869931220056,0.015325103577544191,0.02367804367127799,0.019082143207103875,-0.05519291734833666
235,-0.017420439501306575,0.005590047985581276,0.008075881188370368,0.02740464613057831,-0.022181734731348293,0.02314927662310297,0.022755690182547236,-0.08633037716556878,-0.0929254930148846,0.003983459173330621,0.047442303827898546,0.0685423723087051,-0.00311542308986455,0.02744969203863194,0.10401486493516268,0.03510483726889428,0.0183397684187012,-0.0032982567368964053,-0.03826419835710366,0.031453163421733106,0.021294956482008322
236,-0.03567382466677644,-0.01046043074501207,0.028225122466648295,0.044647968058535034,0.026091687558453626,0.03341163695318257,0.0049317270532911505,0.007477942352647772,0.006612771198706547,-0.010420765207966178,0.021515981298733042,0.007974038851990953,0.03646374764471145,0.05618386114043311,0.02554805067516022,-0.011346396815389154,0.00966076592308283,-0.004896598863669388,0.001396149368181709,0.00385394882475879,-0.0035989485344935825
237,0.009119805272276776,0.008977307504258474,-0.02549187566543074,0.03916741147349725,-0.030720136272704167,-0.007930492469347556,0.08135867933125521,0.0035082571933744964,0.031711869931220056,0.015325103577544191,0.06786289075018366,0.019644900767271215,0.061907521205541424,0.04354140256395621,-0.0011521168442352808,0.06996550155243682,0.0634970250320656,0.04812106459312323,0.01257871125493327,0.03808185594297404,-0.00496676521662024
238,0.09745846809380196,0.04415707487510739,-0.011378475219155786,-0.0810228182142374,0.005199332304599804,0.012765043902344708,0.04028733948383551,-0.046215488693336235,-0.06176180680248807,-0.11395230555630652,0.10191809335007525,0.23386517694246298,-0.01210618658436047,0.14168675613036044,0.22283684317037525,0.02323773830564187,0.03947689379387463,0.009830092162553105,0.04298146736515457,0.07502408584230007,0.06667213500753454
239,0.20817411967213192,0.009591104411358879,0.05631413212158116,0.042268457879275786,0.005827663009140014,0.020169020825399984,0.07150946280620203,0.04824130298852722,0.016537414449602463,-0.09083556275906199,-0.05630009286773721,-0.004303363818687617,-0.000764935061800556,-0.0015810793213288728,-0.14639355121872283,-0.08529826441375793,0.007108112278546442,0.04154225173810074,-0.06581065085683803,-0.03651943588496546,0.008475104952900851
240,0.053648497988271496,-0.019069577522530502,-0.059344447409009064,-0.0976602067509475,-0.0557556817700381,-0.03205603826024159,0.2526262616941449,0.05619929885881941,0.07379625291980775,0.15240257127716805,0.11128188870155994,0.03223561708346208,0.0562120907260079,0.08487372572927601,0.05356779014822743,-0.015332311026208764,0.05668850738506953,0.024910970380971356,0.04444616506221233,0.05750007864095875,0.029486966374752895
241,-0.0028759325671209564,0.07791135487191457,0.02344835378555335,0.029657446232651936,0.010578799310315386,0.029152458653708312,0.01081979999768568,-0.02994043999248146,0.026797727172729484,0.06439905428187961,-0.0007330077890140873,0.03764176433914727,0.08734846799044324,0.03790628799489715,0.0038666479977024332,-0.019067498641394894,0.01661130304753056,0.030664593091042983,0.045526761041284745,0.021049862769594634,0.026352301379043326
242,0.05674287905853458,0.04682409768225949,0.02423140145385302,0.014796192932722805,0.0823473341015913,0.05731174544484317,0.028748656926538833,-0.006766053924133821,-0.013687465687720385,-0.014879420061233384,0.031133313490282106,0.007798985953508917,0.07819459062322921,0.044448562392878324,-0.006790861538028222,0.009433281355915271,0.013802994812563583,-0.0031455015921875735,0.04556569985235456,0.020701877565899043,0.06392473766982591
243,0.020149016518727223,0.09243218492997904,0.059001729166159776,0.047856138232220576,-0.02592957193685902,0.0746436849787944,0.02841273061469006,0.029326432832837316,0.04298146736515457,0.07502408584230007,0.06517792481692301,-0.02775432483880939,0.0035007798920464336,-0.030645721609290747,0.027910536194669523,0.01970623765645272,0.06570940764382426,0.020225640454801335,-0.03904979439636809,-0.08752271000182854,0.021403949475942596
244,-0.09093940332212361,-0.07132791565052274,0.058365230668770134,-0.013287997462302109,-0.05387380003170251,-0.02616373777776799,-0.0004640594308981007,0.06575677282832645,-0.014169577538660988,-0.017246124246697962,-0.021319727455457294,0.025455493242960484,-0.01650675505206109,0.09376043479837523,0.015178932581916594,0.031711869931220056,0.015325103577544191,0.02367804367127799,-0.019269455674365138,0.05607678211970807,0.020127943408622548
245,0.05618386114043311,0.02554805067516022,-0.011346396815389154,0.00966076592308283,-0.004896598863669388,0.001396149368181709,0.00385394882475879,-0.0035989485344935825,0.011706979723830111,-0.017751195343342213,-0.020869068846696422,0.016721652182922028,0.03808185594297404,-0.00496676521662024,-0.11399169447086158,-0.0629334991098937,0.008809305673571344,0.004381774557754737,0.01639230386462114,-0.06110037982224164,0.07946234483177844
246,0.028516291247346292,0.015487793012481365,-0.02339989814388266,0.009346032013199956,-0.014727339179581215,0.02043033461432674,0.006085282308852949,-0.013945795051438253,-0.027931969716044284,0.020422863599038738,0.0576371770949132,-0.026072889377660884,-0.12253989570409915,-0.03621649721069029,-0.0131336109081202,0.0506174831210367,-0.0031455015921875735,0.04556569985235456,0.020701877565899043,0.06392473766982591,0.17290342797616506
247,0.0462263520970877,0.02728045160063736,0.08733021923824424,0.083601952740726,0.03641138496146255,-0.028467015752386745,0.06842655064573248,0.024218604489924928,0.05175229404135538,0.07463734568278337,-0.002881656542227375,0.02517833335626331,0.09044619152700702,0.05268977902213795,0.02176619879236522,-0.007656332504046889,-0.03507399595771937,0.016940676610758692,0.02902295906132065,-0.008191109106544123,0.0900989218150235
248,0.033919103148152926,0.04751357520136966,-0.045693205856184464,-0.12218888144058664,-0.03311736690928855,0.029156456970374847,0.020315402513363848,0.006287851614069399,0.029239223785477764,0.016288290926872614,0.1315825200212921,0.1367068347800229,0.1311532579188743,0.11131571440938633,0.04135079031877294,-0.05776803244126003,-0.07780113493787241,-0.08523360912573254,-0.05421308208953534,0.02056614342377341,0.020327262293546484
249,-0.08974303515891574,0.017527314762775668,0.028274969972201847,0.06805037220551102,-0.09224236718920345,-0.050209993324580156,0.020283963990658363,-0.0005485705735380322,-0.01938484730921016,-0.1457170726235326,-0.06927896391787235,0.02770419661784631,0.08287636971891303,0.009333812953931188,-0.016832619674398547,-0.08588848725511113,0.027031862256106813,0.053648497988271496,-0.019069577522530502,-0.059344447409009064,-0.0976602067509475
250,0.1016350791241134,0.01252791852493433,0.05364691489810045,0.05974919523256175,-0.004820745568297918,0.05314037668756117,0.08006599157608939,0.085384685131117,0.14960067236142724,0.15728314174886657,-0.0007868436390697441,0.026508189548699945,0.06622969630715139,-0.0033012446138097843,-0.12253989570409915,-0.10654746166262286,0.15155688308086152,0.1585077643839471,0.046004160625338054,0.1786110197944668,0.18605162301684083
251,0.043707444721036194,0.008125885190452386,0.005839169704932225,0.000596609706238854,-0.003198480817079996,0.014195496796341411,0.005132317567122862,0.003757333222351744,-0.010248523690522197,-0.15567643467981396,-0.05578242451271492,0.0027414211450370565,0.025628320800981142,-0.08823696391282364,0.002721033292247158,-0.005133491311685329,0.04220342435102671,0.00888128311780124,-0.003576996288077466,-0.017420439501306575,0.03930624981704534
252,0.09682711124749349,0.02679779099817386,-0.0074318819833296195,0.055383400241375814,0.05517479340364767,0.08078541694248285,0.06554334326021176,0.015232563943364053,-0.00011492672750969557,0.06786289075018366,0.019644900767271215,0.061907521205541424,0.04354140256395621,-0.0011521168442352808,0.06996550155243682,0.0634970250320656,0.04960887940928485,0.03227390694017979,-0.0162359438464235,-0.09028939417877037,-0.002782893872620861
253,0.05175229404135538,0.07463734568278337,-0.002881656542227375,-0.0038117064568847885,-0.07311732007286383,-0.09889894590370596,-0.07716690882936779,0.05481731158778569,-0.005529137560678465,-0.06566738679306296,-0.020389869958670415,0.0017092297775827784,0.05977963840371972,-0.01375974830781866,-0.009995613412700156,-0.03833580052512118,0.07122724602773757,-0.04075534184360642,0.08570673383282468,0.009428846587031999,0.02435138468706542
254,0.026650294369621963,0.05023086249500809,0.038317480244124014,0.048659151818756505,0.12790301675578866,0.0497665606655597,0.025957653285422967,0.04728589598410899,0.0339515426218907,-0.031032734108641196,0.10133919983596766,0.039463226707756656,0.037833419266079034,-0.08240092046298034,-0.06711143021698956,-0.009372199840067003,0.001754605321988245,-0.001517564516523798,-0.14258923569181944,-0.06851762111446583,-0.028919930259445434
255,0.04348820402055349,0.0452438535946445,0.02231189793737722,-0.08581948839162631,-0.06508105366372605,-0.0014427468015152075,-0.004922972172201207,-0.0002762711550266936,-0.1449848810164573,-0.07282663330833591,-0.011106035712797547,0.04490965294620502,-0.04938033602649569,-0.05318883424782888,0.008718766633751039,0.024648367639700457,0.03451567945184562,-0.01021194743165507,0.06741881021655668,0.06370946940140053,-0.025506369445125927
256,0.0033421825569468046,-0.04227611970469211,-0.050498900630185264,0.010783273399662228,0.04645933327868312,-0.031242931752715704,-0.04904310773206642,-0.10338315238127574,-0.05509488366834008,0.011611238192971548,0.23950488532678857,0.04837086616455555,0.1043825189063411,0.1442516967700536,0.01252791852493433,0.05364691489810045,0.05974919523256175,-0.004820745568297918,0.05314037668756117,0.07310831228205482,0.05407329072383777
257,-0.027893117321920374,0.02639861893020655,0.029078939581978474,0.06331349843036885,0.03112869326451413,0.0019359245923828542,0.07623111178269079,0.08287636971891303,0.009333812953931188,-0.016832619674398547,-0.08588848725511113,-0.004067125410843879,0.046004160625338054,0.1786110197944668,0.18605162301684083,0.015485571189997131,0.030169365189279703,0.05954689270225735,-0.04810549971352532,-0.020846727225749255,0.10256063737013693
258,-0.0131336109081202,0.0506174831210367,0.029590133586593244,0.0060348711455441165,-0.09190603741494878,-0.09492778842213713,0.014249098444838066,0.028343350896880053,0.030403777928640862,0.019290237091062958,0.005323798885329551,0.01081979999768568,-0.02994043999248146,0.00732898516381754,0.02039034568448307,-0.055460249568366704,0.02770419661784631,0.1765378840931545,-0.011320186630305316,0.05327822497532394,0.0462263520970877
259,0.025455493242960484,-0.01650675505206109,0.09376043479837523,0.015178932581916594,0.031711869931220056,0.015325103577544191,0.02367804367127799,0.019082143207103875,-0.05519291734833666,0.041034435089818105,0.012210156230299331,-0.05196133780222694,0.0028742228637099495,0.07942804085490669,0.03591066926944299,-0.03904979439636809,-0.08752271000182854,0.021403949475942596,0.06692223099929095,0.005262864003230632,0.07633428797990718
260,-0.03457835186186034,0.09907059068764777,0.009525257639794482,0.07623805115305331,-0.04895804795747495,-0.07821917475426834,-0.026852133123197418,0.0030069818919605347,-0.0021785246224466574,-0.10399664984710869,-0.10090048097460565,-0.049769954245097114,0.0116466562038141,0.011213727722435705,0.013538887880741127,-0.009866661182637375,-0.029950006555454843,0.041625614727588994,0.03305770518251055,-0.045628209002634,-0.13008317716932508
261,-0.1329047130515534,0.08950145097867729,0.20527086862786997,-0.02177030502227734,0.22666738584077392,0.16025330892228135,0.029606206151133886,0.036063760027324546,0.027953507033170056,0.04594981860169079,0.06319230671727441,0.07424945199336273,0.0540311695998272,-0.00521909168479309,0.05102624206575158,0.020933622671211866,0.04590908523343384,0.05961348252391238,0.031214668156433666,0.002996970439633211,0.07365042419861502
262,0.06959588102455792,-0.009936918659731264,0.029728891762537946,0.04405507131998533,0.03052499335286702,-0.00496676521662024,-0.11399169447086158,-0.08298762466071503,0.05481731158778569,-0.005529137560678465,-0.06566738679306296,-0.020389869958670415,0.0017092297775827784,0.05977963840371972,-0.009718980490585182,-0.016235574331397593,-0.02641509517482331,0.02349940927067805,-0.016313320641010303,0.09849201751450516,0.01685672166555747
263,0.004345290344611144,0.001665061697892903,-0.047442740873798926,-0.07246180017492716,-0.038618769215352976,0.0017344377427880998,0.0383700697461459,-0.004229448637686191,0.04426037679894457,0.015024797213813964,0.08978943009235238,0.18811433798098445,0.09021814789768995,0.19038427574162717,-0.002725805564664397,0.02413714607568401,0.05068818011555717,-0.041133885201600016,0.08365555280968927,0.0799543854539114,-0.012964228954416082
264,0.03251710760405471,-0.07682537110950548,-0.020352219706992098,0.006940060669718801,0.033791252003787804,0.009119805272276776,0.008977307504258474,-0.02549187566543074,0.03916741147349725,-0.030720136272704167,-0.007930492469347556,0.08135867933125521,0.016237304618384896,0.03276785207007106,0.005616486133727918,0.031990468729583256,-0.028890134044899925,0.037347660292486595,-0.020533393111316484,-0.012436708278717812,-0.027914669894337645
265,0.04188973617586783,0.06439905428187961,-0.0007330077890140873,0.03764176433914727,0.028238945491498142,0.017238679523561444,-0.08531813387807584,0.051639251347764654,0.06679229388045187,0.03227390694017979,-0.0162359438464235,-0.1597542636485915,0.00963737490581092,0.044233642604987015,0.24223348615295345,0.011503904041554106,0.11178376376371055,0.04282857087899467,0.09314832120171126,0.0720908090417364,-0.001832860749488936
266,0.05543686808800729,-0.02775432483880939,0.0035007798920464336,-0.030645721609290747,0.027910536194669523,0.01970623765645272,0.0806033425771113,-0.06267119191694225,-0.0777020536288688,-0.015065250731236896,0.002353141630354524,-0.001668183540305831,-0.12036325534435462,-0.08772596864057779,-0.042448068992912216,0.057498151475025974,-0.03099676014357284,-0.056746431009554614,-0.002423868950951307,0.008358776163369367,-0.007829901167596347
267,-0.034902765518025916,0.005374696990686925,-0.05439192569851582,-0.03603910562800098,-0.05685112987281479,-0.1431778791867063,0.15155688308086152,0.1585077643839471,0.046004160625338054,0.1786110197944668,0.18605162301684083,0.015485571189997131,0.030169365189279703,0.05454457330743639,0.02157137338810507,0.0230773999402624,0.007822680867767927,0.03141904600384711,0.09855146448925906,0.009428846587031999,0.02435138468706542
268,-0.0810228182142374,0.005199332304599804,0.012765043902344708,0.04028733948383551,-0.045389581123573476,-0.043472820294300434,-0.03166469678688542,-0.1329047130515534,0.08950145097867729,0.20527086862786997,-0.02177030502227734,0.11160310154157345,-0.009681890320329786,0.05112307606913304,0.023963976708823272,0.05674287905853458,0.026955852981422636,-0.028890134044899925,0.037347660292486595,-0.020533393111316484,-0.012436708278717812
269,0.032037542390131735,0.13328823247215815,0.10421237703207416,0.18772419387962436,0.06552574171230927,0.023924418008826748,0.05838048512076765,0.019600514325103572,-0.13385812978234166,-0.027128337150302294,0.017439536052967712,0.03651849782299039,-0.01713394966401948,0.038865086755982145,0.0562120907260079,0.08487372572927601,0.05356779014822743,-0.015332311026208764,0.05668850738506953,0.024910970380971356,0.04444616506221233
270,-0.001517564516523798,-0.11481914758854696,-0.05630009286773721,-0.004303363818687617,1.247676490996643e-05,0.03947689379387463,0.009830092162553105,0.04298146736515457,0.07502408584230007,0.06667213500753454,0.06959588102455792,-0.009936918659731264,0.023403098721984584,-0.00311542308986455,0.02744969203863194,0.10401486493516268,0.03510483726889428,0.0183397684187012,-0.0032982567368964053,-0.03826419835710366,0.031453163421733106
271,-0.045389581123573476,-0.043472820294300434,-0.005719927571950408,-0.03205603826024159,0.2526262616941449,0.05619929885881941,0.07379625291980775,0.15240257127716805,0.1680627641109319,0.0007639960399501508,0.03846181439477531,0.05090386806201433,0.020149016518727223,0.09243218492997904,0.008554122443525334,0.06547859457587751,0.012552498632147085,-0.0005763305691675266,-0.039406788034806274,0.06748800444979743,-0.04850554726351195
272,0.015024797213813964,0.08978943009235238,0.18811433798098445,0.09021814789768995,0.19038427574162717,-0.002725805564664397,0.02413714607568401,0.05068818011555717,-0.05003384347603778,0.09314832120171126,0.05490236145558678,-0.001832860749488936,-0.008054504811190783,-0.09009055783775237,-0.04822456859237323,0.011789268251337469,-0.004737227059644066,-0.01766156035542441,-0.1425588762630393,-0.07335021298209492,0.030783248129296784
273,-0.014347829529096627,-0.062258592534061,-0.011200022754991325,0.017044371176663856,0.04724433085543002,-0.011456943698128315,-0.016235574331397593,-0.02641509517482331,0.02349940927067805,0.037794314122576084,-3.963623685946036e-05,0.030429494047507367,-0.00887580242302415,0.011878759963531013,-0.014261722767562957,-0.005297334717018741,0.054950776773823706,0.06351461633079457,0.06771129635265376,0.07331847075741482,0.0021443880627073906
274,-0.00887580242302415,-0.037987428004655384,-0.049520744039766376,0.051639251347764654,0.019324585345528358,0.08032860536628314,-0.09083556275906199,-0.05630009286773721,-0.004303363818687617,-0.000764935061800556,-0.0015810793213288728,-0.14639355121872283,-0.08529826441375793,0.007108112278546442,0.04154225173810074,-0.06581065085683803,-0.03651943588496546,0.008475104952900851,0.02765786528493706,0.024600949002244726,0.003387299348614436
275,0.08487372572927601,0.05356779014822743,-0.015332311026208764,0.05668850738506953,0.024910970380971356,0.04444616506221233,0.05750007864095875,0.029486966374752895,0.008080301731063687,0.06736312926851827,0.06484997864763854,0.05543686808800729,0.04899871693732296,0.012204001535472821,0.043707444721036194,0.008125885190452386,0.005839169704932225,0.000596609706238854,-0.003198480817079996,0.014195496796341411,0.005132317567122862
276,0.055970802408372225,-0.03677184575890198,-0.1218280230092854,-0.038618769215352976,0.0017344377427880998,0.0383700697461459,-0.004229448637686191,0.04426037679894457,0.015024797213813964,0.08978943009235238,0.18811433798098445,0.09021814789768995,0.19038427574162717,-0.002725805564664397,0.02413714607568401,0.05068818011555717,-0.041133885201600016,0.08365555280968927,0.0799543854539114,-0.012964228954416082,0.01848809379400931
277,-0.034936127697749966,0.008499036672793286,0.03590981164249519,-0.030569674068653747,-0.06118506855572103,-0.15790354778416274,-0.010432458507049902,0.05886859575445568,0.254888216607517,0.012076025850456295,0.09177072063153116,0.1391669290958405,0.06484997864763854,0.05543686808800729,-0.02775432483880939,0.0035007798920464336,-0.030645721609290747,0.027910536194669523,0.01970623765645272,0.06570940764382426,0.04614115426521307
278,0.06351461633079457,0.06771129635265376,0.07331847075741482,0.0021443880627073906,0.017420702319079724,0.06260025505551696,0.023724233100404488,0.025860773477762753,0.017924797219877563,0.023580997183367442,0.017281620614598397,-0.034287320165793035,0.016661813725847092,0.017238679523561444,-0.08531813387807584,0.051639251347764654,0.06679229388045187,0.03227390694017979,-0.0162359438464235,-0.1065221021168837,0.010783273399662228
279,0.020907862155915197,-0.028446372447748804,0.012365818491159804,0.004842037492388549,-0.005316357558475044,-0.01046043074501207,0.028225122466648295,0.044647968058535034,0.026091687558453626,0.03341163695318257,0.0049317270532911505,0.007477942352647772,0.0195052643197982,-0.02775432483880939,0.0035007798920464336,-0.030645721609290747,0.027910536194669523,0.01970623765645272,0.06570940764382426,0.04614115426521307,-0.005814780866760401
280,0.05731174544484317,0.028748656926538833,-0.006766053924133821,0.007173742178701557,0.028230416585966984,-0.006766053924133821,-0.013687465687720385,-0.014879420061233384,0.031133313490282106,0.007798985953508917,0.07819459062322921,0.044448562392878324,-0.006790861538028222,0.009433281355915271,-0.014600470371364999,-0.005535919993249112,0.01577757943279184,0.017210955642604907,-0.013148571141253456,-0.03327052651534079,0.033919103148152926
281,0.010783273399662228,0.04645933327868312,-0.031242931752715704,-0.11239877399180889,0.021403949475942596,0.0731629343146659,0.06679229388045187,0.03227390694017979,-0.0162359438464235,-0.09028939417877037,-0.002782893872620861,0.07608944778980152,-0.0005898371524523021,-0.0489350186692615,-0.06482928669907931,-0.08472219196931578,-0.10825506337615295,0.263310632907053,0.11011995149387833,0.03595651255263394,0.1784795106950509
282,0.007020421424277806,0.00043711952401027877,-0.006680494674934709,0.014945083156067693,0.005167882429577925,-0.006905108733557086,-0.0017539762120736002,-0.0035989485344935825,-0.008671695817373782,-0.017376977939665986,0.03797585285006797,0.034830188290305736,-0.0683707738427256,-0.1209672773677749,0.0023554476846316284,0.0281140192679024,0.029280853265727526,0.00342281220920832,0.01961569337155239,-0.021921952844251115,-0.13068905238419817
283,0.0230773999402624,0.006620309188167073,0.025860773477762753,0.017924797219877563,0.023580997183367442,0.017281620614598397,-0.034287320165793035,0.016661813725847092,0.017238679523561444,-0.08531813387807584,0.051639251347764654,0.06679229388045187,0.03227390694017979,-0.0162359438464235,-0.09028939417877037,-0.002782893872620861,0.07608944778980152,-0.0023811341994280726,-0.05776803244126003,-0.07780113493787241,-0.08523360912573254
284,0.1442680668719345,0.09036745043547073,0.20817411967213192,0.009591104411358879,0.05631413212158116,0.042268457879275786,0.005827663009140014,0.020169020825399984,0.019063418697289343,-0.09096881126589298,-0.05048555245022713,-0.004089574664219004,0.0014569153378469603,0.004961207336632868,-0.15464392607940886,-0.07638695467008619,0.0062943424767758155,0.03251710760405471,-0.07682537110950548,-0.020352219706992098,0.006940060669718801
285,0.03797585285006797,0.034830188290305736,-0.0683707738427256,-0.1209672773677749,0.0023554476846316284,0.0281140192679024,0.029280853265727526,0.00342281220920832,0.01961569337155239,0.048659151818756505,0.12790301675578866,0.11004866409985843,0.1786296003926594,0.057001927295215075,0.025957653285422967,0.04728589598410899,0.0339515426218907,-0.031032734108641196,0.08706407227957827,-0.09083556275906199,-0.05630009286773721
286,0.017439536052967712,0.03651849782299039,-0.01713394966401948,0.061073824379587346,0.02616170099294994,-0.0034178765959546687,-0.02871232318376256,-0.016800826856763127,0.019385155276800098,-0.0028759325671209564,0.07791135487191457,0.02344835378555335,0.029657446232651936,0.010578799310315386,0.029152458653708312,0.01081979999768568,-0.02994043999248146,0.00732898516381754,0.02039034568448307,-0.055460249568366704,0.02770419661784631
287,0.015240443207146707,0.05649429316671417,0.022833190338024337,0.06930880348256134,0.04671823888313922,0.06257143156554773,-0.031082690526254893,0.002430625486315612,0.07570685403943211,0.010969956748192636,0.057391731731546526,0.04265630603855725,0.022807142819862326,0.02439044517374037,0.017073106277451525,0.020907862155915197,-0.028446372447748804,0.012365818491159804,0.004842037492388549,-0.03719091389142518,-0.022830988391619886
288,0.032177038443231165,0.017355998364001222,0.004345290344611144,0.001665061697892903,-0.007154718189339423,0.02090016898043685,-0.004093450140098699,-0.014982093628872283,-0.015130296811596812,0.009028741917982133,0.02870977967473705,0.019518493012331994,0.029156456970374847,0.020315402513363848,0.006287851614069399,0.029239223785477764,0.0333369687573668,0.025929747822988528,0.0717306116997321,0.023963976708823272,0.05674287905853458
289,0.005839169704932225,0.000596609706238854,-0.003198480817079996,0.014195496796341411,0.005132317567122862,-0.016846829757837384,-0.02094376794236849,0.013055502677213972,0.03913718739332794,0.0060348711455441165,-0.09190603741494878,-0.09492778842213713,0.014249098444838066,0.028343350896880053,0.030403777928640862,0.019290237091062958,0.00022826238394464397,0.07698443952173475,0.15261343281996542,0.09511245755734427,0.19460797607474095
290,0.008080301731063687,0.06736312926851827,0.06484997864763854,0.05543686808800729,-0.02775432483880939,0.0035007798920464336,-0.030645721609290747,0.027910536194669523,0.01970623765645272,0.06570940764382426,0.04614115426521307,-0.005814780866760401,0.03459214097556692,-0.030569674068653747,-0.06118506855572103,-0.15790354778416274,-0.010432458507049902,0.05886859575445568,0.031123725258924324,-0.081205586329834,-0.07649533509282554
291,0.033791252003787804,0.009119805272276776,0.008977307504258474,-0.02549187566543074,-0.06440578604972177,0.05327822497532394,0.0462263520970877,0.02728045160063736,0.08733021923824424,0.083601952740726,0.03641138496146255,-0.028467015752386745,0.06842655064573248,0.024218604489924928,0.05175229404135538,0.07463734568278337,-0.002881656542227375,0.02517833335626331,0.09044619152700702,0.05268977902213795,0.027459523320859665
292,0.06044932323785948,0.031801815482169885,0.017238679523561444,0.16875536995836637,0.22283684317037525,0.02323773830564187,0.03947689379387463,0.009830092162553105,0.04298146736515457,0.07502408584230007,0.06667213500753454,0.06959588102455792,-0.009936918659731264,0.029728891762537946,0.04405507131998533,0.036452961892731166,0.063505960378669,0.039632328378430816,-0.0027070038742869756,0.07406778941808727,0.05182666214494851
293,-0.002423868950951307,0.01041279437881343,0.046225217964285595,-0.0034178765959546687,-0.02871232318376256,-0.016800826856763127,0.07524696496255062,0.06719771983644916,0.06516418858680059,0.0492758897269837,0.016811891915699914,-0.015806339504420387,-0.022624027600938547,0.021486469795082428,0.047198711375346154,0.02734539182641244,0.032177038443231165,0.017355998364001222,0.004345290344611144,0.001665061697892903,-0.007154718189339423
294,-0.019067498641394894,0.01661130304753056,0.002353511492244803,0.022755690182547236,-0.08633037716556878,-0.0929254930148846,0.009416902762785275,0.010180296726133154,0.032883772015831446,-0.018179814992201674,0.02349940927067805,-0.016313320641010303,0.09849201751450516,0.01685672166555747,0.025860773477762753,0.017924797219877563,0.023580997183367442,0.03237788301039024,0.03913718739332794,0.0060348711455441165,-0.09190603741494878
295,-0.05562886314565989,0.11104851877539362,0.0408922640134475,-0.011000442122731982,-0.08258793842706147,-0.014210233821178028,0.05595520268387419,0.017269539927308293,-0.035612895278368584,-0.05865601678933303,-0.06176180680248807,-0.11395230555630652,0.10191809335007525,0.23386517694246298,-0.01210618658436047,0.14168675613036044,0.22283684317037525,0.02323773830564187,0.03947689379387463,0.009830092162553105,0.04298146736515457
296,-0.0020105680194356466,0.04248574632216505,0.02403911798411785,-0.0006670782883442124,0.03209308509343252,0.032037542390131735,0.13328823247215815,0.10421237703207416,0.18772419387962436,0.06552574171230927,0.023924418008826748,0.05838048512076765,0.019600514325103572,-0.033892685813506865,0.11368810681052183,0.031718220345082954,0.03971595674933848,-0.06267119191694225,-0.0777020536288688,-0.015065250731236896,0.002353141630354524
297,0.05846382627014092,0.06370946940140053,-0.025506369445125927,-0.0010058767142069683,-0.027893117321920374,0.02639861893020655,0.029078939581978474,0.06331349843036885,0.03112869326451413,0.0016601793898217809,-0.004922972172201207,-0.0002762711550266936,-0.1449848810164573,-0.07282663330833591,-0.011106035712797547,0.04490965294620502,-0.04938033602649569,-0.05318883424782888,0.008718766633751039,0.024648367639700457,0.03451567945184562
298,-0.052644045068644486,0.057391731731546526,0.04265630603855725,0.022807142819862326,0.02439044517374037,0.017073106277451525,0.020907862155915197,-0.028446372447748804,0.012365818491159804,0.004842037492388549,-0.03719091389142518,-0.022830988391619886,0.06797811455886198,0.07420012214525842,-0.02068948773455074,-0.08974303515891574,0.017527314762775668,0.028274969972201847,0.0331860274858787,-0.06097355054458573,-0.022169872968913627
299,-0.007829901167596347,-0.02712704838623795,0.05550996276826985,-0.042678964071087205,0.023634010206012964,0.07067891964497917,0.015240547515204036,0.027084564191957573,0.008075881188370368,0.07187362755493391,0.12849048001054955,0.020712984020955096,0.005437065094973533,0.05017535607181645,0.04979001272479147,0.08622357462744075,0.055909746701747885,0.037811335473967846,-0.026074719040020927,0.0927671693931366,0.010791209501792631
300,0.02841273061469006,0.047442303827898546,0.0685423723087051,-0.00311542308986455,0.02744969203863194,0.02367804367127799,0.011693745795467463,-0.02810689182065751,0.02334834607514963,-0.0063949693526819855,-0.02155405246506647,0.07772641030097946,0.031176078979686366,0.03779158738155633,0.00851847444375363,0.021435570978467603,0.015126061979743104,-0.02792503850162619,0.004381774557754737,0.01639230386462114,-0.06110037982224164
301,0.06930880348256134,0.04671823888313922,-0.0066750398740466005,0.077739445343134,0.03982964454413606,0.06044932323785948,0.020655242408598253,-0.03567382466677644,-0.01046043074501207,0.028225122466648295,0.044647968058535034,0.026091687558453626,0.03341163695318257,0.0049317270532911505,0.007477942352647772,0.006612771198706547,-0.010420765207966178,0.021515981298733042,0.007974038851990953,-0.017751195343342213,-0.020869068846696422
302,-0.0162359438464235,-0.09028939417877037,0.047461613453620065,-5.8338600625194406e-05,-0.010248523690522197,-0.15567643467981396,-0.05578242451271492,0.0027414211450370565,0.025628320800981142,-0.08823696391282364,0.002721033292247158,-0.005133491311685329,0.04220342435102671,0.004299503615157755,-0.03716115413325973,-0.034936127697749966,0.008499036672793286,0.03590981164249519,-0.030569674068653747,-0.06118506855572103,-0.15790354778416274
303,-0.03845370595166686,0.07462004907188186,0.07988536334400807,0.018118850213676558,0.0025336243002390554,-0.10033392389766944,-0.06031508786027079,0.01974060520282703,0.00435558155294859,-0.018978511458347606,-0.15049273384696898,-0.06866403183244768,0.015151760354786346,0.02923423138402624,-0.08370626856186839,-0.0014347097716089039,-0.0162462464960763,0.10614077785537433,0.05793955235353487,0.02849595128758009,0.006364926000034128
304,0.04684663102592058,0.0061949975367046,-0.019068281816173573,-0.0713840292511914,0.0028870675659669913,0.0946013051011754,-0.04511760309730755,-0.05776803244126003,-0.07780113493787241,-0.08523360912573254,0.030474884881794746,0.19476497723196481,0.054359119672220756,0.085384685131117,0.14960067236142724,0.08309985438159717,0.03913718739332794,0.0060348711455441165,-0.09190603741494878,-0.09492778842213713,0.014249098444838066
305,-0.05519291734833666,0.041034435089818105,0.012210156230299331,-0.05196133780222694,0.0028742228637099495,0.07942804085490669,0.03591066926944299,-0.03904979439636809,-0.08752271000182854,0.021403949475942596,0.054329511999056466,-0.04889617861396572,-0.056947025472608256,-0.08296368035457874,-0.12481355296141478,0.2341697026224454,0.11449748966614386,0.04721335484869471,0.1864918273196731,0.1912402838473926,-0.007339068801813674
306,0.031990468729583256,-0.028890134044899925,0.037347660292486595,-0.020533393111316484,-0.012436708278717812,-0.027914669894337645,0.10498664055254922,0.022458901633128824,-0.007778741942306582,-0.03716115413325973,-0.034936127697749966,0.008499036672793286,0.03590981164249519,-0.030569674068653747,-0.06118506855572103,-0.15790354778416274,-0.010432458507049902,0.05886859575445568,0.254888216607517,0.012076025850456295,0.09177072063153116
307,-0.0713840292511914,0.0028870675659669913,0.0946013051011754,-0.04511760309730755,-0.05776803244126003,-0.07780113493787241,-0.08523360912573254,0.030474884881794746,0.19476497723196481,0.054359119672220756,-0.07231311870922351,-0.055412634380477395,0.013393092697523859,-5.8338600625194406e-05,-0.010248523690522197,-0.15567643467981396,-0.05578242451271492,0.0027414211450370565,0.025628320800981142,-0.002339421690868578,-0.014169577538660988
308,-0.08823696391282364,0.002721033292247158,-0.005133491311685329,-0.020536539280259742,-0.03904979439636809,-0.08752271000182854,0.021403949475942596,0.06692223099929095,0.005262864003230632,-0.04889617861396572,-0.056947025472608256,-0.08296368035457874,-0.12481355296141478,0.2341697026224454,0.11449748966614386,0.04721335484869471,0.1864918273196731,0.1912402838473926,-0.007339068801813674,0.032708833873126085,0.050713076916418395
309,0.19476497723196481,0.054359119672220756,0.085384685131117,0.14960067236142724,0.15728314174886657,-0.0007868436390697441,0.026508189548699945,0.06438663738759,0.022578594132397916,0.09140733834896966,0.044948861138336606,0.05804884040816713,0.02679779099817386,-0.0074318819833296195,0.055383400241375814,0.05517479340364767,0.08078541694248285,0.06554334326021176,0.028920819460876514,0.055383400241375814,0.05517479340364767
310,0.02439044517374037,0.017073106277451525,0.020907862155915197,-0.028446372447748804,0.012365818491159804,0.004842037492388549,-0.03719091389142518,-0.022830988391619886,0.06797811455886198,0.07420012214525842,-0.02068948773455074,-0.08974303515891574,0.017527314762775668,0.028274969972201847,0.0331860274858787,-0.06097355054458573,-0.022169872968913627,-0.05821588772622714,-0.19746072349765537,0.05886859575445568,0.0016119098473502136
311,0.17290342797616506,0.11157955438534486,0.17354461860428042,0.005093046603205656,0.03998519926936727,0.04310360874963124,-0.03845370595166686,0.07462004907188186,0.07988536334400807,0.018118850213676558,0.0025336243002390554,-0.10033392389766944,-0.06031508786027079,0.01974060520282703,0.00435558155294859,-0.018978511458347606,-0.15049273384696898,-0.06866403183244768,0.015151760354786346,0.02923423138402624,-0.08370626856186839
312,-0.08904977787339634,0.09745846809380196,0.03350732202415864,0.02549543104342842,-0.01976668841756579,0.03660958204538981,0.04647911062049513,-0.04572308988216685,-0.13068905238419817,-0.027128337150302294,0.017439536052967712,0.03651849782299039,-0.01713394966401948,0.0341707445295821,0.04556569985235456,0.020701877565899043,0.06392473766982591,0.17290342797616506,0.11157955438534486,0.17354461860428042,0.005093046603205656
313,-0.020281403748275403,-0.008165117703324998,0.046004160625338054,0.1786110197944668,0.18605162301684083,0.015485571189997131,0.030169365189279703,0.05954689270225735,0.037260902504284286,0.022833190338024337,0.06930880348256134,0.04671823888313922,-0.0066750398740466005,0.077739445343134,0.03982964454413606,0.06044932323785948,0.0012519846937950265,-0.01607082458684289,-0.017449686457939966,0.03195651403544279,0.032987146810026395
314,-0.0032982567368964053,-0.03826419835710366,0.031453163421733106,0.021294956482008322,-0.005346549189384994,0.08806943722472424,0.039865583625172084,0.02089075324177436,0.05068818011555717,-0.041133885201600016,0.08365555280968927,0.0799543854539114,-0.012964228954416082,0.05711781428260654,-0.03381423652864563,0.05537910869697455,0.08490533966392713,0.033804271428720875,-0.016846829757837384,-0.02094376794236849,0.013055502677213972
315,0.06319230671727441,0.07424945199336273,0.0540311695998272,-0.00521909168479309,0.05102624206575158,0.020933622671211866,0.04590908523343384,0.05961348252391238,0.031214668156433666,0.06631109018960045,0.0918002652168337,0.0634970250320656,0.04812106459312323,0.017461980216704025,-0.027010873579979045,-0.014730314040599294,0.02826162078001348,0.04939081639495947,0.012204001535472821,0.043707444721036194,0.008125885190452386
316,0.15927582686149339,0.13331833453538028,0.005168656270110838,0.01860029890708141,0.06669800285182495,0.033619419513257524,0.09660961896248449,0.03875830766692102,0.042671270030834596,-0.031419770986970096,0.1016350791241134,0.01252791852493433,0.05364691489810045,0.05974919523256175,-0.004820745568297918,0.05314037668756117,0.006298211992633291,0.061073824379587346,0.012275326094953992,0.10652074418392923,0.15471591201636187
317,0.02841273061469006,0.047442303827898546,0.0685423723087051,-0.00311542308986455,0.02744969203863194,0.10401486493516268,0.03510483726889428,0.0183397684187012,-0.0032982567368964053,-0.03826419835710366,0.031453163421733106,0.021294956482008322,-0.005346549189384994,0.08806943722472424,0.039865583625172084,-0.015285831653700205,0.002021835830374982,-0.0018427708801756102,-0.0033481605894797144,0.012649918105789538,0.003923268694962706
318,-0.06504903210521822,-0.011188332158927672,0.02420862082602183,0.018756038382954834,0.0017344377427880998,0.0383700697461459,0.0036272853457810644,0.008772262157337138,0.011530251282838863,-0.014727339179581215,0.02043033461432674,0.006085282308852949,-0.013945795051438253,-0.027931969716044284,0.020422863599038738,0.0576371770949132,-0.026072889377660884,-0.12253989570409915,-0.03621649721069029,-0.0131336109081202,0.0506174831210367
319,-0.0810228182142374,0.005199332304599804,0.012765043902344708,0.04028733948383551,-0.045389581123573476,-0.043472820294300434,-0.03166469678688542,-0.1329047130515534,0.08950145097867729,0.20527086862786997,0.0027302625674694952,-0.037196617343158475,0.09745846809380196,0.04415707487510739,-0.011378475219155786,-0.0810228182142374,0.005199332304599804,0.012765043902344708,0.04028733948383551,-0.045389581123573476,-0.043472820294300434
320,0.03591066926944299,-0.03904979439636809,-0.018413766748717374,-0.004089574664219004,0.0014569153378469603,0.004961207336632868,-0.15464392607940886,-0.07638695467008619,0.0062943424767758155,0.03251710760405471,-0.07682537110950548,-0.020352219706992098,0.006940060669718801,0.033791252003787804,0.01188512898395895,0.13816303262739377,0.05075880985350582,0.02759643671691845,-0.005297334717018741,0.054950776773823706,0.06351461633079457
321,-0.001517564516523798,-0.14258923569181944,-0.06851762111446583,-0.028919930259445434,0.04248151104216597,-0.02927708533922444,-0.05873782374826621,-0.002078462731864636,0.02679779099817386,-0.0074318819833296195,-0.03826419835710366,0.031453163421733106,0.021294956482008322,-0.005346549189384994,0.08806943722472424,0.039865583625172084,-0.015285831653700205,0.007493036485570384,-0.033892685813506865,0.11368810681052183,0.031718220345082954
322,0.08570673383282468,0.009428846587031999,0.02435138468706542,0.02604189038723279,0.019549987029530605,0.023175625805814403,-0.03553245916052851,0.02849595128758009,0.006364926000034128,-0.04579112302167692,-0.01582101293001888,0.05764210194520755,0.0704862757948348,-0.04677990554653519,-0.06866753903744134,0.010675079839919726,0.04982300929955519,0.021457461599548977,-0.05439192569851582,-0.03603910562800098,-0.05685112987281479
323,-0.03719091389142518,-0.022830988391619886,0.06797811455886198,0.07420012214525842,-0.02068948773455074,-0.11401019796634879,-0.0557556817700381,-0.03205603826024159,0.2526262616941449,0.02673642744423678,-0.10478409704311777,-0.050209993324580156,0.020283963990658363,-0.0005485705735380322,-0.01938484730921016,-0.1457170726235326,-0.07338715650209561,-0.009372199840067003,0.0003162868243413014,0.037811335473967846,-0.026074719040020927
324,-0.03136287361237509,-0.01315090154732808,-0.037196617343158475,0.09745846809380196,0.04415707487510739,-0.011378475219155786,-0.0810228182142374,0.005199332304599804,0.012765043902344708,0.04028733948383551,-0.045389581123573476,-0.043472820294300434,-0.03166469678688542,-0.1329047130515534,0.08950145097867729,0.20527086862786997,-0.02177030502227734,0.22666738584077392,0.0969143707474371,-0.04227611970469211,-0.050498900630185264
325,0.031861365171198065,-0.060927950869310125,-0.1210164422543071,-0.034936127697749966,0.008499036672793286,0.0857087410304189,0.010317181748331648,0.029239223785477764,0.016288290926872614,0.0768398538530726,0.09381664737022734,0.016515814760306495,0.13498531885131013,0.12926506844514737,0.15170152090831238,0.08927835889575753,0.026650294369621963,0.04152571084836371,-0.06267119191694225,-0.0777020536288688,-0.015065250731236896
326,0.029152458653708312,0.01081979999768568,-0.02994043999248146,0.00732898516381754,0.05995137854089018,-0.019269455674365138,0.05607678211970807,0.020127943408622548,0.0528040198596846,0.06414806547249353,0.010441241355893008,0.062120036510539815,0.07310831228205482,0.05407329072383777,0.013963011136263486,-0.01443544461218946,-0.019067498641394894,0.01661130304753056,0.030664593091042983,0.045526761041284745,0.021049862769594634
327,0.013393092697523859,-5.8338600625194406e-05,-0.010248523690522197,-0.15567643467981396,-0.05578242451271492,-0.04031801825411205,0.008475104952900851,0.02765786528493706,0.024600949002244726,0.003387299348614436,-0.020431440671730198,0.01998665997633142,-0.031082690526254893,0.002430625486315612,0.07570685403943211,0.013127471629898833,0.043498732633943174,0.006171945495862345,0.0313435380150615,-0.012788132184603986,0.023597433850476822
328,0.01685672166555747,0.025860773477762753,0.017924797219877563,0.023580997183367442,0.017281620614598397,-0.034287320165793035,0.016661813725847092,0.017238679523561444,-0.04284519464436872,-0.012955245770448837,0.01961569337155239,0.048659151818756505,0.12790301675578866,0.11004866409985843,0.1786296003926594,0.057001927295215075,0.025957653285422967,0.04728589598410899,0.0339515426218907,-0.031032734108641196,0.10133919983596766
329,-0.014915528487025423,0.012365818491159804,0.004842037492388549,-0.03719091389142518,-0.022830988391619886,0.06797811455886198,0.07420012214525842,-0.02068948773455074,-0.08974303515891574,0.017527314762775668,0.028274969972201847,0.0331860274858787,-0.06097355054458573,-0.022169872968913627,-0.05821588772622714,-0.11916443213939447,0.06306117351515708,-0.022169872968913627,-0.05821588772622714,-0.11916443213939447,0.06461142211478281
330,0.09687186759712554,0.15927582686149339,0.13331833453538028,0.005168656270110838,0.01860029890708141,0.07211641421899179,0.02699928247404044,0.05454706420919959,0.08976295191255872,0.042288990324287054,-0.009681890320329786,0.05431836785565457,0.06516418858680059,0.0492758897269837,0.016811891915699914,-0.015806339504420387,-0.022624027600938547,0.021486469795082428,0.047198711375346154,0.02734539182641244,0.032177038443231165
331,0.007221085628945011,0.009346032013199956,-0.014727339179581215,0.02043033461432674,0.006085282308852949,-0.013945795051438253,-0.027931969716044284,0.01728691729676725,-0.001764216062209568,-0.06529203476732443,0.10692926466615334,0.052818503065756854,0.01695484128659917,-0.037715375123555536,-0.05917818288180227,0.008367286199831514,0.07633428797990718,-0.04962330899281994,-0.05073514033788832,-0.081205586329834,-0.07649533509282554
332,0.02815498806673793,-0.03457835186186034,0.09907059068764777,0.06346799439646021,0.001623004560214426,-0.01534755215224717,-0.09563878585135667,-0.034902765518025916,0.00110658245929761,-0.0019707085426019775,-0.07311732007286383,-0.09889894590370596,-0.07716690882936779,0.05481731158778569,-0.005529137560678465,-0.06566738679306296,-0.020389869958670415,0.0017092297775827784,0.05977963840371972,-0.01375974830781866,-0.009995613412700156
333,-0.02068948773455074,-0.08974303515891574,0.017527314762775668,0.028274969972201847,0.0331860274858787,-0.06097355054458573,-0.00032777770516052976,0.0281140192679024,0.029280853265727526,0.00342281220920832,-0.02651439346915055,0.012365818491159804,0.004842037492388549,-0.03719091389142518,-0.022830988391619886,0.06797811455886198,0.07420012214525842,-0.02068948773455074,-0.08974303515891574,0.017527314762775668,0.028274969972201847
334,0.022807142819862326,0.02439044517374037,0.017073106277451525,0.020907862155915197,-0.028446372447748804,0.012365818491159804,0.004842037492388549,-0.03719091389142518,-0.022830988391619886,0.06797811455886198,0.07420012214525842,-0.02068948773455074,-0.08974303515891574,0.017527314762775668,0.028274969972201847,0.0331860274858787,-0.06097355054458573,-0.022169872968913627,-0.05821588772622714,-0.11916443213939447,0.06461142211478281
335,0.04444616506221233,0.05750007864095875,0.029486966374752895,0.008080301731063687,0.06736312926851827,0.06484997864763854,0.05543686808800729,-0.02775432483880939,0.0035007798920464336,-0.044726161551670876,-0.1209672773677749,0.0023554476846316284,0.0281140192679024,0.029280853265727526,0.00342281220920832,0.01961569337155239,0.048659151818756505,0.12790301675578866,0.11004866409985843,0.1786296003926594,0.057001927295215075
336,-0.07961222794449035,-0.02486485722016533,-0.002487481497062186,-0.0027283911528191464,-0.09261339929158924,-0.09093940332212361,-0.07132791565052274,0.058365230668770134,-0.013287997462302109,-0.05387380003170251,-0.02616373777776799,-0.0004640594308981007,0.06575677282832645,-0.014169577538660988,-0.017246124246697962,-0.021319727455457294,0.025455493242960484,-0.01650675505206109,0.09376043479837523,0.015178932581916594,0.031711869931220056
337,-0.004303363818687617,-0.000764935061800556,-0.0015810793213288728,-0.14639355121872283,-0.08529826441375793,0.007108112278546442,0.04154225173810074,-0.06581065085683803,-0.03651943588496546,0.008475104952900851,0.02765786528493706,0.024600949002244726,0.003387299348614436,-0.020431440671730198,0.01998665997633142,-0.031082690526254893,0.002430625486315612,0.07999169313581005,0.015126061979743104,-0.02792503850162619,0.004381774557754737
338,0.031453163421733106,0.021294956482008322,-0.005346549189384994,0.08806943722472424,0.039865583625172084,-0.015285831653700205,0.002021835830374982,-0.0018427708801756102,-0.0033481605894797144,0.012649918105789538,0.003923268694962706,-0.013534918400980867,-0.026853141604926915,0.04509197743886771,0.031861365171198065,-0.060927950869310125,-0.13787805025683347,-0.0020105680194356466,0.04248574632216505,0.0371093889731671,0.045526761041284745
339,0.004345290344611144,0.001665061697892903,-0.007154718189339423,0.02090016898043685,-0.004093450140098699,-0.014982093628872283,-0.015130296811596812,0.009028741917982133,0.02870977967473705,0.022755690182547236,-0.08633037716556878,-0.0929254930148846,0.009416902762785275,0.010180296726133154,0.032883772015831446,0.010764415351345306,0.013427251399639835,0.05878796760083395,0.1442680668719345,0.09036745043547073,0.20817411967213192
340,0.002996970439633211,0.07365042419861502,0.05846382627014092,0.06370946940140053,-0.025506369445125927,0.027396583899171743,0.0331153666186435,0.008772262157337138,0.03948925873048987,0.005521986037352872,0.09381664737022734,0.14083582185004723,0.09874539105052259,0.1980595960206749,-0.007250054133614382,0.05536150111826453,0.04405280732275557,-0.03381423652864563,0.05537910869697455,0.08490533966392713,0.02921620650682846
341,0.035793694190449386,0.04806240645073723,0.016226096778767064,-0.03269455800362337,0.09547372235376145,0.07520625932878826,0.001623004560214426,-0.01534755215224717,-0.09563878585135667,-0.034902765518025916,0.019686081390500928,-0.011679526504085241,0.007461879601311705,0.0031790701162829277,-0.004489316240323887,-0.008127589068975276,-0.029115029878376695,0.05112307606913304,0.023963976708823272,0.05674287905853458,0.04682409768225949
342,-0.008671695817373782,-0.017376977939665986,0.03797585285006797,0.034830188290305736,-0.0683707738427256,-0.1209672773677749,0.0023554476846316284,0.05169222756056681,-0.008191109106544123,0.0900989218150235,0.04022077283856794,-0.0173456788167319,0.010325247311335327,-0.00505393398592306,0.027342220336279893,0.032401305533269247,-0.07383617068359147,-0.11268482126922406,-0.06949920440565785,-0.0976602067509475,-0.0557556817700381
343,0.01695469225262917,0.020712984020955096,0.005437065094973533,0.05017535607181645,0.04979001272479147,0.08622357462744075,0.055909746701747885,0.037811335473967846,-0.026074719040020927,0.0927671693931366,0.010791209501792631,0.06260025505551696,0.05214769454175549,-0.01255877680473109,0.06719771983644916,0.06516418858680059,0.0492758897269837,0.016811891915699914,-0.015806339504420387,-0.022624027600938547,0.021486469795082428
344,0.08188430983930227,0.0441216471640192,-0.019269455674365138,0.05607678211970807,0.0787970060987223,0.031176078979686366,0.04836539532397675,0.02679779099817386,-0.0074318819833296195,0.055383400241375814,0.05517479340364767,0.08078541694248285,0.06554334326021176,0.015232563943364053,-0.00011492672750969557,0.06786289075018366,0.019644900767271215,0.061907521205541424,0.04354140256395621,-0.0011521168442352808,0.06996550155243682
345,-0.04227611970469211,-0.050498900630185264,0.010783273399662228,0.04645933327868312,-0.031242931752715704,-0.04904310773206642,-0.10338315238127574,-0.05509488366834008,0.011611238192971548,0.23950488532678857,0.04837086616455555,0.1043825189063411,0.1442516967700536,0.12849048001054955,0.020712984020955096,0.012731600793320317,-0.03719091389142518,-0.022830988391619886,0.06797811455886198,0.07420012214525842,-0.02068948773455074
346,-0.1457170726235326,-0.06833406106931146,0.02056614342377341,0.020327262293546484,-0.08889000711334612,0.008442502072560752,-0.03322227229726265,0.06547859457587751,0.012552498632147085,-0.0005763305691675266,-0.039406788034806274,0.06748800444979743,-0.04850554726351195,0.026955011035204188,-0.027010873579979045,-0.014730314040599294,0.02826162078001348,0.04939081639495947,0.012204001535472821,0.043707444721036194,0.037975016235960835
347,-0.022856495367242196,-0.004517566543534055,-0.07031992292326242,0.12512951565687028,0.04630595254479673,0.0033421825569468046,-0.04227611970469211,-0.050498900630185264,0.010783273399662228,0.04645933327868312,-0.031242931752715704,-0.04904310773206642,-0.10338315238127574,-0.05509488366834008,0.011611238192971548,0.23950488532678857,0.04837086616455555,0.1043825189063411,0.1442516967700536,0.12849048001054955,0.020712984020955096
348,-0.07638695467008619,0.0062943424767758155,0.03251710760405471,-0.07682537110950548,-0.020352219706992098,0.006940060669718801,0.033791252003787804,0.009119805272276776,0.04724433085543002,-0.011456943698128315,-0.016235574331397593,-0.02641509517482331,0.02349940927067805,-0.016313320641010303,0.09849201751450516,0.01685672166555747,0.025860773477762753,0.017924797219877563,0.023580997183367442,0.017281620614598397,-0.034287320165793035
349,0.0506174831210367,-0.0031455015921875735,0.04556569985235456,0.020701877565899043,0.06392473766982591,0.17290342797616506,0.11157955438534486,0.17354461860428042,0.005093046603205656,0.03998519926936727,0.04310360874963124,-0.03845370595166686,0.07462004907188186,0.07988536334400807,0.018118850213676558,0.0025336243002390554,-0.10033392389766944,-0.06031508786027079,0.01974060520282703,0.00435558155294859,-0.018978511458347606
350,0.03112869326451413,0.0019359245923828542,0.007020421424277806,0.00043711952401027877,-0.006680494674934709,0.014945083156067693,0.005167882429577925,-0.006905108733557086,-0.010409575142721762,-0.001668183540305831,-0.12036325534435462,-0.08772596864057779,-0.042448068992912216,0.057498151475025974,-0.03099676014357284,-0.056746431009554614,-0.002423868950951307,0.032987146810026395,0.043783032082419,0.03344474957879514,0.0029025417067542396
351,0.037811335473967846,-0.026074719040020927,0.0927671693931366,0.010791209501792631,0.06260025505551696,0.05214769454175549,-0.01255877680473109,0.06719771983644916,0.06516418858680059,0.0492758897269837,0.016811891915699914,0.03982964454413606,0.06044932323785948,0.020655242408598253,-0.03567382466677644,-0.01046043074501207,0.028225122466648295,0.044647968058535034,0.026091687558453626,0.03341163695318257,0.0049317270532911505
352,0.1585077643839471,0.046004160625338054,0.036698187509295356,0.0462263520970877,0.02728045160063736,0.08733021923824424,0.083601952740726,0.03641138496146255,-0.028467015752386745,0.06842655064573248,0.024218604489924928,0.05175229404135538,0.07463734568278337,-0.032262124467183316,-0.05318883424782888,0.008718766633751039,0.024648367639700457,0.009570774734098661,-0.022755767761798548,0.01860029890708141,0.06669800285182495
353,0.03195651403544279,0.032987146810026395,-0.056993886620156656,-0.05616080316826022,-0.15957931500483433,0.00963737490581092,0.044233642604987015,0.24223348615295345,0.011503904041554106,0.11178376376371055,0.23686636505316352,0.05075880985350582,0.02759643671691845,-0.005297334717018741,0.054950776773823706,0.06351461633079457,0.06771129635265376,0.07331847075741482,0.0021443880627073906,0.015240443207146707,-0.007589482356138047
354,-0.049407531129056194,-0.1434132833015306,-0.009326092852967406,0.05522655912088008,0.011257117079635537,0.009885871632892783,0.013450894429110424,0.02415492521826854,0.13679031692311297,0.12367975797769766,0.16899550807497488,0.08105651591925545,-0.0049851771713745364,0.07472554095781088,0.02815498806673793,-0.03457835186186034,0.09907059068764777,0.009525257639794482,0.07623805115305331,-0.04895804795747495,-0.07821917475426834
355,0.032177038443231165,0.017355998364001222,0.009620180653809512,0.019290237091062958,0.00022826238394464397,0.07698443952173475,0.15261343281996542,0.09511245755734427,0.19460797607474095,-0.008248630740864026,0.06208251319461728,0.04618033823150406,-0.00039668250200649,0.0320296105725281,0.0748770995501764,0.028516291247346292,0.015487793012481365,-0.09096881126589298,-0.05048555245022713,-0.004089574664219004,0.0014569153378469603
356,-0.014683768648714483,0.06623824382816598,0.0022284959874056313,-0.02871232318376256,-0.016800826856763127,0.019385155276800098,-0.0028759325671209564,0.07791135487191457,0.02344835378555335,0.029657446232651936,0.010578799310315386,0.029152458653708312,0.01081979999768568,-0.02994043999248146,0.00732898516381754,0.02039034568448307,-0.055460249568366704,0.02770419661784631,0.08287636971891303,0.009333812953931188,-0.016832619674398547
357,0.04684663102592058,0.0061949975367046,-0.019068281816173573,-0.0713840292511914,0.010955292270439931,0.20527086862786997,-0.02177030502227734,0.22666738584077392,0.16025330892228135,0.029606206151133886,0.058766111256082706,-0.033401786587522055,0.0011471072145716112,-0.05562886314565989,0.11104851877539362,0.0408922640134475,-0.011000442122731982,-0.08258793842706147,-0.014210233821178028,0.05595520268387419,0.017269539927308293
358,0.007974038851990953,-0.017751195343342213,-0.020869068846696422,0.016721652182922028,0.03808185594297404,-0.00496676521662024,-0.11399169447086158,-0.049836214814286114,-0.0810228182142374,0.005199332304599804,0.012765043902344708,0.04028733948383551,-0.045389581123573476,-0.043472820294300434,-0.03166469678688542,-0.1329047130515534,0.08950145097867729,0.20527086862786997,-0.02177030502227734,0.22666738584077392,0.16025330892228135
359,0.03112869326451413,0.0019359245923828542,0.007020421424277806,0.047513179029643096,0.004842037492388549,-0.03719091389142518,0.054022460451396866,0.03341163695318257,0.0049317270532911505,0.007477942352647772,0.03993083579810539,0.012275326094953992,0.10652074418392923,0.15471591201636187,0.1195536119516561,0.16077321134488992,0.0059681337722265965,0.04167222769359799,0.025144494961714538,-0.03647529900603461,0.09314832120171126
360,-0.04624443418091701,0.07546919914540791,-0.052644045068644486,0.057391731731546526,0.04265630603855725,0.012569993355788482,-0.06110037982224164,0.07946234483177844,0.04684663102592058,0.0061949975367046,-0.019068281816173573,-0.0713840292511914,0.0028870675659669913,0.0946013051011754,-0.04511760309730755,-0.05776803244126003,-0.07780113493787241,-0.08523360912573254,0.030474884881794746,0.19476497723196481,0.054359119672220756
361,-0.009372199840067003,0.001754605321988245,-0.001517564516523798,-0.14258923569181944,-0.06851762111446583,-0.1015159413998933,-0.15150570607103517,0.00963737490581092,0.044233642604987015,0.24223348615295345,0.011503904041554106,0.11178376376371055,0.23686636505316352,0.05075880985350582,0.02759643671691845,-0.005297334717018741,0.054950776773823706,0.03294305754357883,0.03942978255274464,0.07336750504451948,0.022578594132397916
362,-0.03311736690928855,0.029156456970374847,0.020315402513363848,0.006287851614069399,0.029239223785477764,0.016288290926872614,0.1315825200212921,0.1367068347800229,0.1311532579188743,0.11131571440938633,0.035793694190449386,0.04806240645073723,0.016226096778767064,-0.03269455800362337,0.09547372235376145,0.07520625932878826,-0.12083412670464554,-0.0777020536288688,-0.015065250731236896,0.002353141630354524,-0.001668183540305831
363,0.057498151475025974,-0.03099676014357284,-0.043975960300684125,0.006940060669718801,0.033791252003787804,0.009119805272276776,0.008977307504258474,-0.02549187566543074,0.03916741147349725,-0.030720136272704167,-0.007930492469347556,0.08135867933125521,0.016237304618384896,0.03276785207007106,0.005616486133727918,0.031990468729583256,-0.028890134044899925,0.037347660292486595,-0.020533393111316484,-0.012436708278717812,-0.027914669894337645
364,0.06439905428187961,-0.0007330077890140873,0.03764176433914727,0.08734846799044324,0.03790628799489715,0.022684370018144242,-0.013293106975691601,-0.019886363012011198,0.027985131753974917,0.024649406615095838,0.02232662736483993,0.05618386114043311,0.02554805067516022,0.033138588641234853,-0.0034178765959546687,-0.02871232318376256,-0.016800826856763127,0.019385155276800098,-0.0028759325671209564,0.07791135487191457,0.02344835378555335
365,0.020435228983264355,0.006297766455834597,-0.01669743734389148,-0.0253224956421449,0.04237123697766942,0.034037086276389676,-0.049407531129056194,-0.1434132833015306,-0.009326092852967406,0.05522655912088008,0.011257117079635537,0.009885871632892783,0.013450894429110424,0.02415492521826854,0.13679031692311297,0.12367975797769766,0.16899550807497488,0.08105651591925545,-0.007305200031078883,-0.019203824097499857,0.043783032082419
366,0.016811891915699914,-0.015806339504420387,-0.022624027600938547,0.021486469795082428,0.047198711375346154,0.02734539182641244,0.032177038443231165,0.017355998364001222,0.004345290344611144,0.001665061697892903,-0.007154718189339423,0.02090016898043685,-0.004093450140098699,-0.014982093628872283,-0.015130296811596812,0.009028741917982133,0.02870977967473705,0.022755690182547236,-0.08633037716556878,-0.15800030496257575,-0.08523360912573254
367,0.09243218492997904,0.059001729166159776,0.047856138232220576,-0.02592957193685902,0.0746436849787944,0.02841273061469006,0.047442303827898546,0.0685423723087051,-0.00311542308986455,0.02744969203863194,0.10401486493516268,0.03510483726889428,0.0183397684187012,-0.0032982567368964053,-0.03826419835710366,0.031453163421733106,0.021294956482008322,-0.005346549189384994,0.08806943722472424,0.039865583625172084,-0.015285831653700205
368,-0.011456943698128315,-0.016235574331397593,-0.02641509517482331,-0.009936918659731264,0.029728891762537946,0.04273990916984291,0.04444616506221233,0.05750007864095875,0.029486966374752895,0.008080301731063687,0.0710486032799312,0.034830188290305736,-0.0683707738427256,-0.1209672773677749,0.0023554476846316284,0.0281140192679024,0.029280853265727526,0.00342281220920832,0.01961569337155239,0.048659151818756505,0.12790301675578866
369,0.02157137338810507,0.0230773999402624,0.007822680867767927,0.03141904600384711,-0.014865073275704896,0.037043997380734404,-0.04056938058421847,-0.005637525045480252,-0.025838511639785726,0.11886890957762948,-0.0662028757094522,0.009346032013199956,-0.014727339179581215,0.02043033461432674,0.006085282308852949,-0.013945795051438253,-0.027931969716044284,0.020422863599038738,0.0576371770949132,-0.026072889377660884,-0.12253989570409915
370,-0.015285831653700205,0.002021835830374982,-0.0018427708801756102,0.023894110310753357,0.0329867735043766,0.004729783438254615,0.021012075726165945,0.053974597623704164,0.1400620490374982,0.07715438445561038,0.2127050409126765,0.010556726679935019,0.07369538944811423,0.013916070299207087,0.028343350896880053,0.030403777928640862,0.019290237091062958,-0.006931020510375024,-0.004489316240323887,-0.008127589068975276,-0.00505393398592306
371,0.1442516967700536,0.12849048001054955,0.020712984020955096,0.005437065094973533,0.05017535607181645,0.04979001272479147,0.08622357462744075,0.055909746701747885,0.00185975692646723,-0.006320146531942224,0.022807142819862326,0.02439044517374037,0.017073106277451525,0.020907862155915197,-0.028446372447748804,0.012365818491159804,0.004842037492388549,-0.03719091389142518,-0.022830988391619886,0.10165465582555948,0.04237123697766942
372,0.05631413212158116,0.042268457879275786,0.005827663009140014,0.020169020825399984,0.07150946280620203,0.04824130298852722,0.016537414449602463,0.04208878513039831,0.02815498806673793,-0.03457835186186034,0.09907059068764777,0.06278094485772952,-0.014169577538660988,-0.017246124246697962,-0.021319727455457294,0.025455493242960484,-0.01650675505206109,0.09376043479837523,0.015178932581916594,0.031711869931220056,0.0070037117678680896
373,0.06661143319110473,0.015487793012481365,-0.09096881126589298,-0.05048555245022713,-0.004089574664219004,0.0014569153378469603,0.004961207336632868,-0.15464392607940886,-0.07638695467008619,0.0062943424767758155,0.03251710760405471,-0.07682537110950548,-0.09957711941222054,-0.038618769215352976,0.0017344377427880998,0.0383700697461459,-0.004229448637686191,0.04426037679894457,0.015024797213813964,0.08978943009235238,0.18811433798098445
374,0.05268977902213795,0.02176619879236522,-0.007656332504046889,-0.03507399595771937,0.016940676610758692,0.02902295906132065,-0.008191109106544123,0.0900989218150235,0.04022077283856794,-0.01344577511599525,-0.0010058767142069683,-0.027893117321920374,-0.03304347755286131,-0.034936127697749966,0.0141667660741538,-0.1431778791867063,0.15155688308086152,0.06692223099929095,0.005262864003230632,-0.04889617861396572,-0.056947025472608256
375,-0.08633037716556878,-0.0929254930148846,-0.007530160315831419,-0.004229448637686191,0.04426037679894457,0.015024797213813964,0.08978943009235238,0.18811433798098445,0.09021814789768995,0.18734115727593398,0.16077321134488992,0.0059681337722265965,0.04167222769359799,0.025144494961714538,-0.03647529900603461,0.09314832120171126,0.0720908090417364,-0.001832860749488936,-0.008054504811190783,-0.09009055783775237,-0.04822456859237323
376,0.11011995149387833,0.03595651255263394,0.1784795106950509,0.17095955027704018,-0.011320186630305316,0.05327822497532394,0.0462263520970877,0.02728045160063736,0.08733021923824424,0.083601952740726,0.03641138496146255,-0.028467015752386745,0.06842655064573248,0.024218604489924928,0.05175229404135538,0.07463734568278337,-0.002881656542227375,0.02517833335626331,0.09044619152700702,0.05268977902213795,0.02176619879236522
377,0.06351461633079457,0.06771129635265376,0.07331847075741482,0.0021443880627073906,0.015240443207146707,0.05649429316671417,0.022833190338024337,0.06930880348256134,0.04671823888313922,-0.0066750398740466005,0.077739445343134,0.03982964454413606,0.06044932323785948,0.020655242408598253,-0.03567382466677644,-0.01046043074501207,0.028225122466648295,0.044647968058535034,0.026091687558453626,0.03341163695318257,0.0049317270532911505
378,-0.01994919054152854,0.0320296105725281,0.0748770995501764,0.028516291247346292,0.015487793012481365,-0.09096881126589298,-0.05048555245022713,0.012823347025684417,0.015847352608689344,-0.01262927522922229,0.09265456436381819,0.0452438535946445,0.02231189793737722,-0.08581948839162631,-0.06508105366372605,-0.0014427468015152075,-0.004922972172201207,-0.0002762711550266936,-0.1449848810164573,-0.07282663330833591,-0.011106035712797547
379,0.005856854528186469,0.02278155912917828,-0.02456315189035098,0.03329672356968668,-0.03136287361237509,-0.01315090154732808,-0.037196617343158475,0.12263746442363191,0.1680627641109319,0.0007639960399501508,0.028098176007503143,-0.03507399595771937,0.016940676610758692,0.02902295906132065,-0.008191109106544123,0.0900989218150235,0.04022077283856794,-0.0173456788167319,0.006702524739548357,-0.007547991372525836,-0.004042477083777581
380,-0.011188332158927672,0.02420862082602183,0.028737402589274815,-0.033475418142976346,-0.05616080316826022,-0.15957931500483433,0.00963737490581092,0.044233642604987015,0.24223348615295345,0.011503904041554106,0.11178376376371055,0.23686636505316352,0.05075880985350582,0.02759643671691845,-0.005297334717018741,0.054950776773823706,0.06351461633079457,0.06771129635265376,0.07331847075741482,0.0021443880627073906,0.015240443207146707
381,0.008527595105345247,-0.010202013685965725,-0.0007087971577727721,0.01219014238418171,0.016357579018128617,-0.01475725902830638,-0.02942832466642877,0.03660958204538981,0.04647911062049513,-0.04572308988216685,-0.13068905238419817,-0.027128337150302294,0.04684663102592058,0.0061949975367046,-0.019068281816173573,-0.0713840292511914,0.0028870675659669913,0.0946013051011754,-0.04511760309730755,0.056296915336323756,0.03227390694017979
382,-0.033074350021090174,0.04800823393719242,-0.02996308879641303,-0.020846727225749255,0.10256063737013693,0.011702624363025375,0.0417510739700792,-3.963623685946036e-05,0.030429494047507367,-0.00887580242302415,0.011878759963531013,-0.01970843724354158,-0.001764216062209568,-0.06529203476732443,0.06642260630005013,0.09745846809380196,0.04415707487510739,-0.011378475219155786,-0.0810228182142374,0.005199332304599804,0.012765043902344708
383,-0.06110037982224164,0.07946234483177844,0.04684663102592058,0.0061949975367046,-0.019068281816173573,-0.0713840292511914,0.0028870675659669913,0.0946013051011754,-0.04511760309730755,-0.0030330256942750623,-0.009989064683092921,0.014945083156067693,0.005167882429577925,-0.006905108733557086,-0.029534921581718058,0.02709928010278606,0.055970802408372225,-0.03677184575890198,-0.1218280230092854,-0.038618769215352976,0.0017344377427880998
384,0.03779158738155633,0.00851847444375363,0.021435570978467603,0.015126061979743104,-0.02792503850162619,0.004381774557754737,0.01639230386462114,-0.06110037982224164,0.07946234483177844,0.04684663102592058,0.0061949975367046,-0.019068281816173573,-0.0713840292511914,0.0028870675659669913,0.0946013051011754,-0.04511760309730755,-0.05776803244126003,-0.07780113493787241,-0.08523360912573254,0.030474884881794746,0.19476497723196481
385,0.1016350791241134,0.01252791852493433,0.05364691489810045,0.05974919523256175,-0.004820745568297918,0.05314037668756117,0.07310831228205482,0.05407329072383777,0.013963011136263486,-0.01443544461218946,-0.019067498641394894,0.01661130304753056,0.030664593091042983,0.00110658245929761,-0.0019707085426019775,-0.07311732007286383,-0.09889894590370596,-0.07716690882936779,0.05481731158778569,-0.005529137560678465,-0.06566738679306296
386,0.028748656926538833,-0.006766053924133821,-0.013687465687720385,-0.014879420061233384,0.04075575076692455,0.02740464613057831,-0.022181734731348293,0.03302551187024177,-0.033401786587522055,0.0011471072145716112,-0.05562886314565989,0.11104851877539362,-0.13512435449756782,-0.038618769215352976,0.0017344377427880998,0.0383700697461459,-0.004229448637686191,0.04426037679894457,0.015024797213813964,0.08978943009235238,0.17139373588761767
387,-0.03163850228123829,-0.0883003365479709,-0.02646807590070384,-0.005133491311685329,-0.02569898197541737,0.012210156230299331,-0.05196133780222694,0.0028742228637099495,0.07942804085490669,0.03591066926944299,-0.03904979439636809,-0.08752271000182854,0.021403949475942596,0.09386249470632149,-0.04511760309730755,-0.05776803244126003,-0.07780113493787241,-0.08523360912573254,0.030474884881794746,0.19476497723196481,0.054359119672220756
388,0.02043033461432674,0.006085282308852949,-0.013945795051438253,-0.027931969716044284,0.020422863599038738,0.0576371770949132,-0.00166020575165368,0.03982964454413606,0.06044932323785948,0.020655242408598253,-0.03567382466677644,-0.01046043074501207,0.028225122466648295,0.044647968058535034,0.026091687558453626,0.03341163695318257,0.0049317270532911505,0.007477942352647772,0.006612771198706547,-0.010420765207966178,0.021515981298733042
389,-0.01650675505206109,0.09376043479837523,0.015178932581916594,0.031711869931220056,0.015325103577544191,0.02367804367127799,0.019082143207103875,-0.05519291734833666,0.041034435089818105,0.012210156230299331,-0.05196133780222694,0.0028742228637099495,0.07942804085490669,0.03591066926944299,-0.03904979439636809,-0.08752271000182854,0.021403949475942596,0.06692223099929095,0.005262864003230632,-0.04889617861396572,-0.056947025472608256
390,0.013963011136263486,-0.01443544461218946,-0.019067498641394894,0.01661130304753056,0.03344219636572042,0.019644900767271215,0.061907521205541424,0.04354140256395621,-0.0011521168442352808,0.06996550155243682,0.0634970250320656,0.04812106459312323,0.017461980216704025,-0.027010873579979045,-0.014730314040599294,-0.035291921083660256,0.05607678211970807,0.020127943408622548,0.0258192391788689,0.11178376376371055,0.23686636505316352
391,-0.03163850228123829,-0.0883003365479709,-0.02486485722016533,-0.002487481497062186,-0.0027283911528191464,-0.09261339929158924,-0.09093940332212361,-0.07132791565052274,0.058365230668770134,0.000882319137636302,-0.09190603741494878,-0.09492778842213713,0.014249098444838066,0.028343350896880053,0.030403777928640862,0.019290237091062958,0.00022826238394464397,0.07698443952173475,0.15261343281996542,0.09511245755734427,0.19460797607474095
392,-0.004922972172201207,-0.0002762711550266936,-0.1449848810164573,-0.07282663330833591,-0.011106035712797547,0.04490965294620502,-0.04938033602649569,-0.05318883424782888,0.008718766633751039,0.024648367639700457,0.03451567945184562,-0.01021194743165507,-0.033074350021090174,0.04800823393719242,-0.02996308879641303,-0.020846727225749255,0.10256063737013693,0.011702624363025375,0.0417510739700792,-3.963623685946036e-05,0.030429494047507367
393,-0.03647529900603461,0.09314832120171126,0.0720908090417364,-0.001832860749488936,-0.008054504811190783,-0.09009055783775237,-0.04822456859237323,0.011789268251337469,-0.004737227059644066,-0.01766156035542441,-0.1425588762630393,-0.07335021298209492,0.030783248129296784,0.01634631299747591,0.09381664737022734,0.14083582185004723,0.09874539105052259,0.1980595960206749,-0.007250054133614382,0.05536150111826453,0.04405280732275557
394,0.019385155276800098,-0.0028759325671209564,0.07791135487191457,0.02344835378555335,0.029657446232651936,0.010578799310315386,0.136522946793022,0.1367068347800229,0.1311532579188743,0.11131571440938633,0.035793694190449386,-0.05616080316826022,-0.15957931500483433,0.00963737490581092,0.044233642604987015,0.24223348615295345,0.011503904041554106,0.0007601295976741179,0.011257117079635537,0.009885871632892783,0.013450894429110424
395,0.04751357520136966,-0.005049697410313444,-0.006680494674934709,0.014945083156067693,0.005167882429577925,-0.006905108733557086,-0.01669212964781399,0.0011471072145716112,-0.05562886314565989,0.11104851877539362,0.0408922640134475,-0.011000442122731982,-0.08258793842706147,-0.014210233821178028,0.03471754252336483,-0.033475418142976346,-0.05616080316826022,-0.04120143335877478,0.028274969972201847,0.0331860274858787,-0.06097355054458573
396,0.03195651403544279,0.032987146810026395,0.043783032082419,0.03344474957879514,0.0029025417067542396,0.007221085628945011,-0.009140476514156953,-0.005535919993249112,0.01577757943279184,0.017210955642604907,-0.013148571141253456,-0.03327052651534079,0.033919103148152926,0.04751357520136966,-0.045693205856184464,-0.12218888144058664,-0.03311736690928855,0.029156456970374847,0.020315402513363848,0.006287851614069399,0.029239223785477764
397,0.010675079839919726,0.04982300929955519,0.021457461599548977,-0.05439192569851582,-0.03603910562800098,-0.05685112987281479,-0.1431778791867063,0.15155688308086152,0.1585077643839471,0.046004160625338054,0.1786110197944668,0.18605162301684083,0.015485571189997131,0.030169365189279703,0.05954689270225735,0.02699928247404044,0.05454706420919959,0.08976295191255872,0.032240347987044164,0.02344835378555335,-0.0037864266838786263
398,0.0331153666186435,0.008772262157337138,0.03948925873048987,0.005521986037352872,0.01176036235985129,-0.0040099439253633,-0.04624443418091701,0.07546919914540791,-0.052644045068644486,0.057391731731546526,0.04265630603855725,0.022807142819862326,0.02439044517374037,0.017073106277451525,0.020907862155915197,-0.028446372447748804,0.012365818491159804,0.004842037492388549,-0.03719091389142518,-0.022830988391619886,0.06797811455886198
399,0.011257117079635537,-0.01835815366725354,0.11178376376371055,0.23686636505316352,0.05075880985350582,0.02759643671691845,-0.005297334717018741,0.04362908020510141,0.02349940927067805,-0.016313320641010303,0.09849201751450516,0.01685672166555747,0.025691977906922753,0.00851847444375363,0.021435570978467603,0.015126061979743104,-0.02792503850162619,0.004381774557754737,0.01639230386462114,-0.06110037982224164,0.07946234483177844
400,0.037043997380734404,-0.04056938058421847,-0.005637525045480252,-0.025838511639785726,0.11886890957762948,0.005320447429078421,-0.011443240120825341,-0.06504903210521822,-0.011188332158927672,0.02420862082602183,0.028737402589274815,-0.033475418142976346,-0.05616080316826022,-0.15957931500483433,0.00963737490581092,0.044233642604987015,0.24223348615295345,0.011503904041554106,0.11178376376371055,0.23686636505316352,0.05075880985350582
401,-0.031082690526254893,0.002430625486315612,0.07570685403943211,0.013127471629898833,0.043498732633943174,0.006171945495862345,0.0313435380150615,-0.012788132184603986,0.023597433850476822,-0.022856495367242196,-0.004517566543534055,-0.07031992292326242,0.12512951565687028,0.04630595254479673,0.0033421825569468046,-0.04227611970469211,-0.050498900630185264,0.010783273399662228,0.04645933327868312,-0.031242931752715704,-0.04904310773206642
402,0.001374842288426062,0.016131477872899806,0.04083681163566783,-0.008660317960369103,-0.02810689182065751,0.02334834607514963,-0.0063949693526819855,-0.02155405246506647,0.07772641030097946,0.031176078979686366,0.03779158738155633,0.00851847444375363,0.021435570978467603,0.015126061979743104,-0.02792503850162619,0.0629550511079987,0.03790628799489715,0.022684370018144242,-0.013293106975691601,-0.019886363012011198,-0.0034587390027349817
403,0.06973336839553607,0.08490533966392713,0.02921620650682846,0.00644725239090928,-0.10003620956022498,-0.055412634380477395,0.013393092697523859,-5.8338600625194406e-05,-0.010248523690522197,-0.15567643467981396,-0.05578242451271492,0.0027414211450370565,0.025628320800981142,-0.08823696391282364,0.002721033292247158,-0.005133491311685329,0.04220342435102671,0.00888128311780124,-0.003576996288077466,-0.005936972572122677,-0.019269455674365138
404,-0.018978511458347606,-0.15049273384696898,-0.06866403183244768,0.015151760354786346,0.010054881187998547,0.032037542390131735,0.13328823247215815,0.10421237703207416,0.18772419387962436,0.06552574171230927,0.023924418008826748,-0.09096881126589298,-0.05048555245022713,-0.004089574664219004,0.0014569153378469603,0.004961207336632868,-0.15464392607940886,-0.07638695467008619,0.0062943424767758155,0.03251710760405471,-0.07682537110950548
405,0.03971595674933848,-0.06267119191694225,-0.0777020536288688,-0.015065250731236896,0.002353141630354524,-0.001668183540305831,-0.12036325534435462,-0.08772596864057779,-0.042448068992912216,0.057498151475025974,-0.03099676014357284,-0.056746431009554614,-0.002423868950951307,0.01041279437881343,0.021395179851744727,0.021435570978467603,0.015126061979743104,-0.02792503850162619,0.004381774557754737,0.01639230386462114,-0.06110037982224164
406,-0.09028939417877037,-0.002782893872620861,0.07608944778980152,-0.0005898371524523021,-0.0489350186692615,-0.06482928669907931,-0.08472219196931578,-0.10825506337615295,0.263310632907053,0.11011995149387833,0.03595651255263394,0.1784795106950509,0.05025953617988626,-0.02155405246506647,0.07772641030097946,0.031176078979686366,0.03522291122927074,-0.02456315189035098,0.03329672356968668,-0.03136287361237509,-0.01315090154732808
407,-0.06851762111446583,-0.028919930259445434,0.04248151104216597,-0.02927708533922444,-0.05873782374826621,0.001374842288426062,0.016131477872899806,0.04083681163566783,-0.008660317960369103,-0.02810689182065751,0.02334834607514963,-0.0063949693526819855,-0.02155405246506647,0.07772641030097946,0.031176078979686366,0.03779158738155633,0.00851847444375363,0.021435570978467603,0.015126061979743104,-0.02792503850162619,0.004381774557754737
408,0.017044371176663856,0.04724433085543002,-0.011456943698128315,-0.016235574331397593,-0.02641509517482331,0.06980416150228294,0.030169365189279703,0.05954689270225735,0.02699928247404044,0.05454706420919959,0.08976295191255872,0.06526545501071405,0.04405507131998533,0.036452961892731166,0.063505960378669,0.039632328378430816,-0.0027070038742869756,0.07406778941808727,0.065681245634777,-0.020431440671730198,0.01998665997633142
409,0.1864918273196731,0.1912402838473926,-0.007339068801813674,0.032708833873126085,0.050713076916418395,0.02991114106029612,0.07775323221691115,0.08360971738967124,0.0441216471640192,-0.019269455674365138,0.05607678211970807,0.020127943408622548,0.0528040198596846,0.06414806547249353,0.010441241355893008,0.0246433542126176,0.08014730302853963,0.0551352858496667,0.020204766968143936,0.006982664079105983,-0.020490841137627124
410,0.01848809379400931,-0.10478409704311777,-0.050209993324580156,0.020283963990658363,-0.0005485705735380322,-0.01938484730921016,-0.1457170726235326,-0.06833406106931146,0.02056614342377341,0.020327262293546484,-0.08889000711334612,0.008442502072560752,-0.03322227229726265,0.06547859457587751,0.012552498632147085,-0.0005763305691675266,-0.039406788034806274,0.06748800444979743,-0.04850554726351195,0.026955011035204188,0.06436676991295626
411,0.03804580521943836,-0.056947025472608256,-0.08296368035457874,-0.12481355296141478,0.2341697026224454,0.11449748966614386,0.04721335484869471,0.1864918273196731,0.1912402838473926,-0.007339068801813674,0.032708833873126085,0.050713076916418395,0.02991114106029612,0.07775323221691115,0.08360971738967124,0.0441216471640192,-0.019269455674365138,0.05607678211970807,0.020127943408622548,0.0528040198596846,0.06414806547249353
412,0.05481731158778569,-0.005529137560678465,-0.06566738679306296,-0.020389869958670415,0.0017092297775827784,0.054506732458693474,0.13328823247215815,0.10421237703207416,0.18772419387962436,0.08755893193516158,0.04724433085543002,-0.011456943698128315,-0.016235574331397593,-0.02641509517482331,0.02349940927067805,-0.016313320641010303,0.09849201751450516,0.01685672166555747,0.025860773477762753,0.017924797219877563,0.023580997183367442
413,0.023766878111643536,0.020315402513363848,0.006287851614069399,0.029239223785477764,0.016288290926872614,0.1315825200212921,0.1367068347800229,0.1311532579188743,0.11131571440938633,0.035793694190449386,0.04806240645073723,0.016226096778767064,-0.03269455800362337,0.09547372235376145,0.07520625932878826,0.001623004560214426,-0.01534755215224717,-0.09563878585135667,-0.034902765518025916,0.00110658245929761,-0.0019707085426019775
414,0.02043033461432674,0.006085282308852949,-0.013945795051438253,-0.027931969716044284,0.020422863599038738,0.0576371770949132,-0.026072889377660884,-0.12253989570409915,-0.03621649721069029,-0.0131336109081202,0.0506174831210367,-0.0031455015921875735,0.04556569985235456,0.020701877565899043,0.022426934038396056,-0.014727339179581215,0.02043033461432674,0.006085282308852949,-0.013945795051438253,-0.027931969716044284,0.020422863599038738
415,-0.02712704838623795,0.05550996276826985,-0.042678964071087205,0.023634010206012964,0.07067891964497917,0.015240547515204036,0.027084564191957573,0.008075881188370368,0.02740464613057831,-0.022181734731348293,0.03302551187024177,-0.033401786587522055,0.0011471072145716112,-0.05562886314565989,0.11104851877539362,0.0408922640134475,-0.011000442122731982,-0.08258793842706147,-0.014210233821178028,0.05595520268387419,0.017269539927308293
416,0.024600949002244726,0.003387299348614436,-0.020431440671730198,0.01998665997633142,-0.031082690526254893,0.002430625486315612,0.07570685403943211,0.013127471629898833,0.04016378274084115,0.04497901910492007,-0.014169577538660988,-0.017246124246697962,-0.021319727455457294,0.025455493242960484,-0.01650675505206109,0.09376043479837523,0.015178932581916594,0.031711869931220056,0.015325103577544191,0.02367804367127799,0.019082143207103875
417,0.07420012214525842,-0.02068948773455074,-0.08974303515891574,0.017527314762775668,0.028274969972201847,0.0331860274858787,-0.06097355054458573,-0.022169872968913627,-0.05821588772622714,-0.11916443213939447,0.06461142211478281,0.23535898697636634,-0.027245663919575332,0.09314832120171126,0.0720908090417364,0.022044134324295358,-0.009200394809037693,0.004299657044073789,-0.01473198548039481,0.0033751049213474834,0.011213727722435705
418,-0.0021335904868741654,0.0331153666186435,0.008772262157337138,0.03948925873048987,0.005521986037352872,0.09381664737022734,0.14083582185004723,0.09874539105052259,0.1980595960206749,-0.007250054133614382,0.05536150111826453,0.04405280732275557,-0.03381423652864563,0.05537910869697455,0.08490533966392713,0.02921620650682846,0.00644725239090928,-0.10003620956022498,-0.055412634380477395,0.013393092697523859,-5.8338600625194406e-05
419,0.13679031692311297,0.061423026916350355,-0.009866661182637375,-0.029950006555454843,0.041625614727588994,0.03305770518251055,0.03261359640232789,-0.011346396815389154,0.00966076592308283,-0.004896598863669388,0.001396149368181709,0.00385394882475879,-0.0035989485344935825,-0.008671695817373782,-0.017376977939665986,0.03797585285006797,-0.029257197317452882,0.02849595128758009,0.006364926000034128,-0.04579112302167692,-0.01582101293001888
420,-0.037715375123555536,-0.05917818288180227,0.008367286199831514,0.07633428797990718,-0.04962330899281994,-0.05073514033788832,-0.081205586329834,-0.07649533509282554,0.004887389884845521,0.24334785007519066,0.03483200682607578,0.09687186759712554,0.15927582686149339,0.13331833453538028,0.005168656270110838,0.01860029890708141,0.06669800285182495,0.033619419513257524,0.09660961896248449,0.03753596658112667,-0.009681890320329786
421,0.020315402513363848,0.006287851614069399,0.029239223785477764,0.016288290926872614,0.1315825200212921,0.1367068347800229,0.1311532579188743,0.11131571440938633,0.035793694190449386,0.04806240645073723,0.016226096778767064,-0.03269455800362337,0.09547372235376145,0.07520625932878826,0.001623004560214426,-0.01534755215224717,-0.09563878585135667,-0.034902765518025916,0.00110658245929761,-0.0019707085426019775,-0.07311732007286383
422,-0.0040099439253633,-0.04624443418091701,0.07546919914540791,-0.052644045068644486,0.057391731731546526,0.04265630603855725,0.022807142819862326,0.02439044517374037,0.017073106277451525,0.020907862155915197,-0.028446372447748804,0.012365818491159804,0.004842037492388549,-0.03719091389142518,-0.022830988391619886,0.09188791011761001,0.02902295906132065,-0.008191109106544123,0.0900989218150235,0.04022077283856794,-0.0173456788167319
423,0.06679229388045187,0.03227390694017979,-0.0003017896428719151,-0.027010873579979045,0.008916525731747144,0.02176619879236522,0.045231457348132595,0.02734539182641244,0.032177038443231165,0.017355998364001222,0.004345290344611144,0.001665061697892903,-0.007154718189339423,0.02090016898043685,-0.004093450140098699,-0.014982093628872283,-0.015130296811596812,0.009028741917982133,0.02870977967473705,0.022755690182547236,-0.08633037716556878
424,0.03251710760405471,-0.07682537110950548,-0.020352219706992098,0.006940060669718801,0.033791252003787804,0.009119805272276776,0.008977307504258474,-0.02549187566543074,0.03916741147349725,-0.030720136272704167,-0.007930492469347556,0.08135867933125521,0.016237304618384896,0.03276785207007106,0.005616486133727918,0.031990468729583256,-0.028890134044899925,0.037347660292486595,-0.020533393111316484,0.017161177737122627,-0.026074719040020927
425,0.037347660292486595,-0.020533393111316484,-0.012436708278717812,-0.027914669894337645,0.10498664055254922,0.022458901633128824,-0.007778741942306582,-0.03716115413325973,-0.026647500988907627,0.0028870675659669913,0.0946013051011754,-0.04511760309730755,0.1200650919636728,-0.02177030502227734,0.22666738584077392,0.16025330892228135,0.029606206151133886,0.036063760027324546,0.027953507033170056,0.04594981860169079,0.06319230671727441
426,0.017044371176663856,0.04724433085543002,-0.011456943698128315,-0.016235574331397593,-0.02641509517482331,0.02349940927067805,-0.016313320641010303,0.09849201751450516,0.014641770405566377,0.033791252003787804,0.009119805272276776,0.008977307504258474,-0.02549187566543074,0.03916741147349725,-0.030720136272704167,-0.007930492469347556,0.08135867933125521,0.016237304618384896,0.03276785207007106,0.005616486133727918,0.031990468729583256
427,0.0562120907260079,0.08487372572927601,0.05356779014822743,-0.015332311026208764,0.05668850738506953,0.024910970380971356,0.04444616506221233,0.05750007864095875,0.029486966374752895,0.008080301731063687,0.06736312926851827,0.06484997864763854,0.05543686808800729,-0.02775432483880939,0.0035007798920464336,-0.030645721609290747,0.027910536194669523,0.01970623765645272,0.06570940764382426,0.04614115426521307,-0.005814780866760401
428,-0.0014347097716089039,-0.0162462464960763,0.06081204173790412,0.0012446836373436378,-0.007829901167596347,-0.02712704838623795,0.02431278111803216,0.059001729166159776,0.047856138232220576,-0.02592957193685902,0.0746436849787944,0.02841273061469006,0.047442303827898546,0.0685423723087051,-0.00311542308986455,0.02744969203863194,0.10401486493516268,0.03510483726889428,0.0183397684187012,-0.0032982567368964053,-0.03826419835710366
429,0.008772262157337138,0.03948925873048987,0.005521986037352872,0.09381664737022734,0.14083582185004723,0.09874539105052259,0.1980595960206749,-0.007250054133614382,0.05536150111826453,0.04405280732275557,-0.03381423652864563,0.05537910869697455,0.08490533966392713,0.02921620650682846,0.00644725239090928,-0.10003620956022498,-0.055412634380477395,0.013393092697523859,-5.8338600625194406e-05,-0.010248523690522197,-0.15567643467981396
430,-0.02549187566543074,0.052283498780486555,0.033619419513257524,0.09660961896248449,0.03875830766692102,0.042671270030834596,-0.031419770986970096,0.1016350791241134,0.01252791852493433,0.05364691489810045,0.05974919523256175,-0.004820745568297918,0.05314037668756117,0.07310831228205482,0.05407329072383777,0.013963011136263486,-0.01443544461218946,-0.019067498641394894,0.01661130304753056,0.030664593091042983,0.045526761041284745
431,0.03483200682607578,0.09687186759712554,0.15927582686149339,0.13331833453538028,0.005168656270110838,0.01860029890708141,0.06669800285182495,0.033619419513257524,0.09660961896248449,0.03875830766692102,0.042671270030834596,-0.031419770986970096,0.1016350791241134,0.01252791852493433,0.05364691489810045,0.05974919523256175,-0.004820745568297918,0.05314037668756117,0.07310831228205482,0.05407329072383777,0.013963011136263486
432,-0.009326092852967406,0.05522655912088008,0.011257117079635537,0.009885871632892783,0.013450894429110424,0.02415492521826854,0.13679031692311297,0.12367975797769766,0.16899550807497488,0.08105651591925545,-0.0049851771713745364,0.07472554095781088,0.02815498806673793,-0.03457835186186034,0.09907059068764777,0.009525257639794482,0.07623805115305331,-0.04895804795747495,-0.07821917475426834,-0.026852133123197418,0.0030069818919605347
433,0.016661813725847092,0.017238679523561444,-0.06753676652016552,0.0028742228637099495,0.06874614537277472,-0.01970843724354158,-0.001764216062209568,-0.06529203476732443,0.10692926466615334,0.052818503065756854,0.01695484128659917,-0.037715375123555536,-0.05917818288180227,0.008367286199831514,0.07633428797990718,-0.04962330899281994,-0.05073514033788832,-0.081205586329834,-0.07649533509282554,0.004887389884845521,0.24334785007519066
434,0.07369538944811423,0.03904977210986973,0.015847352608689344,-0.01262927522922229,0.09265456436381819,0.0452438535946445,0.02231189793737722,-0.08581948839162631,-0.06508105366372605,-0.0014427468015152075,-0.004922972172201207,-0.0002762711550266936,-0.1449848810164573,-0.07282663330833591,-0.011106035712797547,0.04490965294620502,-0.04938033602649569,-0.05318883424782888,0.008718766633751039,0.024648367639700457,0.03451567945184562
435,0.009961599505911202,0.0329867735043766,0.004729783438254615,0.021012075726165945,0.053974597623704164,0.1400620490374982,0.07715438445561038,0.2127050409126765,0.010556726679935019,0.07369538944811423,0.03904977210986973,0.015847352608689344,-0.01262927522922229,0.09265456436381819,0.0452438535946445,0.02231189793737722,-0.08581948839162631,-0.06066361735644611,-0.002782893872620861,0.07608944778980152,-0.0005898371524523021
436,0.06552574171230927,-0.06231734572732671,-0.05048555245022713,0.10802047153998859,0.11011995149387833,0.03595651255263394,0.1784795106950509,0.17095955027704018,-0.011320186630305316,0.05327822497532394,0.026736267069396084,0.020712984020955096,0.005437065094973533,0.05017535607181645,0.04979001272479147,0.08622357462744075,0.055909746701747885,0.037811335473967846,-0.026074719040020927,0.0927671693931366,0.010791209501792631
437,-0.03268418807681166,0.024820507352673524,0.05454457330743639,0.02157137338810507,0.0230773999402624,0.007822680867767927,0.03141904600384711,-0.014865073275704896,-0.05634102028586076,0.021718501467292494,0.030403777928640862,0.019290237091062958,0.040502936855277054,0.009119805272276776,0.008977307504258474,-0.02549187566543074,0.03916741147349725,-0.030720136272704167,-0.007930492469347556,0.08135867933125521,0.016237304618384896
438,0.06516418858680059,0.0492758897269837,0.016811891915699914,-0.015806339504420387,-0.022624027600938547,0.021486469795082428,0.047198711375346154,0.02734539182641244,0.032177038443231165,0.017355998364001222,0.004345290344611144,0.001665061697892903,-0.007154718189339423,0.02090016898043685,-0.004093450140098699,-0.014982093628872283,-0.015130296811596812,0.009028741917982133,0.02870977967473705,0.022755690182547236,-0.08633037716556878
439,0.037347660292486595,-0.020533393111316484,-0.012436708278717812,-0.027914669894337645,0.10498664055254922,0.022458901633128824,-0.007778741942306582,-0.03716115413325973,-0.034936127697749966,0.008499036672793286,0.03590981164249519,-0.030569674068653747,-0.0483517668526431,0.028144879597447034,0.005262864003230632,-0.04889617861396572,-0.056947025472608256,-0.08296368035457874,-0.12481355296141478,0.2341697026224454,0.11449748966614386
440,0.1980595960206749,-0.007250054133614382,0.05536150111826453,0.04405280732275557,-0.03381423652864563,0.05537910869697455,0.08490533966392713,0.02921620650682846,0.00644725239090928,-0.10003620956022498,-0.055412634380477395,0.013393092697523859,-5.8338600625194406e-05,-0.010248523690522197,-0.15567643467981396,-0.05578242451271492,0.0027414211450370565,0.025628320800981142,-0.08823696391282364,0.002721033292247158,-0.005133491311685329
441,0.03982964454413606,0.06044932323785948,0.020655242408598253,-0.03567382466677644,-0.01046043074501207,0.028225122466648295,0.044647968058535034,0.04180888485212616,0.08490533966392713,0.02921620650682846,0.00644725239090928,-0.10003620956022498,-0.055412634380477395,0.013393092697523859,-5.8338600625194406e-05,-0.010248523690522197,-0.15567643467981396,-0.05578242451271492,0.0027414211450370565,0.025628320800981142,-0.08823696391282364
442,0.007477942352647772,0.006612771198706547,-0.010420765207966178,0.02533286362303029,0.06955765772722593,0.18772419387962436,0.07777056570320093,-0.03099676014357284,-0.056746431009554614,-0.002423868950951307,0.01041279437881343,0.046225217964285595,-0.0034178765959546687,-0.02871232318376256,-0.016800826856763127,0.019385155276800098,-0.0028759325671209564,0.07791135487191457,0.02344835378555335,0.02278155912917828,-0.02456315189035098
443,-0.009200394809037693,0.004299657044073789,-0.01473198548039481,0.0033751049213474834,0.011213727722435705,0.013538887880741127,-0.009866661182637375,-0.029950006555454843,0.041625614727588994,0.03305770518251055,-0.045628209002634,0.06541300971600819,0.03790628799489715,0.022684370018144242,-0.013293106975691601,-0.019886363012011198,0.027985131753974917,0.013256647082301093,0.047442303827898546,0.0685423723087051,-0.00311542308986455
444,0.00385394882475879,-0.0035989485344935825,-0.008671695817373782,-0.017376977939665986,0.03797585285006797,0.034830188290305736,-0.0683707738427256,-0.1209672773677749,0.0023554476846316284,0.0281140192679024,0.029280853265727526,0.00342281220920832,0.01961569337155239,0.048659151818756505,-0.01315089818055629,0.03329672356968668,-0.03136287361237509,-0.01315090154732808,-0.037196617343158475,0.09745846809380196,0.04415707487510739
445,0.004842037492388549,-0.03719091389142518,-0.022830988391619886,0.06797811455886198,0.07420012214525842,-0.02068948773455074,-0.04132194973583917,0.014874046400746022,0.009961599505911202,0.0329867735043766,0.004729783438254615,0.021012075726165945,0.053974597623704164,0.1400620490374982,0.07715438445561038,0.2127050409126765,0.010556726679935019,0.07369538944811423,0.03904977210986973,0.015847352608689344,-0.013868843872344527
446,0.023634010206012964,0.07067891964497917,0.015240547515204036,0.027084564191957573,0.008075881188370368,0.02740464613057831,-0.022181734731348293,0.03302551187024177,-0.033401786587522055,0.0011471072145716112,-0.05562886314565989,0.11104851877539362,0.0408922640134475,-0.011000442122731982,-0.08258793842706147,-0.014210233821178028,0.05595520268387419,0.017269539927308293,-0.035612895278368584,-0.05865601678933303,-0.06176180680248807
447,0.04751357520136966,-0.045693205856184464,-0.12218888144058664,-0.03311736690928855,0.029156456970374847,0.020315402513363848,0.006287851614069399,0.029239223785477764,0.016288290926872614,0.1315825200212921,0.1367068347800229,0.1311532579188743,0.11131571440938633,0.035793694190449386,0.04806240645073723,0.016226096778767064,-0.03269455800362337,0.09547372235376145,0.07520625932878826,0.001623004560214426,-0.01534755215224717
448,0.021403949475942596,0.06692223099929095,0.042534047615378365,-0.04962330899281994,-0.05073514033788832,-0.081205586329834,-0.07649533509282554,0.004887389884845521,0.24334785007519066,0.03483200682607578,0.09687186759712554,0.15927582686149339,0.13331833453538028,0.005168656270110838,0.01860029890708141,0.06669800285182495,0.0137423892892625,-0.014879420061233384,0.031133313490282106,0.007798985953508917,0.07819459062322921
449,0.05023086249500809,0.021330709658760057,-0.034785772257091875,0.10183186860558922,0.05790043189516751,0.020841236177624917,-0.03163850228123829,-0.0883003365479709,-0.02486485722016533,-0.002487481497062186,-0.0027283911528191464,-0.09261339929158924,-0.09093940332212361,-0.07132791565052274,0.043067739204781866,-0.005535919993249112,0.01577757943279184,0.017210955642604907,-0.013148571141253456,-0.03327052651534079,0.033919103148152926
450,-0.03904979439636809,-0.08752271000182854,0.021403949475942596,0.06692223099929095,0.005262864003230632,-0.04889617861396572,-0.056947025472608256,-0.08296368035457874,-0.12481355296141478,0.2341697026224454,0.11449748966614386,0.04721335484869471,0.13153518962582866,0.046528161749452845,0.02728045160063736,0.08733021923824424,0.083601952740726,0.03641138496146255,-0.028467015752386745,0.06788917224940196,0.01081979999768568
451,-0.033401786587522055,0.0011471072145716112,-0.05562886314565989,0.01475708766536015,-0.007778741942306582,-0.03716115413325973,-0.034936127697749966,0.008499036672793286,0.03590981164249519,-0.030569674068653747,-0.06118506855572103,-0.15790354778416274,-0.010432458507049902,0.05886859575445568,0.254888216607517,0.012076025850456295,0.09177072063153116,0.09892932898195649,-0.019068281816173573,-0.0713840292511914,0.0028870675659669913
452,0.002013993368322598,0.04614115426521307,-0.005814780866760401,0.008527595105345247,-0.010202013685965725,-0.0007087971577727721,0.01219014238418171,0.016357579018128617,-0.01475725902830638,-0.02942832466642877,0.03660958204538981,0.04647911062049513,-0.04572308988216685,0.011203936625580604,-0.0162359438464235,-0.09028939417877037,-0.002782893872620861,0.07608944778980152,-0.0005898371524523021,-0.0489350186692615,-0.06482928669907931
453,0.06260025505551696,0.05214769454175549,-0.01255877680473109,0.06719771983644916,0.06516418858680059,0.0492758897269837,0.016811891915699914,-0.015806339504420387,-0.022624027600938547,0.021486469795082428,0.047198711375346154,0.02734539182641244,0.032177038443231165,0.017355998364001222,0.004345290344611144,0.001665061697892903,-0.007154718189339423,0.02090016898043685,-0.004093450140098699,-0.014982093628872283,-0.015130296811596812
454,-0.016235574331397593,-0.02641509517482331,0.02349940927067805,-0.016313320641010303,0.09849201751450516,0.01685672166555747,0.025860773477762753,0.017924797219877563,0.023580997183367442,0.017281620614598397,-0.034287320165793035,0.016661813725847092,0.017238679523561444,-0.08531813387807584,0.051639251347764654,0.06679229388045187,0.03227390694017979,-0.0162359438464235,-0.09028939417877037,-0.002782893872620861,0.07608944778980152
455,0.000596609706238854,-0.003198480817079996,0.014195496796341411,0.005132317567122862,-0.016846829757837384,-0.02094376794236849,0.013055502677213972,0.03913718739332794,0.0060348711455441165,-0.09190603741494878,-0.09492778842213713,0.014249098444838066,0.028343350896880053,0.030403777928640862,0.019290237091062958,-0.0773081876189088,-0.0014347097716089039,-0.0162462464960763,0.06081204173790412,0.03900383377726964,0.07463734568278337
456,0.08570673383282468,0.009428846587031999,0.02435138468706542,0.02604189038723279,0.019549987029530605,0.023175625805814403,-0.03553245916052851,0.02849595128758009,0.006364926000034128,0.02841273061469006,0.047442303827898546,0.0685423723087051,-0.00311542308986455,0.02744969203863194,0.10401486493516268,0.03510483726889428,0.0183397684187012,-0.0032982567368964053,-0.03826419835710366,0.031453163421733106,0.021294956482008322
457,0.03947689379387463,0.009830092162553105,0.04298146736515457,0.07502408584230007,0.06667213500753454,0.06959588102455792,-0.009936918659731264,0.029728891762537946,0.04405507131998533,0.036452961892731166,0.063505960378669,0.039632328378430816,-0.0027070038742869756,0.07406778941808727,0.05182666214494851,0.058840435390986504,-0.0051051083419211,-0.01607082458684289,-0.017449686457939966,0.03195651403544279,0.032987146810026395
458,0.01970623765645272,0.06570940764382426,0.04614115426521307,-0.005814780866760401,0.008527595105345247,-0.010202013685965725,-0.0007087971577727721,0.01219014238418171,0.016357579018128617,-0.01475725902830638,-0.02942832466642877,0.03660958204538981,0.04647911062049513,-0.04572308988216685,-0.13068905238419817,-0.027128337150302294,0.017439536052967712,0.03651849782299039,-0.01713394966401948,0.061073824379587346,0.012275326094953992
459,0.021330709658760057,-0.034785772257091875,0.08744303057156178,-0.009200394809037693,0.004299657044073789,-0.01473198548039481,0.0033751049213474834,0.011213727722435705,0.013538887880741127,0.011218249606131873,0.05407329072383777,0.013963011136263486,-0.01443544461218946,-0.019067498641394894,0.01661130304753056,0.030664593091042983,0.045526761041284745,0.021049862769594634,0.026352301379043326,0.0012990776355567737,0.007170867643536217
460,-0.08529826441375793,0.007108112278546442,0.04154225173810074,-0.06581065085683803,-0.03708679732269814,0.001374842288426062,0.016131477872899806,0.04083681163566783,-0.008660317960369103,-0.02810689182065751,0.02334834607514963,-0.0063949693526819855,-0.02155405246506647,0.07772641030097946,0.031176078979686366,0.03779158738155633,0.0030980135448785643,0.02759643671691845,-0.005297334717018741,0.054950776773823706,0.06351461633079457
461,0.026091687558453626,0.03341163695318257,0.0049317270532911505,0.007477942352647772,-0.006075261359225377,-0.03716115413325973,-0.034936127697749966,0.008499036672793286,0.03590981164249519,-0.030569674068653747,-0.06118506855572103,-0.09246729031150026,-0.05865601678933303,-0.06176180680248807,-0.11395230555630652,0.10191809335007525,0.23386517694246298,-0.01210618658436047,0.14168675613036044,0.22283684317037525,0.02323773830564187
462,0.06959588102455792,-0.009936918659731264,0.029728891762537946,0.04405507131998533,0.036452961892731166,0.063505960378669,0.039632328378430816,-0.0027070038742869756,0.07406778941808727,0.05182666214494851,0.058840435390986504,-0.0051051083419211,-0.01607082458684289,-0.017449686457939966,0.03195651403544279,0.032987146810026395,0.043783032082419,0.03344474957879514,0.0029025417067542396,0.007221085628945011,0.009346032013199956
463,0.048659151818756505,0.12790301675578866,0.11004866409985843,0.1786296003926594,0.057001927295215075,0.025957653285422967,0.04728589598410899,0.0339515426218907,-0.031032734108641196,0.10133919983596766,0.039463226707756656,0.037833419266079034,-0.08240092046298034,-0.06711143021698956,-0.009372199840067003,0.001754605321988245,-0.001517564516523798,-0.14258923569181944,-0.06851762111446583,-0.028919930259445434,0.04248151104216597
464,-0.11916443213939447,0.06461142211478281,0.23535898697636634,-0.013624535480764548,0.22798934083862815,0.16445608965141556,0.025929747822988528,0.036219566792590606,0.03942978255274464,0.03223561708346208,0.0562120907260079,0.08487372572927601,0.05356779014822743,-0.015332311026208764,0.05668850738506953,0.024910970380971356,0.04444616506221233,0.05750007864095875,0.029486966374752895,0.008080301731063687,0.06736312926851827
465,0.029239223785477764,0.016288290926872614,0.1315825200212921,0.1367068347800229,0.1311532579188743,0.11131571440938633,0.035793694190449386,0.04806240645073723,0.016226096778767064,-0.03269455800362337,0.09547372235376145,0.07520625932878826,0.001623004560214426,-0.01534755215224717,-0.09563878585135667,-0.034902765518025916,0.00110658245929761,-0.0019707085426019775,-0.07311732007286383,-0.09889894590370596,-0.07716690882936779
466,-0.005637525045480252,-0.025838511639785726,0.11886890957762948,0.005320447429078421,-0.011443240120825341,-0.06504903210521822,-0.011188332158927672,0.02420862082602183,-0.04446154620722745,-0.0976602067509475,-0.0557556817700381,-0.03205603826024159,0.2526262616941449,0.05619929885881941,0.07379625291980775,0.06972796310330714,-0.002506605881149696,-0.001764216062209568,-0.10800076661271768,-0.03621649721069029,-0.0131336109081202
467,0.06516418858680059,0.0492758897269837,0.016811891915699914,-0.015806339504420387,-0.022624027600938547,-0.03678178686432624,0.03195651403544279,0.032987146810026395,0.043783032082419,0.03344474957879514,0.0029025417067542396,0.007221085628945011,0.009346032013199956,-0.014727339179581215,0.02043033461432674,0.006085282308852949,-0.013945795051438253,-0.027931969716044284,0.020422863599038738,0.0576371770949132,-0.026072889377660884
468,-0.0008676718911454405,-0.0018427708801756102,-0.0033481605894797144,0.012649918105789538,0.02222250371625227,0.0031790701162829277,-0.004489316240323887,-0.008127589068975276,-0.00505393398592306,0.027342220336279893,0.032401305533269247,-0.07383617068359147,-0.11268482126922406,0.014874046400746022,0.009961599505911202,0.0329867735043766,0.004729783438254615,0.021012075726165945,0.053974597623704164,0.1400620490374982,0.07715438445561038
469,-0.04850554726351195,0.026955011035204188,0.06436676991295626,0.02303278315861766,0.023504173591286825,0.014790474462585109,0.02278155912917828,-0.02456315189035098,0.03329672356968668,-0.03136287361237509,-0.01315090154732808,-0.037196617343158475,0.09745846809380196,0.04415707487510739,-0.011378475219155786,-0.0810228182142374,0.005199332304599804,0.0602701023436942,-0.04962330899281994,-0.05073514033788832,-0.09198845610136995
470,0.07633428797990718,-0.04962330899281994,-0.05073514033788832,-0.081205586329834,-0.11429277311066575,0.05886859575445568,0.254888216607517,0.012076025850456295,0.09177072063153116,0.20618471364188823,0.09682711124749349,0.02679779099817386,-0.0074318819833296195,0.055383400241375814,0.05517479340364767,0.08078541694248285,0.01138600060298036,-0.00011492672750969557,0.06786289075018366,0.019644900767271215,0.061907521205541424
471,0.08360971738967124,0.0441216471640192,-0.019269455674365138,0.05607678211970807,0.020127943408622548,0.0528040198596846,0.06414806547249353,0.010441241355893008,0.0246433542126176,0.08014730302853963,0.0551352858496667,0.020204766968143936,0.006982664079105983,-0.020490841137627124,-0.011513472180371801,0.03614906441302523,0.005747103245119043,0.07395787540543002,0.042413614625101466,-0.009200394809037693,-0.07814280847133442
472,0.263310632907053,0.17278725760895416,0.05618386114043311,0.02554805067516022,-0.011346396815389154,0.00966076592308283,-0.004896598863669388,0.001396149368181709,0.00385394882475879,-0.0035989485344935825,0.016504983285136457,0.02303278315861766,0.023504173591286825,0.014790474462585109,0.02278155912917828,-0.02456315189035098,0.03329672356968668,-0.03136287361237509,-0.01315090154732808,-0.037196617343158475,0.09745846809380196
473,-0.050498900630185264,0.010783273399662228,0.04645933327868312,-0.031242931752715704,-0.04904310773206642,-0.10338315238127574,-0.05509488366834008,0.011611238192971548,0.23950488532678857,0.04837086616455555,0.1043825189063411,0.1442516967700536,0.12849048001054955,0.020712984020955096,0.005437065094973533,0.057422849043141544,-0.015332311026208764,0.07229556356025378,0.06159478408186007,-0.017140074316968183,0.07772641030097946
474,-0.013293106975691601,-0.019886363012011198,0.027985131753974917,0.024649406615095838,0.02232662736483993,0.05618386114043311,0.015094064731235318,0.005132317567122862,-0.016846829757837384,-0.02094376794236849,0.013055502677213972,0.03913718739332794,0.0060348711455441165,-0.09190603741494878,-0.09492778842213713,0.014249098444838066,0.028343350896880053,0.030403777928640862,0.019290237091062958,0.00022826238394464397,0.07698443952173475
475,-0.03651943588496546,0.008475104952900851,0.02765786528493706,0.024600949002244726,0.0035614650209232733,0.07698443952173475,0.15261343281996542,0.09511245755734427,0.19460797607474095,-0.008248630740864026,0.06208251319461728,0.04618033823150406,-0.00039668250200649,0.0320296105725281,0.0748770995501764,0.028516291247346292,0.015487793012481365,-0.09096881126589298,-0.05048555245022713,-0.004089574664219004,0.0014569153378469603
476,0.04415707487510739,-0.011378475219155786,-0.0810228182142374,0.005199332304599804,0.1515715022832799,0.1585077643839471,0.12107916371213193,0.08490533966392713,0.02921620650682846,0.00644725239090928,-0.10003620956022498,-0.055412634380477395,0.013393092697523859,-5.8338600625194406e-05,-0.010248523690522197,-0.15567643467981396,-0.05578242451271492,0.0027414211450370565,0.025628320800981142,-0.08823696391282364,0.002721033292247158
477,0.026650294369621963,0.05023086249500809,0.021330709658760057,-0.034785772257091875,0.10183186860558922,0.0799543854539114,-0.012964228954416082,0.01848809379400931,-0.10478409704311777,-0.050209993324580156,0.020283963990658363,-0.0005485705735380322,-0.01938484730921016,-0.1457170726235326,-0.06833406106931146,0.02056614342377341,0.020327262293546484,-0.08889000711334612,0.008442502072560752,-0.03322227229726265,0.06547859457587751
478,0.009346032013199956,-0.014727339179581215,0.02043033461432674,0.006085282308852949,-0.013945795051438253,-0.027931969716044284,0.020422863599038738,0.0576371770949132,-0.026072889377660884,-0.12253989570409915,-0.03621649721069029,-0.0131336109081202,0.0506174831210367,-0.0031455015921875735,0.04556569985235456,0.002985739747084556,-0.0021785246224466574,-0.10399664984710869,-0.10090048097460565,-0.049769954245097114,0.05369791876574997
479,0.029280853265727526,0.00342281220920832,0.01961569337155239,0.048659151818756505,0.12790301675578866,0.11004866409985843,0.1786296003926594,0.057001927295215075,0.025957653285422967,0.04728589598410899,0.0339515426218907,-0.031032734108641196,0.10133919983596766,0.039463226707756656,0.037833419266079034,-0.08240092046298034,-0.06711143021698956,-0.009372199840067003,0.001754605321988245,-0.001517564516523798,-0.14258923569181944
480,0.037347660292486595,-0.003597697709391588,0.05750007864095875,0.029486966374752895,0.008080301731063687,0.06736312926851827,0.06484997864763854,0.05543686808800729,-0.02775432483880939,0.0035007798920464336,-0.030645721609290747,0.027910536194669523,0.01970623765645272,0.06570940764382426,0.04614115426521307,-0.0053650937657114045,-0.004922972172201207,-0.0002762711550266936,-0.1449848810164573,-0.07282663330833591,-0.011106035712797547
481,-0.06866403183244768,-0.0202571643209488,0.01219014238418171,0.016357579018128617,-0.01475725902830638,-0.02942832466642877,0.03660958204538981,0.04647911062049513,-0.04572308988216685,-0.13068905238419817,-0.027128337150302294,0.017439536052967712,0.03651849782299039,-0.01713394966401948,0.061073824379587346,0.012275326094953992,0.10652074418392923,0.15471591201636187,0.1195536119516561,0.16077321134488992,0.0059681337722265965
482,0.08360971738967124,0.0441216471640192,-0.019269455674365138,0.05607678211970807,0.020127943408622548,0.0528040198596846,0.06414806547249353,-0.011038383312182402,-0.03276990069736145,0.06719771983644916,0.06516418858680059,0.0492758897269837,0.016811891915699914,-0.015806339504420387,-0.022624027600938547,0.021486469795082428,0.013640728296912428,0.044647968058535034,0.026091687558453626,0.03341163695318257,0.0049317270532911505
483,0.00644725239090928,-0.10003620956022498,-0.055412634380477395,0.013393092697523859,-5.8338600625194406e-05,-0.010248523690522197,-0.15567643467981396,-0.05578242451271492,0.0027414211450370565,0.025628320800981142,-0.029841849434124167,0.02699928247404044,0.05454706420919959,0.08976295191255872,0.042288990324287054,-0.009681890320329786,0.05112307606913304,0.021373306420053167,-0.03904979439636809,-0.08752271000182854,0.021403949475942596
484,0.12926506844514737,0.08926916255504835,-0.022856495367242196,-0.004517566543534055,-0.07031992292326242,0.12512951565687028,0.04630595254479673,0.0033421825569468046,-0.04227611970469211,-0.050498900630185264,0.0016745834561899652,0.02420862082602183,0.028737402589274815,-0.033475418142976346,-0.05616080316826022,-0.15957931500483433,0.12879818936344217,0.010783273399662228,0.04645933327868312,-0.031242931752715704,-0.04904310773206642
485,-0.01443544461218946,-0.019067498641394894,0.01661130304753056,0.030664593091042983,0.045526761041284745,0.021049862769594634,0.026352301379043326,0.0012990776355567737,0.007170867643536217,-0.013706154257996195,-0.013945795051438253,-0.027931969716044284,0.020422863599038738,0.0576371770949132,-0.026072889377660884,-0.12253989570409915,-0.016989245822207302,0.08360971738967124,0.0441216471640192,-0.019269455674365138,0.022098026335231807
486,-0.03647529900603461,0.09314832120171126,0.0720908090417364,-0.001832860749488936,-0.008054504811190783,-0.09009055783775237,-0.04822456859237323,0.011789268251337469,0.03216127540219618,-0.049407531129056194,-0.1434132833015306,-0.009326092852967406,0.05522655912088008,0.011257117079635537,0.009885871632892783,0.013450894429110424,0.02415492521826854,0.13679031692311297,0.12367975797769766,0.16899550807497488,0.08105651591925545
487,0.03344474957879514,0.04231995817423522,-0.02927708533922444,-0.05873782374826621,0.001374842288426062,0.016131477872899806,0.04083681163566783,-0.008660317960369103,-0.02810689182065751,0.02334834607514963,-0.0063949693526819855,-0.02155405246506647,0.07772641030097946,0.031176078979686366,0.03779158738155633,0.00851847444375363,0.021435570978467603,0.015126061979743104,-0.02792503850162619,0.004381774557754737,0.01639230386462114
488,0.06439905428187961,-0.0007330077890140873,0.03764176433914727,0.08734846799044324,0.03790628799489715,0.022684370018144242,0.041640533484285175,-0.049407531129056194,-0.1434132833015306,0.030118806718139643,0.04800823393719242,-0.02996308879641303,-0.020846727225749255,0.10256063737013693,0.011702624363025375,0.0417510739700792,-3.963623685946036e-05,0.030429494047507367,-0.00887580242302415,0.011878759963531013,-0.01970843724354158
489,-0.01650675505206109,0.09376043479837523,0.015178932581916594,0.031711869931220056,0.015325103577544191,0.02367804367127799,0.019082143207103875,-0.05519291734833666,0.041034435089818105,0.012210156230299331,-0.05196133780222694,0.0028742228637099495,0.07942804085490669,0.03591066926944299,-0.03904979439636809,-0.08752271000182854,0.021403949475942596,0.06692223099929095,0.005262864003230632,-0.04889617861396572,-0.056947025472608256
490,0.009591104411358879,0.05631413212158116,0.028304002446684132,-0.045389581123573476,-0.043472820294300434,-0.03166469678688542,-0.1329047130515534,0.08950145097867729,0.20527086862786997,-0.02177030502227734,0.22666738584077392,0.16025330892228135,0.029606206151133886,0.036063760027324546,0.027953507033170056,0.04594981860169079,0.025962208514547155,0.03614906441302523,0.005747103245119043,0.07395787540543002,0.042413614625101466
491,-0.0028759325671209564,0.07791135487191457,0.02344835378555335,0.029657446232651936,0.010578799310315386,0.029152458653708312,0.01081979999768568,-0.02994043999248146,0.00732898516381754,0.02039034568448307,-0.055460249568366704,0.02770419661784631,0.08287636971891303,0.031576407980193545,0.1784795106950509,0.17095955027704018,-0.011320186630305316,0.05327822497532394,0.0462263520970877,0.02728045160063736,0.08627437601898047
492,0.06260025505551696,0.05214769454175549,-0.01255877680473109,0.06719771983644916,0.06516418858680059,0.0492758897269837,0.016811891915699914,-0.015806339504420387,-0.022624027600938547,0.021486469795082428,0.047198711375346154,0.02734539182641244,0.032177038443231165,0.017355998364001222,-0.00564577264302778,-0.019068281816173573,-0.0713840292511914,0.0028870675659669913,0.0946013051011754,-0.04511760309730755,-0.05776803244126003
493,0.05522655912088008,0.011257117079635537,0.01699287118561678,0.02870977967473705,0.022755690182547236,-0.08633037716556878,-0.11550328589026215,0.05369791876574997,-0.014347829529096627,-0.07311732007286383,-0.09889894590370596,-0.07716690882936779,0.0266538535184338,0.005167882429577925,-0.006905108733557086,-0.029534921581718058,0.02709928010278606,0.055970802408372225,-0.03677184575890198,-0.1218280230092854,-0.038618769215352976
494,-0.03733961587054379,0.014790474462585109,0.02278155912917828,-0.02456315189035098,0.03329672356968668,-0.03136287361237509,-0.01315090154732808,-0.037196617343158475,0.09745846809380196,0.04415707487510739,-0.011378475219155786,-0.0810228182142374,0.005199332304599804,0.012765043902344708,0.04028733948383551,-0.045389581123573476,0.05369791876574997,0.021473259157145,-0.031032734108641196,0.10133919983596766,0.05751135088366808
495,0.02744969203863194,0.10401486493516268,0.03510483726889428,0.0183397684187012,-0.0032982567368964053,-0.03826419835710366,0.031453163421733106,0.021294956482008322,-0.005346549189384994,0.08806943722472424,0.039865583625172084,-0.015285831653700205,0.002021835830374982,-0.0018427708801756102,-0.0033481605894797144,0.013538887880741127,-0.009866661182637375,-0.029950006555454843,0.041625614727588994,0.03305770518251055,-0.045628209002634
496,-0.10033392389766944,-0.06031508786027079,-0.06711143021698956,-0.009372199840067003,0.001754605321988245,-0.001517564516523798,-0.14258923569181944,-0.06623574447686792,-0.042448068992912216,0.057498151475025974,-0.03099676014357284,-0.056746431009554614,-0.002423868950951307,0.01041279437881343,0.046225217964285595,-0.0034178765959546687,-0.02871232318376256,-0.016800826856763127,0.019385155276800098,-0.0028759325671209564,0.07791135487191457
497,0.008442502072560752,-0.03322227229726265,0.06547859457587751,0.012552498632147085,-0.0005763305691675266,-0.039406788034806274,0.06748800444979743,-0.04850554726351195,0.026955011035204188,0.06436676991295626,0.02303278315861766,0.023504173591286825,0.014790474462585109,0.02278155912917828,-0.02456315189035098,0.03329672356968668,-0.03136287361237509,-0.01315090154732808,-0.037196617343158475,0.09745846809380196,0.04415707487510739
498,0.04806240645073723,0.016226096778767064,-0.03269455800362337,0.09547372235376145,0.07520625932878826,0.001623004560214426,-0.01534755215224717,-0.09563878585135667,-0.034902765518025916,0.00110658245929761,-0.0019707085426019775,-0.07311732007286383,-0.09889894590370596,-0.07716690882936779,0.05481731158778569,-0.005529137560678465,-0.06566738679306296,-0.020389869958670415,0.0017092297775827784,0.05977963840371972,-0.01375974830781866
499,0.03483200682607578,0.09687186759712554,0.15927582686149339,0.13331833453538028,0.005168656270110838,0.01860029890708141,0.06669800285182495,0.033619419513257524,0.09660961896248449,0.03875830766692102,0.042671270030834596,-0.031419770986970096,0.1016350791241134,0.01252791852493433,0.05364691489810045,0.05974919523256175,-0.004820745568297918,0.05314037668756117,0.07310831228205482,0.05407329072383777,-0.005272134016202193
500,-0.037715375123555536,-0.05917818288180227,0.008367286199831514,0.07633428797990718,-0.04962330899281994,-0.05073514033788832,-0.081205586329834,-0.07649533509282554,-0.0457934503151948,0.23386517694246298,-0.01210618658436047,0.14168675613036044,0.22283684317037525,0.02323773830564187,0.07051733595546739,0.022578594132397916,0.09140733834896966,0.044948861138336606,0.050512162209031305,-0.029910882190410843,0.09395215948939031
501,-0.05685112987281479,-0.1431778791867063,0.15155688308086152,0.1585077643839471,0.046004160625338054,0.1786110197944668,0.18605162301684083,0.015485571189997131,0.030169365189279703,0.05954689270225735,0.02699928247404044,0.05454706420919959,0.08976295191255872,0.042288990324287054,-0.017986991457412223,0.016131477872899806,0.04083681163566783,-0.008660317960369103,-0.02810689182065751,0.02334834607514963,-0.0063949693526819855
502,0.030664593091042983,0.045526761041284745,0.021049862769594634,0.026352301379043326,0.0012990776355567737,0.007170867643536217,-0.011679526504085241,0.007461879601311705,0.0031790701162829277,-0.004489316240323887,-0.012393051406574105,-0.027931969716044284,0.020422863599038738,0.0576371770949132,-0.026072889377660884,-0.12253989570409915,-0.03621649721069029,-0.0131336109081202,0.020516909785250642,-0.08588848725511113,0.027031862256106813
503,-0.022169872968913627,-0.05821588772622714,-0.11916443213939447,0.06461142211478281,0.23535898697636634,-0.013624535480764548,0.22798934083862815,0.16445608965141556,0.025929747822988528,0.036219566792590606,0.03942978255274464,0.013031317691498368,0.006940060669718801,0.033791252003787804,0.009119805272276776,0.008977307504258474,-0.02549187566543074,0.03916741147349725,0.07113598583473969,0.14083582185004723,0.09874539105052259
504,-0.03553245916052851,0.02849595128758009,0.006364926000034128,-0.04579112302167692,-0.01582101293001888,0.05764210194520755,0.0704862757948348,-0.04677990554653519,-0.06866753903744134,0.010675079839919726,0.04982300929955519,0.021457461599548977,-0.05439192569851582,-0.03603910562800098,-0.05685112987281479,0.2526262616941449,0.05619929885881941,0.07379625291980775,0.15240257127716805,0.1680627641109319,0.0007639960399501508
505,0.03223561708346208,0.0562120907260079,0.08487372572927601,0.05356779014822743,-0.015332311026208764,0.05668850738506953,0.024910970380971356,0.02543101914137275,0.012628477350838715,0.0823473341015913,0.05731174544484317,0.028748656926538833,0.07310831228205482,0.05407329072383777,0.013963011136263486,-0.01443544461218946,-0.019067498641394894,0.01661130304753056,0.030664593091042983,0.045526761041284745,0.021049862769594634
506,0.06575677282832645,-0.014169577538660988,-0.017246124246697962,-0.021319727455457294,0.025455493242960484,-0.01650675505206109,0.09376043479837523,0.015178932581916594,0.031711869931220056,0.015325103577544191,-0.02871232318376256,-0.016800826856763127,0.019385155276800098,-0.0028759325671209564,0.07791135487191457,0.02344835378555335,0.029657446232651936,0.010578799310315386,0.029152458653708312,0.01081979999768568,-0.02994043999248146
507,0.07462004907188186,0.017846223666031988,0.03971595674933848,-0.06267119191694225,-0.0777020536288688,-0.015065250731236896,0.002353141630354524,0.01221559272867616,-0.08073559907332292,-0.003870944107512582,-0.014683768648714483,0.06623824382816598,-0.0035657031842441177,-0.0040099439253633,-0.04624443418091701,0.07546919914540791,-0.052644045068644486,0.057391731731546526,0.04265630603855725,0.022807142819862326,0.02439044517374037
508,0.07395787540543002,0.042413614625101466,-0.009200394809037693,0.004299657044073789,-0.01473198548039481,0.0033751049213474834,0.011213727722435705,0.013538887880741127,-0.009866661182637375,-0.029950006555454843,0.041625614727588994,0.03305770518251055,-0.045628209002634,-0.13008317716932508,-0.023728592557452504,0.040829540244036434,0.01853262344435327,0.010068724907123608,0.022683386114089713,0.016515814760306495,0.13498531885131013
509,0.10652074418392923,0.16191640358840242,-0.008248630740864026,0.011449470266576289,-0.003198480817079996,0.014195496796341411,0.005132317567122862,-0.016846829757837384,-0.02094376794236849,0.013055502677213972,0.03913718739332794,0.0060348711455441165,-0.09190603741494878,-0.09492778842213713,0.014249098444838066,0.028343350896880053,0.030403777928640862,0.019290237091062958,0.00022826238394464397,0.07698443952173475,0.071933205256448
510,0.006612771198706547,-0.010420765207966178,0.021515981298733042,0.007974038851990953,-0.017751195343342213,-0.020869068846696422,0.016721652182922028,0.03808185594297404,-0.00496676521662024,-0.11399169447086158,-0.051075149006804765,-0.0021335904868741654,0.0331153666186435,0.008772262157337138,0.03948925873048987,0.005521986037352872,0.09381664737022734,0.14083582185004723,0.09874539105052259,0.1980595960206749,0.005933365996450506
511,0.0551352858496667,0.020204766968143936,0.006982664079105983,-0.020490841137627124,-0.011513472180371801,0.03614906441302523,0.005747103245119043,0.07395787540543002,0.042413614625101466,-0.009200394809037693,-0.022614503919569994,0.22666738584077392,0.16025330892228135,0.029606206151133886,0.036063760027324546,0.027953507033170056,0.04594981860169079,0.06319230671727441,0.07424945199336273,0.0540311695998272,-0.00521909168479309
512,0.020701877565899043,0.06392473766982591,0.17290342797616506,0.11157955438534486,0.17354461860428042,0.005093046603205656,0.03998519926936727,0.04310360874963124,-0.03845370595166686,0.07462004907188186,0.07988536334400807,0.018118850213676558,0.0025336243002390554,-0.10033392389766944,-0.06031508786027079,0.01974060520282703,0.00435558155294859,-0.018978511458347606,-0.15049273384696898,-0.06866403183244768,0.015151760354786346
513,-0.004089574664219004,0.0014569153378469603,0.004961207336632868,-0.15464392607940886,-0.07638695467008619,0.0062943424767758155,0.03251710760405471,-0.07682537110950548,-0.020352219706992098,0.006940060669718801,0.033791252003787804,0.009119805272276776,0.008977307504258474,-0.02549187566543074,0.03916741147349725,-0.030720136272704167,-0.007930492469347556,0.08135867933125521,0.016237304618384896,0.03276785207007106,0.005616486133727918
514,0.061907521205541424,0.04354140256395621,-0.0011521168442352808,0.06996550155243682,0.0634970250320656,0.04812106459312323,0.017461980216704025,-0.00930836014690629,0.1786110197944668,0.240320161887403,0.1442516967700536,0.12849048001054955,0.020712984020955096,0.005437065094973533,0.05017535607181645,0.04979001272479147,0.08622357462744075,0.055909746701747885,0.037811335473967846,-0.026074719040020927,0.0927671693931366
515,0.005616486133727918,0.031990468729583256,-0.028890134044899925,0.037347660292486595,-0.020533393111316484,-0.012436708278717812,-0.027914669894337645,0.10498664055254922,0.022458901633128824,-0.007778741942306582,-0.03716115413325973,-0.034936127697749966,0.008499036672793286,0.03590981164249519,-0.030569674068653747,-0.06118506855572103,-0.15790354778416274,-0.010432458507049902,0.05886859575445568,0.254888216607517,0.012076025850456295
516,-0.005529137560678465,-0.06566738679306296,-0.020389869958670415,0.0017092297775827784,0.05977963840371972,-0.01375974830781866,0.014840456120918714,0.04083681163566783,-0.008660317960369103,-0.02810689182065751,0.02334834607514963,-0.0063949693526819855,-0.02155405246506647,0.07772641030097946,0.03437305783287729,0.02303278315861766,0.023504173591286825,0.014790474462585109,0.02278155912917828,-0.02456315189035098,0.03329672356968668
517,0.02420862082602183,0.028737402589274815,-0.033475418142976346,-0.05616080316826022,-0.15957931500483433,0.016015291116879472,-0.04822456859237323,0.011789268251337469,-0.004737227059644066,-0.01766156035542441,-0.1425588762630393,-0.07335021298209492,0.030783248129296784,0.015523407838747783,-0.08073559907332292,-0.003870944107512582,-0.014683768648714483,0.06623824382816598,-0.0035657031842441177,-0.0040099439253633,-0.04624443418091701
518,-0.022830988391619886,0.06797811455886198,0.07420012214525842,-0.02068948773455074,-0.08974303515891574,0.017527314762775668,-0.04048747807378926,-0.05048555245022713,-0.004089574664219004,0.0014569153378469603,0.004961207336632868,-0.15464392607940886,-0.07638695467008619,0.0062943424767758155,0.027082095763064806,-0.09083556275906199,-0.05630009286773721,-0.004303363818687617,-0.000764935061800556,-0.0015810793213288728,-0.14639355121872283
519,0.028516291247346292,0.015487793012481365,-0.09096881126589298,-0.06506496482745129,-0.0014427468015152075,-0.004922972172201207,-0.0002762711550266936,-0.1449848810164573,-0.07282663330833591,-0.011106035712797547,0.04490965294620502,-0.04938033602649569,-0.05318883424782888,0.008718766633751039,0.024648367639700457,0.03451567945184562,-0.01021194743165507,-0.033074350021090174,0.04800823393719242,-0.02996308879641303,-0.020846727225749255
520,0.04682409768225949,0.02423140145385302,0.014796192932722805,0.0823473341015913,0.05731174544484317,0.028748656926538833,-0.006766053924133821,-0.013687465687720385,-0.014879420061233384,0.031133313490282106,0.007798985953508917,0.07819459062322921,0.010307261370029032,0.07369538944811423,0.03904977210986973,0.015847352608689344,-0.01262927522922229,0.09265456436381819,0.0452438535946445,0.02231189793737722,-0.08581948839162631
521,0.008442502072560752,-0.03322227229726265,0.06547859457587751,0.012552498632147085,-0.0005763305691675266,-0.039406788034806274,0.06748800444979743,-0.04850554726351195,0.026955011035204188,0.06436676991295626,0.02303278315861766,0.023504173591286825,0.014790474462585109,0.02278155912917828,-0.02456315189035098,0.03329672356968668,-0.03136287361237509,-0.01315090154732808,-0.037196617343158475,0.09745846809380196,0.04415707487510739
522,-0.05616080316826022,-0.15957931500483433,0.00963737490581092,0.044233642604987015,0.24223348615295345,0.011503904041554106,0.11178376376371055,0.23686636505316352,0.05075880985350582,0.02759643671691845,-0.013189464139175582,-0.002423868950951307,0.01041279437881343,0.046225217964285595,-0.0034178765959546687,-0.02871232318376256,-0.016800826856763127,0.019385155276800098,-0.0028759325671209564,0.07791135487191457,0.02344835378555335
523,0.23386517694246298,-0.01210618658436047,0.14168675613036044,0.22283684317037525,0.02323773830564187,0.03947689379387463,0.009830092162553105,0.04298146736515457,0.07502408584230007,0.06667213500753454,0.06959588102455792,-0.009936918659731264,0.029728891762537946,0.04405507131998533,0.036452961892731166,0.012277931338156673,0.012210156230299331,0.03875830766692102,0.042671270030834596,-0.031419770986970096,0.1016350791241134
524,0.033919103148152926,0.04751357520136966,-0.045693205856184464,-0.12218888144058664,-0.03311736690928855,0.029156456970374847,0.022630910355669075,0.0704862757948348,-0.04677990554653519,-0.06033806027764782,-0.002782893872620861,0.07608944778980152,-0.0005898371524523021,-0.0489350186692615,-0.06482928669907931,-0.08472219196931578,-0.10825506337615295,0.263310632907053,0.11011995149387833,0.03595651255263394,0.1784795106950509
525,0.09044619152700702,0.05268977902213795,0.02176619879236522,-0.007656332504046889,-0.0022887872156445435,0.0685423723087051,-0.009395351591901573,-0.0005485705735380322,-0.01938484730921016,-0.1457170726235326,-0.06833406106931146,0.02056614342377341,0.020327262293546484,-0.03179558577825504,-0.0010058767142069683,-0.027893117321920374,0.02639861893020655,0.02278155912917828,-0.02456315189035098,0.03329672356968668,-0.03136287361237509
526,0.10692926466615334,0.052818503065756854,0.01695484128659917,-0.037715375123555536,-0.05917818288180227,0.008367286199831514,0.07633428797990718,-0.04962330899281994,-0.05073514033788832,-0.081205586329834,-0.07649533509282554,0.004887389884845521,0.24334785007519066,0.03483200682607578,0.09687186759712554,0.15927582686149339,0.13331833453538028,0.005168656270110838,0.01860029890708141,0.06669800285182495,0.033619419513257524
527,0.08135867933125521,0.016237304618384896,0.03276785207007106,0.005616486133727918,0.031990468729583256,-0.028890134044899925,0.037347660292486595,-0.020533393111316484,-0.012436708278717812,-0.027914669894337645,0.10498664055254922,0.022458901633128824,-0.007778741942306582,-0.03716115413325973,-0.034936127697749966,0.008499036672793286,0.03590981164249519,-0.030569674068653747,-0.06118506855572103,-0.011423148088319863,0.009416902762785275
528,0.01685672166555747,0.025860773477762753,0.017924797219877563,0.023580997183367442,0.017281620614598397,-0.034287320165793035,0.016661813725847092,0.017238679523561444,-0.08531813387807584,0.051639251347764654,0.06679229388045187,0.03227390694017979,-0.0162359438464235,-0.09028939417877037,-0.002782893872620861,0.07608944778980152,-0.0005898371524523021,-0.0489350186692615,-0.06482928669907931,-0.08472219196931578,-0.10825506337615295
529,0.008080301731063687,0.06736312926851827,0.06484997864763854,0.05543686808800729,-0.02775432483880939,0.0035007798920464336,-0.030645721609290747,0.027910536194669523,0.01970623765645272,-0.011821005307824295,0.07420012214525842,-0.02068948773455074,-0.08974303515891574,0.017527314762775668,0.028274969972201847,0.0331860274858787,-0.06097355054458573,-0.022169872968913627,-0.05821588772622714,-0.11916443213939447,0.06461142211478281
530,-0.02486485722016533,-0.002487481497062186,-0.0027283911528191464,-0.09261339929158924,-0.09093940332212361,-0.07132791565052274,0.058365230668770134,-0.013287997462302109,-0.05387380003170251,-0.02616373777776799,-0.0004640594308981007,0.06575677282832645,-0.014169577538660988,-0.017246124246697962,-0.021319727455457294,0.025455493242960484,-0.01650675505206109,0.09376043479837523,0.015178932581916594,0.031711869931220056,0.03158494261882807
531,0.005262864003230632,-0.04889617861396572,-0.056947025472608256,-0.06820859128991366,-0.06851762111446583,-0.028919930259445434,0.04248151104216597,-0.02927708533922444,-0.05873782374826621,0.001374842288426062,0.016131477872899806,0.04083681163566783,-0.008660317960369103,-0.022824070108152517,0.16301668729965174,0.12849048001054955,0.020712984020955096,0.005437065094973533,0.05017535607181645,0.04979001272479147,0.08622357462744075
532,0.02423140145385302,0.014796192932722805,0.0823473341015913,0.05731174544484317,0.014604175412943465,0.07406778941808727,0.05182666214494851,0.058840435390986504,-0.0051051083419211,-0.01607082458684289,-0.017449686457939966,0.03195651403544279,0.032987146810026395,0.043783032082419,0.03344474957879514,0.0029025417067542396,0.007221085628945011,0.009346032013199956,-0.014727339179581215,0.02043033461432674,0.006085282308852949
533,-0.03311736690928855,0.029156456970374847,0.020315402513363848,0.006287851614069399,0.029239223785477764,0.016288290926872614,0.1315825200212921,0.1367068347800229,0.1311532579188743,0.09968579892240077,0.026650294369621963,0.05023086249500809,0.021330709658760057,-0.034785772257091875,0.10183186860558922,0.05790043189516751,0.020841236177624917,-0.03163850228123829,-0.0883003365479709,-0.02486485722016533,-0.002487481497062186
534,-0.01970843724354158,-0.001764216062209568,-0.06529203476732443,0.05934630067635535,0.0408922640134475,-0.011000442122731982,-0.08258793842706147,-0.014210233821178028,0.05595520268387419,0.017269539927308293,-0.035612895278368584,-0.05865601678933303,-0.013505274296315359,-0.1329047130515534,0.08950145097867729,0.20527086862786997,-0.02177030502227734,0.22666738584077392,0.0012530596451881574,0.024820507352673524,0.05454457330743639
535,0.053974597623704164,0.1400620490374982,0.07715438445561038,0.16429180607037594,0.1786296003926594,0.057001927295215075,0.025957653285422967,0.04728589598410899,0.0339515426218907,-0.031032734108641196,0.10133919983596766,0.039463226707756656,0.037833419266079034,-0.08240092046298034,-0.06313378146004354,0.020283963990658363,-0.0005485705735380322,-0.01938484730921016,-0.1457170726235326,-0.06833406106931146,0.02056614342377341
536,0.013055502677213972,0.03913718739332794,0.0060348711455441165,-0.09190603741494878,-0.09492778842213713,0.014249098444838066,0.028343350896880053,0.030403777928640862,0.019290237091062958,0.00022826238394464397,0.07698443952173475,0.15261343281996542,0.09511245755734427,0.13499757385325925,0.02231189793737722,-0.08581948839162631,-0.06508105366372605,-0.0014427468015152075,-0.004922972172201207,-0.0002762711550266936,-0.1449848810164573
537,0.07546919914540791,-0.052644045068644486,0.057391731731546526,0.04265630603855725,0.022807142819862326,0.02439044517374037,0.017073106277451525,0.020907862155915197,-0.028446372447748804,0.012365818491159804,0.004842037492388549,-0.03719091389142518,-0.022830988391619886,0.057539918442189315,0.12512951565687028,0.04630595254479673,0.0033421825569468046,-0.04227611970469211,-0.050498900630185264,0.010783273399662228,0.04645933327868312
538,0.09376043479837523,0.015178932581916594,0.031711869931220056,0.015325103577544191,0.02367804367127799,0.019082143207103875,-0.05519291734833666,0.033599202061891674,0.01998665997633142,-0.031082690526254893,0.002430625486315612,0.07570685403943211,0.013127471629898833,0.043498732633943174,0.006171945495862345,0.0313435380150615,-0.012788132184603986,0.023597433850476822,-0.022856495367242196,-0.004517566543534055,-0.07031992292326242
539,0.09036745043547073,0.20817411967213192,0.009591104411358879,0.05631413212158116,0.042268457879275786,0.005827663009140014,0.020169020825399984,0.07150946280620203,0.04824130298852722,0.016537414449602463,-0.09083556275906199,-0.05630009286773721,-0.004303363818687617,-0.000764935061800556,-0.0015810793213288728,-0.14639355121872283,-0.08529826441375793,0.007108112278546442,0.04154225173810074,-0.06581065085683803,-0.033475689407703395
540,0.03590981164249519,-0.030569674068653747,-0.06118506855572103,-0.15790354778416274,-0.010432458507049902,0.05886859575445568,0.254888216607517,0.012076025850456295,0.09177072063153116,0.20618471364188823,0.09682711124749349,0.02679779099817386,-0.0074318819833296195,0.055383400241375814,0.05517479340364767,0.08078541694248285,0.06554334326021176,0.015232563943364053,-0.00011492672750969557,-0.03223339229701454,-0.05917818288180227
541,0.037833419266079034,-0.08240092046298034,-0.06711143021698956,-0.009372199840067003,0.001754605321988245,-0.001517564516523798,-0.14258923569181944,-0.06851762111446583,-0.028919930259445434,0.04248151104216597,-0.02927708533922444,-0.05873782374826621,0.001374842288426062,0.016131477872899806,0.04083681163566783,-0.008660317960369103,-0.02810689182065751,0.02334834607514963,-0.0063949693526819855,-0.02155405246506647,0.07772641030097946
542,0.004842037492388549,-0.03719091389142518,-0.022830988391619886,0.06797811455886198,0.07420012214525842,-0.02068948773455074,-0.07496933735246074,-0.15957931500483433,0.00963737490581092,0.031093736541560415,0.010675079839919726,0.04982300929955519,0.021457461599548977,-0.05439192569851582,-0.03603910562800098,-0.05685112987281479,-0.1431778791867063,0.15155688308086152,0.1585077643839471,0.08265435520722947,0.0833875831492878
543,-0.0051051083419211,-0.01607082458684289,-0.017449686457939966,0.03195651403544279,-0.03947307822741189,0.051639251347764654,0.06679229388045187,0.03227390694017979,-0.0162359438464235,-0.09028939417877037,-0.002782893872620861,-0.019753639555999524,0.005199332304599804,0.012765043902344708,0.04028733948383551,-0.045389581123573476,-0.043472820294300434,-0.03166469678688542,-0.1329047130515534,0.08950145097867729,0.20527086862786997
544,0.263310632907053,0.11011995149387833,0.03595651255263394,0.1784795106950509,0.17095955027704018,0.007421455125110245,-0.04850554726351195,0.026955011035204188,0.06436676991295626,0.02303278315861766,0.023504173591286825,0.014790474462585109,0.02278155912917828,0.0357505568421032,0.050512162209031305,-0.029910882190410843,0.09395215948939031,0.024905751099002196,0.04188973617586783,-0.002681251578326843,0.05668850738506953
545,-0.07716690882936779,0.05481731158778569,-0.005529137560678465,-0.06566738679306296,-0.020389869958670415,0.0017092297775827784,0.05977963840371972,-0.01375974830781866,-0.009995613412700156,-0.03833580052512118,0.07122724602773757,-0.04075534184360642,0.08570673383282468,0.009428846587031999,0.02435138468706542,0.02604189038723279,-0.03501437528203973,0.025455493242960484,-0.01650675505206109,0.11012872396346478,0.15927582686149339
546,0.05112307606913304,0.023963976708823272,0.05674287905853458,0.04682409768225949,0.02423140145385302,0.014796192932722805,0.010303436415958352,0.04556569985235456,0.020701877565899043,0.039937250906967266,-0.011739782175903584,0.022807142819862326,0.02439044517374037,0.018938258316451587,-0.049407531129056194,-0.1434132833015306,-0.009326092852967406,0.05522655912088008,-0.021946377553780122,-0.0883003365479709,-0.02486485722016533
547,0.010791209501792631,0.009692727440513952,0.029239223785477764,0.016288290926872614,0.1315825200212921,0.1367068347800229,0.1311532579188743,0.11131571440938633,0.035793694190449386,0.04806240645073723,0.016226096778767064,-0.03269455800362337,0.09547372235376145,0.07520625932878826,0.001623004560214426,-0.01534755215224717,-0.09563878585135667,-0.10866392311039852,-0.038618769215352976,0.0017344377427880998,0.0383700697461459
548,0.020841236177624917,-0.03163850228123829,-0.0883003365479709,-0.02486485722016533,-0.002487481497062186,-0.0027283911528191464,-0.09261339929158924,-0.09093940332212361,-0.07132791565052274,0.058365230668770134,-0.013287997462302109,-0.05387380003170251,-0.02616373777776799,-0.0004640594308981007,0.06575677282832645,-0.014169577538660988,-0.017246124246697962,-0.021319727455457294,0.025455493242960484,-0.012352022630836883,0.10256063737013693
549,0.09314832120171126,0.0720908090417364,-0.001832860749488936,-0.008054504811190783,-0.09009055783775237,-0.04822456859237323,0.011789268251337469,-0.004737227059644066,-0.01766156035542441,-0.1529728353045928,0.08950145097867729,0.20527086862786997,-0.02177030502227734,0.22666738584077392,0.16025330892228135,0.029606206151133886,0.036063760027324546,0.027953507033170056,0.04594981860169079,0.06319230671727441,0.07424945199336273
550,0.046004160625338054,0.1786110197944668,0.06402763900948638,0.024648367639700457,0.03451567945184562,-0.01021194743165507,-0.033074350021090174,0.11642398574422608,0.009428846587031999,0.02435138468706542,0.02604189038723279,0.019549987029530605,0.023175625805814403,-0.03553245916052851,0.02849595128758009,0.006364926000034128,-0.04579112302167692,0.04853472246464093,0.032177038443231165,0.017355998364001222,0.004345290344611144
551,0.08950145097867729,0.20527086862786997,-0.02177030502227734,0.22666738584077392,0.16025330892228135,0.029606206151133886,0.036063760027324546,0.027953507033170056,0.04594981860169079,0.06319230671727441,0.07424945199336273,0.0540311695998272,0.010336424428042954,0.032708833873126085,0.050713076916418395,0.02991114106029612,0.07775323221691115,0.08360971738967124,0.0441216471640192,-0.019269455674365138,0.05607678211970807
552,0.015325103577544191,0.02367804367127799,0.019082143207103875,-0.05519291734833666,0.041034435089818105,0.012210156230299331,-0.05196133780222694,0.0028742228637099495,0.07942804085490669,0.03591066926944299,-0.03904979439636809,-0.08752271000182854,0.021403949475942596,0.06692223099929095,0.005262864003230632,-0.04889617861396572,-0.056947025472608256,-0.08296368035457874,-0.12481355296141478,0.2341697026224454,0.11449748966614386
553,0.050832303764645086,0.05407329072383777,-0.0032899033424237945,0.00043711952401027877,-0.006680494674934709,0.014945083156067693,0.005167882429577925,-0.006905108733557086,-0.029534921581718058,0.02709928010278606,0.055970802408372225,-0.03677184575890198,-0.1218280230092854,-0.038618769215352976,0.0017344377427880998,0.0383700697461459,-0.004229448637686191,0.04426037679894457,0.015024797213813964,0.08978943009235238,0.18811433798098445
554,0.007221085628945011,0.009346032013199956,-0.014727339179581215,0.02043033461432674,0.006085282308852949,-0.013945795051438253,-0.027931969716044284,-0.0005485705735380322,-0.01938484730921016,-0.1457170726235326,-0.06833406106931146,0.02056614342377341,0.020327262293546484,-0.08889000711334612,0.008442502072560752,-0.03322227229726265,0.08091416131286809,0.02740464613057831,-0.022181734731348293,0.03302551187024177,-0.033401786587522055
555,0.039865583625172084,-0.015285831653700205,0.002021835830374982,-0.0018427708801756102,-0.0033481605894797144,0.012649918105789538,0.003923268694962706,-0.013534918400980867,-0.026853141604926915,0.04509197743886771,0.031861365171198065,-0.060927950869310125,-0.13787805025683347,-0.0020105680194356466,0.04248574632216505,0.02403911798411785,-0.0006670782883442124,0.03209308509343252,0.032037542390131735,0.13328823247215815,0.09097888502329214
556,0.20817411967213192,0.009591104411358879,0.05631413212158116,0.042268457879275786,0.005827663009140014,0.020169020825399984,0.07150946280620203,0.04824130298852722,0.016537414449602463,-0.09083556275906199,-0.05630009286773721,-0.004303363818687617,0.0026619871425206452,0.01998665997633142,-0.031082690526254893,0.002430625486315612,0.07570685403943211,0.013127471629898833,0.043498732633943174,-0.008136604687977509,-0.001764216062209568
557,0.027985131753974917,0.024649406615095838,0.02232662736483993,0.05618386114043311,0.02554805067516022,-0.011346396815389154,0.00966076592308283,-0.004896598863669388,0.001396149368181709,0.00385394882475879,-0.0035989485344935825,-0.008671695817373782,-0.017376977939665986,0.03797585285006797,0.034830188290305736,-0.0951474075051552,-0.09492778842213713,0.014249098444838066,0.028343350896880053,0.030403777928640862,0.03509939217395272
558,-0.07282663330833591,-0.011106035712797547,0.04490965294620502,-0.04938033602649569,-0.05318883424782888,0.008718766633751039,0.024648367639700457,0.03451567945184562,-0.01021194743165507,-0.018956948794390065,0.05550996276826985,-0.042678964071087205,0.03560493412381603,-0.0035219785692900537,0.0927671693931366,0.04058313586248564,0.026508189548699945,0.06438663738759,0.022578594132397916,0.09140733834896966,0.044948861138336606
559,0.023963976708823272,0.05674287905853458,-0.003179995427409638,-0.009995613412700156,-0.03833580052512118,0.07122724602773757,-0.04075534184360642,0.08570673383282468,0.009428846587031999,0.02435138468706542,0.02604189038723279,0.019549987029530605,0.023175625805814403,-0.020870261257512793,0.015325103577544191,0.02367804367127799,0.019082143207103875,-0.05519291734833666,0.041034435089818105,0.012210156230299331,-0.05196133780222694
560,0.013963011136263486,-0.01443544461218946,-0.019067498641394894,0.01661130304753056,0.030664593091042983,0.0013630875689314337,0.09687186759712554,0.15927582686149339,0.13331833453538028,0.005168656270110838,0.01860029890708141,0.06669800285182495,0.033619419513257524,0.09660961896248449,0.03875830766692102,0.042671270030834596,-0.031419770986970096,0.1016350791241134,0.01252791852493433,0.05364691489810045,0.05974919523256175
561,0.06484997864763854,0.05543686808800729,-0.02775432483880939,0.0035007798920464336,-0.030645721609290747,0.027910536194669523,0.01970623765645272,0.06570940764382426,0.04614115426521307,-0.005814780866760401,0.008527595105345247,-0.010202013685965725,-0.0007087971577727721,-0.03457835186186034,0.09907059068764777,0.009525257639794482,0.07623805115305331,-0.04895804795747495,-0.07821917475426834,-0.026852133123197418,0.0030069818919605347
562,0.01860029890708141,0.06669800285182495,0.033619419513257524,0.09660961896248449,0.03875830766692102,0.042671270030834596,-0.031419770986970096,0.1016350791241134,0.01252791852493433,0.05364691489810045,0.05974919523256175,-0.004820745568297918,0.05314037668756117,0.07310831228205482,0.05407329072383777,0.013963011136263486,-0.01443544461218946,-0.019067498641394894,0.01661130304753056,-0.027093654170937457,-0.0010058767142069683
563,0.005827663009140014,0.020169020825399984,0.07150946280620203,0.04824130298852722,0.016537414449602463,-0.09083556275906199,-0.05630009286773721,-0.004303363818687617,-0.000764935061800556,-0.0015810793213288728,-0.14639355121872283,-0.08529826441375793,0.007108112278546442,0.04154225173810074,-0.06581065085683803,-0.03651943588496546,0.008475104952900851,0.02765786528493706,0.024600949002244726,0.003387299348614436,-0.020431440671730198
564,0.007974038851990953,-0.017751195343342213,-0.020869068846696422,0.016721652182922028,0.03808185594297404,-0.00496676521662024,-0.11399169447086158,-0.051075149006804765,-0.0021335904868741654,0.0331153666186435,0.008772262157337138,0.03948925873048987,0.005521986037352872,0.09381664737022734,0.14083582185004723,0.09874539105052259,0.1980595960206749,-0.007250054133614382,0.05536150111826453,0.04405280732275557,-0.03381423652864563
565,0.00966076592308283,-0.004896598863669388,0.001396149368181709,0.00385394882475879,-0.0035989485344935825,0.008572019641245092,0.0019359245923828542,0.007020421424277806,0.00043711952401027877,-0.006680494674934709,0.014945083156067693,0.005167882429577925,-0.006905108733557086,-0.029534921581718058,0.02709928010278606,0.055970802408372225,-0.03677184575890198,-0.06719043738188991,-0.06866753903744134,0.010675079839919726,0.04982300929955519
566,0.13679031692311297,0.043985079954863254,-0.0035989485344935825,-0.0028533404101912657,0.02043033461432674,0.006085282308852949,-0.013945795051438253,-0.027931969716044284,0.020422863599038738,0.0576371770949132,-0.026072889377660884,0.0619687790764072,0.04630595254479673,0.0033421825569468046,-0.04227611970469211,-0.050498900630185264,0.010783273399662228,0.04645933327868312,-0.031242931752715704,-0.04904310773206642,-0.10338315238127574
567,0.0748770995501764,0.028516291247346292,0.015487793012481365,-0.09096881126589298,-0.05048555245022713,0.030171424289389664,-0.04962330899281994,-0.05073514033788832,-0.081205586329834,-0.07649533509282554,0.004887389884845521,0.24334785007519066,0.03483200682607578,0.09687186759712554,0.15927582686149339,0.13331833453538028,0.005168656270110838,0.01860029890708141,0.06669800285182495,0.033619419513257524,0.09660961896248449
568,0.004961207336632868,-0.15464392607940886,-0.07638695467008619,0.0062943424767758155,0.03251710760405471,-0.07682537110950548,-0.020352219706992098,0.006940060669718801,0.033791252003787804,0.009119805272276776,0.008977307504258474,-0.02549187566543074,0.03916741147349725,-0.030720136272704167,-0.007930492469347556,0.08135867933125521,0.016237304618384896,0.03276785207007106,0.005616486133727918,0.031990468729583256,-0.028890134044899925
569,-0.015969511359020572,0.01961569337155239,0.048659151818756505,0.12790301675578866,0.11004866409985843,0.1786296003926594,0.057001927295215075,0.025957653285422967,0.04728589598410899,0.0339515426218907,-0.031032734108641196,-0.10003620956022498,-0.055412634380477395,0.013393092697523859,-5.8338600625194406e-05,-0.010248523690522197,-0.15567643467981396,-0.05578242451271492,0.0027414211450370565,0.025628320800981142,-0.08823696391282364
570,0.03764176433914727,0.08734846799044324,0.03790628799489715,0.022684370018144242,-0.013293106975691601,-0.019886363012011198,0.027985131753974917,0.024649406615095838,0.02232662736483993,0.05618386114043311,0.02554805067516022,-0.011346396815389154,0.00966076592308283,-0.004896598863669388,0.001396149368181709,0.00385394882475879,-0.0035989485344935825,-0.006930822588162561,-0.0035989485344935825,-0.008671695817373782,-0.017376977939665986
571,0.010764415351345306,0.013427251399639835,0.05878796760083395,0.1442680668719345,0.09036745043547073,0.20817411967213192,0.009591104411358879,0.05631413212158116,0.042268457879275786,0.054226010804118804,-0.09083556275906199,-0.05630009286773721,-0.004303363818687617,-0.000764935061800556,-0.0015810793213288728,-0.14639355121872283,-0.08529826441375793,0.007108112278546442,0.04154225173810074,-0.06581065085683803,-0.03651943588496546
572,0.04504949709734993,-0.0011521168442352808,0.06996550155243682,0.06440604535161763,0.032401305533269247,-0.07383617068359147,-0.11268482126922406,0.014874046400746022,0.009961599505911202,0.0329867735043766,0.004729783438254615,0.021012075726165945,0.053974597623704164,0.1400620490374982,0.07715438445561038,0.2127050409126765,0.19805959602067494,0.010556726679935019,0.10457915551253594,-0.011000442122731982,-0.08258793842706147
573,0.11449748966614386,0.05833543739373691,-0.018978511458347606,-0.15049273384696898,-0.06866403183244768,0.015151760354786346,0.02923423138402624,-0.08370626856186839,-0.0014347097716089039,-0.0162462464960763,0.06081204173790412,0.0012446836373436378,-0.007829901167596347,-0.02712704838623795,0.05550996276826985,-0.042678964071087205,0.023634010206012964,0.07067891964497917,0.015240547515204036,0.008966635416796428,0.043498732633943174
574,0.09265456436381819,0.0452438535946445,0.02231189793737722,-0.08581948839162631,-0.06508105366372605,-0.0014427468015152075,-0.004922972172201207,-0.0002762711550266936,-0.1449848810164573,-0.06253150757682774,0.05369791876574997,-0.014347829529096627,-0.062258592534061,-0.011200022754991325,0.017044371176663856,0.04724433085543002,-0.011456943698128315,-0.016235574331397593,-0.02641509517482331,0.02349940927067805,-0.016313320641010303
575,0.0562120907260079,0.08487372572927601,0.05356779014822743,-0.015332311026208764,0.05668850738506953,0.024910970380971356,0.04444616506221233,0.05750007864095875,0.029486966374752895,0.008080301731063687,0.06736312926851827,0.06484997864763854,0.05543686808800729,-0.02775432483880939,0.0035007798920464336,-0.030645721609290747,0.027910536194669523,0.01970623765645272,0.06570940764382426,0.04614115426521307,-0.005814780866760401
576,-0.0037975231301814686,0.005839169704932225,0.000596609706238854,-0.003198480817079996,0.014195496796341411,0.005132317567122862,-0.016846829757837384,-0.02094376794236849,0.013055502677213972,0.03913718739332794,0.0060348711455441165,-0.09190603741494878,-0.09492778842213713,0.014249098444838066,0.028343350896880053,0.018890200701171846,0.0031790701162829277,-0.004489316240323887,-0.008127589068975276,-0.00505393398592306,0.027342220336279893
577,0.12367975797769766,0.16899550807497488,0.08105651591925545,-0.0049851771713745364,0.07472554095781088,0.02815498806673793,-0.03457835186186034,0.09907059068764777,0.009525257639794482,0.07623805115305331,-0.04895804795747495,-0.07821917475426834,-0.026852133123197418,0.0030069818919605347,-0.0021785246224466574,-0.10399664984710869,-0.10090048097460565,-0.049769954245097114,0.051403134635701,0.02090016898043685,-0.004093450140098699
578,0.01961569337155239,0.048659151818756505,0.12790301675578866,0.11004866409985843,0.1786296003926594,0.057001927295215075,0.025957653285422967,0.04728589598410899,0.0339515426218907,-0.031032734108641196,0.10133919983596766,0.039463226707756656,0.037833419266079034,-0.08240092046298034,-0.06711143021698956,-0.0030571403827766193,0.002353141630354524,-0.001668183540305831,-0.12036325534435462,-0.08772596864057779,-0.042448068992912216
579,0.055909746701747885,0.017141958531543915,0.01970623765645272,0.06570940764382426,0.04614115426521307,-0.005814780866760401,0.008527595105345247,-0.010202013685965725,-0.0007087971577727721,0.01219014238418171,0.016357579018128617,-0.01475725902830638,-0.02942832466642877,0.03660958204538981,0.04647911062049513,-0.04572308988216685,-0.13068905238419817,-0.038747338623665244,-0.050498900630185264,0.010783273399662228,0.04645933327868312
580,0.009333812953931188,-0.016832619674398547,-0.08588848725511113,0.009931061499256558,-0.03166469678688542,-0.1329047130515534,0.08950145097867729,0.20527086862786997,-0.02177030502227734,0.22666738584077392,0.16025330892228135,0.029606206151133886,0.036063760027324546,0.027953507033170056,0.04594981860169079,0.06319230671727441,0.07424945199336273,0.0540311695998272,-0.00521909168479309,0.05102624206575158,0.020933622671211866
581,0.03764176433914727,0.08734846799044324,0.03790628799489715,0.022684370018144242,-0.013293106975691601,-0.019886363012011198,0.027985131753974917,0.024649406615095838,0.02232662736483993,0.05618386114043311,0.02554805067516022,-0.011346396815389154,0.03778385948370456,-0.0034178765959546687,-0.02871232318376256,-0.016800826856763127,0.0559754157185377,0.040829540244036434,0.039973403061971176,0.07150946280620203,0.04824130298852722
582,0.09395215948939031,0.024905751099002196,0.04188973617586783,0.06439905428187961,-0.0007330077890140873,0.03764176433914727,0.08734846799044324,0.03790628799489715,0.022684370018144242,-0.013293106975691601,-0.019886363012011198,0.027985131753974917,0.024649406615095838,0.02232662736483993,0.05618386114043311,0.02554805067516022,-0.011346396815389154,0.00966076592308283,-0.004896598863669388,0.001396149368181709,0.00385394882475879
583,0.05268977902213795,0.02176619879236522,-0.007656332504046889,-0.03507399595771937,0.016940676610758692,0.02902295906132065,-0.008191109106544123,0.0900989218150235,0.04022077283856794,-0.0173456788167319,0.006702524739548357,-0.007547991372525836,-0.004042477083777581,0.020435228983264355,0.006297766455834597,-0.01669743734389148,-0.0253224956421449,0.04237123697766942,0.034037086276389676,-0.049407531129056194,0.03765234916648572
584,-0.01970843724354158,-0.001764216062209568,-0.06529203476732443,0.10692926466615334,0.052818503065756854,0.01695484128659917,-0.043363971024739205,0.09745846809380196,0.04415707487510739,-0.011378475219155786,-0.0810228182142374,0.005199332304599804,0.012765043902344708,0.04028733948383551,-0.045389581123573476,-0.043472820294300434,-0.03166469678688542,-0.1329047130515534,0.08950145097867729,0.20527086862786997,-0.02177030502227734
585,0.08487372572927601,0.05356779014822743,0.003166544178429344,-0.004517566543534055,-0.07031992292326242,0.12512951565687028,0.04630595254479673,0.0033421825569468046,-0.04227611970469211,-0.050498900630185264,0.010783273399662228,0.04645933327868312,-0.031242931752715704,-0.04904310773206642,-0.10338315238127574,-0.05509488366834008,0.011611238192971548,0.23950488532678857,0.04837086616455555,0.1043825189063411,0.1442516967700536
586,-0.000764935061800556,-0.0015810793213288728,-0.14639355121872283,-0.08529826441375793,0.007108112278546442,0.04154225173810074,-0.06581065085683803,-0.03651943588496546,0.008475104952900851,0.02765786528493706,0.024600949002244726,0.003387299348614436,-0.020431440671730198,0.01998665997633142,-0.031082690526254893,0.002430625486315612,0.07570685403943211,0.013127471629898833,0.043498732633943174,0.006171945495862345,0.0313435380150615
587,0.06771129635265376,0.07331847075741482,0.0021443880627073906,0.0391609242164789,0.05090386806201433,0.020149016518727223,0.09243218492997904,0.059001729166159776,0.047856138232220576,-0.02592957193685902,0.0746436849787944,0.012966394809802738,-0.033401786587522055,0.0011471072145716112,-0.05562886314565989,0.11104851877539362,0.0408922640134475,-0.011000442122731982,-0.08258793842706147,-0.014210233821178028,0.05595520268387419
588,0.11157955438534486,0.10218837092771696,0.16899550807497488,0.08105651591925545,0.06672281385609842,0.08490533966392713,0.02921620650682846,-0.0006805403451045152,0.01848809379400931,-0.10478409704311777,-0.009638107365644523,0.07633428797990718,-0.04962330899281994,-0.05073514033788832,-0.081205586329834,-0.07649533509282554,0.004887389884845521,0.24334785007519066,0.03483200682607578,0.09687186759712554,0.15927582686149339
589,0.011611238192971548,0.23950488532678857,0.04837086616455555,0.1043825189063411,0.1442516967700536,0.12849048001054955,0.020712984020955096,0.005437065094973533,0.05017535607181645,0.04979001272479147,0.08622357462744075,0.055909746701747885,0.037811335473967846,-0.026074719040020927,0.0927671693931366,0.010791209501792631,0.06260025505551696,0.05214769454175549,-0.01255877680473109,0.06719771983644916,0.06516418858680059
590,-0.041133885201600016,0.08365555280968927,0.0799543854539114,-0.012964228954416082,0.01848809379400931,-0.10478409704311777,-0.050209993324580156,0.020283963990658363,-0.0005485705735380322,-0.01938484730921016,-0.1457170726235326,-0.06833406106931146,-0.05928448753185421,-0.09093940332212361,-0.07132791565052274,0.058365230668770134,-0.013287997462302109,-0.05387380003170251,-0.02616373777776799,-0.0004640594308981007,0.06575677282832645
591,0.02679779099817386,0.020414838226042013,0.0540311695998272,-0.00521909168479309,0.007329091143519796,-0.031419770986970096,0.1016350791241134,0.01252791852493433,0.05364691489810045,0.05974919523256175,-0.004820745568297918,0.05314037668756117,0.07310831228205482,0.05407329072383777,0.013963011136263486,-0.01443544461218946,-0.019067498641394894,0.01661130304753056,0.030664593091042983,0.045526761041284745,0.021049862769594634
592,0.002430625486315612,0.07570685403943211,0.013127471629898833,0.043498732633943174,0.006171945495862345,0.0313435380150615,-0.012788132184603986,0.023597433850476822,-0.022856495367242196,-0.004517566543534055,-0.07031992292326242,0.12512951565687028,0.04630595254479673,0.0033421825569468046,-0.007177872295335405,0.009961599505911202,0.0329867735043766,0.004729783438254615,0.021012075726165945,0.053974597623704164,0.1400620490374982
593,0.02679779099817386,-0.02550047498504049,0.05550996276826985,-0.042678964071087205,0.023634010206012964,0.07067891964497917,0.015240547515204036,0.027084564191957573,0.04301382349827651,-0.005297334717018741,0.054950776773823706,0.06351461633079457,0.06771129635265376,0.07331847075741482,0.0021443880627073906,0.015240443207146707,0.05649429316671417,0.022833190338024337,0.06930880348256134,0.04671823888313922,-0.0066750398740466005
594,0.0746436849787944,0.02841273061469006,0.047442303827898546,0.0685423723087051,-0.00311542308986455,0.02744969203863194,0.10401486493516268,0.03510483726889428,0.0183397684187012,-0.0032982567368964053,-0.03826419835710366,0.031453163421733106,0.021294956482008322,-0.005346549189384994,0.08806943722472424,0.03278442659094309,-0.015285831653700205,0.002021835830374982,-0.0018427708801756102,-0.0033481605894797144,0.012649918105789538
595,0.04354140256395621,-0.0011521168442352808,0.06996550155243682,0.0634970250320656,0.04812106459312323,0.017461980216704025,-0.027010873579979045,-0.014730314040599294,0.02826162078001348,-0.007484895601557077,-0.019068281816173573,-0.0713840292511914,0.0028870675659669913,0.0946013051011754,-0.04511760309730755,-0.05776803244126003,-0.07780113493787241,-0.08523360912573254,0.030474884881794746,0.19476497723196481,0.054359119672220756
596,0.02420862082602183,0.028737402589274815,-0.033475418142976346,-0.05616080316826022,0.0770943143457991,-0.1329047130515534,0.08950145097867729,0.20527086862786997,-0.02177030502227734,0.042591506661540525,-0.0027283911528191464,-0.09261339929158924,-0.09093940332212361,-0.07132791565052274,0.058365230668770134,-0.013287997462302109,-0.05387380003170251,-0.02616373777776799,-0.0004640594308981007,0.06575677282832645,-0.014169577538660988
597,0.06208251319461728,0.04618033823150406,-0.00039668250200649,0.0320296105725281,0.0748770995501764,0.028516291247346292,0.015487793012481365,-0.06181185208122173,-0.056947025472608256,-0.08296368035457874,-0.12481355296141478,0.2341697026224454,0.11449748966614386,0.04721335484869471,0.1864918273196731,0.1912402838473926,-0.007339068801813674,0.032708833873126085,0.050713076916418395,0.02991114106029612,0.07775323221691115
598,0.026650294369621963,0.05023086249500809,0.021330709658760057,-0.034785772257091875,0.10183186860558922,0.05790043189516751,0.02032687961365529,0.016226096778767064,-0.03269455800362337,0.09547372235376145,0.07520625932878826,0.001623004560214426,-0.01534755215224717,-0.09563878585135667,-0.034902765518025916,0.00110658245929761,-0.0019707085426019775,-0.07311732007286383,-0.09889894590370596,-0.07716690882936779,0.05481731158778569
599,-0.02486485722016533,-0.002487481497062186,-0.0027283911528191464,-0.09261339929158924,-0.09093940332212361,-0.07132791565052274,0.058365230668770134,-0.013287997462302109,-0.05387380003170251,-0.02616373777776799,-0.0004640594308981007,0.06575677282832645,-0.014169577538660988,-0.017246124246697962,-0.021319727455457294,0.025455493242960484,-0.01650675505206109,0.09376043479837523,0.015178932581916594,0.031711869931220056,0.015325103577544191
600,-0.0040099439253633,-0.04624443418091701,0.07546919914540791,0.03299907510763513,-0.03268418807681166,0.017232711103242065,-0.02996308879641303,-0.020846727225749255,0.10256063737013693,0.011702624363025375,0.0417510739700792,-3.963623685946036e-05,0.030429494047507367,-0.00887580242302415,0.011878759963531013,0.016123688491521175,-0.01315090154732808,-0.037196617343158475,0.09745846809380196,0.04415707487510739,-0.011378475219155786
601,0.00342281220920832,0.01961569337155239,0.048659151818756505,0.12790301675578866,0.11004866409985843,0.1786296003926594,0.057001927295215075,0.022469135835018427,0.01219014238418171,0.016357579018128617,-0.01475725902830638,-0.02942832466642877,0.03660958204538981,0.04647911062049513,-0.04572308988216685,-0.09961783628474914,-0.004303363818687617,-0.000764935061800556,-0.0015810793213288728,-0.14639355121872283,-0.08529826441375793
602,0.10652074418392923,0.15471591201636187,0.1195536119516561,0.16077321134488992,0.0059681337722265965,0.04167222769359799,0.025144494961714538,-0.03647529900603461,0.09314832120171126,0.031939812804051726,0.008125885190452386,0.0003227891855704067,0.04028733948383551,-0.045389581123573476,-0.043472820294300434,-0.03166469678688542,-0.1329047130515534,0.08950145097867729,0.20527086862786997,-0.02177030502227734,0.0952639311406102
603,-0.06504903210521822,-0.011188332158927672,0.02420862082602183,0.028737402589274815,-0.033475418142976346,-0.05616080316826022,-0.15957931500483433,0.00963737490581092,0.044233642604987015,0.24223348615295345,0.011503904041554106,0.11178376376371055,0.23686636505316352,0.05075880985350582,0.02759643671691845,-0.005297334717018741,0.054950776773823706,0.06351461633079457,0.06771129635265376,0.07331847075741482,0.0021443880627073906
604,0.09265456436381819,0.0452438535946445,0.02231189793737722,-0.08581948839162631,-0.06508105366372605,-0.0014427468015152075,-0.004922972172201207,-0.0002762711550266936,-0.1449848810164573,-0.07282663330833591,-0.011106035712797547,0.04490965294620502,-0.04938033602649569,-0.05318883424782888,0.008718766633751039,0.024648367639700457,0.03451567945184562,-0.01021194743165507,-0.033074350021090174,0.04800823393719242,-0.02996308879641303
605,0.0417510739700792,0.010178555626069999,0.05974919523256175,-0.004820745568297918,0.05314037668756117,0.07310831228205482,0.05407329072383777,0.013963011136263486,-0.01443544461218946,-0.019067498641394894,0.01661130304753056,0.030664593091042983,0.048417644990859106,-0.011346396815389154,0.00966076592308283,-0.004896598863669388,0.001396149368181709,0.00385394882475879,-0.0035989485344935825,-0.008671695817373782,-0.017376977939665986
606,0.0417510739700792,0.13380290116912177,0.05075880985350582,0.02759643671691845,-0.005297334717018741,0.054950776773823706,0.06351461633079457,0.06771129635265376,0.07331847075741482,0.0021443880627073906,0.015240443207146707,0.05649429316671417,0.022833190338024337,0.06930880348256134,0.04671823888313922,-0.0066750398740466005,0.077739445343134,0.03982964454413606,0.06044932323785948,0.020655242408598253,-0.03567382466677644
607,-0.0035989485344935825,-0.008671695817373782,-0.017376977939665986,0.03797585285006797,0.034830188290305736,-0.0683707738427256,-0.1209672773677749,0.0023554476846316284,0.0281140192679024,0.029280853265727526,0.00342281220920832,0.01961569337155239,0.048659151818756505,0.12790301675578866,0.11004866409985843,0.1786296003926594,0.057001927295215075,0.025957653285422967,0.04728589598410899,0.0339515426218907,-0.031032734108641196
608,-0.011106035712797547,0.04490965294620502,-0.04938033602649569,-0.05318883424782888,0.008718766633751039,0.024648367639700457,0.03451567945184562,-0.011320499728954169,0.055970802408372225,-0.03677184575890198,-0.1218280230092854,-0.038618769215352976,0.0017344377427880998,0.09331471014520486,-0.02996308879641303,-0.020846727225749255,0.10256063737013693,0.011702624363025375,0.0417510739700792,-3.963623685946036e-05,0.030429494047507367
609,0.020435228983264355,0.006297766455834597,-0.01669743734389148,-0.0253224956421449,0.04237123697766942,0.034037086276389676,-0.049407531129056194,-0.1434132833015306,0.15155688308086152,0.1585077643839471,0.046004160625338054,0.1786110197944668,0.18605162301684083,0.015485571189997131,0.030169365189279703,0.05954689270225735,0.02699928247404044,0.05454706420919959,0.08976295191255872,0.042288990324287054,-0.009681890320329786
610,-0.0005763305691675266,-0.039406788034806274,0.013279930598344827,0.05674287905853458,0.04682409768225949,0.02423140145385302,0.014796192932722805,0.0823473341015913,0.05731174544484317,0.028748656926538833,-0.006766053924133821,-0.021898596841738276,-0.010420765207966178,0.021515981298733042,0.007974038851990953,-0.017751195343342213,-0.020869068846696422,0.016721652182922028,0.03808185594297404,-0.00496676521662024,-0.11399169447086158
611,0.06842655064573248,0.024218604489924928,0.05175229404135538,0.07463734568278337,-0.002881656542227375,0.02517833335626331,0.07370807143743673,-0.033401786587522055,0.0011471072145716112,-0.05562886314565989,0.11104851877539362,0.0408922640134475,-0.011000442122731982,-0.08258793842706147,-0.02839359137499199,-0.08523360912573254,-0.053521889065044216,0.0028870675659669913,0.0946013051011754,-0.04511760309730755,-0.05776803244126003
612,0.11886890957762948,0.005320447429078421,-0.011443240120825341,-0.06504903210521822,-0.011188332158927672,0.02420862082602183,0.028737402589274815,-0.033475418142976346,-0.05616080316826022,-0.15957931500483433,0.00963737490581092,0.044233642604987015,0.24223348615295345,0.011503904041554106,0.11178376376371055,0.23686636505316352,0.05075880985350582,0.02759643671691845,-0.005297334717018741,0.054950776773823706,0.06351461633079457
613,0.01974060520282703,0.00435558155294859,-0.018978511458347606,-0.15049273384696898,-0.06866403183244768,0.015151760354786346,0.02923423138402624,-0.08370626856186839,0.08664386860423856,0.015485571189997131,0.043293392133284196,-0.022181734731348293,0.03302551187024177,-0.033401786587522055,0.0011471072145716112,-0.05562886314565989,0.11104851877539362,0.0408922640134475,-0.011000442122731982,-0.08258793842706147,-0.014210233821178028
614,-0.01970843724354158,-0.001764216062209568,-0.06529203476732443,0.10692926466615334,0.052818503065756854,0.01695484128659917,-0.037715375123555536,-0.05917818288180227,0.008367286199831514,0.07633428797990718,-0.04962330899281994,-0.05073514033788832,-0.081205586329834,-0.07649533509282554,0.004887389884845521,0.24334785007519066,0.03483200682607578,0.09687186759712554,0.15927582686149339,0.13331833453538028,0.005168656270110838
615,0.02815498806673793,-0.03457835186186034,0.09907059068764777,0.009525257639794482,0.07623805115305331,-0.04895804795747495,-0.07821917475426834,-0.06711143021698956,-0.009372199840067003,0.001754605321988245,-0.001517564516523798,-0.14258923569181944,-0.06851762111446583,-0.028919930259445434,0.04248151104216597,-0.02927708533922444,-0.05873782374826621,0.001374842288426062,0.016131477872899806,0.04083681163566783,-0.008660317960369103
616,0.037043997380734404,-0.04056938058421847,-0.005637525045480252,-0.025838511639785726,0.11886890957762948,0.005320447429078421,-0.011443240120825341,-0.06504903210521822,-0.011188332158927672,0.02420862082602183,0.028737402589274815,-0.033475418142976346,-0.05616080316826022,-0.15957931500483433,-0.004954476771531735,0.08950145097867729,0.20527086862786997,-0.02177030502227734,0.22666738584077392,0.16025330892228135,0.029606206151133886
617,0.03930624981704534,-0.03268418807681166,0.024820507352673524,0.05454457330743639,0.02157137338810507,0.0230773999402624,0.007822680867767927,0.03141904600384711,-0.014865073275704896,0.037043997380734404,-0.04056938058421847,-0.005637525045480252,-0.025838511639785726,0.11886890957762948,0.005320447429078421,-0.011443240120825341,-0.06504903210521822,0.007668082043997796,-0.05821588772622714,-0.11916443213939447,0.06461142211478281
618,0.0900989218150235,0.04063372482888972,0.03344474957879514,0.0029025417067542396,0.007221085628945011,0.009346032013199956,-0.014727339179581215,0.02043033461432674,0.006085282308852949,-0.013945795051438253,-0.027931969716044284,0.020422863599038738,0.0576371770949132,-0.026072889377660884,-0.12253989570409915,-0.03621649721069029,-0.0131336109081202,0.0506174831210367,-0.0031455015921875735,0.04556569985235456,0.020701877565899043
619,0.07570685403943211,0.013127471629898833,0.020346594701796814,-0.1449848810164573,-0.07282663330833591,-0.011106035712797547,0.04490965294620502,-0.04938033602649569,-0.05318883424782888,0.008718766633751039,0.024648367639700457,0.03451567945184562,-0.01021194743165507,-0.033074350021090174,0.04800823393719242,-0.02996308879641303,-0.020846727225749255,0.10256063737013693,0.011702624363025375,0.01043955225845604,0.058840435390986504
620,0.07946234483177844,0.04684663102592058,0.0061949975367046,-0.019068281816173573,-0.0713840292511914,0.0028870675659669913,0.0946013051011754,-0.04511760309730755,-0.05776803244126003,-0.07780113493787241,-0.08523360912573254,0.030474884881794746,0.19476497723196481,0.054359119672220756,0.085384685131117,0.14960067236142724,0.15728314174886657,-0.0007868436390697441,0.026508189548699945,0.06438663738759,0.022578594132397916
621,-0.037715375123555536,-0.05917818288180227,0.008367286199831514,0.07633428797990718,-0.04962330899281994,-0.05073514033788832,-0.081205586329834,-0.07649533509282554,0.004887389884845521,0.24334785007519066,0.03483200682607578,0.09687186759712554,0.15927582686149339,0.13331833453538028,0.005168656270110838,0.01860029890708141,0.06669800285182495,0.033619419513257524,0.09660961896248449,0.03875830766692102,0.042671270030834596
622,0.03779158738155633,0.017511011656270174,0.04751357520136966,-0.045693205856184464,-0.12218888144058664,-0.03311736690928855,0.029156456970374847,0.020315402513363848,0.006287851614069399,0.029239223785477764,0.016288290926872614,0.1315825200212921,0.1367068347800229,0.1311532579188743,0.11131571440938633,0.035793694190449386,0.04806240645073723,0.016226096778767064,-0.03269455800362337,0.09547372235376145,0.07520625932878826
623,0.05790043189516751,0.020841236177624917,-0.03163850228123829,-0.0883003365479709,-0.02486485722016533,-0.002487481497062186,-0.0027283911528191464,-0.09261339929158924,-0.09093940332212361,-0.08913022112479631,-0.014210233821178028,0.05595520268387419,0.017269539927308293,-0.035612895278368584,-0.05865601678933303,-0.06176180680248807,-0.11395230555630652,0.10191809335007525,0.23386517694246298,-0.01210618658436047,0.14168675613036044
624,0.043783032082419,0.03344474957879514,0.0029025417067542396,0.007221085628945011,0.009346032013199956,-0.014727339179581215,0.02043033461432674,0.006085282308852949,-0.013945795051438253,-0.027931969716044284,0.020422863599038738,0.0576371770949132,-0.026072889377660884,-0.12253989570409915,-0.03621649721069029,-0.0131336109081202,0.0506174831210367,-0.0031455015921875735,0.04556569985235456,0.020701877565899043,0.06392473766982591
625,-0.006790861538028222,0.011340083233779809,0.01853262344435327,0.010068724907123608,0.022683386114089713,0.016515814760306495,0.13498531885131013,0.12926506844514737,0.15170152090831238,0.08927835889575753,0.026650294369621963,0.05023086249500809,0.021330709658760057,-0.034785772257091875,0.10183186860558922,0.05790043189516751,0.020841236177624917,-0.03163850228123829,-0.0883003365479709,-0.03428038960930299,0.0900989218150235
626,0.02323773830564187,0.03947689379387463,0.009830092162553105,0.04298146736515457,0.022786336303898765,0.05090386806201433,0.020149016518727223,0.09243218492997904,0.059001729166159776,0.047856138232220576,-0.05981704299726137,0.02039034568448307,-0.055460249568366704,0.02770419661784631,0.07919758202395734,0.05214769454175549,-0.01255877680473109,0.06719771983644916,0.06516418858680059,0.0492758897269837,0.016811891915699914
627,0.02517833335626331,0.09044619152700702,0.05268977902213795,0.02176619879236522,-0.007656332504046889,0.0320296105725281,0.0748770995501764,0.028516291247346292,0.015487793012481365,-0.09096881126589298,-0.05048555245022713,-0.004089574664219004,0.0014569153378469603,0.004961207336632868,-0.15464392607940886,-0.07638695467008619,0.0062943424767758155,0.03251710760405471,-0.07682537110950548,-0.020352219706992098,0.006940060669718801
628,0.044647968058535034,0.026091687558453626,0.03341163695318257,0.0049317270532911505,0.007477942352647772,0.006612771198706547,-0.010420765207966178,0.021515981298733042,-0.019557917289949666,0.08426626796839362,0.031718220345082954,0.03971595674933848,-0.06267119191694225,-0.0777020536288688,-0.015065250731236896,0.002353141630354524,-0.013116505392364175,-0.014879420061233384,0.031133313490282106,0.007798985953508917,0.07819459062322921
629,-0.009200394809037693,0.004299657044073789,-0.01473198548039481,0.0033751049213474834,0.011213727722435705,0.013538887880741127,-0.009866661182637375,-0.029950006555454843,0.041625614727588994,0.03305770518251055,-0.017350051975098944,0.06370946940140053,-0.025506369445125927,0.10183186860558922,0.05790043189516751,0.020841236177624917,-0.03163850228123829,-0.026083883133891407,-0.03205603826024159,0.2526262616941449,0.05619929885881941
630,0.027031862256106813,0.053648497988271496,-0.019069577522530502,0.13508372572615165,0.05619929885881941,0.07379625291980775,0.15240257127716805,0.1680627641109319,0.0007639960399501508,0.03846181439477531,0.05090386806201433,0.020149016518727223,0.09243218492997904,0.059001729166159776,0.047856138232220576,-0.02592957193685902,0.0746436849787944,0.02841273061469006,0.047442303827898546,0.03449166948316232,0.008075881188370368
631,0.005168656270110838,0.01860029890708141,0.06669800285182495,0.033619419513257524,0.09660961896248449,0.03875830766692102,0.042671270030834596,-0.031419770986970096,0.1016350791241134,0.01252791852493433,0.05364691489810045,0.05974919523256175,-0.004820745568297918,0.05314037668756117,0.07310831228205482,0.05407329072383777,0.013963011136263486,-0.01443544461218946,-0.019067498641394894,0.01661130304753056,0.030664593091042983
632,0.00385394882475879,0.011794482259847793,-0.029950006555454843,0.041625614727588994,0.03305770518251055,-0.05167357601261248,-0.11268482126922406,0.014874046400746022,0.009961599505911202,0.0329867735043766,0.004729783438254615,0.021012075726165945,0.053974597623704164,0.1400620490374982,0.07715438445561038,0.2127050409126765,0.010556726679935019,0.07369538944811423,0.03904977210986973,0.015847352608689344,-0.01262927522922229
633,-0.025506369445125927,0.019082143207103875,-0.05519291734833666,0.041034435089818105,0.012210156230299331,-0.05196133780222694,0.0028742228637099495,0.07942804085490669,0.03591066926944299,-0.03904979439636809,-0.08752271000182854,0.021403949475942596,0.06692223099929095,0.005262864003230632,-0.04889617861396572,-0.056947025472608256,-0.08296368035457874,-0.12481355296141478,0.2341697026224454,0.11449748966614386,0.04721335484869471
634,0.09381664737022734,0.14083582185004723,0.09874539105052259,0.1980595960206749,-0.007250054133614382,0.05536150111826453,0.04405280732275557,-0.03381423652864563,0.05537910869697455,0.08490533966392713,0.02921620650682846,0.00644725239090928,-0.10003620956022498,-0.055412634380477395,0.013393092697523859,-5.8338600625194406e-05,-0.010248523690522197,-0.15567643467981396,-0.05578242451271492,-0.01369458621924376,-0.006766053924133821
635,-0.005346549189384994,0.08806943722472424,0.039865583625172084,-0.015285831653700205,0.002021835830374982,-0.0018427708801756102,-0.0033481605894797144,0.012649918105789538,0.003923268694962706,-0.013534918400980867,-0.026853141604926915,0.04509197743886771,0.031861365171198065,0.032629220124243574,0.004729783438254615,0.021012075726165945,0.053974597623704164,0.1400620490374982,0.07715438445561038,0.2127050409126765,0.010556726679935019
636,0.011789268251337469,-0.004737227059644066,-0.01766156035542441,-0.1425588762630393,-0.07335021298209492,0.030783248129296784,0.015523407838747783,-0.04025913310669332,0.027985131753974917,0.024649406615095838,0.02232662736483993,0.05618386114043311,0.02554805067516022,-0.011346396815389154,0.00966076592308283,-0.004896598863669388,0.001396149368181709,0.00385394882475879,-0.0035989485344935825,-0.008671695817373782,-0.017376977939665986
637,-0.008671695817373782,-0.017376977939665986,0.03797585285006797,0.034830188290305736,-0.0683707738427256,-0.1209672773677749,0.0023554476846316284,0.0281140192679024,0.029280853265727526,0.00342281220920832,0.01961569337155239,0.022379022550378512,-0.028890134044899925,0.037347660292486595,-0.020533393111316484,-0.012436708278717812,-0.027914669894337645,0.10498664055254922,0.022458901633128824,-0.007778741942306582,-0.03716115413325973
638,0.01685672166555747,-0.004679182112748411,0.030429494047507367,-0.00887580242302415,0.011878759963531013,-0.01970843724354158,-0.001764216062209568,-0.06529203476732443,0.10692926466615334,0.052818503065756854,0.01695484128659917,-0.037715375123555536,-0.05917818288180227,0.008367286199831514,0.07633428797990718,-0.04962330899281994,-0.05073514033788832,-0.081205586329834,-0.07649533509282554,0.004887389884845521,0.24334785007519066
639,0.1367068347800229,0.1311532579188743,0.11131571440938633,0.035793694190449386,0.04806240645073723,0.016226096778767064,0.0030165585016769564,-0.013293106975691601,-0.019886363012011198,0.027985131753974917,0.024649406615095838,0.02232662736483993,0.05618386114043311,0.008076058525610868,-0.014727339179581215,-0.004039978031197099,0.11368810681052183,0.031718220345082954,0.019955763335835056,0.020841236177624917,-0.03163850228123829
640,0.09381664737022734,0.14083582185004723,0.09874539105052259,0.1980595960206749,-0.019076841403153043,-0.06566738679306296,-0.020389869958670415,0.0017092297775827784,0.05977963840371972,-0.01375974830781866,-0.009995613412700156,-0.03833580052512118,0.07122724602773757,-0.04075534184360642,0.021201343578068018,0.023980413413286758,0.05090386806201433,0.020149016518727223,0.09243218492997904,0.059001729166159776,0.047856138232220576
641,-0.007339068801813674,0.032708833873126085,0.050713076916418395,0.02991114106029612,0.07775323221691115,0.04765874622774825,-0.0004640594308981007,0.06575677282832645,-0.014169577538660988,-0.017246124246697962,-0.021319727455457294,0.025455493242960484,-0.01650675505206109,-0.055864338930818894,0.0028742228637099495,0.08793487438943196,0.004729783438254615,0.021012075726165945,0.053974597623704164,0.1400620490374982,0.07715438445561038
642,0.04167222769359799,0.025144494961714538,-0.03647529900603461,0.09314832120171126,0.04534673509136778,0.008125885190452386,0.005839169704932225,0.000596609706238854,-0.003198480817079996,0.014195496796341411,0.005132317567122862,-0.016846829757837384,-0.02094376794236849,0.016623583208750233,0.09044619152700702,0.05268977902213795,-0.029095305491655746,0.22798934083862815,0.16445608965141556,0.025929747822988528,0.036219566792590606
643,-0.08974303515891574,0.017527314762775668,0.041444893026027614,0.05023086249500809,0.021330709658760057,-0.034785772257091875,0.10183186860558922,0.05790043189516751,0.020841236177624917,-0.03163850228123829,-0.0883003365479709,-0.023065658519427146,0.04248151104216597,-0.02927708533922444,-0.05873782374826621,0.001374842288426062,0.016131477872899806,0.04083681163566783,-0.008660317960369103,-0.02810689182065751,0.02334834607514963
644,0.08622357462744075,0.055909746701747885,0.037811335473967846,-0.026074719040020927,0.0927671693931366,0.010791209501792631,0.06260025505551696,0.05214769454175549,-0.01255877680473109,0.06719771983644916,0.06516418858680059,-0.09128362614547189,-0.09492778842213713,0.014249098444838066,0.028343350896880053,0.030403777928640862,0.019290237091062958,0.00022826238394464397,0.07698443952173475,0.15261343281996542,0.09511245755734427
645,0.06439905428187961,0.0056576863216305185,-0.010248523690522197,-0.15567643467981396,-0.05578242451271492,0.0027414211450370565,0.02686695380343672,-0.04938033602649569,-0.05363190357020424,0.06438663738759,0.022578594132397916,0.09140733834896966,0.044948861138336606,0.050512162209031305,-0.03250538305928146,0.01639230386462114,-0.06110037982224164,0.07946234483177844,0.04684663102592058,0.0061949975367046,-0.019068281816173573
646,0.02765786528493706,0.024600949002244726,0.003387299348614436,-0.020431440671730198,0.01998665997633142,-0.031082690526254893,0.002430625486315612,0.07570685403943211,0.013127471629898833,0.043498732633943174,0.006171945495862345,0.0313435380150615,0.0008055088843547145,-0.09759111685654832,-0.10090048097460565,-0.049769954245097114,0.05369791876574997,-0.014347829529096627,-0.062258592534061,-0.011200022754991325,0.017044371176663856
647,0.013538887880741127,-0.009866661182637375,-0.029950006555454843,0.041625614727588994,0.03305770518251055,-0.045628209002634,-0.13008317716932508,-0.023728592557452504,0.040829540244036434,0.01853262344435327,0.010068724907123608,0.022683386114089713,0.016515814760306495,0.1107080229842198,0.12367975797769766,0.16899550807497488,0.0541475394369856,0.07369538944811423,0.03904977210986973,-0.011464881187880091,0.004842037492388549
648,0.048659151818756505,0.12790301675578866,0.11004866409985843,0.1786296003926594,0.057001927295215075,0.025957653285422967,0.05001174939898606,0.002021835830374982,-0.0018427708801756102,-0.0033481605894797144,0.012649918105789538,0.006589858832237072,-0.01475725902830638,-0.02942832466642877,0.03660958204538981,0.04647911062049513,-0.04572308988216685,-0.13068905238419817,-0.027128337150302294,0.017439536052967712,0.03651849782299039
649,-0.014982093628872283,-0.015130296811596812,0.009028741917982133,0.00905254769067368,0.01577757943279184,0.017210955642604907,-0.013148571141253456,-0.03327052651534079,0.011627892312744888,0.02709928010278606,0.055970802408372225,-0.03677184575890198,-0.1218280230092854,-0.038618769215352976,0.0017344377427880998,0.0383700697461459,-0.004229448637686191,0.04426037679894457,0.015024797213813964,0.08978943009235238,0.18811433798098445
650,-0.059344447409009064,-0.0976602067509475,-0.0557556817700381,-0.03205603826024159,0.2526262616941449,0.05619929885881941,0.07379625291980775,0.15240257127716805,0.1680627641109319,0.0007639960399501508,0.03846181439477531,0.05090386806201433,0.020149016518727223,0.06516418858680059,0.0492758897269837,0.016811891915699914,-0.015806339504420387,-0.022624027600938547,0.021486469795082428,-0.07923754910736788,0.15987693047970591
651,0.023963976708823272,0.05674287905853458,0.04682409768225949,0.02423140145385302,0.014796192932722805,0.0823473341015913,0.05731174544484317,0.028748656926538833,-0.006766053924133821,-0.013687465687720385,-0.014879420061233384,0.031133313490282106,0.007798985953508917,0.07819459062322921,0.044448562392878324,-0.006790861538028222,0.009433281355915271,0.01712104511859956,0.004729783438254615,0.021012075726165945,0.053974597623704164
652,0.01219014238418171,0.016357579018128617,-0.010608455408300795,-0.010202013685965725,-0.0007087971577727721,0.022085450955740847,0.017210955642604907,-0.013148571141253456,-0.03327052651534079,0.06429908627928047,0.06959588102455792,-0.009936918659731264,0.029728891762537946,0.04405507131998533,0.036452961892731166,0.063505960378669,0.039632328378430816,-0.0027070038742869756,0.07406778941808727,0.05182666214494851,0.058840435390986504
653,0.011611238192971548,0.23950488532678857,0.04837086616455555,0.1043825189063411,0.1442516967700536,0.12849048001054955,0.023041016043907337,0.059001729166159776,0.047856138232220576,-0.02592957193685902,0.0746436849787944,0.02841273061469006,0.047442303827898546,0.0685423723087051,-0.00311542308986455,0.02744969203863194,0.10401486493516268,0.03510483726889428,0.0183397684187012,-0.0032982567368964053,-0.03826419835710366
654,-0.02177030502227734,0.22666738584077392,0.16025330892228135,0.029606206151133886,0.036063760027324546,0.027953507033170056,0.04594981860169079,0.06319230671727441,0.07424945199336273,0.0540311695998272,-0.00521909168479309,0.05102624206575158,0.020933622671211866,0.04590908523343384,0.05961348252391238,0.031214668156433666,0.002996970439633211,0.07365042419861502,0.05846382627014092,0.06370946940140053,-0.025506369445125927
655,0.17268423074310996,0.09682711124749349,0.02679779099817386,-0.0074318819833296195,0.055383400241375814,0.05517479340364767,0.08078541694248285,0.06554334326021176,0.015232563943364053,-0.00011492672750969557,0.06786289075018366,0.019644900767271215,0.061907521205541424,0.04354140256395621,-0.0011521168442352808,0.06996550155243682,0.0634970250320656,0.04812106459312323,0.017461980216704025,-0.027010873579979045,-0.0027255892716317857
656,0.06679229388045187,0.03227390694017979,-0.0162359438464235,-0.09028939417877037,-0.002782893872620861,0.07608944778980152,-0.0005898371524523021,-0.0489350186692615,-0.06482928669907931,-0.08472219196931578,-0.10825506337615295,0.263310632907053,0.11011995149387833,0.03595651255263394,0.1784795106950509,0.17095955027704018,-0.011320186630305316,0.05327822497532394,0.0462263520970877,0.02728045160063736,0.03594203140588445
657,0.04374364856840268,-0.01970843724354158,-0.001764216062209568,-0.04082417091509608,-0.020846727225749255,0.10256063737013693,0.011702624363025375,0.0417510739700792,-3.963623685946036e-05,0.030429494047507367,-0.00887580242302415,0.011878759963531013,-0.01970843724354158,-0.001764216062209568,-0.06529203476732443,0.10692926466615334,0.052818503065756854,0.01695484128659917,-0.037715375123555536,-0.05917818288180227,0.008367286199831514
658,0.008080301731063687,0.06736312926851827,0.06484997864763854,0.05543686808800729,-0.02775432483880939,0.0035007798920464336,-0.030645721609290747,0.027910536194669523,0.01970623765645272,0.06570940764382426,0.04614115426521307,-0.005814780866760401,0.008527595105345247,-0.010202013685965725,-0.0007087971577727721,0.01219014238418171,0.016357579018128617,0.026785376166854058,-0.0173456788167319,0.1177071425776653,0.15728314174886657
659,-0.05048555245022713,-0.004089574664219004,0.0014569153378469603,0.004961207336632868,-0.15464392607940886,-0.07638695467008619,0.0062943424767758155,0.03251710760405471,-0.07682537110950548,-0.020352219706992098,0.006940060669718801,0.033791252003787804,0.009119805272276776,0.008977307504258474,-0.02549187566543074,0.03916741147349725,-0.030720136272704167,-0.007930492469347556,0.08135867933125521,0.016237304618384896,0.03276785207007106
660,0.06044932323785948,0.020655242408598253,-0.03351656156817025,0.061073824379587346,0.012275326094953992,0.10652074418392923,0.15471591201636187,0.1195536119516561,0.16077321134488992,0.0059681337722265965,0.04167222769359799,0.025144494961714538,-0.03647529900603461,0.09314832120171126,0.0720908090417364,-0.001832860749488936,-0.008054504811190783,-0.09009055783775237,-0.04822456859237323,0.011789268251337469,-0.004737227059644066
661,0.03162058340306293,-0.031242931752715704,-0.04904310773206642,-0.10338315238127574,-0.05509488366834008,0.011611238192971548,0.23950488532678857,0.04837086616455555,0.1043825189063411,0.1442516967700536,0.12849048001054955,0.020712984020955096,0.005437065094973533,0.05017535607181645,0.04979001272479147,0.08622357462744075,0.05089158680008266,0.0540311695998272,-0.00521909168479309,0.05102624206575158,0.020933622671211866
662,0.07570685403943211,0.013127471629898833,0.043498732633943174,0.006171945495862345,0.0313435380150615,-0.012788132184603986,0.023597433850476822,-0.022856495367242196,-0.004517566543534055,-0.07031992292326242,0.12512951565687028,0.04630595254479673,0.0033421825569468046,-0.04227611970469211,-0.050498900630185264,0.010783273399662228,0.01510420842875208,0.040829540244036434,0.01853262344435327,0.010068724907123608,0.022683386114089713
663,0.23386517694246298,-0.01210618658436047,0.14168675613036044,-0.005346549189384994,0.08806943722472424,0.039865583625172084,-0.015285831653700205,0.002021835830374982,-0.0018427708801756102,-0.0033481605894797144,0.012649918105789538,0.003923268694962706,-0.013534918400980867,-0.026853141604926915,0.04509197743886771,0.031861365171198065,-0.060927950869310125,-0.13787805025683347,-0.0020105680194356466,0.04248574632216505,0.02403911798411785
664,-0.06031508786027079,0.023299838938816996,0.00966076592308283,-0.004896598863669388,0.001396149368181709,0.00385394882475879,-0.0035989485344935825,-0.0045628924058577726,0.02709928010278606,0.055970802408372225,-0.03677184575890198,-0.1218280230092854,-0.038618769215352976,0.0017344377427880998,0.0383700697461459,-0.004229448637686191,0.04426037679894457,0.015024797213813964,0.08978943009235238,0.18811433798098445,0.09021814789768995
665,0.020127943408622548,0.0528040198596846,0.06414806547249353,0.010441241355893008,0.0246433542126176,0.08014730302853963,0.0551352858496667,0.020204766968143936,0.006982664079105983,-0.020490841137627124,-0.011513472180371801,0.03614906441302523,0.005747103245119043,0.07395787540543002,0.0029325648652143168,0.03651849782299039,-0.01713394966401948,0.061073824379587346,0.012275326094953992,0.10652074418392923,0.15471591201636187
666,0.03790628799489715,0.022684370018144242,-0.013293106975691601,-0.019886363012011198,0.027985131753974917,0.024649406615095838,0.02232662736483993,0.05618386114043311,0.02554805067516022,-0.011346396815389154,0.00966076592308283,0.006065514053193284,0.019600514325103572,-0.033892685813506865,0.11368810681052183,0.031718220345082954,0.03971595674933848,-0.06267119191694225,-0.0777020536288688,-0.015065250731236896,0.002353141630354524
667,-0.008671695817373782,-0.017376977939665986,0.03797585285006797,0.034830188290305736,-0.0683707738427256,-0.1209672773677749,0.0023554476846316284,0.0281140192679024,0.043422856838426165,0.005521986037352872,0.09381664737022734,0.14083582185004723,0.09874539105052259,0.1980595960206749,-0.007250054133614382,0.05536150111826453,0.028713106561772124,-0.060927950869310125,-0.13787805025683347,-0.0020105680194356466,0.04248574632216505
668,0.024648367639700457,0.03451567945184562,-0.01021194743165507,-0.033074350021090174,0.04800823393719242,-0.02996308879641303,0.03401929021527833,0.00851847444375363,0.021435570978467603,0.015126061979743104,-0.02792503850162619,0.004381774557754737,0.01639230386462114,-0.06110037982224164,0.07946234483177844,0.04684663102592058,0.0061949975367046,-0.019068281816173573,-0.0713840292511914,0.0028870675659669913,0.0946013051011754
669,0.06044932323785948,0.020655242408598253,-0.03567382466677644,-0.01046043074501207,0.028225122466648295,0.044647968058535034,0.026091687558453626,0.03341163695318257,0.032883772015831446,0.010764415351345306,0.013427251399639835,0.05878796760083395,0.1442680668719345,0.09036745043547073,0.20817411967213192,0.009591104411358879,0.05631413212158116,0.042268457879275786,0.005827663009140014,0.020169020825399984,0.07150946280620203
670,0.029078939581978474,-0.007751801934191275,0.00435558155294859,-0.018978511458347606,-0.15049273384696898,-0.06866403183244768,0.015151760354786346,0.02923423138402624,-0.08370626856186839,-0.0014347097716089039,-0.0162462464960763,0.06081204173790412,0.0012446836373436378,-0.007829901167596347,-0.02712704838623795,0.05550996276826985,-0.042678964071087205,0.023634010206012964,0.07067891964497917,0.015240547515204036,0.027084564191957573
671,-0.07213654081998544,-0.07649533509282554,0.004887389884845521,0.24334785007519066,0.03483200682607578,0.09687186759712554,0.15927582686149339,0.13331833453538028,0.005168656270110838,0.01860029890708141,0.06669800285182495,0.033619419513257524,0.09660961896248449,0.03875830766692102,0.042671270030834596,-0.031419770986970096,0.1016350791241134,0.01252791852493433,0.05364691489810045,0.07610980910149004,0.051181243700812666
672,-0.09889894590370596,-0.07716690882936779,0.05481731158778569,-0.005529137560678465,-0.06566738679306296,-0.020389869958670415,0.0017092297775827784,0.05977963840371972,-0.01375974830781866,-0.009995613412700156,-0.03833580052512118,0.10401486493516268,0.03510483726889428,0.0183397684187012,-0.0032982567368964053,-0.03826419835710366,0.031453163421733106,0.021294956482008322,-0.005346549189384994,0.08806943722472424,0.039865583625172084
673,-0.028919930259445434,0.04248151104216597,-0.02927708533922444,-0.05873782374826621,0.001374842288426062,0.016131477872899806,0.05220418218962125,0.10652074418392923,0.15471591201636187,0.1195536119516561,0.16077321134488992,0.0059681337722265965,0.04167222769359799,0.025144494961714538,-0.03647529900603461,0.09314832120171126,0.0720908090417364,-0.001832860749488936,-0.008054504811190783,-0.09009055783775237,-0.04822456859237323
674,0.08014730302853963,0.0551352858496667,0.020204766968143936,0.006982664079105983,-0.020490841137627124,0.02531405038829656,0.02232662736483993,0.05618386114043311,0.02554805067516022,-0.011346396815389154,0.00966076592308283,-0.004896598863669388,0.001396149368181709,0.00385394882475879,-0.0035989485344935825,-0.03647529900603461,0.09314832120171126,0.0720908090417364,-0.001832860749488936,-0.008054504811190783,-0.09009055783775237
675,-0.02996308879641303,-0.020846727225749255,0.10256063737013693,0.011702624363025375,0.0417510739700792,-3.963623685946036e-05,0.030429494047507367,-0.00887580242302415,0.011878759963531013,-0.01970843724354158,-0.001764216062209568,-0.06529203476732443,0.10692926466615334,0.052818503065756854,0.01695484128659917,-0.037715375123555536,-0.05917818288180227,0.008367286199831514,0.07633428797990718,-0.04962330899281994,-0.05073514033788832
676,0.02734539182641244,0.032177038443231165,0.017355998364001222,0.004345290344611144,0.001665061697892903,-0.007154718189339423,0.02090016898043685,-0.004093450140098699,-0.014982093628872283,-0.015130296811596812,0.009028741917982133,0.02870977967473705,0.022755690182547236,-0.08633037716556878,-0.0929254930148846,0.009416902762785275,0.010180296726133154,0.032883772015831446,0.010764415351345306,0.013427251399639835,0.05878796760083395
677,-0.0162359438464235,-0.05566511390848779,0.0027414211450370565,0.025628320800981142,-0.08823696391282364,-0.04514699883527811,0.008367286199831514,0.07633428797990718,-0.04962330899281994,-0.05073514033788832,0.006564838954474526,0.04154225173810074,0.09383711851250763,0.023967471963052024,-0.017420439501306575,0.03930624981704534,-0.10244519393732462,-0.10090048097460565,-0.049769954245097114,0.05369791876574997,-0.014347829529096627
678,-0.08588848725511113,0.027031862256106813,0.053648497988271496,-0.019069577522530502,-0.059344447409009064,-0.0976602067509475,-0.0557556817700381,-0.03205603826024159,0.2526262616941449,0.05619929885881941,0.07379625291980775,0.15240257127716805,0.1680627641109319,0.09298261527833171,0.1442516967700536,0.12849048001054955,0.020712984020955096,0.005437065094973533,0.05017535607181645,0.04979001272479147,0.08622357462744075
679,0.001665061697892903,-0.007154718189339423,0.02090016898043685,-0.004093450140098699,-0.014982093628872283,-0.015130296811596812,0.009028741917982133,0.02870977967473705,0.022755690182547236,-0.08633037716556878,-0.075710742381057,0.0017344377427880998,0.0383700697461459,-0.004229448637686191,0.04426037679894457,0.015024797213813964,0.08978943009235238,0.1345801753599306,0.15471591201636187,0.1195536119516561,0.16077321134488992
680,-0.0683707738427256,-0.1209672773677749,0.0023554476846316284,0.0281140192679024,0.029280853265727526,0.00342281220920832,0.01961569337155239,0.048659151818756505,0.12790301675578866,0.11004866409985843,0.0756512675546172,0.20817411967213192,0.009591104411358879,0.05631413212158116,0.042268457879275786,0.005827663009140014,0.020169020825399984,0.07150946280620203,0.04824130298852722,0.016537414449602463,-0.09083556275906199
681,0.04248574632216505,0.02403911798411785,-0.0006670782883442124,0.03209308509343252,0.032037542390131735,0.13328823247215815,0.10421237703207416,0.19922908069490475,0.08927835889575753,0.026650294369621963,0.05023086249500809,0.021330709658760057,-0.034785772257091875,0.10183186860558922,0.05790043189516751,0.020841236177624917,-0.03163850228123829,-0.0883003365479709,-0.02486485722016533,-0.002487481497062186,-0.0027283911528191464
682,0.001374842288426062,0.016131477872899806,0.04083681163566783,-0.008660317960369103,-0.02810689182065751,0.02334834607514963,-0.0063949693526819855,-0.02155405246506647,0.07772641030097946,0.031176078979686366,0.03779158738155633,0.00851847444375363,0.021435570978467603,0.015126061979743104,-0.02792503850162619,0.004381774557754737,0.01639230386462114,-0.06110037982224164,0.07946234483177844,0.04684663102592058,0.0061949975367046
683,-0.15957931500483433,0.00963737490581092,0.044233642604987015,0.24223348615295345,0.011503904041554106,0.11178376376371055,0.23686636505316352,0.05075880985350582,0.02759643671691845,-0.005297334717018741,0.054950776773823706,0.06351461633079457,0.06771129635265376,0.07331847075741482,0.02589744231652896,0.031711869931220056,0.015325103577544191,0.02367804367127799,0.019082143207103875,-0.05519291734833666,0.041034435089818105
684,0.02734539182641244,0.032177038443231165,0.017355998364001222,0.004345290344611144,0.001665061697892903,-0.007154718189339423,0.02090016898043685,-0.014926364996601384,0.005747103245119043,0.07395787540543002,0.042413614625101466,-0.009200394809037693,0.004299657044073789,-0.01473198548039481,0.0033751049213474834,0.011213727722435705,0.013538887880741127,-0.009866661182637375,-0.029950006555454843,0.041625614727588994,0.03305770518251055
685,0.22798934083862815,0.16445608965141556,0.025929747822988528,0.036219566792590606,0.03942978255274464,0.03223561708346208,0.0562120907260079,0.08487372572927601,0.05356779014822743,-0.015332311026208764,0.05668850738506953,0.024910970380971356,0.04444616506221233,0.05750007864095875,0.029486966374752895,0.008080301731063687,0.06736312926851827,0.06484997864763854,0.05543686808800729,-0.02775432483880939,0.0035007798920464336
686,0.05314037668756117,0.07310831228205482,0.05407329072383777,0.013963011136263486,-0.01443544461218946,-0.019067498641394894,0.01661130304753056,0.030664593091042983,0.045526761041284745,0.021049862769594634,0.026352301379043326,0.0012990776355567737,0.007170867643536217,-0.011679526504085241,0.007461879601311705,0.0031790701162829277,-0.004489316240323887,-0.008127589068975276,-0.00505393398592306,0.07906795953141244,0.011702624363025375
687,0.006612771198706547,-0.010420765207966178,0.021515981298733042,0.007974038851990953,-0.017751195343342213,-0.020869068846696422,0.016721652182922028,0.03808185594297404,-0.00496676521662024,-0.11399169447086158,-0.051075149006804765,-0.0021335904868741654,0.0331153666186435,0.008772262157337138,0.03948925873048987,0.005521986037352872,0.09381664737022734,0.14083582185004723,0.09874539105052259,0.056247277341599226,0.06438082393718424
688,-0.01046043074501207,0.028225122466648295,0.044647968058535034,-0.016796836326135694,0.0033421825569468046,-0.04227611970469211,-0.050498900630185264,0.010783273399662228,0.04645933327868312,-0.031242931752715704,-0.04904310773206642,-0.10338315238127574,-0.05509488366834008,0.011611238192971548,0.23950488532678857,0.04837086616455555,0.1043825189063411,0.1442516967700536,0.12849048001054955,-0.028041405606494242,-0.020352219706992098
689,-0.011188332158927672,0.02420862082602183,0.00905867310573017,0.03808185594297404,-0.00496676521662024,-0.11399169447086158,-0.051075149006804765,-0.0021335904868741654,0.0331153666186435,0.008772262157337138,0.03948925873048987,0.005521986037352872,0.09381664737022734,0.14083582185004723,0.09874539105052259,0.1980595960206749,-0.007250054133614382,0.05536150111826453,0.04405280732275557,-0.03381423652864563,0.05537910869697455
690,-0.016846829757837384,-0.013870210011746403,0.009028741917982133,0.02870977967473705,0.022755690182547236,-0.08633037716556878,-0.0929254930148846,0.009416902762785275,0.010180296726133154,0.032883772015831446,0.010764415351345306,0.013427251399639835,0.05878796760083395,0.1442680668719345,0.09036745043547073,0.20817411967213192,0.009591104411358879,0.05631413212158116,0.042268457879275786,0.005827663009140014,0.020169020825399984
691,0.11178376376371055,0.23686636505316352,0.013127471629898833,0.043498732633943174,0.006171945495862345,0.0313435380150615,-0.012788132184603986,0.023597433850476822,-0.022856495367242196,-0.004517566543534055,-0.07031992292326242,0.09133646430908503,0.014249098444838066,-0.007535955920726345,0.22798934083862815,0.16127064612723457,0.061907521205541424,0.04354140256395621,-0.0011521168442352808,0.06996550155243682,0.0634970250320656
692,0.033619419513257524,0.09660961896248449,0.03875830766692102,0.042671270030834596,-0.031419770986970096,0.1016350791241134,0.01252791852493433,0.05364691489810045,0.05974919523256175,-0.004820745568297918,0.05314037668756117,0.07310831228205482,0.05407329072383777,0.013963011136263486,-0.01443544461218946,-0.019067498641394894,0.03948925873048987,0.0013140024457414955,0.13679031692311297,0.12367975797769766,0.16899550807497488
693,-0.022181734731348293,0.03302551187024177,-0.050342691995622746,0.015240443207146707,0.05649429316671417,0.022833190338024337,0.05933443413639943,-0.014683768648714483,0.06623824382816598,-0.0035657031842441177,-0.0040099439253633,-0.04624443418091701,0.07546919914540791,-0.052644045068644486,0.057391731731546526,0.04265630603855725,0.022807142819862326,0.02439044517374037,0.017073106277451525,0.020907862155915197,-0.028446372447748804
694,-0.07821917475426834,-0.026852133123197418,0.0030069818919605347,-0.0021785246224466574,-0.10399664984710869,-0.07081902255839753,0.044233642604987015,0.24223348615295345,0.011503904041554106,0.11178376376371055,0.23686636505316352,0.05075880985350582,-0.030681168503761874,0.024820507352673524,0.05454457330743639,0.02157137338810507,0.0230773999402624,0.007822680867767927,0.03141904600384711,-0.014865073275704896,0.037043997380734404
695,-0.001764216062209568,-0.06529203476732443,0.11974114896517263,0.044448562392878324,-0.006790861538028222,0.009433281355915271,-0.014600470371364999,-0.005535919993249112,0.01577757943279184,0.017210955642604907,-0.013148571141253456,-0.03327052651534079,0.033919103148152926,0.04751357520136966,-0.045693205856184464,-0.12218888144058664,-0.03311736690928855,0.029156456970374847,0.020315402513363848,0.006287851614069399,0.029239223785477764
696,0.09687186759712554,0.15927582686149339,0.13331833453538028,0.005168656270110838,0.01860029890708141,0.06669800285182495,0.033619419513257524,0.09660961896248449,0.03875830766692102,-0.019310269322563665,0.03932209891431478,0.050512162209031305,-0.029910882190410843,0.09395215948939031,0.024905751099002196,0.030816694571204024,0.012275326094953992,0.10652074418392923,0.01914421204138054,0.016288290926872614,0.1315825200212921
697,0.02991114106029612,0.07775323221691115,0.032987146810026395,0.043783032082419,0.03344474957879514,0.0029025417067542396,0.007221085628945011,0.009346032013199956,-0.014727339179581215,0.02043033461432674,0.006085282308852949,-0.013945795051438253,-0.027931969716044284,0.020422863599038738,0.0576371770949132,-0.026072889377660884,-0.12253989570409915,-0.03621649721069029,0.023594911139280843,0.010764415351345306,0.013427251399639835
698,0.01041279437881343,0.046225217964285595,-0.0034178765959546687,-0.02871232318376256,-0.016800826856763127,0.019385155276800098,-0.0028759325671209564,0.07791135487191457,0.02344835378555335,0.029657446232651936,0.010578799310315386,0.029152458653708312,0.01081979999768568,-0.02994043999248146,0.00732898516381754,0.02039034568448307,-0.055460249568366704,0.02770419661784631,0.08287636971891303,0.009333812953931188,-0.016832619674398547
699,0.04354177115681113,0.015325103577544191,0.02367804367127799,0.019082143207103875,-0.05519291734833666,0.041034435089818105,0.012210156230299331,-0.05196133780222694,0.0028742228637099495,0.07942804085490669,0.03591066926944299,-0.03904979439636809,-0.08752271000182854,-0.007876785765737585,-0.03205603826024159,0.2526262616941449,0.05619929885881941,0.07379625291980775,0.15240257127716805,0.1680627641109319,0.0007639960399501508
700,0.08570673383282468,0.009428846587031999,0.02435138468706542,0.02604189038723279,0.019549987029530605,0.023175625805814403,-0.03553245916052851,0.02849595128758009,0.006364926000034128,0.020149016518727223,-0.009749660996374991,0.0900989218150235,0.04022077283856794,-0.0173456788167319,0.006702524739548357,-0.007547991372525836,-0.004042477083777581,0.020435228983264355,0.006297766455834597,-0.01669743734389148,-0.0253224956421449
701,0.009433281355915271,-0.014600470371364999,-0.005535919993249112,0.01577757943279184,0.017210955642604907,-0.013148571141253456,-0.03327052651534079,0.033919103148152926,0.04751357520136966,-0.045693205856184464,-0.12218888144058664,-0.03311736690928855,0.029156456970374847,0.020315402513363848,0.006287851614069399,0.029239223785477764,0.016288290926872614,0.1315825200212921,0.1367068347800229,0.1311532579188743,0.11131571440938633
702,0.05214769454175549,-0.01255877680473109,0.06719771983644916,0.06516418858680059,0.0492758897269837,0.016811891915699914,-0.015806339504420387,-0.022624027600938547,0.021486469795082428,0.047198711375346154,0.02734539182641244,0.032177038443231165,0.017355998364001222,0.004345290344611144,0.001665061697892903,-0.007154718189339423,0.02090016898043685,-0.004093450140098699,-0.014982093628872283,-0.015130296811596812,0.026024965942406712
703,0.05364691489810045,0.05974919523256175,-0.004820745568297918,0.05314037668756117,0.07310831228205482,0.05407329072383777,0.013963011136263486,-0.01443544461218946,-0.019067498641394894,0.01661130304753056,0.030664593091042983,0.045526761041284745,0.021049862769594634,0.026352301379043326,0.0012990776355567737,0.007170867643536217,-0.011679526504085241,0.007461879601311705,0.0031790701162829277,-0.03228726895062204,-0.12218888144058664
704,0.020204766968143936,0.006053078596346339,-0.00496676521662024,-0.11399169447086158,-0.051075149006804765,-0.0021335904868741654,0.026751239044808726,0.0339515426218907,-0.0162462464960763,0.06081204173790412,0.0012446836373436378,-0.007829901167596347,-0.02712704838623795,0.05550996276826985,-0.042678964071087205,0.023634010206012964,0.07067891964497917,0.015240547515204036,0.027084564191957573,0.008075881188370368,0.02740464613057831
705,-0.009936918659731264,0.029728891762537946,0.08145330219970652,0.0540311695998272,0.0004536923303857687,-0.0010058767142069683,-0.027893117321920374,0.02639861893020655,0.029078939581978474,0.06331349843036885,0.03112869326451413,0.0019359245923828542,0.007020421424277806,0.00043711952401027877,-0.006680494674934709,0.014945083156067693,0.005167882429577925,-0.006905108733557086,-0.029534921581718058,0.02709928010278606,0.055970802408372225
706,-0.04056938058421847,-0.005637525045480252,-0.025838511639785726,0.11886890957762948,0.005320447429078421,-0.011443240120825341,-0.06504903210521822,-0.011188332158927672,0.02420862082602183,0.028737402589274815,-0.033475418142976346,-0.05616080316826022,-0.15957931500483433,0.00963737490581092,0.044233642604987015,0.24223348615295345,0.011503904041554106,0.11178376376371055,0.23686636505316352,0.05075880985350582,0.02759643671691845
707,-0.0253224956421449,0.04237123697766942,0.034037086276389676,-0.049407531129056194,-0.1434132833015306,-0.009326092852967406,0.030482315310236707,0.061882600178863205,0.03904977210986973,0.015847352608689344,-0.01262927522922229,0.09265456436381819,0.0452438535946445,0.02231189793737722,-0.08581948839162631,-0.06508105366372605,-0.0014427468015152075,-0.004922972172201207,-0.0002762711550266936,0.0007042684723526474,-0.03567382466677644
708,0.01661130304753056,0.030664593091042983,0.045526761041284745,0.021049862769594634,0.026352301379043326,0.0012990776355567737,0.007170867643536217,-0.011679526504085241,0.007461879601311705,0.015943000640623088,-0.013945795051438253,-0.027931969716044284,0.020422863599038738,0.08045184001249717,0.012204001535472821,0.043707444721036194,0.008125885190452386,0.005839169704932225,0.000596609706238854,-0.003198480817079996,0.01154637723006947
709,-0.08258793842706147,-0.014210233821178028,0.05595520268387419,0.017269539927308293,-0.035612895278368584,-0.05865601678933303,-0.06176180680248807,-0.11395230555630652,0.10191809335007525,0.23386517694246298,-0.01210618658436047,0.14168675613036044,0.22283684317037525,0.02323773830564187,0.03947689379387463,0.009830092162553105,0.04298146736515457,0.07502408584230007,0.06667213500753454,0.06959588102455792,-0.009936918659731264
710,0.07570685403943211,0.013127471629898833,0.043498732633943174,0.006171945495862345,0.06402477178842916,0.02699928247404044,0.05454706420919959,0.08976295191255872,0.029065027655652782,0.05607678211970807,0.020127943408622548,0.0528040198596846,0.06414806547249353,0.010441241355893008,0.0246433542126176,0.08014730302853963,0.0551352858496667,0.020204766968143936,0.006982664079105983,-0.020490841137627124,-0.011513472180371801
711,0.03195651403544279,0.032987146810026395,-0.013192898604134144,0.028343350896880053,0.030403777928640862,0.0003605426214060794,0.0036869431656632486,-0.014865073275704896,-0.00922891017048371,-0.039406788034806274,0.06748800444979743,-0.04850554726351195,0.026955011035204188,0.06436676991295626,0.02303278315861766,0.023504173591286825,0.014790474462585109,-0.02558449611311029,-0.1218280230092854,-0.038618769215352976,0.0017344377427880998
712,-0.019069577522530502,-0.059344447409009064,-0.0976602067509475,-0.0557556817700381,-0.03205603826024159,0.2526262616941449,0.05619929885881941,0.07379625291980775,0.15240257127716805,0.1680627641109319,0.0007639960399501508,0.03846181439477531,0.05090386806201433,0.020149016518727223,0.09243218492997904,0.059001729166159776,0.047856138232220576,-0.02592957193685902,0.0746436849787944,0.17095955027704018,-0.011320186630305316
713,-0.03833580052512118,0.07009305413060837,0.006364926000034128,-0.04579112302167692,-0.01582101293001888,0.05764210194520755,0.0704862757948348,-0.04677990554653519,-0.06866753903744134,0.010675079839919726,0.04982300929955519,0.021457461599548977,-0.05439192569851582,-0.03603910562800098,-0.05685112987281479,-0.1431778791867063,0.15155688308086152,0.1585077643839471,0.046004160625338054,0.1786110197944668,0.18605162301684083
714,0.025628320800981142,-0.07221742923040587,-0.020352219706992098,0.006940060669718801,0.033791252003787804,0.009119805272276776,0.008977307504258474,-0.02549187566543074,0.03916741147349725,-0.030720136272704167,-0.007930492469347556,0.07270066127348021,0.03942978255274464,0.03223561708346208,0.0562120907260079,0.08487372572927601,0.05356779014822743,-0.015332311026208764,0.05668850738506953,0.024910970380971356,0.04444616506221233
715,0.05878796760083395,0.1442680668719345,0.08742134485205909,0.1980595960206749,-0.007250054133614382,0.05536150111826453,0.04405280732275557,-0.03381423652864563,0.05537910869697455,0.08490533966392713,0.02921620650682846,0.00644725239090928,-0.10003620956022498,-0.055412634380477395,0.013393092697523859,-0.003646779678126482,0.030429494047507367,-0.00887580242302415,0.011878759963531013,-0.01970843724354158,-0.001764216062209568
716,-0.0014427468015152075,-0.004922972172201207,-0.0002762711550266936,-0.1449848810164573,-0.07282663330833591,-0.011106035712797547,0.04490965294620502,-0.04938033602649569,-0.05318883424782888,0.008718766633751039,0.024648367639700457,0.03451567945184562,-0.01021194743165507,-0.033074350021090174,0.06798239750935908,0.05075880985350582,0.02759643671691845,-0.005297334717018741,0.054950776773823706,0.06351461633079457,0.06771129635265376
717,-0.007930492469347556,0.08135867933125521,0.016237304618384896,0.03276785207007106,0.005616486133727918,0.031990468729583256,-0.028890134044899925,0.037347660292486595,-0.020533393111316484,-0.012436708278717812,-0.027914669894337645,0.10498664055254922,0.022458901633128824,-0.007778741942306582,-0.03716115413325973,-0.034936127697749966,0.008499036672793286,0.06291194674376928,-0.02177030502227734,0.22666738584077392,0.16025330892228135
718,0.01974060520282703,0.00435558155294859,-0.018978511458347606,-0.15049273384696898,-0.06866403183244768,0.015151760354786346,0.02923423138402624,-0.08370626856186839,-0.0014347097716089039,-0.0162462464960763,0.06081204173790412,0.0012446836373436378,-0.007829901167596347,-0.02712704838623795,0.05550996276826985,-0.042678964071087205,0.023634010206012964,0.07067891964497917,0.015240547515204036,0.027084564191957573,0.008075881188370368
719,0.1315825200212921,0.1367068347800229,0.1311532579188743,0.11131571440938633,0.06980453018947258,0.11011995149387833,0.03595651255263394,0.1784795106950509,0.17095955027704018,-0.011320186630305316,0.05327822497532394,0.0462263520970877,0.02728045160063736,0.08733021923824424,0.083601952740726,0.03641138496146255,-0.028467015752386745,0.06842655064573248,0.024218604489924928,0.05175229404135538,0.07463734568278337
720,0.02435138468706542,0.02604189038723279,0.009971956524099027,-0.010248523690522197,-0.15567643467981396,-0.05578242451271492,0.0027414211450370565,0.025628320800981142,-0.08823696391282364,0.002721033292247158,0.02575504315469261,0.021294956482008322,-0.005346549189384994,0.08806943722472424,0.039865583625172084,-0.015285831653700205,0.002021835830374982,-0.0018427708801756102,-0.0033481605894797144,0.012649918105789538,0.003923268694962706
721,0.05522655912088008,0.011257117079635537,0.009885871632892783,0.013450894429110424,0.02415492521826854,0.13679031692311297,0.12367975797769766,0.16899550807497488,0.08105651591925545,-0.0049851771713745364,0.07472554095781088,0.02815498806673793,-0.03457835186186034,0.09907059068764777,0.009525257639794482,0.07623805115305331,-0.04895804795747495,-0.07821917475426834,-0.026852133123197418,0.0030069818919605347,-0.0021785246224466574
722,0.03790628799489715,0.022684370018144242,-0.013293106975691601,-0.019886363012011198,-0.04379535106222495,-0.07780113493787241,-0.08523360912573254,0.030474884881794746,0.19476497723196481,0.054359119672220756,0.085384685131117,0.14960067236142724,0.15728314174886657,-0.0007868436390697441,0.026508189548699945,0.018699708582797035,0.004842037492388549,-0.03719091389142518,-0.022830988391619886,0.06797811455886198,0.00851847444375363
723,0.08360971738967124,0.0441216471640192,-0.019269455674365138,0.05607678211970807,0.020127943408622548,0.0528040198596846,0.06414806547249353,0.010441241355893008,0.01572695774695591,-0.013687465687720385,-0.014879420061233384,0.031133313490282106,0.007798985953508917,0.07819459062322921,0.044448562392878324,-0.006790861538028222,0.009433281355915271,-0.014600470371364999,-0.005535919993249112,0.01577757943279184,0.017210955642604907
724,-0.03677184575890198,-0.1218280230092854,-0.038618769215352976,0.0017344377427880998,0.0383700697461459,-0.004229448637686191,0.04426037679894457,0.015024797213813964,0.08978943009235238,0.18811433798098445,0.09021814789768995,0.19038427574162717,-0.002725805564664397,0.02413714607568401,0.05068818011555717,-0.041133885201600016,0.08365555280968927,0.0799543854539114,-0.012964228954416082,0.01848809379400931,-0.10478409704311777
725,0.0031790701162829277,-0.004489316240323887,-0.008127589068975276,-0.00505393398592306,0.027342220336279893,0.032401305533269247,-0.07383617068359147,-0.11268482126922406,0.014874046400746022,0.009961599505911202,0.0329867735043766,0.015162474464909937,0.00851847444375363,0.021435570978467603,0.015126061979743104,-0.02792503850162619,0.004381774557754737,-0.006747340172533878,-0.05562886314565989,0.11104851877539362,0.0408922640134475
726,0.07150946280620203,0.04824130298852722,0.016537414449602463,-0.09083556275906199,-0.05630009286773721,-0.004303363818687617,-0.000764935061800556,-0.0015810793213288728,-0.14639355121872283,-0.08529826441375793,0.007108112278546442,0.04154225173810074,-0.06581065085683803,-0.03651943588496546,0.008475104952900851,0.02765786528493706,0.028225122466648295,0.044647968058535034,0.026091687558453626,0.03341163695318257,0.0049317270532911505
727,0.030474884881794746,0.19476497723196481,0.054359119672220756,0.085384685131117,0.14960067236142724,0.07424945199336273,0.0540311695998272,-0.00521909168479309,0.05102624206575158,0.020933622671211866,0.04590908523343384,0.05961348252391238,0.031214668156433666,0.002996970439633211,0.07365042419861502,0.05846382627014092,0.06370946940140053,-0.025506369445125927,-0.0010058767142069683,-0.027893117321920374,0.02639861893020655
728,-0.0005485705735380322,-0.01938484730921016,-0.1457170726235326,-0.06833406106931146,0.02056614342377341,0.020327262293546484,-0.08889000711334612,0.008442502072560752,-0.03322227229726265,0.06547859457587751,0.012552498632147085,-0.0005763305691675266,-0.039406788034806274,0.06748800444979743,-0.04850554726351195,0.026955011035204188,0.06436676991295626,0.02303278315861766,0.023504173591286825,0.014790474462585109,0.02278155912917828
729,-0.019069577522530502,-0.059344447409009064,-0.0976602067509475,-0.0557556817700381,-0.03205603826024159,0.2526262616941449,0.05619929885881941,0.07379625291980775,0.15240257127716805,0.1680627641109319,0.0007639960399501508,0.03846181439477531,0.05090386806201433,0.020149016518727223,0.09243218492997904,0.059001729166159776,0.047856138232220576,-0.02592957193685902,0.0746436849787944,0.02841273061469006,0.047442303827898546
730,0.015178932581916594,0.031711869931220056,0.015325103577544191,0.02367804367127799,0.019082143207103875,-0.05519291734833666,0.041034435089818105,0.012210156230299331,0.11685952099339673,0.07331847075741482,0.0021443880627073906,0.015240443207146707,0.05649429316671417,0.022833190338024337,0.06930880348256134,0.04671823888313922,-0.0066750398740466005,0.077739445343134,0.03982964454413606,0.06044932323785948,0.020655242408598253
731,0.03341163695318257,0.0049317270532911505,0.007477942352647772,0.006612771198706547,0.008298788021360965,0.004299657044073789,-0.01473198548039481,0.0033751049213474834,0.011213727722435705,0.013538887880741127,-0.009866661182637375,-0.029950006555454843,0.041625614727588994,0.03305770518251055,-0.045628209002634,-0.13008317716932508,-0.023728592557452504,0.029322618944272228,0.007974038851990953,-0.017751195343342213,-0.020869068846696422
732,-0.0014427468015152075,-0.004922972172201207,-0.0002762711550266936,-0.1449848810164573,-0.0022329185268728535,0.008499036672793286,0.03590981164249519,-0.030569674068653747,-0.06118506855572103,-0.15790354778416274,-0.010432458507049902,0.05886859575445568,0.254888216607517,0.012076025850456295,0.06423829086614813,0.063505960378669,0.039632328378430816,-0.0027070038742869756,0.07406778941808727,0.05182666214494851,0.058840435390986504
733,0.03331301927231291,-0.029950006555454843,0.041625614727588994,0.03682086080282173,0.04618033823150406,-0.00039668250200649,0.0320296105725281,0.0748770995501764,0.011507945817591955,-0.002881656542227375,0.02517833335626331,0.09044619152700702,0.05268977902213795,0.02176619879236522,-0.007656332504046889,-0.03507399595771937,0.016940676610758692,0.02902295906132065,-0.008191109106544123,0.0900989218150235,0.04022077283856794
734,0.002430625486315612,0.07570685403943211,0.013127471629898833,0.043498732633943174,0.006171945495862345,0.020127943408622548,0.0528040198596846,0.06414806547249353,0.010441241355893008,0.0246433542126176,0.08014730302853963,0.0551352858496667,0.020204766968143936,0.06157416838073861,0.024600949002244726,0.003387299348614436,-0.020431440671730198,0.01998665997633142,-0.031082690526254893,0.002430625486315612,0.07570685403943211
735,0.004961207336632868,-0.15464392607940886,-0.07638695467008619,0.0062943424767758155,0.03251710760405471,-0.07682537110950548,-0.020352219706992098,0.006940060669718801,0.033791252003787804,0.009119805272276776,0.008977307504258474,-0.02549187566543074,0.03916741147349725,-0.030720136272704167,-0.03844975346395455,0.07791135487191457,0.02344835378555335,0.029657446232651936,0.010578799310315386,0.029152458653708312,0.01081979999768568
736,0.04083681163566783,-0.008660317960369103,-0.02810689182065751,-0.0005276131293991919,0.015240443207146707,0.05649429316671417,0.022833190338024337,0.06930880348256134,0.04671823888313922,-0.0066750398740466005,0.077739445343134,0.03982964454413606,0.06044932323785948,0.020655242408598253,-0.03567382466677644,0.007900299804834426,0.00342281220920832,0.01961569337155239,0.048659151818756505,0.05200792994406628,0.003387299348614436
737,-0.05917818288180227,0.008367286199831514,0.07633428797990718,-0.04962330899281994,-0.05073514033788832,-0.0894437594779674,-0.07132791565052274,0.058365230668770134,-0.013287997462302109,-0.05387380003170251,-0.02616373777776799,-0.009314179563981026,0.05668850738506953,0.024910970380971356,0.04444616506221233,0.05750007864095875,0.029486966374752895,0.008080301731063687,0.07175401908802505,0.008075881188370368,0.02740464613057831
738,-0.007339068801813674,0.032708833873126085,0.050713076916418395,0.02991114106029612,0.07775323221691115,0.08360971738967124,0.0441216471640192,-0.019269455674365138,0.05607678211970807,0.020127943408622548,0.0528040198596846,-0.020068806437817444,0.025455493242960484,-0.01650675505206109,0.09376043479837523,0.015178932581916594,0.031711869931220056,0.015325103577544191,0.02367804367127799,0.019082143207103875,-0.05519291734833666
739,-0.009326092852967406,0.05522655912088008,0.011257117079635537,0.03881249693053286,0.055970802408372225,-0.012682291570680402,-0.004896598863669388,0.001396149368181709,0.00385394882475879,-0.0035989485344935825,-0.008671695817373782,-0.017376977939665986,0.03797585285006797,0.034830188290305736,-0.0683707738427256,-0.1209672773677749,0.0023554476846316284,0.03974121099437444,0.01961569337155239,0.048659151818756505,0.12790301675578866
740,0.02367804367127799,0.019082143207103875,-0.05519291734833666,0.041034435089818105,0.012210156230299331,-0.05196133780222694,0.0028742228637099495,0.07942804085490669,0.03591066926944299,-0.012967609447272783,0.05550996276826985,-0.042678964071087205,0.023634010206012964,0.07067891964497917,0.015240547515204036,0.027084564191957573,0.01980862602710209,0.028748656926538833,-0.006766053924133821,-0.013687465687720385,-0.014879420061233384
741,0.04837086616455555,0.1043825189063411,0.1442516967700536,0.12849048001054955,0.020712984020955096,0.005437065094973533,0.05017535607181645,0.04979001272479147,0.08622357462744075,0.055909746701747885,0.037811335473967846,-0.026074719040020927,0.0927671693931366,0.010791209501792631,0.06260025505551696,0.05214769454175549,-0.01255877680473109,0.06719771983644916,0.06516418858680059,0.0492758897269837,0.016811891915699914
742,-0.013293106975691601,-0.019886363012011198,0.027985131753974917,0.024649406615095838,0.02232662736483993,0.05618386114043311,0.02554805067516022,-0.011346396815389154,0.00966076592308283,-0.004896598863669388,0.001396149368181709,0.00385394882475879,-0.0035989485344935825,-0.008671695817373782,-0.017376977939665986,0.03797585285006797,0.034830188290305736,-0.0683707738427256,-0.1209672773677749,0.0023554476846316284,0.0281140192679024
743,-0.001832860749488936,-0.008054504811190783,-0.09009055783775237,-0.056587920230815714,0.058365230668770134,-0.013287997462302109,-0.05387380003170251,-0.02616373777776799,-0.0004640594308981007,0.06575677282832645,-0.014169577538660988,-0.017246124246697962,-0.021319727455457294,0.025455493242960484,-0.01650675505206109,0.09376043479837523,0.015178932581916594,-0.003107227031199182,0.024648367639700457,0.03451567945184562,-0.01021194743165507
744,-0.0014347097716089039,-0.0162462464960763,0.06081204173790412,0.0012446836373436378,-0.007829901167596347,-0.04818031829014083,0.06623824382816598,-0.0035657031842441177,-0.0040099439253633,-0.04624443418091701,0.07546919914540791,-0.052644045068644486,0.057391731731546526,0.04265630603855725,0.00558744224825486,-0.034287320165793035,0.016661813725847092,0.026536873369363247,0.057049785418152685,-0.029910882190410843,0.09395215948939031
745,0.032883772015831446,0.010764415351345306,0.013427251399639835,0.05878796760083395,0.1442680668719345,0.09036745043547073,0.20817411967213192,0.009591104411358879,0.05631413212158116,0.042268457879275786,0.005827663009140014,0.020169020825399984,-0.001733002526731785,-0.0253224956421449,0.04237123697766942,0.034037086276389676,-0.049407531129056194,-0.1434132833015306,0.025158940876421877,0.022683386114089713,0.0034304359647555835
746,0.23386517694246298,-0.01210618658436047,0.14168675613036044,0.22283684317037525,0.02323773830564187,0.03947689379387463,0.009830092162553105,0.04298146736515457,0.07502408584230007,0.06667213500753454,0.06959588102455792,-0.009936918659731264,0.029728891762537946,0.04405507131998533,0.036452961892731166,0.063505960378669,0.039632328378430816,-0.0027070038742869756,0.07406778941808727,0.05182666214494851,0.058840435390986504
747,-0.026072889377660884,-0.12253989570409915,-0.03621649721069029,-0.0131336109081202,0.0506174831210367,-0.0031455015921875735,0.04556569985235456,0.020701877565899043,0.06392473766982591,0.17290342797616506,0.11157955438534486,0.17354461860428042,0.005093046603205656,0.03998519926936727,0.04310360874963124,-0.03845370595166686,0.07462004907188186,0.07988536334400807,0.018118850213676558,0.0025336243002390554,-0.10033392389766944
748,-0.03163850228123829,-0.0883003365479709,-0.02486485722016533,-0.002487481497062186,-0.0027283911528191464,-0.09261339929158924,-0.09093940332212361,-0.0574765823820095,0.05481731158778569,-0.005529137560678465,-0.06566738679306296,-0.020389869958670415,0.0017092297775827784,0.05977963840371972,-0.01375974830781866,-0.009995613412700156,-0.03833580052512118,0.07122724602773757,-0.04075534184360642,0.08570673383282468,0.009428846587031999
749,0.08287636971891303,0.009333812953931188,-0.016832619674398547,-0.08588848725511113,0.027031862256106813,0.053648497988271496,-0.019069577522530502,-0.059344447409009064,-0.0976602067509475,-0.0557556817700381,-0.03205603826024159,0.2526262616941449,0.05619929885881941,0.07379625291980775,0.15240257127716805,0.1680627641109319,0.0007639960399501508,0.03846181439477531,0.05090386806201433,0.020149016518727223,0.09243218492997904
750,-0.03621649721069029,-0.0131336109081202,0.0506174831210367,-0.0031455015921875735,0.028361594883931415,-0.03833580052512118,0.07122724602773757,-0.04075534184360642,0.08570673383282468,0.009428846587031999,0.02435138468706542,0.02604189038723279,0.019549987029530605,0.023175625805814403,-0.03553245916052851,0.02849595128758009,0.006364926000034128,-0.04579112302167692,-0.01582101293001888,0.05764210194520755,0.0704862757948348
751,-0.04572308988216685,-0.13068905238419817,-0.027128337150302294,0.017439536052967712,0.03651849782299039,-0.01713394966401948,0.061073824379587346,0.012275326094953992,0.10652074418392923,0.15471591201636187,0.1195536119516561,0.16077321134488992,0.0059681337722265965,0.04167222769359799,0.009032926778656225,0.010136639653821231,-0.04938033602649569,-0.05318883424782888,0.008718766633751039,0.024648367639700457,0.03451567945184562
752,0.02403911798411785,-0.0006670782883442124,0.03209308509343252,0.032037542390131735,0.07904558223406496,0.031861365171198065,-0.060927950869310125,-0.13787805025683347,-0.0020105680194356466,0.04248574632216505,0.02403911798411785,-0.0006670782883442124,0.03209308509343252,0.032037542390131735,0.13328823247215815,0.10421237703207416,0.18772419387962436,0.06552574171230927,0.023924418008826748,0.05838048512076765,0.019600514325103572
753,-0.028467015752386745,0.06842655064573248,0.024218604489924928,0.05175229404135538,0.07463734568278337,-0.002881656542227375,0.02517833335626331,0.09044619152700702,0.05268977902213795,0.0463804265810485,0.043783032082419,0.03344474957879514,0.0029025417067542396,0.007221085628945011,0.009346032013199956,-0.014727339179581215,-0.025422270992796352,0.020422863599038738,0.0576371770949132,-0.026072889377660884,-0.12253989570409915
754,-0.09009055783775237,-0.050460345303100416,0.08365555280968927,0.0799543854539114,-0.012964228954416082,0.01848809379400931,-0.10478409704311777,-0.050209993324580156,0.020283963990658363,-0.0005485705735380322,-0.01938484730921016,-0.1457170726235326,-0.06833406106931146,0.02056614342377341,0.020327262293546484,-0.08889000711334612,0.008442502072560752,-0.03322227229726265,0.06547859457587751,0.012552498632147085,-0.0005763305691675266
755,0.021049862769594634,0.026352301379043326,0.0012990776355567737,0.007170867643536217,-0.011679526504085241,-0.032757892008300454,-0.017449686457939966,0.03195651403544279,0.032987146810026395,0.043783032082419,0.03344474957879514,0.0029025417067542396,0.007221085628945011,0.009346032013199956,-0.014727339179581215,0.02043033461432674,0.006085282308852949,-0.013945795051438253,-0.027931969716044284,0.020422863599038738,0.0576371770949132
756,0.026650294369621963,0.05023086249500809,0.021330709658760057,-0.034785772257091875,0.10183186860558922,0.05790043189516751,0.020841236177624917,-0.03163850228123829,-0.0883003365479709,-0.051065137591499346,0.014249098444838066,0.028343350896880053,0.030403777928640862,0.019290237091062958,0.00022826238394464397,0.07698443952173475,0.055816268998710804,0.02415492521826854,0.13679031692311297,0.12367975797769766,0.16899550807497488
757,-0.0976602067509475,-0.0557556817700381,-0.03205603826024159,0.2526262616941449,0.05619929885881941,0.02759975992683526,-0.016313320641010303,0.09849201751450516,0.01685672166555747,0.025860773477762753,0.017924797219877563,0.023580997183367442,0.017281620614598397,0.012363112471463546,0.022807142819862326,0.02439044517374037,0.017073106277451525,0.020907862155915197,-0.028446372447748804,0.012365818491159804,0.004842037492388549
758,-0.028467015752386745,0.06842655064573248,0.024218604489924928,0.05175229404135538,0.07463734568278337,-0.002881656542227375,0.02517833335626331,0.09044619152700702,0.05268977902213795,0.02176619879236522,-0.007656332504046889,-0.03507399595771937,0.016940676610758692,0.02902295906132065,-0.008191109106544123,0.0900989218150235,0.04022077283856794,-0.0173456788167319,0.021591505727833412,0.007170867643536217,-0.011679526504085241
759,0.044948861138336606,0.1634339147724572,0.015485571189997131,0.030169365189279703,0.05954689270225735,-0.010190698476133119,-0.06110037982224164,0.07946234483177844,0.04684663102592058,0.0061949975367046,-0.019068281816173573,-0.0713840292511914,0.0028870675659669913,0.0946013051011754,-0.04511760309730755,-0.05776803244126003,-0.07780113493787241,-0.08523360912573254,0.030474884881794746,0.19476497723196481,0.054359119672220756
760,-0.01262927522922229,0.09265456436381819,0.0452438535946445,0.02231189793737722,-0.08581948839162631,-0.06508105366372605,-0.0014427468015152075,-0.005407900825338857,-0.07383617068359147,-0.11268482126922406,0.014874046400746022,0.009961599505911202,0.034055781213636456,0.020701877565899043,0.06392473766982591,0.17290342797616506,0.11157955438534486,0.17354461860428042,0.005093046603205656,0.03998519926936727,0.04310360874963124
761,0.02699928247404044,0.05454706420919959,0.08976295191255872,0.042288990324287054,-0.009681890320329786,0.05112307606913304,0.023963976708823272,0.05674287905853458,0.04682409768225949,0.02423140145385302,0.014796192932722805,0.0823473341015913,0.05731174544484317,0.028748656926538833,-0.006766053924133821,0.02290384110528197,0.03510483726889428,0.0183397684187012,-0.0032982567368964053,-0.03826419835710366,0.031453163421733106
762,-0.04850554726351195,0.026955011035204188,0.06436676991295626,0.02303278315861766,0.023504173591286825,0.014790474462585109,0.02278155912917828,-0.02456315189035098,0.03329672356968668,-0.03136287361237509,-0.01315090154732808,-0.037196617343158475,0.09745846809380196,0.04415707487510739,-0.011378475219155786,-0.0810228182142374,0.005199332304599804,0.012765043902344708,0.04028733948383551,-0.045389581123573476,-0.043472820294300434
763,0.03595651255263394,0.1784795106950509,0.17095955027704018,-0.011320186630305316,0.05327822497532394,0.0462263520970877,0.02728045160063736,0.08733021923824424,0.083601952740726,0.03641138496146255,-0.028467015752386745,0.06842655064573248,0.024218604489924928,0.05175229404135538,0.07463734568278337,-0.002881656542227375,0.02517833335626331,0.09044619152700702,0.05268977902213795,0.040897400497075125,-0.022716306465131154
764,0.039463226707756656,0.037833419266079034,-0.08240092046298034,-0.06711143021698956,-0.009372199840067003,0.001754605321988245,-0.001517564516523798,-0.14258923569181944,-0.06851762111446583,-0.028919930259445434,0.04248151104216597,-0.02927708533922444,-0.05873782374826621,0.001374842288426062,-0.004180180842134362,-0.031535564048642994,0.01970623765645272,0.06570940764382426,0.04614115426521307,-0.005814780866760401,0.008527595105345247
765,0.11368810681052183,0.031718220345082954,0.03971595674933848,-0.06267119191694225,-0.0777020536288688,0.0008841655552285923,0.04167222769359799,0.025144494961714538,-0.03647529900603461,0.09714972360000598,-0.012964228954416082,0.01848809379400931,-0.02393693356622028,0.010783273399662228,-0.11920077364152112,-0.08529826441375793,0.007108112278546442,0.04154225173810074,-0.06581065085683803,-0.03651943588496546,0.008475104952900851
766,0.03875830766692102,0.042671270030834596,-0.031419770986970096,0.1016350791241134,0.01252791852493433,0.05364691489810045,0.05974919523256175,-0.004820745568297918,0.05314037668756117,0.07310831228205482,0.05407329072383777,0.013963011136263486,-0.01443544461218946,-0.019067498641394894,0.01661130304753056,0.030664593091042983,0.045526761041284745,0.021049862769594634,0.026352301379043326,0.0012990776355567737,0.007170867643536217
767,-0.00496676521662024,-0.11399169447086158,-0.051075149006804765,-0.0021335904868741654,0.0331153666186435,0.008772262157337138,0.03948925873048987,0.005521986037352872,0.09381664737022734,0.14083582185004723,0.09874539105052259,0.1980595960206749,-0.007250054133614382,0.05536150111826453,0.04405280732275557,0.02034856986682769,-0.022227556066408822,0.035822474600223635,-0.025506369445125927,-0.0010058767142069683,-0.027893117321920374
768,-0.06866753903744134,0.010675079839919726,0.04982300929955519,0.021457461599548977,-0.03197993371564701,-0.10338315238127574,-0.05509488366834008,0.011611238192971548,0.23950488532678857,0.04837086616455555,0.1043825189063411,0.1442516967700536,0.12849048001054955,0.020712984020955096,0.055136796646867894,0.024905751099002196,0.04188973617586783,0.06439905428187961,-0.0007330077890140873,0.03764176433914727,0.08734846799044324
769,-0.0162359438464235,-0.09028939417877037,-0.002782893872620861,0.07608944778980152,-0.0005898371524523021,-0.0489350186692615,-0.06482928669907931,-0.08472219196931578,-0.10825506337615295,0.18312867080394518,0.017269539927308293,-0.035612895278368584,-0.05865601678933303,-0.06176180680248807,-0.11395230555630652,0.10191809335007525,0.22891365818723408,-0.011679526504085241,0.007461879601311705,0.0031790701162829277,-0.004489316240323887
770,-0.03719091389142518,-0.022830988391619886,0.06797811455886198,0.07420012214525842,-0.02068948773455074,-0.08974303515891574,0.017527314762775668,-0.0020105680194356466,0.04248574632216505,0.02403911798411785,-0.0006670782883442124,0.03209308509343252,0.032037542390131735,0.13328823247215815,0.10421237703207416,0.18772419387962436,0.06552574171230927,0.023924418008826748,0.05838048512076765,0.019600514325103572,-0.033892685813506865
771,0.020655242408598253,-0.03567382466677644,-0.01046043074501207,0.028225122466648295,0.044647968058535034,0.026091687558453626,0.03341163695318257,0.0049317270532911505,0.007477942352647772,0.006612771198706547,-0.010420765207966178,0.025362321556709908,-0.007547991372525836,-0.004042477083777581,0.05575581474871345,0.03651849782299039,-0.01713394966401948,0.061073824379587346,0.012275326094953992,0.0634844025709822,0.03443041729979512
772,0.036063760027324546,-0.011206085541637536,0.041034435089818105,0.012210156230299331,-0.05196133780222694,0.0028742228637099495,0.07942804085490669,0.03591066926944299,-0.002881656542227375,0.02517833335626331,0.09044619152700702,0.05268977902213795,0.02176619879236522,-0.007656332504046889,-0.03507399595771937,0.016940676610758692,0.02902295906132065,-0.008191109106544123,0.0900989218150235,0.04022077283856794,-0.0173456788167319
773,-0.020431440671730198,0.01998665997633142,-0.031082690526254893,0.002430625486315612,0.07570685403943211,0.013127471629898833,0.043498732633943174,0.006171945495862345,0.0313435380150615,-0.012788132184603986,0.023597433850476822,-0.022856495367242196,-0.004517566543534055,-0.07031992292326242,-0.09068730892146376,-0.027128337150302294,0.017439536052967712,0.03651849782299039,-0.01713394966401948,0.061073824379587346,0.012275326094953992
774,-0.021125927474530386,-0.08472219196931578,-0.10825506337615295,0.263310632907053,0.0660580537540584,-0.10478409704311777,-0.050209993324580156,0.018384179253506775,0.010764415351345306,0.013427251399639835,0.05878796760083395,0.1442680668719345,0.09036745043547073,0.20817411967213192,0.009591104411358879,0.05631413212158116,0.042268457879275786,0.005827663009140014,0.020169020825399984,0.07150946280620203,0.04824130298852722
775,0.02744969203863194,0.10401486493516268,0.03510483726889428,0.0183397684187012,0.00465228379270604,-0.016423145284516858,-0.05917818288180227,0.008367286199831514,0.07633428797990718,-0.04962330899281994,-0.05073514033788832,-0.081205586329834,-0.07649533509282554,0.004887389884845521,0.24334785007519066,0.030247306779869917,-0.004896598863669388,0.001396149368181709,0.00385394882475879,-0.0035989485344935825,-0.008671695817373782
776,0.02841273061469006,0.047442303827898546,0.019472651348175628,0.047442303827898546,0.0685423723087051,-0.00311542308986455,0.02744969203863194,0.10401486493516268,0.03510483726889428,0.0183397684187012,-0.0032982567368964053,-0.03826419835710366,0.031453163421733106,0.03495366313272372,0.027342220336279893,0.032401305533269247,-0.07383617068359147,-0.11268482126922406,0.014874046400746022,0.009961599505911202,0.0329867735043766
777,0.042288990324287054,-0.009681890320329786,0.05112307606913304,0.023963976708823272,0.05674287905853458,0.04682409768225949,0.02423140145385302,0.014796192932722805,0.0823473341015913,0.05731174544484317,0.028748656926538833,-0.006766053924133821,-0.013687465687720385,-0.014879420061233384,-0.029988811556508028,-0.09492778842213713,0.014249098444838066,0.028343350896880053,0.030403777928640862,0.019290237091062958,0.009450184653960745
778,0.06748800444979743,-0.06573320777706151,0.09395215948939031,0.024905751099002196,-0.0032950626956935276,0.037347660292486595,-0.020533393111316484,-0.012436708278717812,-0.027914669894337645,0.10498664055254922,0.022458901633128824,-0.007778741942306582,0.005182772613846412,0.000596609706238854,-0.003198480817079996,0.014195496796341411,0.017076026602288345,0.055970802408372225,-0.03677184575890198,-0.1218280230092854,-0.038618769215352976
779,0.007798985953508917,0.07819459062322921,0.044448562392878324,-0.006790861538028222,0.009621717067156232,0.007005392525550833,-0.015578911187653392,-0.0007330077890140873,0.03764176433914727,0.08734846799044324,0.03790628799489715,0.022684370018144242,-0.013293106975691601,-0.019886363012011198,0.0037435197713693935,-0.05562886314565989,0.11104851877539362,0.0408922640134475,-0.011000442122731982,0.022424601601038926,0.1043825189063411
780,0.014874046400746022,0.009961599505911202,0.0329867735043766,0.004729783438254615,0.021012075726165945,0.053974597623704164,0.1400620490374982,0.07715438445561038,0.2127050409126765,0.010556726679935019,0.07369538944811423,0.03904977210986973,0.015847352608689344,-0.01262927522922229,0.09265456436381819,0.0452438535946445,0.02231189793737722,0.0008107415596030679,-0.04962330899281994,-0.05073514033788832,-0.081205586329834
781,0.050713076916418395,0.02991114106029612,0.07775323221691115,0.08360971738967124,0.0441216471640192,-0.019269455674365138,0.05607678211970807,0.020127943408622548,0.0528040198596846,0.06414806547249353,0.010441241355893008,0.0246433542126176,0.08014730302853963,0.0551352858496667,0.020204766968143936,0.006982664079105983,-0.020490841137627124,-0.011513472180371801,0.03614906441302523,0.027342220336279893,0.032401305533269247
782,0.02826162078001348,0.04939081639495947,0.012204001535472821,0.043707444721036194,0.008125885190452386,0.005839169704932225,0.000596609706238854,-0.003198480817079996,0.014195496796341411,0.005132317567122862,-0.016846829757837384,-0.02094376794236849,0.013055502677213972,0.03913718739332794,0.0060348711455441165,-0.09190603741494878,-0.09492778842213713,0.014249098444838066,0.028343350896880053,0.030403777928640862,0.019290237091062958
783,0.04188973617586783,0.06439905428187961,-0.0007330077890140873,0.03764176433914727,0.08734846799044324,0.03790628799489715,0.022684370018144242,-0.013293106975691601,-0.019886363012011198,0.027985131753974917,0.024649406615095838,0.02232662736483993,0.05618386114043311,0.02554805067516022,-0.011346396815389154,0.024180677080386598,-0.02775432483880939,0.0035007798920464336,-0.030645721609290747,0.027910536194669523,0.01970623765645272
784,-0.0014427468015152075,-0.004922972172201207,-0.0002762711550266936,-0.1449848810164573,-0.07282663330833591,-0.011106035712797547,0.04490965294620502,-0.04938033602649569,-0.05318883424782888,0.008718766633751039,0.024648367639700457,0.03451567945184562,-0.01021194743165507,-0.033074350021090174,0.04800823393719242,-0.02996308879641303,-0.020846727225749255,0.10256063737013693,0.011702624363025375,0.0417510739700792,0.04477296875378755
785,0.02734539182641244,0.019920118004127498,-0.013148571141253456,-0.03327052651534079,0.033919103148152926,0.04751357520136966,-0.045693205856184464,-0.12218888144058664,-0.03311736690928855,0.029156456970374847,0.020315402513363848,0.006287851614069399,0.029239223785477764,0.016288290926872614,0.1315825200212921,0.1367068347800229,0.0860922578357724,0.17354461860428042,-0.009447097402094564,-0.08073559907332292,-0.003870944107512582
786,-0.12481355296141478,0.2341697026224454,0.11449748966614386,0.04721335484869471,0.1864918273196731,0.1912402838473926,-0.007339068801813674,0.032708833873126085,0.050713076916418395,0.02991114106029612,0.07775323221691115,0.08360971738967124,0.0441216471640192,-0.019269455674365138,0.05607678211970807,0.020127943408622548,0.0528040198596846,0.0388893656631608,-0.0015810793213288728,-0.14639355121872283,-0.08529826441375793
787,0.04647911062049513,-0.04572308988216685,-0.13068905238419817,-0.027128337150302294,0.017439536052967712,0.03651849782299039,-0.0007530579205635758,0.0012446836373436378,-0.007829901167596347,-0.02712704838623795,0.05550996276826985,-0.042678964071087205,0.023634010206012964,0.07067891964497917,0.015240547515204036,0.027084564191957573,0.008075881188370368,0.02740464613057831,-0.022181734731348293,0.03302551187024177,-0.033401786587522055
788,-0.07132791565052274,0.058365230668770134,-0.013287997462302109,-0.05387380003170251,-0.02616373777776799,-0.0004640594308981007,0.06575677282832645,-0.014169577538660988,-0.017246124246697962,-0.021319727455457294,0.025455493242960484,-0.01650675505206109,0.09376043479837523,0.015178932581916594,0.031711869931220056,-0.0023445097875739646,0.016288290926872614,0.1315825200212921,0.1367068347800229,0.1311532579188743,0.11131571440938633
789,0.09243218492997904,0.059001729166159776,0.047856138232220576,-0.02592957193685902,0.0746436849787944,0.02841273061469006,0.047442303827898546,0.0685423723087051,-0.00311542308986455,0.02744969203863194,0.10401486493516268,0.03510483726889428,0.0183397684187012,-0.0032982567368964053,-0.03826419835710366,0.031453163421733106,0.021294956482008322,0.0005061330655292752,-0.05439192569851582,-0.03603910562800098,-0.11770147444324769
790,-0.03603910562800098,-0.05685112987281479,-0.1431778791867063,0.15155688308086152,0.1585077643839471,0.046004160625338054,0.1786110197944668,0.18605162301684083,0.015485571189997131,0.030169365189279703,0.05954689270225735,0.02699928247404044,0.05454706420919959,0.06299599233565861,0.0685423723087051,-0.00311542308986455,0.02744969203863194,0.10401486493516268,0.03510483726889428,0.0183397684187012,-0.0032982567368964053
791,-0.012436708278717812,-0.027914669894337645,0.10498664055254922,0.022458901633128824,-0.007778741942306582,-0.03716115413325973,-0.034936127697749966,0.008499036672793286,0.03590981164249519,-0.030569674068653747,-0.06118506855572103,-0.15790354778416274,-0.010432458507049902,0.05886859575445568,0.254888216607517,0.012076025850456295,0.09177072063153116,0.20618471364188823,0.09682711124749349,0.02679779099817386,-0.0074318819833296195
792,0.050512162209031305,-0.0205482370400599,0.008075881188370368,0.02740464613057831,-0.022181734731348293,0.03302551187024177,-0.033401786587522055,0.0011471072145716112,-0.05562886314565989,0.11104851877539362,0.0408922640134475,-0.011000442122731982,-0.08258793842706147,-0.014210233821178028,0.05595520268387419,0.017269539927308293,-0.035612895278368584,-0.05865601678933303,-0.06176180680248807,-0.11395230555630652,0.10191809335007525
793,0.031214668156433666,0.002996970439633211,0.07365042419861502,0.05846382627014092,0.06370946940140053,-0.025506369445125927,-0.0010058767142069683,-0.027893117321920374,0.02639861893020655,0.029078939581978474,-0.0018777158814472317,-0.11397285134281376,-0.027128337150302294,0.05691144455190214,0.04614115426521307,-0.005814780866760401,-1.809082882136417e-05,-0.007547991372525836,-0.004042477083777581,0.020435228983264355,0.006297766455834597
794,0.2341697026224454,0.11449748966614386,0.04721335484869471,0.1864918273196731,0.1912402838473926,0.04744843387135683,0.1400620490374982,0.07715438445561038,0.2127050409126765,0.010556726679935019,0.07369538944811423,0.03904977210986973,0.015847352608689344,-0.01262927522922229,0.09265456436381819,0.0452438535946445,0.02231189793737722,-0.08581948839162631,-0.06508105366372605,-0.0014427468015152075,-0.004922972172201207
795,0.009885871632892783,0.013450894429110424,0.02415492521826854,0.13679031692311297,0.12367975797769766,0.16899550807497488,0.08105651591925545,-0.0049851771713745364,0.07472554095781088,0.0030959784490164855,0.007477942352647772,0.006612771198706547,-0.010420765207966178,0.021515981298733042,0.007974038851990953,-0.017751195343342213,-0.020869068846696422,0.016721652182922028,0.03808185594297404,-0.00496676521662024,-0.11399169447086158
796,-0.03507399595771937,0.016940676610758692,0.02902295906132065,-0.008191109106544123,0.0900989218150235,0.04022077283856794,-0.0173456788167319,0.006702524739548357,-0.007547991372525836,-0.004042477083777581,0.020435228983264355,0.006297766455834597,-0.010049118778075402,-0.013148571141253456,-0.03327052651534079,0.033919103148152926,0.04751357520136966,-0.045693205856184464,-0.12218888144058664,-0.03311736690928855,0.029156456970374847
797,0.0062943424767758155,0.03251710760405471,0.022522480993718737,0.03451567945184562,-0.01021194743165507,-0.033074350021090174,0.04800823393719242,-0.02996308879641303,-0.020846727225749255,0.10256063737013693,0.011702624363025375,0.0417510739700792,-3.963623685946036e-05,0.030429494047507367,-0.00887580242302415,0.011878759963531013,-0.01970843724354158,-0.001764216062209568,-0.06529203476732443,0.04617892356764777,0.03948925873048987
798,0.0061949975367046,-0.019068281816173573,-0.0713840292511914,0.0028870675659669913,0.0946013051011754,-0.04511760309730755,-0.05776803244126003,-0.07780113493787241,-0.08523360912573254,0.030474884881794746,0.19476497723196481,0.054359119672220756,0.085384685131117,0.14960067236142724,0.15728314174886657,-0.0007868436390697441,0.1513073778004575,0.05075880985350582,0.02759643671691845,-0.005297334717018741,0.054950776773823706
799,0.002021835830374982,-0.0018427708801756102,-0.0033481605894797144,0.012649918105789538,0.003923268694962706,-0.013534918400980867,-0.026853141604926915,0.04509197743886771,0.031861365171198065,-0.060927950869310125,0.005262864003230632,-0.04889617861396572,-0.056947025472608256,-0.08296368035457874,-0.12481355296141478,0.2341697026224454,0.11449748966614386,0.04721335484869471,0.0891926301004161,0.029728891762537946,0.04405507131998533
800,0.0014569153378469603,-0.013832169202085777,0.043498732633943174,0.006171945495862345,0.0313435380150615,-0.012788132184603986,0.023597433850476822,-0.022856495367242196,-0.004517566543534055,-0.07031992292326242,0.12512951565687028,0.04630595254479673,0.0033421825569468046,-0.04227611970469211,-0.050498900630185264,0.010783273399662228,0.04645933327868312,-0.031242931752715704,-0.04904310773206642,-0.10338315238127574,-0.05509488366834008
801,0.042413614625101466,-0.009200394809037693,0.004299657044073789,-0.01473198548039481,0.0033751049213474834,0.011213727722435705,0.013538887880741127,-0.009866661182637375,-0.029950006555454843,0.012119127077724017,0.020169020825399984,0.07150946280620203,0.04824130298852722,0.016537414449602463,-0.09083556275906199,-0.012864802346382058,0.05595520268387419,0.017269539927308293,-0.035612895278368584,-0.05865601678933303,-0.06176180680248807
802,0.03223561708346208,0.05321788160251185,0.010791209501792631,0.06260025505551696,0.05214769454175549,-0.01255877680473109,0.06719771983644916,0.06516418858680059,0.0492758897269837,0.016811891915699914,-0.015806339504420387,-0.006756179277677893,-0.02775432483880939,0.0035007798920464336,-0.030645721609290747,0.027910536194669523,0.01970623765645272,0.06570940764382426,0.04614115426521307,-0.005814780866760401,0.008527595105345247
803,0.02043033461432674,0.006085282308852949,-0.013945795051438253,0.048796017761702545,0.039865583625172084,-0.015285831653700205,0.002021835830374982,-0.0018427708801756102,-0.0033481605894797144,0.012649918105789538,0.11892341877393034,0.12926506844514737,0.15170152090831238,0.08927835889575753,0.026650294369621963,0.05023086249500809,0.021330709658760057,-0.034785772257091875,0.10183186860558922,0.05790043189516751,0.020841236177624917
804,0.015325103577544191,0.02367804367127799,0.019082143207103875,-0.05519291734833666,0.041034435089818105,0.012210156230299331,-0.05196133780222694,0.0028742228637099495,0.07942804085490669,0.03591066926944299,-0.03904979439636809,0.12146480651081562,0.24223348615295345,0.011503904041554106,0.11178376376371055,0.23686636505316352,0.05075880985350582,0.02759643671691845,0.03515115371325843,0.0540311695998272,-0.00521909168479309
805,0.024648367639700457,0.03451567945184562,0.05996617158513001,0.02344835378555335,0.029657446232651936,0.010578799310315386,0.029152458653708312,0.01081979999768568,-0.02994043999248146,0.00732898516381754,0.02039034568448307,-0.055460249568366704,0.02770419661784631,0.08287636971891303,0.009333812953931188,-0.016832619674398547,-0.08588848725511113,0.21976450582355572,-0.02177030502227734,0.22666738584077392,0.16025330892228135
806,0.0492758897269837,0.016811891915699914,-0.015806339504420387,0.016278769969292395,-0.03863058990098991,-0.001764216062209568,-0.06529203476732443,0.10692926466615334,0.052818503065756854,0.01695484128659917,-0.016422824860008324,0.06679229388045187,0.03227390694017979,-0.0162359438464235,-0.09028939417877037,-0.002782893872620861,0.07608944778980152,-0.0005898371524523021,-0.0489350186692615,-0.06482928669907931,-0.08472219196931578
807,0.015523407838747783,-0.08073559907332292,-0.001443580023459719,0.0017092297775827784,0.05977963840371972,-0.01375974830781866,-0.009995613412700156,-0.03833580052512118,0.07122724602773757,-0.04075534184360642,0.08570673383282468,0.03248304695564635,0.019644900767271215,0.061907521205541424,0.04354140256395621,-0.0011521168442352808,0.06996550155243682,0.0634970250320656,0.04812106459312323,0.00815540984005874,-0.15049273384696898
808,0.0728438969030247,0.10401486493516268,0.03510483726889428,0.0183397684187012,-0.0032982567368964053,-0.03826419835710366,0.031453163421733106,0.021294956482008322,0.06530943345197676,-0.0173456788167319,0.006702524739548357,-0.007547991372525836,0.01970623765645272,0.06570940764382426,0.04614115426521307,-0.005814780866760401,0.045526761041284745,-0.0250570493462878,-0.02094376794236849,0.013055502677213972,0.03913718739332794
809,-0.005529137560678465,-0.06566738679306296,-0.020389869958670415,0.0017092297775827784,0.05977963840371972,-0.01375974830781866,-0.009995613412700156,-0.03833580052512118,0.07122724602773757,-0.04075534184360642,0.08570673383282468,0.009428846587031999,0.02435138468706542,0.02604189038723279,0.019549987029530605,0.023175625805814403,0.006982664079105983,-0.020490841137627124,-0.011513472180371801,0.03614906441302523,0.005747103245119043
810,0.0061949975367046,-0.019068281816173573,-0.0713840292511914,0.0028870675659669913,0.0946013051011754,-0.04511760309730755,-0.05776803244126003,-0.07780113493787241,-0.08523360912573254,0.030474884881794746,0.19476497723196481,0.054359119672220756,-0.13929387142881344,-0.07282663330833591,-0.011106035712797547,0.04490965294620502,-0.04938033602649569,-0.05318883424782888,0.024361540486821234,-0.006680494674934709,0.05913742100584076
811,0.055909746701747885,0.037811335473967846,-0.026074719040020927,0.0927671693931366,0.010791209501792631,0.06260025505551696,0.05214769454175549,-0.01255877680473109,0.06719771983644916,0.06516418858680059,0.0492758897269837,0.016811891915699914,0.015829479993895876,0.04354140256395621,-0.0011521168442352808,0.06996550155243682,0.0634970250320656,0.04812106459312323,0.017461980216704025,-0.027010873579979045,-0.014730314040599294
812,-0.005346549189384994,0.08806943722472424,0.039865583625172084,-0.015285831653700205,0.002021835830374982,-0.015399873113833076,-0.03826419835710366,0.031453163421733106,0.021294956482008322,-0.005346549189384994,0.08806943722472424,0.039865583625172084,-0.015285831653700205,0.002021835830374982,0.010378517818891844,0.04322905070815375,0.01695484128659917,-0.037715375123555536,-0.05917818288180227,0.008367286199831514,0.07633428797990718
813,-0.003001089421959837,-0.09009055783775237,-0.04822456859237323,0.011789268251337469,-0.004737227059644066,-0.01766156035542441,-0.1425588762630393,-0.07335021298209492,0.030783248129296784,0.042378203761738245,0.0012446836373436378,-0.007829901167596347,-0.02712704838623795,0.05550996276826985,-0.042678964071087205,0.023634010206012964,0.07067891964497917,0.04814752713631171,0.03982964454413606,0.06044932323785948,0.020655242408598253
814,-0.0489350186692615,-0.06482928669907931,-0.08472219196931578,-0.10825506337615295,0.263310632907053,0.11011995149387833,0.03595651255263394,0.1784795106950509,0.17095955027704018,-0.011320186630305316,0.07915219983666547,0.07424945199336273,0.0540311695998272,-0.00521909168479309,0.05102624206575158,0.020933622671211866,0.04590908523343384,0.05961348252391238,0.031214668156433666,-0.005882052214064101,0.015240443207146707
815,0.009333812953931188,-0.016832619674398547,-0.08588848725511113,0.027031862256106813,0.02011951119186278,-0.081205586329834,-0.07649533509282554,0.004887389884845521,0.24334785007519066,0.03483200682607578,0.09687186759712554,0.15927582686149339,0.13331833453538028,0.005168656270110838,0.01860029890708141,0.06669800285182495,0.033619419513257524,0.09660961896248449,0.03875830766692102,0.042671270030834596,-0.031419770986970096
816,-0.030645721609290747,0.05179656585435843,-0.013293106975691601,-0.019886363012011198,-0.010058576582565997,0.014796192932722805,0.0823473341015913,0.05731174544484317,0.028748656926538833,-0.006766053924133821,-0.013687465687720385,-0.014879420061233384,0.031133313490282106,0.007798985953508917,0.07819459062322921,0.044448562392878324,-0.006790861538028222,0.009433281355915271,-0.014600470371364999,-0.005535919993249112,0.01577757943279184
817,0.020149016518727223,0.09243218492997904,0.059001729166159776,0.047856138232220576,0.006022037143394236,0.020204766968143936,0.006982664079105983,-0.020490841137627124,-0.011513472180371801,0.03614906441302523,0.005747103245119043,0.07395787540543002,0.042413614625101466,-0.009200394809037693,0.004299657044073789,-0.01473198548039481,0.0033751049213474834,0.011213727722435705,0.013538887880741127,-0.009866661182637375,-0.029950006555454843
818,0.02349940927067805,-0.016313320641010303,0.09849201751450516,0.01685672166555747,0.025860773477762753,0.017924797219877563,0.023580997183367442,0.017281620614598397,-0.034287320165793035,0.016661813725847092,0.017238679523561444,-0.08531813387807584,0.051639251347764654,0.06679229388045187,0.03227390694017979,-0.0162359438464235,-0.09028939417877037,-0.002782893872620861,0.07608944778980152,-0.0005898371524523021,-0.0489350186692615
819,0.01186360118715825,-0.00505393398592306,0.027342220336279893,0.032401305533269247,-0.05671392275349171,0.009416902762785275,0.010180296726133154,0.032883772015831446,0.010764415351345306,0.03778550351643654,0.0007639960399501508,0.03846181439477531,0.05090386806201433,0.020149016518727223,0.08792739069735675,0.019082143207103875,-0.05519291734833666,0.041034435089818105,0.012210156230299331,-0.05196133780222694,0.0028742228637099495
820,0.023963976708823272,0.06221864309081806,-0.002881656542227375,0.02517833335626331,0.09044619152700702,0.06289913574610867,0.016811891915699914,-0.015806339504420387,-0.022624027600938547,0.021486469795082428,0.047198711375346154,0.02734539182641244,0.032177038443231165,0.017355998364001222,0.004345290344611144,0.001665061697892903,-0.007154718189339423,0.02090016898043685,0.008628622429817838,0.02554805067516022,-0.011346396815389154
821,0.02759643671691845,-0.005297334717018741,0.054950776773823706,0.06351461633079457,0.06771129635265376,0.07331847075741482,0.016233593856588773,0.02679779099817386,-0.0074318819833296195,0.11461050214255933,0.1442516967700536,0.12849048001054955,0.020712984020955096,0.005437065094973533,0.05017535607181645,0.04979001272479147,0.08622357462744075,0.055909746701747885,0.037811335473967846,-0.026074719040020927,0.0927671693931366
822,-0.014255860935147437,0.001396149368181709,0.00385394882475879,-0.0035989485344935825,-0.008671695817373782,-0.017376977939665986,0.03797585285006797,0.034830188290305736,-0.0683707738427256,-0.1209672773677749,0.03369555264704534,0.011257117079635537,0.009885871632892783,0.013450894429110424,0.032244481603573884,0.017924797219877563,0.023580997183367442,0.017281620614598397,-0.034287320165793035,0.016661813725847092,0.017238679523561444
823,0.008080301731063687,0.06736312926851827,0.06484997864763854,0.05543686808800729,-0.02775432483880939,0.0035007798920464336,-0.030645721609290747,0.027910536194669523,0.01970623765645272,0.06570940764382426,0.04614115426521307,-0.005814780866760401,0.008527595105345247,-0.010202013685965725,-0.0007087971577727721,0.01219014238418171,0.016357579018128617,-0.01475725902830638,-0.02942832466642877,0.03660958204538981,0.04647911062049513
824,-0.05685112987281479,-0.1431778791867063,-0.00941616276317299,0.02056614342377341,0.020327262293546484,-0.08889000711334612,0.008442502072560752,-0.03322227229726265,0.06547859457587751,0.012552498632147085,-0.0005763305691675266,-0.039406788034806274,0.06748800444979743,-0.04850554726351195,0.026955011035204188,0.06436676991295626,0.02303278315861766,0.023504173591286825,0.014790474462585109,0.02278155912917828,-0.02456315189035098
825,-0.1457170726235326,-0.06833406106931146,0.02056614342377341,0.020327262293546484,-0.08889000711334612,0.008442502072560752,-0.03322227229726265,0.06547859457587751,0.012552498632147085,-0.0005763305691675266,-0.03835644159758718,-0.019067498641394894,0.01661130304753056,0.030664593091042983,0.045526761041284745,0.021049862769594634,0.026352301379043326,0.0012990776355567737,0.007170867643536217,-0.011679526504085241,0.007461879601311705
826,0.03227390694017979,-0.0162359438464235,-0.09028939417877037,-0.002782893872620861,0.07608944778980152,-0.0005898371524523021,-0.0489350186692615,-0.06482928669907931,-0.08472219196931578,-0.10825506337615295,0.263310632907053,0.11011995149387833,0.03595651255263394,0.1784795106950509,0.16284283111320444,0.01998665997633142,-0.031082690526254893,0.002430625486315612,0.07570685403943211,0.013127471629898833,0.043498732633943174
827,0.024910970380971356,0.04444616506221233,-0.09261339929158924,-0.09093940332212361,-0.07132791565052274,0.058365230668770134,-0.013287997462302109,-0.03260114711793072,0.10498664055254922,0.022458901633128824,-0.007778741942306582,-0.03716115413325973,-0.034936127697749966,0.008499036672793286,0.03590981164249519,-0.030569674068653747,-0.06118506855572103,-0.15790354778416274,-0.010432458507049902,0.05886859575445568,0.254888216607517
828,0.11157955438534486,0.17354461860428042,0.005093046603205656,0.03998519926936727,0.04310360874963124,-0.03845370595166686,0.07462004907188186,0.07988536334400807,0.06389158872160978,0.028516291247346292,0.015487793012481365,-0.09096881126589298,-0.05048555245022713,-0.004089574664219004,0.0014569153378469603,0.004961207336632868,-0.15464392607940886,-0.07638695467008619,0.0062943424767758155,0.03251710760405471,-0.07682537110950548
829,-0.056947025472608256,-0.08296368035457874,-0.12481355296141478,0.2341697026224454,0.11449748966614386,0.04721335484869471,0.1864918273196731,0.1912402838473926,-0.007339068801813674,0.032708833873126085,0.008602699758300063,-0.027893117321920374,0.02639861893020655,0.029078939581978474,0.06331349843036885,0.03112869326451413,0.0019359245923828542,0.007020421424277806,0.00043711952401027877,-0.006680494674934709,0.014945083156067693
830,-0.0173456788167319,0.006702524739548357,-0.007547991372525836,-0.004042477083777581,0.020435228983264355,0.006297766455834597,-0.01669743734389148,-0.0253224956421449,0.04237123697766942,0.034037086276389676,-0.020518616131547453,-0.011513472180371801,0.03614906441302523,0.005747103245119043,0.07395787540543002,0.042413614625101466,-0.009200394809037693,0.004299657044073789,-0.01473198548039481,0.0033751049213474834,0.011213727722435705
831,-0.09096881126589298,-0.05048555245022713,-0.004089574664219004,0.0014569153378469603,0.004961207336632868,-0.15464392607940886,-0.07638695467008619,0.0062943424767758155,0.03251710760405471,-0.07682537110950548,-0.020352219706992098,0.006940060669718801,0.033791252003787804,0.009119805272276776,0.008977307504258474,-0.02549187566543074,0.03916741147349725,-0.02234821186535241,-0.019886363012011198,0.027985131753974917,0.024649406615095838
832,0.0012990776355567737,0.007170867643536217,-0.011679526504085241,0.007461879601311705,0.0031790701162829277,-0.004489316240323887,-0.008127589068975276,-0.00505393398592306,0.027342220336279893,0.032401305533269247,-0.07383617068359147,-0.11268482126922406,0.014874046400746022,0.009961599505911202,0.0329867735043766,0.004729783438254615,0.021012075726165945,0.053974597623704164,0.1400620490374982,0.07715438445561038,0.2127050409126765
833,-0.04511760309730755,-0.05776803244126003,-0.07780113493787241,-0.08523360912573254,0.030474884881794746,0.19476497723196481,0.054359119672220756,0.085384685131117,0.14960067236142724,0.15728314174886657,-0.0007868436390697441,0.026508189548699945,0.06438663738759,0.022578594132397916,0.09140733834896966,0.044948861138336606,0.050512162209031305,-0.029910882190410843,0.09395215948939031,0.024905751099002196,0.04188973617586783
834,0.03797585285006797,0.034830188290305736,-0.08204674897890278,0.10692926466615334,0.052818503065756854,0.01695484128659917,0.008518869360942134,0.021049862769594634,0.026352301379043326,0.0012990776355567737,0.007170867643536217,-0.011679526504085241,0.007461879601311705,0.0031790701162829277,-0.004489316240323887,-0.008127589068975276,-0.00505393398592306,0.027342220336279893,0.032401305533269247,-0.07383617068359147,-0.1348806185844017
835,0.010266067463765634,0.08287636971891303,0.009333812953931188,-0.016832619674398547,-0.08588848725511113,0.027031862256106813,0.053648497988271496,-0.019069577522530502,-0.059344447409009064,-0.0976602067509475,-0.0557556817700381,-0.03205603826024159,0.2526262616941449,0.05619929885881941,0.07379625291980775,0.15240257127716805,0.1680627641109319,0.0007639960399501508,0.03846181439477531,-0.006892436757284809,-0.07031992292326242
836,0.10498664055254922,0.022458901633128824,-0.007778741942306582,-0.03716115413325973,-0.034936127697749966,-0.002758643663535876,-0.013921389247022832,0.0017344377427880998,0.0383700697461459,-0.004229448637686191,0.04426037679894457,0.015024797213813964,0.08978943009235238,0.18811433798098445,0.09021814789768995,0.19038427574162717,-0.002725805564664397,0.02413714607568401,0.05068818011555717,-0.041133885201600016,0.08365555280968927
837,-0.029534921581718058,0.02709928010278606,0.055970802408372225,-0.03677184575890198,-0.1218280230092854,-0.038618769215352976,0.0017344377427880998,0.04723916023128972,0.00385394882475879,-0.0035989485344935825,-0.008671695817373782,-0.017376977939665986,0.03797585285006797,0.034830188290305736,0.04145013435133094,0.0012446836373436378,-0.007829901167596347,-0.02712704838623795,0.05550996276826985,-0.042678964071087205,0.023634010206012964
838,-0.005814780866760401,0.008527595105345247,-0.010202013685965725,-0.0007087971577727721,0.01219014238418171,0.016357579018128617,-0.01475725902830638,-0.02942832466642877,0.03660958204538981,0.04647911062049513,-0.04572308988216685,-0.13068905238419817,-0.027128337150302294,0.017439536052967712,0.03651849782299039,-0.01713394966401948,0.061073824379587346,-0.11021329740245008,-0.10090048097460565,-0.07225149756105968,-0.015065250731236896
839,0.0854469118442216,0.06554334326021176,0.015232563943364053,-0.00011492672750969557,0.06786289075018366,0.019644900767271215,0.061907521205541424,0.04354140256395621,-0.0058890829353942156,0.02728045160063736,0.10238206753265651,0.04415707487510739,-0.011378475219155786,-0.0810228182142374,0.005199332304599804,0.012765043902344708,0.04028733948383551,-0.045389581123573476,-0.043472820294300434,-0.03166469678688542,-0.1329047130515534
840,0.10498664055254922,0.022458901633128824,-0.007778741942306582,-0.03716115413325973,-0.09513015088403766,-0.07716690882936779,0.05481731158778569,-0.005529137560678465,-0.06566738679306296,-0.020389869958670415,0.02183712354345284,0.011643800764499605,0.0031790701162829277,-0.004489316240323887,-0.008127589068975276,-0.00505393398592306,0.027342220336279893,0.032401305533269247,-0.07383617068359147,-0.11268482126922406,0.014874046400746022
841,0.009961599505911202,0.0329867735043766,0.004729783438254615,0.021012075726165945,0.053974597623704164,0.1400620490374982,0.07715438445561038,0.2127050409126765,0.010556726679935019,0.07369538944811423,0.03904977210986973,0.015847352608689344,-0.01262927522922229,0.09265456436381819,0.0452438535946445,0.02231189793737722,-0.08581948839162631,-0.06508105366372605,-0.0014427468015152075,-0.004922972172201207,-0.0002762711550266936
842,0.05068818011555717,-0.041133885201600016,-0.13764536902631724,-0.08005288392964759,-0.05865601678933303,-0.06176180680248807,-0.11395230555630652,0.10191809335007525,0.23386517694246298,-0.01210618658436047,0.14168675613036044,0.22283684317037525,0.02323773830564187,0.03947689379387463,0.009830092162553105,0.04298146736515457,0.07502408584230007,0.06667213500753454,0.06959588102455792,-0.009936918659731264,0.029728891762537946
843,-0.022169872968913627,-0.05821588772622714,-0.11916443213939447,0.06461142211478281,0.23535898697636634,-0.013624535480764548,0.22798934083862815,0.16445608965141556,0.025929747822988528,0.036219566792590606,-0.011359645980475837,0.1016350791241134,0.01252791852493433,0.05364691489810045,0.05974919523256175,-0.004820745568297918,0.01836401531758016,0.06786289075018366,0.019644900767271215,0.061907521205541424,0.04354140256395621
844,0.08105651591925545,-0.0049851771713745364,0.07472554095781088,0.02815498806673793,-0.03457835186186034,0.09907059068764777,0.009525257639794482,0.07623805115305331,-0.04895804795747495,-0.07821917475426834,-0.026852133123197418,0.0030069818919605347,-0.0021785246224466574,-0.10399664984710869,-0.10090048097460565,-0.049769954245097114,0.05369791876574997,-0.014347829529096627,-0.062258592534061,-0.011200022754991325,0.017044371176663856
845,0.026508189548699945,0.04935294295562346,-0.030515980052575612,0.09745846809380196,0.04415707487510739,-0.011378475219155786,-0.0810228182142374,0.005199332304599804,0.012765043902344708,0.04028733948383551,-0.045389581123573476,0.03191523339453132,0.020327262293546484,-0.08889000711334612,0.008442502072560752,-0.03322227229726265,0.06547859457587751,0.012552498632147085,0.029728891762537946,0.13545482518138127,-0.02996308879641303
846,0.057001927295215075,0.025957653285422967,0.04728589598410899,0.0339515426218907,-0.031032734108641196,0.10133919983596766,0.039463226707756656,0.037833419266079034,-0.08240092046298034,-0.06711143021698956,-0.009372199840067003,0.001754605321988245,-0.001517564516523798,-0.14258923569181944,-0.06851762111446583,-0.028919930259445434,0.04248151104216597,-0.02927708533922444,-0.05873782374826621,0.001374842288426062,0.016131477872899806
847,-0.030720136272704167,-0.007930492469347556,0.08135867933125521,0.016237304618384896,0.03276785207007106,0.005616486133727918,0.031990468729583256,-0.028890134044899925,0.037347660292486595,-0.020533393111316484,-0.013707163545777699,-0.011513472180371801,0.03614906441302523,0.005747103245119043,0.07395787540543002,0.042413614625101466,-0.009200394809037693,0.004299657044073789,-0.01473198548039481,0.0033751049213474834,0.011213727722435705
848,0.18605162301684083,0.015485571189997131,0.030169365189279703,0.02649688159950435,0.022833190338024337,0.06930880348256134,0.04671823888313922,-0.0066750398740466005,0.077739445343134,0.03982964454413606,0.06044932323785948,0.020655242408598253,-0.03567382466677644,-0.01046043074501207,0.028225122466648295,0.044647968058535034,0.026091687558453626,0.03341163695318257,0.0049317270532911505,0.007477942352647772,0.006612771198706547
849,-0.14258923569181944,-0.06851762111446583,-0.015552718746403819,-0.005133491311685329,0.011955345509019557,0.0183397684187012,0.001421243473463367,0.061925031612762665,-0.002881656542227375,0.02517833335626331,0.09044619152700702,0.05268977902213795,0.02176619879236522,-0.007656332504046889,-0.03507399595771937,0.016940676610758692,0.02902295906132065,0.047298920793161864,0.005320447429078421,-0.011443240120825341,-0.06504903210521822
850,0.025628320800981142,-0.08823696391282364,0.002721033292247158,-0.005133491311685329,0.04220342435102671,0.00888128311780124,-0.003576996288077466,-0.017420439501306575,0.03930624981704534,-0.03268418807681166,0.024820507352673524,0.05454457330743639,0.02157137338810507,0.0230773999402624,0.007822680867767927,0.03141904600384711,-0.014865073275704896,0.037043997380734404,-0.04056938058421847,-0.005637525045480252,-0.025838511639785726
851,0.012365818491159804,0.004842037492388549,-0.029855317197671,0.02639861893020655,0.044706988626883694,0.055383400241375814,0.07244614180189558,0.15728314174886657,-0.0007868436390697441,0.026508189548699945,0.06438663738759,0.022578594132397916,0.09140733834896966,0.044948861138336606,0.050512162209031305,-0.029910882190410843,0.09395215948939031,0.03564452028205749,0.024218604489924928,0.05175229404135538,0.07463734568278337
852,0.1043825189063411,0.1442516967700536,0.12849048001054955,0.020712984020955096,0.005437065094973533,0.01975672494237841,0.03930624981704534,-0.03268418807681166,0.024820507352673524,0.07876552832550344,0.016237304618384896,0.03276785207007106,0.005616486133727918,0.031990468729583256,-0.028890134044899925,0.037347660292486595,-0.020533393111316484,-0.012436708278717812,-0.027914669894337645,0.10498664055254922,0.022458901633128824
853,0.044647968058535034,0.026091687558453626,0.03341163695318257,0.0049317270532911505,0.007477942352647772,0.006612771198706547,-0.010420765207966178,0.021515981298733042,0.007974038851990953,-0.017751195343342213,-0.020869068846696422,0.016721652182922028,0.03808185594297404,-0.00496676521662024,-0.11399169447086158,-0.051075149006804765,-0.0021335904868741654,0.0331153666186435,0.008772262157337138,0.03948925873048987,0.005521986037352872
854,0.050512162209031305,-0.029910882190410843,0.09395215948939031,0.024905751099002196,0.04188973617586783,0.06439905428187961,-0.0007330077890140873,0.03764176433914727,0.08734846799044324,0.03790628799489715,0.022684370018144242,-0.013293106975691601,-0.019886363012011198,0.027985131753974917,0.024649406615095838,0.02232662736483993,0.05618386114043311,-0.07040960978373226,-0.06711143021698956,-0.009372199840067003,0.001754605321988245
855,0.12790301675578866,0.11004866409985843,0.1786296003926594,0.057001927295215075,0.025957653285422967,0.04728589598410899,0.0339515426218907,-0.031032734108641196,0.10133919983596766,0.039463226707756656,0.037833419266079034,-0.08240092046298034,-0.06711143021698956,-0.009372199840067003,0.001754605321988245,-0.001517564516523798,-0.14258923569181944,-0.06851762111446583,-0.028919930259445434,0.04248151104216597,-0.04938033602649569
856,-0.03381423652864563,0.05537910869697455,0.08490533966392713,0.02921620650682846,0.00644725239090928,-0.10003620956022498,-0.055412634380477395,0.013393092697523859,0.13962345787671138,0.09511245755734427,0.19460797607474095,-0.008248630740864026,0.06208251319461728,0.04618033823150406,-0.00039668250200649,0.0320296105725281,0.0748770995501764,0.028516291247346292,0.015487793012481365,-0.09096881126589298,-0.05048555245022713
857,0.05668850738506953,0.024910970380971356,0.04444616506221233,0.05750007864095875,0.029486966374752895,0.008080301731063687,0.06736312926851827,0.06484997864763854,0.05543686808800729,-0.02775432483880939,0.0035007798920464336,-0.030645721609290747,0.053947342530386994,0.043783032082419,0.03344474957879514,0.0029025417067542396,0.007221085628945011,0.009346032013199956,-0.014727339179581215,0.02043033461432674,0.006085282308852949
858,0.00435558155294859,-0.018978511458347606,-0.17421745351834747,0.05886859575445568,0.254888216607517,0.012076025850456295,0.09177072063153116,0.20618471364188823,0.09682711124749349,-0.020543648566530702,0.1016350791241134,0.01252791852493433,0.05364691489810045,0.05974919523256175,-0.004820745568297918,0.05314037668756117,0.07310831228205482,0.05407329072383777,0.013963011136263486,-0.01443544461218946,-0.019067498641394894
859,0.010578799310315386,0.029152458653708312,0.01081979999768568,-0.02994043999248146,0.00732898516381754,0.02039034568448307,-0.055460249568366704,0.02770419661784631,0.08287636971891303,0.009333812953931188,-0.016832619674398547,-0.08588848725511113,0.027031862256106813,0.053648497988271496,-0.019069577522530502,-0.059344447409009064,-0.0976602067509475,-0.0557556817700381,-0.03205603826024159,0.2526262616941449,0.05619929885881941
860,-0.055412634380477395,0.013393092697523859,-0.0031079031585684092,0.0007639960399501508,0.03846181439477531,0.05090386806201433,0.020149016518727223,0.09243218492997904,0.07748855379509016,0.00888128311780124,-0.003576996288077466,-0.017420439501306575,0.03930624981704534,-0.03268418807681166,0.024820507352673524,0.05454457330743639,0.02157137338810507,0.0230773999402624,0.007822680867767927,0.03141904600384711,-0.014865073275704896
861,0.0027414211450370565,0.025628320800981142,-0.08823696391282364,0.002721033292247158,0.025929747822988528,0.036219566792590606,0.03942978255274464,0.03223561708346208,0.0562120907260079,0.08487372572927601,0.06297750293665476,0.06162213799616464,0.023175625805814403,-0.03553245916052851,0.02849595128758009,0.006364926000034128,-0.04579112302167692,-0.01582101293001888,0.05764210194520755,0.0704862757948348,-0.04677990554653519
862,0.01695484128659917,0.06663148367852013,0.04684663102592058,0.0061949975367046,-0.019068281816173573,-0.0713840292511914,0.0028870675659669913,0.0946013051011754,-0.04511760309730755,-0.05776803244126003,-0.07780113493787241,-0.08523360912573254,0.030474884881794746,0.19476497723196481,0.054359119672220756,-0.017032436603389024,-0.01650675505206109,0.09376043479837523,0.010764415351345306,0.013427251399639835,0.05878796760083395
863,0.027985131753974917,0.024649406615095838,0.02232662736483993,0.05618386114043311,0.02554805067516022,-0.011346396815389154,-0.02840027754659333,0.02709928010278606,0.055970802408372225,-0.03677184575890198,-0.1218280230092854,-0.038618769215352976,0.0017344377427880998,0.0383700697461459,0.004622982518793713,0.032883772015831446,0.010764415351345306,0.013427251399639835,0.05878796760083395,0.1442680668719345,0.09036745043547073
864,0.016721652182922028,0.03808185594297404,-0.00496676521662024,-0.11399169447086158,-0.051075149006804765,-0.0021335904868741654,0.0331153666186435,0.008772262157337138,0.03948925873048987,0.005521986037352872,0.09381664737022734,0.14083582185004723,0.09874539105052259,0.1980595960206749,-0.007250054133614382,0.030701722466037865,-0.010202013685965725,-0.0007087971577727721,0.01219014238418171,0.016357579018128617,-0.01475725902830638
865,-0.056947025472608256,-0.08296368035457874,-0.12481355296141478,0.16833186243615636,0.006582451350926825,0.027910536194669523,0.01970623765645272,0.06570940764382426,0.04614115426521307,-0.005814780866760401,0.008527595105345247,-0.010202013685965725,-0.0007087971577727721,0.026723582360890695,0.044448562392878324,-0.006790861538028222,-0.0035823684957210105,0.012365818491159804,0.004842037492388549,-0.03719091389142518,-0.022830988391619886
866,0.022755690182547236,0.04265385277217921,0.15240257127716805,0.1680627641109319,0.0007639960399501508,0.03846181439477531,0.026464951458299777,0.00191833560601153,-0.08974303515891574,0.017527314762775668,0.028274969972201847,0.02828425184403354,-0.0810228182142374,0.005199332304599804,0.012765043902344708,0.04028733948383551,-0.045389581123573476,-0.043472820294300434,-0.03166469678688542,-0.1329047130515534,0.08950145097867729
867,0.02157137338810507,0.0230773999402624,0.007822680867767927,0.03141904600384711,-0.014865073275704896,0.037043997380734404,-0.04056938058421847,-0.005637525045480252,-0.025838511639785726,0.11886890957762948,0.005320447429078421,-0.011443240120825341,-0.06504903210521822,-0.011188332158927672,0.02420862082602183,0.028737402589274815,-0.033475418142976346,-0.05616080316826022,-0.15957931500483433,0.00963737490581092,0.044233642604987015
868,0.03942978255274464,0.03223561708346208,0.0562120907260079,0.08487372572927601,0.05356779014822743,-0.015332311026208764,0.05668850738506953,0.024910970380971356,0.04444616506221233,0.05750007864095875,0.029486966374752895,0.008080301731063687,0.12336995120460172,0.1912402838473926,-0.007339068801813674,0.032708833873126085,0.050713076916418395,0.02991114106029612,0.07775323221691115,0.08360971738967124,0.0441216471640192
869,-0.02155405246506647,0.09610273518539593,0.01685672166555747,0.025860773477762753,0.017924797219877563,0.023580997183367442,0.017281620614598397,-0.034287320165793035,0.01470418603052301,-0.009420387090581706,-0.04708895877279545,-0.013952515260988351,0.014874046400746022,0.009961599505911202,0.0329867735043766,0.004729783438254615,0.021012075726165945,0.053974597623704164,0.1400620490374982,0.07715438445561038,0.2127050409126765
870,-0.08073559907332292,-0.003870944107512582,-0.014683768648714483,0.06623824382816598,-0.0035657031842441177,-0.0040099439253633,-0.04624443418091701,0.07546919914540791,-0.052644045068644486,0.057391731731546526,0.04265630603855725,0.022807142819862326,0.02439044517374037,0.017073106277451525,0.020907862155915197,-0.028446372447748804,0.012365818491159804,0.004842037492388549,-0.03719091389142518,-0.022830988391619886,0.06797811455886198
871,-0.004229448637686191,0.04426037679894457,0.015024797213813964,0.08978943009235238,0.04576792541110715,-0.09190603741494878,-0.09492778842213713,0.014249098444838066,0.028343350896880053,0.030403777928640862,0.019290237091062958,0.00022826238394464397,0.026715605288100415,-0.013287997462302109,0.016704658023201487,0.08014730302853963,0.0551352858496667,0.020204766968143936,0.006982664079105983,-0.020490841137627124,-0.011513472180371801
872,-0.03553245916052851,0.02849595128758009,0.006364926000034128,-0.04579112302167692,-0.01582101293001888,0.05764210194520755,0.0704862757948348,-0.04677990554653519,-0.06866753903744134,0.03902140324040434,-0.05685112987281479,-0.1431778791867063,0.0028870675659669913,0.0946013051011754,-0.04511760309730755,-0.05776803244126003,-0.07780113493787241,-0.08523360912573254,0.030474884881794746,0.19476497723196481,0.054359119672220756
873,0.0452438535946445,-0.004003701477166462,-0.029950006555454843,0.041625614727588994,0.03305770518251055,-0.045628209002634,-0.13008317716932508,-0.023728592557452504,0.040829540244036434,0.01853262344435327,0.010068724907123608,0.022683386114089713,0.016515814760306495,0.13498531885131013,0.12926506844514737,0.15170152090831238,0.08927835889575753,0.026650294369621963,0.05023086249500809,0.021330709658760057,-0.034785772257091875
874,0.08733021923824424,0.083601952740726,0.03641138496146255,-0.028467015752386745,0.06842655064573248,0.024218604489924928,0.05175229404135538,0.07463734568278337,-0.002881656542227375,0.02517833335626331,0.09044619152700702,0.05268977902213795,0.02176619879236522,-0.007656332504046889,-0.03507399595771937,0.016940676610758692,0.02902295906132065,-0.008191109106544123,0.0900989218150235,0.04022077283856794,-0.0173456788167319
875,0.1864918273196731,0.1912402838473926,-0.007339068801813674,0.032708833873126085,0.050713076916418395,0.02991114106029612,0.07775323221691115,0.08360971738967124,0.0441216471640192,-0.019269455674365138,0.05607678211970807,0.020127943408622548,0.0528040198596846,0.06414806547249353,0.010441241355893008,0.0246433542126176,0.08014730302853963,0.06712701524973784,0.004842037492388549,-0.03719091389142518,-0.022830988391619886
876,-0.025838511639785726,0.11886890957762948,0.005320447429078421,-0.011443240120825341,-0.06504903210521822,-0.011188332158927672,0.02420862082602183,0.028737402589274815,-0.033475418142976346,-0.05616080316826022,-0.15957931500483433,0.00963737490581092,0.044233642604987015,0.24223348615295345,0.011503904041554106,0.11178376376371055,0.23686636505316352,0.05075880985350582,0.02759643671691845,-0.005297334717018741,0.054950776773823706
877,0.07946234483177844,0.04684663102592058,0.0061949975367046,-0.019068281816173573,-0.0713840292511914,0.0028870675659669913,0.0946013051011754,-0.04511760309730755,-0.05776803244126003,-0.09554117175067356,0.008499036672793286,-0.025122131851632742,-0.011188332158927672,0.02420862082602183,-0.08740828567368641,-0.002782893872620861,0.07608944778980152,-0.0005898371524523021,-0.0489350186692615,-0.06482928669907931,-0.08472219196931578
878,-0.004093450140098699,-0.014982093628872283,-0.015130296811596812,0.009028741917982133,0.02870977967473705,0.014457527269098392,0.017133382906160493,0.00047633873481533844,0.017044371176663856,0.04724433085543002,-0.011456943698128315,-0.016235574331397593,-0.02641509517482331,0.02349940927067805,-0.016313320641010303,0.09849201751450516,0.01685672166555747,0.025860773477762753,0.017924797219877563,0.023580997183367442,0.017281620614598397
879,0.09381664737022734,0.14083582185004723,0.09874539105052259,0.1980595960206749,-0.007250054133614382,0.05536150111826453,0.04405280732275557,-0.03381423652864563,0.05537910869697455,0.08490533966392713,0.02921620650682846,0.00644725239090928,0.05023086249500809,0.021330709658760057,0.0019730420120417083,-0.01315090154732808,-0.037196617343158475,0.09745846809380196,0.04415707487510739,-0.011378475219155786,-0.0810228182142374
880,0.0492758897269837,0.016811891915699914,-0.015806339504420387,-0.022624027600938547,0.021486469795082428,0.047198711375346154,0.02734539182641244,0.032177038443231165,0.017355998364001222,0.004345290344611144,0.001665061697892903,-0.007154718189339423,0.02090016898043685,-0.004093450140098699,-0.014982093628872283,-0.015130296811596812,0.009028741917982133,0.02870977967473705,0.022755690182547236,-0.08633037716556878,-0.0929254930148846
881,-0.14639355121872283,-0.08529826441375793,0.007108112278546442,0.04154225173810074,-0.06581065085683803,-0.03651943588496546,0.008475104952900851,0.02765786528493706,0.024600949002244726,0.003387299348614436,-0.0063702696439608235,0.02367804367127799,0.019082143207103875,-0.05519291734833666,0.041034435089818105,0.012210156230299331,-0.05196133780222694,0.0028742228637099495,0.07942804085490669,0.03591066926944299,-0.03904979439636809
882,0.001623004560214426,-0.01534755215224717,-0.09563878585135667,-0.034902765518025916,0.00110658245929761,-0.0019707085426019775,-0.07311732007286383,-0.09889894590370596,-0.07716690882936779,0.05481731158778569,-0.005529137560678465,-0.06566738679306296,-0.020389869958670415,0.0017092297775827784,0.05977963840371972,-0.01375974830781866,-0.009995613412700156,-0.03833580052512118,0.07122724602773757,-0.04075534184360642,0.08570673383282468
883,-0.055412634380477395,0.013393092697523859,-5.8338600625194406e-05,-0.010248523690522197,-0.15567643467981396,-0.05578242451271492,0.0027414211450370565,0.025628320800981142,-0.08823696391282364,0.002721033292247158,-0.005133491311685329,0.04220342435102671,0.00888128311780124,-0.003576996288077466,-0.017420439501306575,0.03930624981704534,-0.03268418807681166,0.024820507352673524,0.05454457330743639,0.02157137338810507,0.0230773999402624
884,0.03916741147349725,-0.030720136272704167,-0.007930492469347556,0.08135867933125521,0.016237304618384896,0.03276785207007106,0.005616486133727918,0.031990468729583256,-0.028890134044899925,0.037347660292486595,-0.020533393111316484,-0.012436708278717812,-0.027914669894337645,0.10498664055254922,0.022458901633128824,-0.007778741942306582,-0.03716115413325973,-0.034936127697749966,0.008499036672793286,0.03590981164249519,0.02862171067799249
885,0.012275326094953992,0.10652074418392923,0.15471591201636187,0.05324408767827695,-0.007547991372525836,-0.004042477083777581,0.020435228983264355,0.006297766455834597,-0.01669743734389148,-0.0253224956421449,0.04237123697766942,0.034037086276389676,-0.02180809449981505,0.0029025417067542396,0.007221085628945011,0.009346032013199956,-0.014727339179581215,-0.013309453877229337,0.023597433850476822,-0.022856495367242196,-0.004517566543534055
886,0.008499036672793286,0.03590981164249519,-0.030569674068653747,-0.06118506855572103,-0.15790354778416274,-0.010432458507049902,0.05886859575445568,0.254888216607517,0.012076025850456295,0.09177072063153116,0.20618471364188823,0.09682711124749349,0.02679779099817386,-0.0074318819833296195,0.055383400241375814,0.05517479340364767,0.03750650966138442,-0.031419770986970096,0.1016350791241134,0.01252791852493433,0.05364691489810045
887,0.1786110197944668,0.18605162301684083,0.015485571189997131,0.030169365189279703,0.0390735762277403,0.05090386806201433,0.020149016518727223,0.09243218492997904,0.059001729166159776,0.047856138232220576,-0.02592957193685902,0.0746436849787944,0.05980017605093986,-0.006766053924133821,-0.013687465687720385,-0.014879420061233384,0.031133313490282106,0.007798985953508917,0.07819459062322921,0.044448562392878324,-0.006790861538028222
888,-0.0051051083419211,-0.01607082458684289,-0.017449686457939966,0.03195651403544279,0.032987146810026395,0.043783032082419,0.03344474957879514,0.0029025417067542396,0.007221085628945011,0.009346032013199956,-0.014727339179581215,0.02043033461432674,0.006085282308852949,-0.013945795051438253,-0.027931969716044284,0.020422863599038738,0.0576371770949132,-0.026072889377660884,-0.12253989570409915,-0.03621649721069029,-0.0131336109081202
889,-0.05873782374826621,0.001374842288426062,0.016131477872899806,0.04083681163566783,-0.008660317960369103,-0.007793790640338689,-0.12036325534435462,-0.08772596864057779,-0.042448068992912216,0.057498151475025974,-0.03099676014357284,-0.056746431009554614,-0.002423868950951307,0.01041279437881343,0.046225217964285595,-0.0034178765959546687,-0.02871232318376256,-0.016800826856763127,0.019385155276800098,-0.0028759325671209564,0.07791135487191457
890,0.083601952740726,0.03641138496146255,-0.012698410984718475,0.02423140145385302,0.014796192932722805,0.0823473341015913,0.05731174544484317,0.02884146501787851,-0.03269455800362337,0.09547372235376145,0.07520625932878826,0.001623004560214426,-0.01534755215224717,-0.09563878585135667,-0.034902765518025916,0.00110658245929761,-0.0019707085426019775,-0.07311732007286383,-0.09889894590370596,-0.07716690882936779,0.05481731158778569
891,-0.01938484730921016,-0.1457170726235326,-0.06833406106931146,0.02056614342377341,0.020327262293546484,-0.08889000711334612,0.008442502072560752,-0.03322227229726265,0.06547859457587751,0.012552498632147085,-0.0005763305691675266,-0.039406788034806274,0.06748800444979743,-0.04850554726351195,0.016380283518491627,-0.005297334717018741,0.054950776773823706,0.06351461633079457,0.06771129635265376,0.07331847075741482,0.0021443880627073906
892,-0.029910882190410843,0.09395215948939031,0.024905751099002196,0.04188973617586783,0.06439905428187961,-0.0007330077890140873,0.03764176433914727,0.08734846799044324,0.03790628799489715,0.022684370018144242,-0.013293106975691601,-0.019886363012011198,0.04813196070943962,0.02841273061469006,0.047442303827898546,0.0685423723087051,-0.00311542308986455,0.02744969203863194,0.10401486493516268,0.03510483726889428,0.0183397684187012
893,0.01853262344435327,0.010068724907123608,0.022683386114089713,0.016515814760306495,0.13498531885131013,0.12926506844514737,0.15170152090831238,0.08927835889575753,0.026650294369621963,0.05023086249500809,0.021330709658760057,-0.034785772257091875,0.10183186860558922,0.05790043189516751,0.020841236177624917,-0.006660364203671861,0.008527595105345247,-0.010202013685965725,-0.0007087971577727721,0.01219014238418171,0.016357579018128617
894,0.09874539105052259,0.030956463116623888,-0.013534918400980867,-0.026853141604926915,0.04509197743886771,0.031861365171198065,-0.060927950869310125,-0.13787805025683347,-0.0020105680194356466,0.04248574632216505,0.02403911798411785,-0.0006670782883442124,0.03209308509343252,0.032037542390131735,0.13328823247215815,0.10421237703207416,0.18772419387962436,0.06552574171230927,0.023924418008826748,0.05838048512076765,0.019600514325103572
895,0.050512162209031305,-0.029910882190410843,0.09395215948939031,0.024905751099002196,0.04188973617586783,0.06439905428187961,-0.0007330077890140873,0.03764176433914727,0.08734846799044324,0.03790628799489715,0.022684370018144242,-0.013293106975691601,-0.019886363012011198,0.027985131753974917,0.024649406615095838,0.02232662736483993,0.05618386114043311,0.02554805067516022,-0.011346396815389154,0.00966076592308283,-0.004896598863669388
896,0.15927582686149339,0.13331833453538028,0.005168656270110838,0.01860029890708141,0.06669800285182495,0.033619419513257524,0.09660961896248449,0.03875830766692102,0.042671270030834596,-0.031419770986970096,0.1016350791241134,0.01252791852493433,0.05364691489810045,0.05974919523256175,-0.004820745568297918,0.05314037668756117,-0.010517477044165632,0.02039034568448307,-0.055460249568366704,0.02770419661784631,0.08287636971891303
897,0.04310360874963124,-0.03845370595166686,0.07462004907188186,0.0648244990664447,0.028516291247346292,0.01700866334798155,-0.006905108733557086,-0.029534921581718058,0.02709928010278606,0.055970802408372225,-0.03677184575890198,-0.1218280230092854,-0.038618769215352976,0.0017344377427880998,0.034571651412254226,0.020435228983264355,-0.023869086536535286,-0.008127589068975276,-0.00505393398592306,0.027342220336279893,0.032401305533269247
898,-0.08529826441375793,0.007108112278546442,0.04154225173810074,-0.06581065085683803,-0.03651943588496546,0.008475104952900851,0.02765786528493706,0.024600949002244726,0.003387299348614436,-0.020431440671730198,0.01494708349826697,0.07122724602773757,-0.04075534184360642,0.08570673383282468,0.009428846587031999,0.02435138468706542,0.02604189038723279,0.019549987029530605,0.023175625805814403,-0.03553245916052851,0.02849595128758009
899,0.05649429316671417,0.022833190338024337,0.06930880348256134,0.04671823888313922,-0.0066750398740466005,0.077739445343134,0.03982964454413606,0.06044932323785948,0.020655242408598253,-0.00905446332849567,0.031861365171198065,-0.060927950869310125,-0.13787805025683347,0.05564211838046724,-0.033475418142976346,-0.05616080316826022,-0.15957931500483433,0.00963737490581092,0.044233642604987015,0.24223348615295345,0.011503904041554106
900,0.026650294369621963,0.05023086249500809,0.021330709658760057,-0.034785772257091875,0.10183186860558922,0.05790043189516751,0.020841236177624917,0.022351236379838,-0.01475725902830638,-0.02942832466642877,0.03660958204538981,0.04647911062049513,-0.04572308988216685,-0.1118012537255489,-0.08713712885671722,-0.027128337150302294,0.022179805680957593,0.0576371770949132,-0.026072889377660884,-0.12253989570409915,-0.03621649721069029
901,0.006171945495862345,0.0313435380150615,-0.012788132184603986,0.023597433850476822,-0.022856495367242196,-0.004517566543534055,-0.07031992292326242,0.12512951565687028,0.04630595254479673,0.0033421825569468046,-0.04227611970469211,-0.050498900630185264,0.010783273399662228,0.04645933327868312,-0.031242931752715704,-0.04904310773206642,-0.10338315238127574,-0.05509488366834008,0.011611238192971548,0.23950488532678857,0.04837086616455555
902,0.026352301379043326,0.0012990776355567737,0.007170867643536217,-0.011679526504085241,0.007461879601311705,0.0031790701162829277,-0.004489316240323887,-0.008127589068975276,-0.00505393398592306,0.027342220336279893,0.032401305533269247,-0.07383617068359147,-0.11268482126922406,0.014874046400746022,0.009961599505911202,0.0329867735043766,0.004729783438254615,0.021012075726165945,0.053974597623704164,0.1400620490374982,0.07715438445561038
903,0.02231189793737722,-0.08581948839162631,-0.06508105366372605,-0.0014427468015152075,-0.004922972172201207,-0.0002762711550266936,-0.1449848810164573,-0.07282663330833591,-0.011106035712797547,0.04490965294620502,-0.04938033602649569,-0.05318883424782888,0.008718766633751039,0.024648367639700457,0.03451567945184562,-0.01021194743165507,-0.033074350021090174,0.04800823393719242,-0.02996308879641303,-0.020846727225749255,0.10256063737013693
904,-0.06118506855572103,0.22740913766331494,0.11449748966614386,0.04721335484869471,0.1864918273196731,0.1912402838473926,-0.007339068801813674,0.032708833873126085,0.050713076916418395,0.02991114106029612,0.07775323221691115,0.08360971738967124,0.0441216471640192,-0.019269455674365138,0.05607678211970807,0.020127943408622548,0.0528040198596846,0.038544004229719375,0.019549987029530605,0.023175625805814403,-0.03553245916052851
905,0.02334834607514963,-0.0063949693526819855,-0.02155405246506647,0.07772641030097946,0.031176078979686366,0.03779158738155633,0.00851847444375363,0.021435570978467603,0.015126061979743104,-0.02792503850162619,0.004381774557754737,0.01639230386462114,-0.06110037982224164,0.07946234483177844,0.04684663102592058,0.0061949975367046,-0.019068281816173573,-0.0713840292511914,0.0028870675659669913,0.0946013051011754,-0.04511760309730755
906,0.021625158554888915,0.0031790701162829277,-0.004489316240323887,0.0015758165291742405,-0.013148571141253456,-0.03327052651534079,0.033919103148152926,0.04751357520136966,-0.045693205856184464,-0.12218888144058664,-0.03311736690928855,0.029156456970374847,0.020315402513363848,0.006287851614069399,0.029239223785477764,0.016288290926872614,0.1315825200212921,0.04226185005890788,0.04806240645073723,0.016226096778767064,-0.03269455800362337
907,0.0017344377427880998,0.0383700697461459,-0.004229448637686191,0.04426037679894457,0.015024797213813964,0.08978943009235238,0.18811433798098445,0.09021814789768995,0.19038427574162717,-0.002725805564664397,0.034411622781439305,-0.014600470371364999,-0.005535919993249112,0.01577757943279184,0.017210955642604907,-0.013148571141253456,-0.03327052651534079,0.033919103148152926,0.04751357520136966,-0.045693205856184464,-0.12218888144058664
908,0.024648367639700457,0.03451567945184562,-0.01021194743165507,-0.033074350021090174,0.04800823393719242,-0.02996308879641303,-0.020846727225749255,0.10256063737013693,0.011702624363025375,0.0417510739700792,-3.963623685946036e-05,0.030429494047507367,-0.00887580242302415,0.03762618374216922,-0.0007330077890140873,0.03764176433914727,0.08734846799044324,0.03790628799489715,0.022684370018144242,-0.013293106975691601,-0.019886363012011198
909,0.18811433798098445,0.09021814789768995,0.19038427574162717,-0.002725805564664397,0.02413714607568401,0.05068818011555717,-0.041133885201600016,0.08365555280968927,0.0799543854539114,-0.012964228954416082,0.01848809379400931,-0.10478409704311777,-0.050209993324580156,0.020283963990658363,0.047758168144212625,0.0183397684187012,-0.0032982567368964053,-0.03826419835710366,0.031453163421733106,0.021294956482008322,-0.005346549189384994
910,0.03209308509343252,0.032037542390131735,0.13328823247215815,0.10421237703207416,0.18772419387962436,0.06864063690685164,-0.029950006555454843,0.041625614727588994,0.03305770518251055,-0.045628209002634,-0.13008317716932508,-0.023728592557452504,0.040829540244036434,0.01853262344435327,0.010068724907123608,0.022683386114089713,0.016515814760306495,0.08162515473025442,0.02740464613057831,-0.022181734731348293,0.03302551187024177
911,0.06731191675511113,0.05974919523256175,-0.004820745568297918,0.05314037668756117,0.07310831228205482,0.05407329072383777,0.013963011136263486,-0.01443544461218946,-0.019067498641394894,0.01661130304753056,0.030664593091042983,0.045526761041284745,0.021049862769594634,0.026352301379043326,0.0012990776355567737,0.007170867643536217,-0.011679526504085241,0.007461879601311705,0.0031790701162829277,-0.004489316240323887,-0.008127589068975276
912,-0.014879420061233384,0.031133313490282106,0.007798985953508917,0.07819459062322921,0.044448562392878324,-0.006790861538028222,0.009433281355915271,-0.014600470371364999,0.034875732629723266,0.017461980216704025,-0.027010873579979045,-0.014730314040599294,0.02826162078001348,0.04939081639495947,0.012204001535472821,0.043707444721036194,0.008125885190452386,0.005839169704932225,0.000596609706238854,-0.003198480817079996,-0.0018042263312843755
913,0.03447611249478252,-0.007930492469347556,0.08135867933125521,0.016237304618384896,0.03276785207007106,0.005616486133727918,0.031990468729583256,-0.028890134044899925,0.037347660292486595,-0.020533393111316484,-0.01148283849841058,0.013127471629898833,0.043498732633943174,0.006171945495862345,0.0313435380150615,-0.012788132184603986,0.023597433850476822,-0.022856495367242196,-0.004517566543534055,-0.07031992292326242,0.025115073947075493
914,0.0033421825569468046,-0.04227611970469211,-0.12281810424592568,0.04982300929955519,0.021457461599548977,-0.05439192569851582,-0.03603910562800098,-0.05685112987281479,-0.1431778791867063,0.019453904584352647,-0.11916443213939447,0.06461142211478281,0.23535898697636634,-0.013624535480764548,0.22798934083862815,0.16445608965141556,0.025929747822988528,0.036219566792590606,0.03942978255274464,0.03223561708346208,0.0562120907260079
915,-3.963623685946036e-05,0.030429494047507367,-0.00887580242302415,0.011878759963531013,-0.01970843724354158,-0.001764216062209568,-0.06529203476732443,0.10692926466615334,0.052818503065756854,0.01695484128659917,-0.037715375123555536,-0.05917818288180227,0.008367286199831514,0.07633428797990718,-0.04962330899281994,-0.05073514033788832,-0.081205586329834,-0.07649533509282554,0.004887389884845521,0.24334785007519066,0.03483200682607578
916,-0.01255877680473109,0.02248985212827792,-0.013624535480764548,0.22798934083862815,0.16445608965141556,0.025929747822988528,0.04188944083539121,-0.015332311026208764,0.05668850738506953,0.024910970380971356,0.04444616506221233,0.05750007864095875,0.029486966374752895,0.008080301731063687,0.06736312926851827,0.06484997864763854,0.05543686808800729,-0.02775432483880939,0.0035007798920464336,-0.030645721609290747,0.027910536194669523
917,-0.031032734108641196,0.10133919983596766,0.039463226707756656,0.037833419266079034,-0.08240092046298034,-0.0658475100762616,-0.02486485722016533,-0.002487481497062186,-0.0027283911528191464,-0.09261339929158924,-0.09093940332212361,-0.07132791565052274,0.058365230668770134,-0.04151430332439399,-0.05873782374826621,0.001374842288426062,0.016131477872899806,0.05436001270046176,0.001396149368181709,0.00385394882475879,-0.0035989485344935825
918,-0.07682537110950548,0.007039154118347256,-0.0074318819833296195,0.055383400241375814,0.05517479340364767,0.08078541694248285,0.06554334326021176,0.015232563943364053,-0.00011492672750969557,0.06786289075018366,0.019644900767271215,0.061907521205541424,0.04354140256395621,-0.0011521168442352808,0.06996550155243682,0.015175213844231155,0.06803781507247683,0.02841273061469006,0.047442303827898546,0.0685423723087051,-0.00311542308986455
919,0.06436676991295626,0.02303278315861766,0.05992675599698476,0.02841273061469006,0.047442303827898546,0.0685423723087051,-0.00311542308986455,0.02744969203863194,0.10401486493516268,0.03510483726889428,0.0183397684187012,-0.0032982567368964053,-0.03826419835710366,0.031453163421733106,0.021294956482008322,-0.005346549189384994,0.08806943722472424,0.039865583625172084,-0.015285831653700205,0.002021835830374982,-0.0018427708801756102
920,0.029152458653708312,0.01081979999768568,-0.0103245745688905,0.03948925873048987,0.005521986037352872,0.09381664737022734,0.14083582185004723,0.09874539105052259,0.1980595960206749,-0.007250054133614382,0.05536150111826453,0.04405280732275557,-0.03381423652864563,0.05537910869697455,0.08490533966392713,0.02921620650682846,0.00644725239090928,-0.02942832466642877,0.03660958204538981,0.04647911062049513,-0.04572308988216685
921,-0.07132791565052274,0.058365230668770134,-0.013287997462302109,-0.05387380003170251,-0.02616373777776799,-0.0004640594308981007,0.06575677282832645,-0.014169577538660988,-0.017246124246697962,-0.021319727455457294,0.025455493242960484,0.029486966374752895,0.008080301731063687,0.06736312926851827,0.06484997864763854,0.05543686808800729,-0.02775432483880939,0.0035007798920464336,-0.030645721609290747,0.0019129050839761682,0.041034435089818105
922,-0.10825506337615295,0.263310632907053,0.11011995149387833,0.03595651255263394,0.1784795106950509,0.17095955027704018,-0.011320186630305316,0.05327822497532394,0.0462263520970877,0.02728045160063736,0.08733021923824424,0.083601952740726,0.03641138496146255,-0.028467015752386745,0.06842655064573248,0.024218604489924928,0.05175229404135538,0.07463734568278337,-0.002881656542227375,0.02517833335626331,0.09044619152700702
923,0.1043825189063411,0.1442516967700536,0.12849048001054955,0.020712984020955096,0.005437065094973533,0.05017535607181645,0.04979001272479147,0.08622357462744075,0.055909746701747885,0.07546919914540791,-0.052644045068644486,0.057391731731546526,0.04265630603855725,0.022807142819862326,0.02439044517374037,-0.0006481755779849416,0.007170867643536217,-0.011679526504085241,0.007461879601311705,0.0031790701162829277,-0.004489316240323887
924,0.012275326094953992,0.10652074418392923,0.15471591201636187,0.1195536119516561,0.16077321134488992,-0.04240740097978064,-0.0131336109081202,0.05175637262437421,-0.00039668250200649,0.0320296105725281,0.0748770995501764,0.028516291247346292,0.015487793012481365,-0.09096881126589298,-0.05048555245022713,-0.004089574664219004,0.0014569153378469603,0.004961207336632868,-0.15464392607940886,-0.07638695467008619,0.0062943424767758155
925,-0.15957931500483433,0.00963737490581092,0.044233642604987015,0.24223348615295345,0.011503904041554106,0.11178376376371055,0.23686636505316352,0.05075880985350582,0.02759643671691845,-0.005297334717018741,0.035544610621892375,-0.07031992292326242,0.12512951565687028,0.04630595254479673,0.0033421825569468046,-0.04227611970469211,-0.050498900630185264,0.010783273399662228,0.04645933327868312,-0.031242931752715704,-0.04904310773206642
926,0.0975692334592268,0.06786289075018366,0.019644900767271215,0.061907521205541424,0.04354140256395621,-0.0011521168442352808,0.06996550155243682,0.0634970250320656,0.04812106459312323,0.017461980216704025,-0.027010873579979045,-0.014730314040599294,0.02826162078001348,0.04939081639495947,0.012204001535472821,0.043707444721036194,0.008125885190452386,0.005839169704932225,0.000596609706238854,-0.003198480817079996,0.014195496796341411
927,0.24223348615295345,0.011503904041554106,0.11178376376371055,0.23686636505316352,0.05075880985350582,0.02759643671691845,-0.005297334717018741,0.054950776773823706,0.06351461633079457,0.1741187587832881,0.05075880985350582,0.02759643671691845,-0.005297334717018741,0.054950776773823706,0.06351461633079457,0.06771129635265376,0.06366875887548903,0.031861365171198065,-0.060927950869310125,-0.13787805025683347,-0.0020105680194356466
928,0.08287636971891303,0.009333812953931188,-0.016832619674398547,-0.08588848725511113,0.027031862256106813,0.021348627209415764,0.0331860274858787,-0.06097355054458573,-0.022169872968913627,-0.05821588772622714,-0.11916443213939447,0.06461142211478281,0.23535898697636634,-0.013624535480764548,0.22798934083862815,0.11375647532800653,0.06438663738759,0.022578594132397916,0.09140733834896966,0.044948861138336606,0.050512162209031305
929,-0.06508105366372605,-0.0014427468015152075,-0.004922972172201207,-0.0002762711550266936,-0.1449848810164573,-0.07282663330833591,0.043811499054269405,0.24334785007519066,0.03483200682607578,0.09687186759712554,0.15927582686149339,0.13331833453538028,0.005168656270110838,0.01860029890708141,0.06669800285182495,0.033619419513257524,0.09660961896248449,0.03875830766692102,0.042671270030834596,-0.031419770986970096,0.1016350791241134
930,0.08078541694248285,0.06554334326021176,0.015232563943364053,-0.00011492672750969557,0.06786289075018366,0.019644900767271215,0.061907521205541424,0.04354140256395621,-0.0011521168442352808,0.06996550155243682,0.0634970250320656,0.04812106459312323,0.017461980216704025,-0.027010873579979045,-0.014730314040599294,0.02826162078001348,0.04939081639495947,0.012204001535472821,0.043707444721036194,0.008125885190452386,0.005839169704932225
931,0.024905751099002196,0.04188973617586783,0.06439905428187961,-0.0007330077890140873,0.03764176433914727,0.08734846799044324,0.03790628799489715,0.022684370018144242,-0.013293106975691601,-0.019886363012011198,0.027985131753974917,0.024649406615095838,0.02232662736483993,0.05618386114043311,0.02554805067516022,-0.011346396815389154,0.00966076592308283,-0.004896598863669388,0.001396149368181709,0.00385394882475879,-0.0035989485344935825
932,0.008125885190452386,0.005839169704932225,0.000596609706238854,-0.003198480817079996,0.014195496796341411,0.005132317567122862,-0.016846829757837384,-0.02094376794236849,0.013055502677213972,0.03913718739332794,0.0180091258565499,-0.09261339929158924,-0.09093940332212361,-0.07132791565052274,0.058365230668770134,-0.013287997462302109,-0.05387380003170251,-0.02616373777776799,0.02176619879236522,-0.007656332504046889,-0.03507399595771937
933,0.03660958204538981,0.04647911062049513,-0.04572308988216685,-0.13068905238419817,-0.027128337150302294,0.017439536052967712,0.03651849782299039,-0.01713394966401948,0.061073824379587346,0.012275326094953992,0.10652074418392923,0.15471591201636187,0.1195536119516561,-0.015104542817395547,0.02639861893020655,0.029078939581978474,0.06331349843036885,0.05406939164487903,-0.030569674068653747,-0.06118506855572103,-0.15790354778416274
934,0.08976295191255872,0.042288990324287054,-0.009681890320329786,0.05112307606913304,0.023963976708823272,0.05674287905853458,0.04682409768225949,0.02423140145385302,0.014796192932722805,0.0823473341015913,0.05731174544484317,0.028748656926538833,-0.006766053924133821,-0.013687465687720385,-0.014879420061233384,0.031133313490282106,0.007798985953508917,0.07819459062322921,0.044448562392878324,-0.006790861538028222,0.009433281355915271
935,0.1016350791241134,0.01252791852493433,0.05364691489810045,0.05974919523256175,-0.004820745568297918,0.05314037668756117,0.07310831228205482,0.05407329072383777,0.013963011136263486,-0.01443544461218946,-0.019067498641394894,0.01661130304753056,0.030664593091042983,0.045526761041284745,0.07190697408224027,0.009525257639794482,0.07623805115305331,-0.04895804795747495,-0.07821917475426834,-0.026852133123197418,0.0030069818919605347
936,-0.034785772257091875,0.10183186860558922,0.05790043189516751,0.020841236177624917,-0.03163850228123829,-0.0883003365479709,-0.10481383049561044,-0.038618769215352976,0.0017344377427880998,-0.000859719417562135,0.016721652182922028,0.03808185594297404,-0.00496676521662024,-0.11399169447086158,-0.051075149006804765,-0.0021335904868741654,0.0331153666186435,0.015995852938555943,0.06930880348256134,0.04671823888313922,-0.0066750398740466005
937,-0.06581065085683803,-0.03651943588496546,0.008475104952900851,0.02765786528493706,0.02694446812157813,-0.0034178765959546687,-0.02871232318376256,-0.016800826856763127,0.019385155276800098,-0.0028759325671209564,0.07791135487191457,0.02344835378555335,0.029657446232651936,0.010578799310315386,0.029152458653708312,0.01081979999768568,-0.02994043999248146,0.00732898516381754,0.02039034568448307,-0.055460249568366704,0.02770419661784631
938,-0.0040099439253633,-0.04624443418091701,0.07546919914540791,-0.0120322036244557,0.06436676991295626,0.02303278315861766,0.023504173591286825,0.014790474462585109,0.02278155912917828,-0.02456315189035098,0.03329672356968668,-0.03136287361237509,-0.01315090154732808,-0.037196617343158475,0.09745846809380196,0.06816620391526847,-0.031242931752715704,-0.04904310773206642,-0.08789684331683952,-0.1431778791867063,0.15155688308086152
939,0.053974597623704164,0.1400620490374982,0.07715438445561038,0.2127050409126765,0.010556726679935019,0.014672622604417358,0.04509197743886771,0.031861365171198065,-0.060927950869310125,-0.13787805025683347,-0.0020105680194356466,0.04248574632216505,0.02403911798411785,-0.0006670782883442124,0.03209308509343252,0.032037542390131735,0.08422514446135985,-0.03269455800362337,0.09547372235376145,0.07520625932878826,0.001623004560214426
940,0.030783248129296784,0.015523407838747783,-0.07129956061803258,0.001665061697892903,-0.007154718189339423,0.02090016898043685,-0.004093450140098699,-0.0031256435472100602,-0.07311732007286383,-0.09889894590370596,-0.07716690882936779,0.05732268019244327,0.08014730302853963,0.0551352858496667,0.020204766968143936,0.010727872723045333,-0.05269307320415807,0.005409430541520404,0.03251710760405471,-0.07682537110950548,-0.09100103473615576
941,0.008080301731063687,0.06736312926851827,0.06484997864763854,0.05543686808800729,-0.02775432483880939,0.0035007798920464336,-0.030645721609290747,0.027910536194669523,0.0018572053720948196,-0.004517566543534055,-0.07031992292326242,0.12512951565687028,0.04630595254479673,0.0033421825569468046,-0.04227611970469211,-0.050498900630185264,0.010783273399662228,-0.007530989925354249,-0.04904310773206642,-0.10338315238127574,-0.05509488366834008
942,0.03251710760405471,-0.07682537110950548,-0.020352219706992098,0.006940060669718801,0.033846621506264316,-0.002881656542227375,0.02517833335626331,0.09044619152700702,0.05268977902213795,0.02176619879236522,-0.007656332504046889,-0.03507399595771937,0.016940676610758692,0.02902295906132065,-0.008191109106544123,0.0900989218150235,0.04022077283856794,-0.0173456788167319,0.006702524739548357,-0.007547991372525836,-0.004042477083777581
943,-0.05196133780222694,0.0028742228637099495,0.07942804085490669,0.03591066926944299,-0.03904979439636809,-0.08752271000182854,0.021403949475942596,0.06692223099929095,0.005262864003230632,-0.04889617861396572,-0.056947025472608256,-0.08296368035457874,-0.12481355296141478,-0.05685112987281479,-0.1431778791867063,0.15155688308086152,0.1585077643839471,0.046004160625338054,0.1786110197944668,0.18605162301684083,0.015485571189997131
944,-0.02456315189035098,0.03329672356968668,-0.03136287361237509,-0.01315090154732808,-0.037196617343158475,0.09745846809380196,0.04415707487510739,-0.011378475219155786,-0.03431039669619733,0.013393092697523859,-0.015059301656974246,-0.0019707085426019775,-0.07311732007286383,-0.08608639930048566,-0.07919158212407856,-0.015065250731236896,0.002353141630354524,-0.001668183540305831,-0.12036325534435462,-0.08772596864057779,-0.042448068992912216
945,0.05075880985350582,0.02759643671691845,-0.005297334717018741,0.054950776773823706,0.06351461633079457,0.06771129635265376,0.07331847075741482,0.0640220959649754,0.020933622671211866,0.04590908523343384,0.05961348252391238,0.031214668156433666,0.002996970439633211,0.07365042419861502,0.05846382627014092,0.06370946940140053,-0.025506369445125927,0.02707897091333346,0.007822680867767927,0.03141904600384711,-0.014865073275704896
946,-0.017246124246697962,-0.021319727455457294,0.08386560020338892,0.005437065094973533,0.05017535607181645,0.04979001272479147,-0.0035576450186787074,-0.004517566543534055,-0.07031992292326242,0.12512951565687028,0.04630595254479673,0.0033421825569468046,-0.04227611970469211,-0.050498900630185264,0.010783273399662228,0.04645933327868312,-0.031242931752715704,-0.04904310773206642,-0.10338315238127574,-0.05509488366834008,0.06937546420583783
947,0.03371972228917836,0.006364926000034128,0.06741148297839925,0.02728045160063736,0.08733021923824424,0.083601952740726,0.031079344736536632,-0.02068948773455074,-0.08974303515891574,0.017527314762775668,0.028274969972201847,0.0331860274858787,-0.06097355054458573,-0.022169872968913627,-0.05821588772622714,-0.10799985259362774,0.011611238192971548,0.23950488532678857,0.04837086616455555,0.1043825189063411,0.1442516967700536
948,0.009433281355915271,-0.014600470371364999,-0.005535919993249112,0.008214469382970893,-0.021032325815813463,-0.1434132833015306,-0.009326092852967406,0.05522655912088008,0.011257117079635537,0.009885871632892783,0.013450894429110424,0.02415492521826854,0.13679031692311297,0.12367975797769766,0.16899550807497488,0.08105651591925545,-0.0049851771713745364,0.07472554095781088,0.02815498806673793,-0.03457835186186034,0.09907059068764777
949,-0.05630009286773721,-0.004303363818687617,-0.0458377959121463,-0.13008317716932508,-0.023728592557452504,0.040829540244036434,0.01853262344435327,0.010068724907123608,0.022683386114089713,0.016515814760306495,0.13498531885131013,0.12926506844514737,0.15170152090831238,0.08927835889575753,0.026650294369621963,0.05023086249500809,0.021330709658760057,-0.034785772257091875,0.10183186860558922,0.05790043189516751,0.020841236177624917
950,-0.08523360912573254,0.030474884881794746,0.19476497723196481,0.054359119672220756,0.085384685131117,0.14960067236142724,0.15728314174886657,-0.0007868436390697441,0.026508189548699945,0.06438663738759,0.022578594132397916,0.09140733834896966,0.044948861138336606,0.050512162209031305,-0.029910882190410843,0.09395215948939031,-0.05000642696979058,-0.004883766494172075,-0.05519291734833666,0.041034435089818105,0.012210156230299331
951,0.032401305533269247,-0.07383617068359147,-0.11268482126922406,0.014874046400746022,0.008867873243867862,0.0014569153378469603,0.004961207336632868,-0.15464392607940886,-0.07638695467008619,0.0062943424767758155,0.03251710760405471,-0.07682537110950548,-0.020352219706992098,0.006940060669718801,0.033791252003787804,0.009119805272276776,0.008977307504258474,-0.02549187566543074,0.03916741147349725,-0.030720136272704167,-0.007930492469347556
952,-0.0019707085426019775,-0.07311732007286383,-0.09889894590370596,-0.07716690882936779,0.05481731158778569,-0.005529137560678465,-0.06566738679306296,0.08042845645653804,0.15927582686149339,0.13331833453538028,0.005168656270110838,0.030078114275642494,0.05649429316671417,0.022833190338024337,0.06930880348256134,0.04671823888313922,-0.0066750398740466005,0.077739445343134,0.03982964454413606,0.06044932323785948,0.020655242408598253
953,0.02815498806673793,-0.03457835186186034,0.09907059068764777,0.009525257639794482,0.07623805115305331,-0.04895804795747495,-0.07821917475426834,-0.026852133123197418,0.0030069818919605347,-0.0021785246224466574,-0.10399664984710869,-0.10090048097460565,-0.049769954245097114,0.05369791876574997,-0.014347829529096627,-0.062258592534061,-0.011200022754991325,0.017044371176663856,0.04724433085543002,-0.011456943698128315,-0.016235574331397593
954,0.1442680668719345,0.09036745043547073,0.20817411967213192,0.009591104411358879,0.05631413212158116,0.042268457879275786,0.04950881406207874,-0.006790861538028222,0.009433281355915271,-0.014600470371364999,-0.005535919993249112,0.01577757943279184,0.017210955642604907,-0.013148571141253456,-0.03327052651534079,0.18605162301684083,0.015485571189997131,0.030169365189279703,0.05954689270225735,0.02699928247404044,0.05454706420919959
955,0.06484997864763854,0.05543686808800729,-0.02775432483880939,0.0035007798920464336,-0.030645721609290747,0.016517390636841635,0.026091687558453626,0.03341163695318257,0.04427603868699699,-0.037715375123555536,-0.05917818288180227,0.008367286199831514,0.07633428797990718,-0.04962330899281994,-0.05073514033788832,-0.01014059369038645,0.07633428797990718,-0.14638239915061238,-0.023728592557452504,0.040829540244036434,0.01853262344435327
956,-0.03099676014357284,-0.056746431009554614,-0.002423868950951307,0.01041279437881343,0.046225217964285595,-0.0034178765959546687,-0.02871232318376256,-0.016800826856763127,0.019385155276800098,-0.0028759325671209564,0.07791135487191457,0.02344835378555335,0.029657446232651936,0.010578799310315386,0.029152458653708312,0.01081979999768568,-0.02994043999248146,0.00732898516381754,0.02039034568448307,-0.055460249568366704,0.02770419661784631
957,-0.052644045068644486,0.057391731731546526,0.04265630603855725,0.022807142819862326,0.02439044517374037,0.017073106277451525,0.020907862155915197,-0.028446372447748804,0.012365818491159804,0.004842037492388549,-0.03719091389142518,-0.022830988391619886,0.06797811455886198,0.07420012214525842,-0.008988256215311099,0.011789268251337469,-0.004737227059644066,-0.01766156035542441,-0.1425588762630393,-0.07335021298209492,0.030783248129296784
958,0.004887389884845521,0.24334785007519066,0.03483200682607578,0.09687186759712554,0.15927582686149339,0.13331833453538028,0.005168656270110838,0.01860029890708141,0.06669800285182495,0.033619419513257524,0.09660961896248449,0.03875830766692102,0.042671270030834596,-0.031419770986970096,0.1016350791241134,0.01252791852493433,0.05364691489810045,0.05974919523256175,-0.004820745568297918,0.05314037668756117,0.02743714167499573
959,0.0634970250320656,0.04812106459312323,0.017461980216704025,0.0011914064711409111,0.012552498632147085,-0.0005763305691675266,-0.039406788034806274,0.06748800444979743,-0.04850554726351195,0.026955011035204188,0.06436676991295626,0.02303278315861766,0.023504173591286825,0.014790474462585109,0.02278155912917828,-0.02456315189035098,0.03329672356968668,-0.03136287361237509,-0.01315090154732808,-0.037196617343158475,0.09745846809380196
960,0.07633428797990718,-0.04962330899281994,-0.05073514033788832,-0.081205586329834,-0.07649533509282554,0.004887389884845521,0.24334785007519066,0.03483200682607578,0.09687186759712554,0.15927582686149339,0.13331833453538028,0.005168656270110838,0.01860029890708141,0.06669800285182495,0.033619419513257524,0.09660961896248449,0.03875830766692102,0.042671270030834596,-0.031419770986970096,0.1016350791241134,0.01252791852493433
961,0.05407329072383777,0.013963011136263486,-0.01443544461218946,-0.019067498641394894,0.01661130304753056,0.030664593091042983,0.045526761041284745,0.021049862769594634,0.026352301379043326,0.0012990776355567737,0.007170867643536217,-0.011679526504085241,0.007461879601311705,0.0031790701162829277,-0.004489316240323887,-0.008127589068975276,-0.00505393398592306,0.027342220336279893,0.032401305533269247,-0.07383617068359147,-0.11268482126922406
962,0.04979001272479147,0.08622357462744075,0.055909746701747885,0.037811335473967846,-0.026074719040020927,0.0927671693931366,0.010791209501792631,0.06260025505551696,0.05214769454175549,-0.01255877680473109,0.06719771983644916,0.06516418858680059,0.0492758897269837,0.016811891915699914,-0.015806339504420387,-0.022624027600938547,0.021486469795082428,0.047198711375346154,0.02734539182641244,0.032177038443231165,0.017355998364001222
963,0.016537414449602463,-0.09083556275906199,-0.05630009286773721,-0.004303363818687617,-0.000764935061800556,-0.0015810793213288728,-0.14639355121872283,-0.08529826441375793,0.007108112278546442,0.04154225173810074,-0.06581065085683803,-0.03651943588496546,0.008475104952900851,0.02765786528493706,0.024600949002244726,0.003387299348614436,-0.020431440671730198,0.01998665997633142,-0.031082690526254893,0.002430625486315612,0.07570685403943211
964,0.07462004907188186,0.07988536334400807,0.018118850213676558,0.0025336243002390554,-0.10033392389766944,-0.06031508786027079,0.01974060520282703,0.00435558155294859,-0.018978511458347606,-0.15049273384696898,-0.06866403183244768,0.015151760354786346,0.02923423138402624,-0.08370626856186839,-0.0014347097716089039,-0.0162462464960763,0.06081204173790412,0.02786783186499012,0.031711869931220056,0.015325103577544191,0.02367804367127799
965,-0.0253224956421449,0.04237123697766942,0.034037086276389676,-0.049407531129056194,-0.1434132833015306,-0.009326092852967406,0.05522655912088008,0.011257117079635537,0.048875986705293986,0.012275326094953992,0.10652074418392923,0.15471591201636187,0.1195536119516561,0.16077321134488992,0.0059681337722265965,0.04167222769359799,0.025144494961714538,-0.03647529900603461,0.09314832120171126,0.05478595805442272,-0.03327052651534079
966,0.007221085628945011,0.009346032013199956,-0.014727339179581215,0.02043033461432674,0.006085282308852949,-0.013945795051438253,-0.027931969716044284,0.020422863599038738,0.0576371770949132,-0.026072889377660884,-0.12253989570409915,-0.03621649721069029,-0.0131336109081202,0.0506174831210367,-0.0031455015921875735,0.04556569985235456,0.020701877565899043,0.06392473766982591,0.17290342797616506,0.11157955438534486,0.17354461860428042
967,0.03808185594297404,-0.00496676521662024,-0.11399169447086158,-0.051075149006804765,-0.0021335904868741654,0.017563697591598468,0.02043033461432674,-0.00025947588155628224,-0.018978511458347606,-0.15049273384696898,-0.07505696889922309,0.08950145097867729,0.20527086862786997,-0.02177030502227734,0.22666738584077392,0.16025330892228135,0.029606206151133886,0.036063760027324546,0.027953507033170056,0.04594981860169079,0.06319230671727441
968,0.05764210194520755,0.0704862757948348,-0.04677990554653519,-0.06866753903744134,0.010675079839919726,0.04982300929955519,0.021457461599548977,-0.05439192569851582,-0.03603910562800098,-0.05685112987281479,-0.1431778791867063,0.15155688308086152,0.1585077643839471,0.046004160625338054,0.1786110197944668,0.18605162301684083,0.015485571189997131,0.030169365189279703,0.05954689270225735,0.02699928247404044,0.05454706420919959
969,-0.06866403183244768,0.015151760354786346,0.02923423138402624,-0.08370626856186839,-0.0014347097716089039,-0.005076167557155138,0.06623824382816598,-0.0035657031842441177,-0.0040099439253633,-0.04624443418091701,0.07546919914540791,-0.052644045068644486,0.057391731731546526,0.04265630603855725,0.022807142819862326,0.02439044517374037,0.017073106277451525,0.020907862155915197,-0.028446372447748804,0.012365818491159804,0.004842037492388549
970,-0.03651943588496546,0.008475104952900851,0.02765786528493706,0.024600949002244726,0.08314093928737909,0.14083582185004723,0.09874539105052259,0.1980595960206749,-0.007250054133614382,0.05536150111826453,0.04405280732275557,-0.03381423652864563,0.05537910869697455,0.08490533966392713,0.02921620650682846,0.020812784817006415,-0.013287997462302109,-0.05387380003170251,-0.02616373777776799,-0.0004640594308981007,0.06575677282832645
971,0.013963011136263486,-0.01443544461218946,-0.019067498641394894,0.01661130304753056,0.030664593091042983,0.045526761041284745,0.021049862769594634,0.026352301379043326,0.0012990776355567737,-0.017897208970255207,0.005167882429577925,-0.006905108733557086,-0.029534921581718058,0.02709928010278606,0.05113166423749303,0.016537414449602463,-0.09083556275906199,-0.05630009286773721,-0.004303363818687617,-0.000764935061800556,-0.0015810793213288728
972,0.025628320800981142,-0.08823696391282364,0.002721033292247158,-0.005133491311685329,0.04220342435102671,0.04524845489302261,0.04647911062049513,-0.04572308988216685,-0.13068905238419817,-0.027128337150302294,0.017439536052967712,0.03651849782299039,-0.01713394966401948,0.061073824379587346,0.012275326094953992,0.10652074418392923,0.15471591201636187,0.1195536119516561,0.16077321134488992,0.0059681337722265965,0.08806943722472424
973,0.008499036672793286,0.03590981164249519,-0.030569674068653747,-0.06118506855572103,-0.15790354778416274,0.048863603488996966,-0.06866403183244768,0.015151760354786346,0.02923423138402624,-0.08370626856186839,-0.0014347097716089039,-0.0162462464960763,0.06081204173790412,0.0012446836373436378,-0.007829901167596347,-0.02712704838623795,0.05550996276826985,-0.042678964071087205,0.023634010206012964,0.07067891964497917,0.015240547515204036
974,-0.15790354778416274,-0.010432458507049902,0.05886859575445568,0.254888216607517,0.012076025850456295,0.09177072063153116,0.20618471364188823,0.09682711124749349,0.02679779099817386,-0.0074318819833296195,0.055383400241375814,0.05517479340364767,0.08078541694248285,0.06554334326021176,0.015232563943364053,-0.00011492672750969557,0.06786289075018366,0.019644900767271215,0.061907521205541424,0.04354140256395621,0.012941523144390983
975,0.042413614625101466,-0.009200394809037693,0.004299657044073789,-0.01473198548039481,0.0033751049213474834,0.011213727722435705,0.013538887880741127,-0.009866661182637375,-0.029950006555454843,0.041625614727588994,0.03305770518251055,-0.045628209002634,-0.13008317716932508,-0.023728592557452504,0.040829540244036434,0.01853262344435327,0.010068724907123608,0.022683386114089713,0.016515814760306495,0.13498531885131013,0.12926506844514737
976,0.0704862757948348,-0.04677990554653519,-0.06866753903744134,0.010675079839919726,0.04982300929955519,0.021457461599548977,-0.052599650644593925,-0.06176180680248807,-0.11395230555630652,0.10191809335007525,0.23386517694246298,-0.01210618658436047,0.14168675613036044,0.22283684317037525,0.02323773830564187,0.03947689379387463,0.009830092162553105,0.04298146736515457,0.07502408584230007,0.06667213500753454,0.06959588102455792
977,-0.1431778791867063,0.15155688308086152,0.1585077643839471,0.023898099505917064,0.07475753540778808,0.1400620490374982,0.07715438445561038,0.2127050409126765,0.010556726679935019,0.07369538944811423,0.03904977210986973,0.015847352608689344,-0.01262927522922229,0.09265456436381819,0.0452438535946445,0.02231189793737722,-0.08581948839162631,-0.06508105366372605,-0.0014427468015152075,-0.004922972172201207,-0.0002762711550266936
978,0.06575677282832645,0.013782209910908162,0.02604189038723279,0.019549987029530605,0.023175625805814403,-0.03553245916052851,0.02849595128758009,0.006364926000034128,-0.04579112302167692,-0.01582101293001888,0.05764210194520755,0.0704862757948348,-0.04677990554653519,-0.06866753903744134,0.010675079839919726,0.04982300929955519,0.021457461599548977,-0.05439192569851582,-0.03603910562800098,-0.05685112987281479,-0.1431778791867063
979,0.016537414449602463,-0.09083556275906199,-0.05630009286773721,-0.004303363818687617,-0.000764935061800556,-0.0015810793213288728,-0.14639355121872283,-0.08529826441375793,0.007108112278546442,0.04154225173810074,-0.06581065085683803,-0.03651943588496546,0.008475104952900851,0.02765786528493706,0.024600949002244726,0.003411095500637438,0.04647911062049513,-0.04572308988216685,-0.13068905238419817,-0.027128337150302294,0.017439536052967712
980,-0.014169577538660988,-0.017246124246697962,-0.021319727455457294,0.025455493242960484,-0.01650675505206109,0.09376043479837523,0.015178932581916594,0.030948564728390915,0.008075881188370368,0.02740464613057831,-0.022181734731348293,0.03302551187024177,-0.033401786587522055,0.0011471072145716112,-0.05562886314565989,0.11104851877539362,0.0408922640134475,-0.011000442122731982,-0.08258793842706147,-0.014210233821178028,0.05595520268387419
981,0.03614906441302523,0.005747103245119043,0.07395787540543002,0.022929972855344486,-0.01473198548039481,0.0033751049213474834,0.011213727722435705,0.013538887880741127,0.00385394882475879,-0.0035989485344935825,-0.008671695817373782,-0.017376977939665986,0.03797585285006797,0.034830188290305736,-0.0683707738427256,-0.1209672773677749,0.0023554476846316284,0.0281140192679024,0.029280853265727526,0.00342281220920832,0.01961569337155239
982,0.04939081639495947,0.012204001535472821,0.043707444721036194,0.002610531113063338,0.02403911798411785,-0.0006670782883442124,0.03209308509343252,0.032037542390131735,0.13328823247215815,0.10421237703207416,0.18772419387962436,0.06552574171230927,0.023924418008826748,0.05838048512076765,0.019600514325103572,-0.033892685813506865,0.11368810681052183,0.031718220345082954,0.03971595674933848,0.033173768793924516,0.02413714607568401
983,-0.0018427708801756102,-0.0033481605894797144,0.012649918105789538,0.003923268694962706,-0.013534918400980867,-0.026853141604926915,0.04509197743886771,0.031861365171198065,-0.060927950869310125,-0.13787805025683347,0.004187664994264644,0.012204001535472821,0.043707444721036194,0.008125885190452386,0.005839169704932225,0.000596609706238854,-0.003198480817079996,0.014195496796341411,0.005132317567122862,-0.016846829757837384,-0.02094376794236849
984,0.077739445343134,0.03982964454413606,0.06044932323785948,0.020655242408598253,-0.03567382466677644,-0.01046043074501207,0.08103675397857026,0.05268977902213795,0.02176619879236522,-0.007656332504046889,0.011862412665149591,0.020701877565899043,0.06392473766982591,0.17290342797616506,0.11157955438534486,0.17354461860428042,0.005093046603205656,0.03998519926936727,0.04310360874963124,-0.03845370595166686,0.07462004907188186
985,0.012210156230299331,0.0062567490126280954,0.06351461633079457,0.06771129635265376,0.07331847075741482,0.0021443880627073906,0.015240443207146707,0.05649429316671417,0.022833190338024337,0.06930880348256134,0.04671823888313922,-0.0066750398740466005,0.077739445343134,0.07534942377145402,-0.026663242691127277,-0.027010873579979045,-0.014730314040599294,0.02826162078001348,0.04939081639495947,0.012204001535472821,0.043707444721036194
986,0.00888128311780124,-0.003576996288077466,-0.017420439501306575,0.03930624981704534,-0.03268418807681166,0.024820507352673524,0.05454457330743639,0.02157137338810507,0.0230773999402624,0.007822680867767927,0.03141904600384711,-0.014865073275704896,0.037043997380734404,-0.04056938058421847,-0.005637525045480252,-0.025838511639785726,0.11886890957762948,0.005320447429078421,-0.011443240120825341,-0.06504903210521822,-0.011188332158927672
987,-0.081205586329834,-0.07649533509282554,0.004887389884845521,0.24334785007519066,0.03483200682607578,0.023824113125372907,0.03930624981704534,-0.03268418807681166,0.024820507352673524,0.05454457330743639,0.02157137338810507,0.0230773999402624,0.007822680867767927,0.03141904600384711,-0.014865073275704896,0.037043997380734404,-0.04056938058421847,-0.005637525045480252,-0.025838511639785726,0.11886890957762948,-0.007768115163594122
988,-0.02712704838623795,-0.016379602227984597,0.06081204173790412,0.0012446836373436378,-0.007829901167596347,-0.02712704838623795,0.05550996276826985,-0.042678964071087205,0.023634010206012964,0.07067891964497917,0.015240547515204036,0.027084564191957573,0.008075881188370368,0.02740464613057831,-0.022181734731348293,0.03302551187024177,-0.033401786587522055,0.0011471072145716112,-0.05562886314565989,0.11104851877539362,0.0408922640134475
989,-0.04056938058421847,-0.005637525045480252,-0.025838511639785726,0.11886890957762948,0.0010666766857044389,-0.017449686457939966,0.03195651403544279,0.032987146810026395,0.043783032082419,0.03344474957879514,0.041581546509739914,-0.0006670782883442124,0.03209308509343252,0.032037542390131735,0.13328823247215815,0.10421237703207416,0.18772419387962436,0.06552574171230927,0.023924418008826748,0.05838048512076765,0.019600514325103572
990,0.013427251399639835,0.05878796760083395,0.13532306579499223,0.023924418008826748,0.05838048512076765,0.019600514325103572,-0.033892685813506865,0.11368810681052183,0.031718220345082954,-0.0028809439209935726,0.03660958204538981,0.04647911062049513,-0.04572308988216685,-0.13068905238419817,-0.027128337150302294,0.017439536052967712,0.03651849782299039,-0.01713394966401948,0.061073824379587346,0.012275326094953992,0.10652074418392923
991,-0.0959799781885171,0.04982300929955519,0.021457461599548977,-0.06773552461103065,0.12512951565687028,0.04630595254479673,0.0033421825569468046,-0.04227611970469211,-0.050498900630185264,0.010783273399662228,0.04645933327868312,0.17682918664205635,0.04837086616455555,0.1043825189063411,0.1442516967700536,0.12849048001054955,0.020712984020955096,0.005437065094973533,0.05017535607181645,0.04979001272479147,0.08622357462744075
992,0.04028733948383551,-0.045389581123573476,-0.04601465751709777,-0.05509488366834008,0.011611238192971548,0.23950488532678857,0.04837086616455555,0.08074525863865549,-0.02994043999248146,0.00732898516381754,0.02039034568448307,-0.055460249568366704,0.02770419661784631,0.08287636971891303,0.009333812953931188,-0.016832619674398547,-0.08588848725511113,0.027031862256106813,0.053648497988271496,0.1428834128740729,-0.02177030502227734
993,0.03942978255274464,0.03223561708346208,0.0692573919820413,0.06319230671727441,0.07424945199336273,0.0540311695998272,0.007465920317119646,-0.0810228182142374,0.005199332304599804,0.012765043902344708,0.04028733948383551,-0.045389581123573476,-0.043472820294300434,-0.03166469678688542,-0.1329047130515534,0.08950145097867729,0.20527086862786997,-0.02177030502227734,0.22666738584077392,0.16025330892228135,0.029606206151133886
994,0.029156456970374847,0.020315402513363848,0.006287851614069399,0.029239223785477764,0.016288290926872614,0.1315825200212921,0.1367068347800229,0.1311532579188743,0.11131571440938633,0.035793694190449386,0.04806240645073723,0.016226096778767064,-0.03269455800362337,0.09547372235376145,0.07520625932878826,0.001623004560214426,-0.01713477368422736,-0.0489350186692615,-0.06482928669907931,-0.08472219196931578,-0.10825506337615295
995,0.02740464613057831,-0.022181734731348293,0.03302551187024177,-0.033401786587522055,0.0011471072145716112,-0.05562886314565989,0.11104851877539362,0.0408922640134475,-0.011000442122731982,-0.08258793842706147,-0.014210233821178028,0.05595520268387419,0.017269539927308293,-0.035612895278368584,-0.05865601678933303,-0.06176180680248807,-0.11395230555630652,0.10191809335007525,0.23386517694246298,-0.01210618658436047,0.14168675613036044
996,-0.022624027600938547,0.021486469795082428,0.047198711375346154,0.02734539182641244,0.032177038443231165,0.017355998364001222,0.004345290344611144,0.001665061697892903,-0.007154718189339423,0.02090016898043685,-0.004093450140098699,-0.014982093628872283,-0.015130296811596812,0.009028741917982133,0.02870977967473705,0.022755690182547236,-0.08633037716556878,-0.09659187047983821,0.023487865485269904,0.07942804085490669,0.03591066926944299
997,0.03223561708346208,0.0562120907260079,0.08487372572927601,0.05356779014822743,-0.015332311026208764,0.05668850738506953,0.024910970380971356,0.04444616506221233,0.05750007864095875,0.029486966374752895,0.008080301731063687,0.043643820455460204,0.06748800444979743,-0.04850554726351195,0.026955011035204188,0.06436676991295626,0.02303278315861766,0.023504173591286825,0.014790474462585109,0.02278155912917828,-0.02456315189035098
998,0.042288990324287054,-0.009681890320329786,0.05112307606913304,0.023963976708823272,0.05674287905853458,0.04682409768225949,0.02423140145385302,0.014796192932722805,0.0823473341015913,0.05731174544484317,0.028748656926538833,-0.006766053924133821,-0.013687465687720385,-0.014879420061233384,0.031133313490282106,0.007798985953508917,0.07819459062322921,0.044448562392878324,-0.006790861538028222,0.009433281355915271,-0.014600470371364999
999,0.02765786528493706,0.024600949002244726,0.003387299348614436,-0.020431440671730198,0.01998665997633142,-0.031082690526254893,0.002430625486315612,0.07570685403943211,0.013127471629898833,0.043498732633943174,0.006171945495862345,0.0313435380150615,-0.012788132184603986,0.023597433850476822,-0.022856495367242196,-0.004517566543534055,-0.07031992292326242,0.12512951565687028,0.04630595254479673,0.0033421825569468046,0.017748822729822384
