sim_id,year_1,year_2,year_3,year_4,year_5,year_6,year_7,year_8,year_9,year_10,year_11,year_12,year_13,year_14,year_15,year_16,year_17,year_18,year_19,year_20,year_21,year_22,year_23,year_24,year_25,year_26,year_27,year_28,year_29,year_30,year_31,year_32
0,0.3400130441540978,0.04333727706415184,0.1220174870673977,0.06129942909837034,0.19601231956388124,0.20596975380684593,-0.057684741153323484,0.33793223418606655,0.1081466919612358,0.23315219493351433,0.2759889856284672,0.3334386814242376,-0.2930011245453141,-0.3323103623367577,-0.21119585311806702,0.6359536634803336,-0.20577899822194573,0.20485280725032834,0.5710140729030543,0.36970897769109917,0.19989817570442997,0.4592312571483904,-0.16129594391123622,-0.2057051867824583,-0.535203756815677,-0.18224044766622266,1.631133135384752,-0.27684410127456854,0.93613725027831,0.36905839115702316,-0.42191937147693376,0.1594097460088622
1,0.31975427944996887,0.03981403283697342,0.001220357624790931,-0.07007502669067454,0.4895214773529827,0.0637917868463912,0.21208714275880025,0.4495007379400005,0.2933092651678347,-0.07857167594071549,0.2854839681489928,-0.1286611337248143,0.13799062650487542,-0.08344172811382389,0.2829097843134919,0.036318137954573296,0.2968939267958973,0.07580716838731938,0.08567346237233235,0.1659339689806515,0.22725753124748785,-0.033804194159752304,0.17615938980224977,0.03444382036243173,-0.08424507459956743,-0.05323316428520335,0.38394456914269876,0.12494821353405587,0.11626296745509843,0.1967032816729059,0.13604608051457204,-0.1655224980380229
2,0.27640262933912124,0.47201011607596016,-0.28281767262770263,-0.0037568732807429827,-0.006068095610988907,0.22353226918003677,0.31634318939043543,0.1452137764050096,0.07004406608160774,0.05316462727074893,0.5077589261353112,0.27800976640018904,-0.06092265305807112,-0.06466495529106318,0.20689829639105578,-0.18868606439129984,0.1938649078891614,0.11596495767376316,0.23218720665753584,0.05513546681446052,0.16570867460275632,-0.06247862291096743,0.33469231135482114,0.32166518950735806,-0.2270480455207728,-0.14535264944239704,0.1636217548875396,0.3461298946903398,-0.2333565673052771,-0.30008190849311206,0.3332262163068803,0.15339784011706106
3,0.08617134357782268,0.07831120315928315,-0.036381717160680845,0.1918282357010622,0.2566953352236003,0.09440814158715664,0.25877643221949886,0.36206636083348,0.018964750924899278,0.22176350952506277,0.13444733258050956,0.05513546681446052,0.007537077869408894,0.2968939267958973,0.07580716838731938,0.08567346237233235,0.36206636083348,0.018964750924899278,0.22176350952506277,0.0976938196030565,-0.1011372261993832,0.23834739187748413,0.05627475275433264,0.2851260409760982,-0.04093780864936718,0.22340053763778864,0.17654672439733954,0.13598333473215593,0.03048863895714203,0.12638483116916358,0.056999667600075014,-0.03415029254685713
4,0.3101946871467882,-0.28839440285915124,-0.49163582428543307,0.021414579109772094,1.2345642521917752,-0.2390661515095062,0.7216726934662775,0.37887817736150176,-0.4375915754722766,0.17850557601239259,0.04049002125523098,-0.0759962967737919,-0.07588574258395304,0.2146160329797934,0.30387177201667565,0.3066306355625916,0.5546419203281793,-0.155312575545468,-0.07427673148701162,0.2817765778115769,0.18876158217694772,0.12025697212036957,0.07914793191270068,0.18704035057159146,0.1166120799555511,0.10308527413401705,0.17846779112789968,0.22208583212672164,0.10912076590162222,0.08387223257892588,0.007282743814128762,0.020612343586763032
5,0.23046833214655307,-0.04177403759466122,-0.30418711666720355,0.3528982149432685,0.205696934332813,-0.06894471559741094,-0.21754472327174948,0.11712542482710067,0.13726845392845502,0.10477893452726418,0.154525193891985,0.12234390728662362,0.014770973447222226,0.16841010577103913,-0.17184534665718618,0.5705404810089426,0.0008958314648755303,0.23630351086435855,0.4555579162737879,0.246515426242668,0.01770617465262488,0.15591559768791044,0.06181623550682581,-0.032007325327046816,0.1423277023410914,-0.037857040474989806,0.16967044100176074,0.20436905870817954,0.20064497471212211,-0.03419642558318104,0.22503561746781034,0.23051347462592298
6,0.2723849429441483,0.0383714803928995,-0.0341945571464552,0.1063634492370031,0.1962990495609203,-0.13145164010685437,0.23843065633277077,0.11969849148818573,0.15101489071696825,-0.19871529312115233,0.16387788756728414,0.12461655134544304,0.17041386042389656,0.3147788053031973,0.16449856261676135,-0.06575779966302676,-0.4633805460079044,-0.6296462555508103,1.4739682132208076,0.5105758017641661,-0.3718423771208559,0.10163620125458848,-0.1471160322989946,0.13224843227692928,-0.13744108689493145,0.7512025272323432,0.10323363556716901,0.37562684311726585,0.43329493229864297,-0.3915575391071216,0.1991874509102764,-0.16436390704998038
7,0.11239773235496053,0.018992549323993312,0.15967623071216216,0.18518734134368978,0.03957451191768845,0.1932733614432001,-0.05430886755852945,0.05310248474394906,0.3607471428065565,0.06233658555976345,0.25202439925764925,0.3540554860126552,0.054753129013971114,0.22470285204137724,0.2032151590447185,-0.04066989987233055,0.31260451285604524,0.31800420099521304,-0.005335817680394406,0.27501372788438055,0.20689829639105578,-0.18868606439129984,0.1938649078891614,0.11596495767376316,0.23218720665753584,0.05513546681446052,-0.154784423703279,0.3022190377547206,0.1947513444538738,0.06255089963037826,0.14128623717498243,0.16458087537784533
8,0.21910904649794555,0.1093603113504988,0.29244900495504983,0.07156915212888351,0.03981403283697342,0.001220357624790931,-0.07007502669067454,0.4895214773529827,0.0637917868463912,0.21208714275880025,0.4495007379400005,0.2933092651678347,-0.07857167594071549,0.2854839681489928,-0.1286611337248143,0.13799062650487542,0.049220828979773264,0.2691318726029984,0.10583636003401536,0.0911876490090115,0.11016030936506847,0.2678296268354956,-0.11044697195648515,0.29822181701699224,0.06963025852130174,-0.04415721420156436,-0.08021739414216453,0.21015504769464924,0.16078174031700854,0.18936452476172624,0.09562393978438231,0.14760436881813735
9,0.056999667600075014,-0.22417062275129002,0.3807558613147009,0.17224841861994322,-0.09851033897345973,-0.1994683328230255,0.23980010892210227,0.24982258900136312,-0.11600447725845392,-0.322697042332726,0.20051624388285613,0.21910904649794555,0.1093603113504988,0.29244900495504983,0.07156915212888351,0.03981403283697342,0.001220357624790931,-0.07007502669067454,0.4895214773529827,0.0637917868463912,0.21208714275880025,0.4495007379400005,0.2933092651678347,-0.07857167594071549,0.2854839681489928,-0.07664661145193896,0.05780403347831227,0.08945759497947195,0.13484381164054374,0.14901686786802,0.06131121467129291,0.20880832158794416
10,0.005683677347195281,-0.1564723056670849,0.5746193857681196,0.11730632153435483,0.11996356155954901,0.1278373443948156,-0.08747270326604926,-0.4820010422294675,0.6345265610190949,0.008565521413673522,0.22798368323536836,0.14083053914836333,-0.02431958698577717,-0.014774917010754571,0.30790953094728557,0.026633443720634878,-0.021230461205808467,0.06650813331778027,0.0688545810301372,0.06682974592404096,-0.16034808885176957,0.582480184304969,-0.026167537045574178,0.3188360004878918,0.3648744076231162,0.34342646217838496,-0.01628559255808749,0.22344916562290068,-0.0022649620560798393,0.00023042973591467987,0.07425954369573716,0.1967581543584978
11,-0.41024474767980984,0.10116232101975607,-0.017998435792932244,0.06031076097975645,0.02182100849886886,0.32235892296680474,0.21043433282753074,0.04703410538990216,0.023224159920207973,0.3484169306665826,0.38464041570040863,0.08256728264784874,-0.11495180160911317,0.36064203219538704,0.1673903322242667,-0.09284999744819501,0.3101946871467882,0.293974163890088,-0.1232149241758918,0.2686244753741979,0.15454741133606334,0.11838573542352976,-0.038603364347782866,0.3807558613147009,0.17224841861994322,-0.09851033897345973,-0.01623233130997026,0.21715120410033667,-0.11088653938316373,-0.3298778796407805,0.19739197841878328,0.20709733482253662
12,0.06255089963037826,0.14128623717498243,0.16458087537784533,0.23046833214655307,-0.04177403759466122,-0.30418711666720355,0.3528982149432685,0.205696934332813,-0.06894471559741094,-0.21754472327174948,0.11712542482710067,0.050783771824840104,0.582480184304969,0.10221712672903488,0.10981308189934724,0.4255352370150269,0.25980627869946177,0.028878761909011532,0.1512351673111633,0.0687471240577064,0.025303337699693184,0.07991964893101931,0.02321570886055429,0.2983918938792556,-0.12952072144717805,0.22342416318361763,0.07008561531728158,-0.12319514448977624,-0.06574295470794776,0.34385555108441634,0.18533780760642687,0.16500535895414353
13,0.5746193857681196,0.11730632153435483,0.11996356155954901,0.1278373443948156,-0.08747270326604926,-0.4820010422294675,0.6345265610190949,0.08491540432011634,-0.025839607220092212,0.12045898537141242,0.286877200722593,0.06552001088711226,-0.01222018030071071,0.05668940185689197,0.14682284055238934,-0.1363443429204539,0.28392816400072096,0.17315845339267563,0.05824213470011352,-0.05307296768324391,0.15659419328815105,0.10901691378591169,-0.06287418633695564,0.020789453641837097,0.4234865458933099,-0.1161805714536689,-0.04633283163100682,0.2136761375202918,0.07494596567037431,0.25010784662062324,0.3523436055521462,0.16449856261676135
14,-0.3468342009386645,-0.2833807162011421,-0.49163582428543307,0.021414579109772094,1.2345642521917752,-0.2390661515095062,0.7216726934662775,0.37887817736150176,-0.4375915754722766,0.17850557601239259,0.04049002125523098,-0.0759962967737919,-0.14145964916430623,0.26295154864488435,0.5642227911150639,-0.12169415188144998,-0.11306592133363663,0.2017013585807754,-0.18049387029567956,0.05969298311436966,-0.12444320203172575,0.5611453632897837,0.1869335896853636,0.4006017258170882,-0.10347017542090149,-0.06487001071552723,0.022974105712554253,0.04205130832165293,0.3890877324073698,0.23355982518621926,0.029024701733186827,-0.023190079283785647
15,0.07004406608160774,0.05316462727074893,0.5077589261353112,0.27800976640018904,-0.06092265305807112,-0.07420667902913211,0.4772627981074588,-0.1685498881020765,0.532684865743833,0.11982048966670107,-0.0519861583077886,0.27183294112990597,-0.11338464126334705,0.22044835283863562,0.18175378128055952,0.21507230996456794,-0.11110494277211024,0.3924486791878392,0.2295099569039927,-0.25196316607160346,-0.05078018175580146,0.2269836513911627,0.21109509114465294,-0.25122925263422324,-0.31389127431207686,0.39595271167737006,0.2477901823414091,0.11239773235496053,0.14034718129468007,0.07531665293909175,0.14223356297833722,-0.021651786553036286
16,-0.06664940695669395,0.2587212667043487,-0.14639799594510308,0.37363568811000564,0.11716303057832608,0.12569717207255016,0.08359265059376635,0.33876510586308256,0.02582216832870876,0.0103892770571994,-0.04247753767970497,0.111002564726116,0.3020748029980461,-0.03126694167154654,-0.2895737635617525,0.11571104830416722,0.19148059584239505,0.10402791108409856,0.23091537737709414,0.06650813331778027,-0.28301585942946017,-0.017998435792932244,0.06031076097975645,0.02182100849886886,0.32235892296680474,0.21043433282753074,0.04703410538990216,0.023224159920207973,0.3484169306665826,0.38464041570040863,0.08256728264784874,-0.11495180160911317
17,-0.03348926380060616,0.3121144711635626,0.49930541624730584,0.09661674508426206,-0.04247753767970497,0.111002564726116,0.32466681415976595,-0.054898688296048936,0.22432644828488973,-0.1232149241758918,0.2686244753741979,0.15454741133606334,0.11838573542352976,-0.038603364347782866,0.3807558613147009,0.17224841861994322,-0.09851033897345973,-0.1994683328230255,0.23980010892210227,0.24982258900136312,-0.11600447725845392,-0.322697042332726,0.20051624388285613,0.21910904649794555,0.1093603113504988,0.29244900495504983,0.07156915212888351,0.03981403283697342,0.001220357624790931,-0.07007502669067454,0.4895214773529827,0.0637917868463912
18,-0.08417891571780703,-0.19567178073345584,0.048418260223786674,0.29564432352390774,0.07156915212888351,0.03981403283697342,0.001220357624790931,-0.07007502669067454,0.4895214773529827,0.0637917868463912,0.21208714275880025,0.4495007379400005,0.2513676591937591,-0.19131993763789917,0.25762659116874836,0.0864221186373137,-0.054658024990498495,0.5979804251199937,0.2526440820179429,0.030295772611395898,-0.17611053221229445,0.532684865743833,0.11982048966670107,-0.0519861583077886,0.27183294112990597,-0.11338464126334705,0.22044835283863562,0.220323853665302,0.23051347462592298,-0.2674087357689618,0.05272393126356598,0.22506923505064735
19,-0.05078018175580146,0.2269836513911627,0.21109509114465294,-0.25122925263422324,-0.31389127431207686,0.39595271167737006,0.2477901823414091,0.11239773235496053,0.14034718129468007,0.07531665293909175,0.14223356297833722,-0.021651786553036286,0.12079119269608964,0.2824571418874076,0.04509906066466046,0.31997096866254743,0.27166200964144344,0.061634111965513244,0.22032608542910156,0.21689918467645036,-0.19131993763789917,0.25762659116874836,0.064972871506301,0.25375125815818755,0.02226975501848725,0.184785809834214,0.09664208958218574,-0.17392707701365767,-0.14536143896619835,0.04333727706415184,0.1220174870673977,0.06129942909837034
20,0.14901686786802,0.06131121467129291,0.20880832158794416,0.11021351393836613,0.2811349847358627,0.0014623392565319142,0.04784244341978576,0.0077741013978389175,0.04641076076847641,-0.12295444257606764,0.39770783469686205,0.08172071414989064,0.24383857054727498,0.12692743882989452,-0.09579475570179191,-0.37215607382295773,0.42858710956831947,0.169608015722371,-0.08047575649163148,0.16236333567151778,0.17047529049149088,0.07176664141241576,-0.05498110129799243,0.15183112240756858,0.10787259292306504,0.01840890062904963,-0.0995598219957391,0.4821384641347985,-0.10720510281794955,-0.02327093882632231,0.13330989518342076,0.06458116259471598
21,0.21781015800967046,0.10304113458430038,0.07360110385407279,0.15670911251286973,0.45003162645293465,0.16110004426294264,0.045895226796395086,-0.06052322043582949,0.4507323785553294,-0.0691774432698838,0.2709843384910566,-0.11948577717296034,0.22477882403469934,0.15412082330316929,0.1598372675145959,0.0706787807519289,0.10415277268582958,0.2735431170666892,0.06625407688356992,-0.34376971549729113,0.31053865854267393,0.23395754267823185,-0.08417891571780703,-0.19567178073345584,0.048418260223786674,0.12787983090555988,0.09892670391507088,0.19799846171187263,0.08817550672737952,0.016104682807028897,0.19820898945179852,-0.1228961939348214
22,0.14128623717498243,0.16458087537784533,0.23046833214655307,-0.04177403759466122,-0.30418711666720355,0.3528982149432685,0.205696934332813,-0.06894471559741094,-0.21754472327174948,0.11712542482710067,0.13726845392845502,-0.0005781423042138623,0.15967623071216216,0.18518734134368978,0.03957451191768845,0.1932733614432001,-0.05430886755852945,0.05310248474394906,0.3607471428065565,0.06233658555976345,0.25202439925764925,0.3540554860126552,0.054753129013971114,0.22470285204137724,0.2032151590447185,-0.20300578487782478,0.2829097843134919,0.036318137954573296,0.2968939267958973,0.07580716838731938,0.08567346237233235,0.1659339689806515
23,0.1900673974285291,0.14118158550631343,0.064420931619945,0.17813747119959616,0.11153480932866984,-0.2919755150128051,0.25194362687045424,0.301061849457883,-0.1161805714536689,-0.04633283163100682,0.2136761375202918,0.07494596567037431,0.25010784662062324,0.3523436055521462,0.16449856261676135,-0.06575779966302676,-0.4633805460079044,-0.6296462555508103,2.322443244981363,0.016820628608099946,-0.12210513461064502,0.7425967423056713,0.26569395997574946,-0.48211955771040454,0.31856934468977854,-0.1471160322989946,0.13224843227692928,-0.13744108689493145,0.7512025272323432,0.10323363556716901,0.37562684311726585,0.43329493229864297
24,0.3873237836404128,0.14370153652087095,-0.06519178307126122,0.31264062742987014,-0.10219671826133284,0.20037398764353218,0.20497716776757982,0.11943540754119972,0.5979804251199937,0.2526440820179429,0.030295772611395898,-0.08447673127516102,0.24495845199737368,0.1101646675136064,0.24823346342850847,0.42630163816159206,-0.2131146307468916,0.2653019974929733,0.2102334860700648,-0.023462072827558623,-0.08357893242046706,0.5100102620576359,0.015971134607805734,0.13242407727825622,0.12389941991210354,-0.06701563151637725,0.2211385741886123,0.1901250685257231,0.18141069148365815,-0.01872348367883698,0.1602399761215795,0.18812549775877
25,0.2477901823414091,0.11239773235496053,0.14034718129468007,0.07531665293909175,0.14223356297833722,-0.021651786553036286,0.12079119269608964,0.2824571418874076,0.04509906066466046,0.31997096866254743,0.27166200964144344,0.061634111965513244,0.22032608542910156,0.21689918467645036,-0.14474699022040785,0.15623469052714475,0.27640262933912124,0.47201011607596016,-0.28281767262770263,-0.0037568732807429827,-0.006068095610988907,0.22353226918003677,0.31634318939043543,0.1452137764050096,0.07004406608160774,0.05316462727074893,0.5077589261353112,0.27800976640018904,-0.06092265305807112,-0.07420667902913211,0.27494133405273913,0.04641076076847641
26,-0.025839607220092212,0.12045898537141242,0.3658137801403437,0.2649233174487815,-0.22582008661066053,0.010747444669999833,-0.04684048839730427,0.3445276958741689,0.2670168397207595,0.11999193592579707,0.025195000573940488,0.2525280799707006,0.20497716776757982,0.17400369564042703,-0.09436305739060516,0.33469231135482114,0.32166518950735806,-0.2270480455207728,-0.10335281001147424,-0.2895737635617525,0.11571104830416722,0.19148059584239505,0.10402791108409856,0.23091537737709414,0.06650813331778027,0.0688545810301372,0.06682974592404096,-0.16034808885176957,0.582480184304969,-0.026167537045574178,0.3188360004878918,0.3648744076231162
27,0.08872221642612875,-0.03338956960717739,0.31626446930358326,-0.2688525390751869,-0.23497703259441213,-0.6818950630676603,2.775715655692279,-0.12641861897147907,-0.071568525291851,0.651068744545621,0.17517207832310983,-0.2837244130358797,-0.05933768281964149,-0.0158205855430532,0.10766783526534249,-0.15136662886912727,0.14222625457533922,0.09454735228493921,0.2455881403904545,0.22417321000734797,0.3377246363120925,-0.25067496534820216,-0.33049876626994434,-0.49479408873313274,1.2506888914384577,-0.16999080995714083,0.24400616256787622,0.6145468467126224,0.182811459615623,-0.27451396654390714,-0.037243909461088076,-0.08742949038525093
28,0.30312930109054054,-0.01628559255808749,0.22344916562290068,-0.0022649620560798393,0.00023042973591467987,0.07425954369573716,0.1967581543584978,0.11716303057832608,0.12569717207255016,0.08359265059376635,0.33876510586308256,0.02582216832870876,0.10159629500858154,0.02285161943960793,0.007793924365852867,-0.09554214890318367,0.17101591016823178,0.1958943861923911,0.19659120888368425,0.0682533575974299,0.17317355494762385,-0.17423414406398183,-0.17888375096808656,0.14457497153757373,0.16150134876585814,-0.04888249344416614,0.25742689993318923,0.1378193687751203,0.032519541821476844,0.005804140740080759,0.15562454509034235,0.09398115298271544
29,0.19762225597500324,0.2117993535166189,0.07241198467246238,-0.0009804569413706596,0.019828243580542443,0.21838582797646872,-0.026929355196783866,0.08118586580494987,0.0029661854615968316,0.34595842949403505,-0.21248517639154826,0.045107140934606355,0.28875087664909865,0.14815850872667752,0.16282803887473282,0.3842572887052237,-0.00910825187333178,-0.09129827596284017,-0.11958844677906617,0.4510220067914173,0.15244082736729989,0.07288885104996093,0.1748984588804126,0.003142846329034149,-0.40042171646973945,0.30944710287579563,0.28437554489588895,0.6145468467126224,0.182811459615623,-0.27451396654390714,-0.037243909461088076,-0.08742949038525093
30,0.10981308189934724,0.4255352370150269,0.25980627869946177,0.028878761909011532,0.1512351673111633,0.0687471240577064,0.025303337699693184,0.07991964893101931,0.14910613995433913,0.13870999513948015,0.052111479316268625,0.2025166266354563,0.13030374742807277,0.2835329004831021,0.45003162645293465,0.16110004426294264,0.08931297307570056,0.11982048966670107,-0.0519861583077886,0.27183294112990597,-0.11338464126334705,0.22044835283863562,0.18175378128055952,0.21507230996456794,-0.11110494277211024,0.3924486791878392,0.2295099569039927,-0.25196316607160346,-0.05078018175580146,0.2269836513911627,0.21109509114465294,-0.25122925263422324
31,0.07443711931806851,0.2013810585084282,0.16537104813962505,0.16944948516711295,0.024987697732263607,0.04487858645134652,0.029272201147996082,0.03195666987309589,-0.04923300073592117,0.28884407459477013,0.11496552590834287,0.1509781412018274,0.16712578824541127,-0.18844126538241282,-0.1530571398391794,0.2893326305696375,0.0598365955185277,0.08329014142793219,0.18442346306946247,0.08528067838339004,0.10619021298001333,-0.07427673148701162,0.2817765778115769,0.18876158217694772,0.12025697212036957,0.3552151175162411,0.3004909622472764,0.044637696916542596,0.1491258597087924,0.10443331001532027,-0.012240582376639745,0.13886281909376522
32,-0.10720510281794955,-0.06988782529844882,-0.029810975371668404,0.36698137508616957,0.28390600937395283,0.06077700494192656,-0.03348926380060616,0.3121144711635626,0.49930541624730584,0.09661674508426206,-0.04247753767970497,0.111002564726116,0.32466681415976595,-0.054898688296048936,0.22432644828488973,-0.1232149241758918,0.2686244753741979,0.15454741133606334,0.11838573542352976,-0.038603364347782866,0.07549226948626696,0.11316297154198258,0.46291758814384293,0.2387995848553981,0.03761959736561409,0.18756622566533648,-0.0032170019832001968,0.05780403347831227,0.0020261803740400193,0.17317355494762385,-0.17423414406398183,-0.17888375096808656
33,-0.10502185721591453,0.16212723952415709,0.18608502378751038,0.07896802964867246,0.19989817570442997,0.45731524052691386,0.17400369564042703,-0.09436305739060516,0.33469231135482114,0.32166518950735806,-0.2270480455207728,-0.2153452891749845,0.25202439925764925,0.3540554860126552,0.054753129013971114,0.22470285204137724,0.2032151590447185,-0.20300578487782478,0.2829097843134919,0.036318137954573296,0.2968939267958973,0.07580716838731938,0.08567346237233235,0.1659339689806515,0.22725753124748785,-0.033804194159752304,0.17615938980224977,0.03444382036243173,0.07542691819238323,0.3540554860126552,0.054753129013971114,0.22470285204137724
34,0.09892670391507088,0.19799846171187263,0.08817550672737952,0.016104682807028897,0.19820898945179852,-0.1228961939348214,0.46117402403887836,0.010629951960803224,0.2329295694666118,0.43160144306355575,0.23386430015327572,0.022736716960153926,0.20677149441364567,0.05235944102725745,0.015779282541251688,0.07778099345810575,0.14475962330811473,0.1313550547189986,0.07443711931806851,0.2013810585084282,0.09565368803175107,0.07321173185889401,0.2759889856284672,0.3334386814242376,-0.2107345127879833,-0.09297619516849094,-0.2895737635617525,0.11571104830416722,0.19148059584239505,0.10402791108409856,0.23091537737709414,0.06650813331778027
35,-0.030744876890875142,0.03995236746348638,0.27685820958904017,-0.238454914255154,0.1622885154367558,0.27244070008152355,0.11639784455030472,0.24558940996994993,0.2716166448893086,0.23132011143789816,-0.37003291712239705,-0.45930796864318557,0.08435528278984028,0.4794833804839934,-0.09284003963689724,0.26295154864488435,0.5642227911150639,-0.12169415188144998,-0.11306592133363663,0.2017013585807754,-0.18049387029567956,0.05969298311436966,-0.15689284602021608,0.13330989518342076,0.06458116259471598,0.2819858073684284,0.37945256073396405,0.2729517301749195,-0.12099987263672833,-0.39104435029717977,-0.58788795971382,0.8825455177838787
36,0.023224159920207973,0.3484169306665826,0.38464041570040863,0.08256728264784874,-0.11495180160911317,0.36064203219538704,-0.0021811084207405663,0.3638470451044476,0.20503724985454205,0.1459981126354451,-0.09139857051369302,0.3563536013904831,0.2492544554621723,-0.1378062638889054,-0.2005062652564799,0.18019128493810643,0.2685197814770018,-0.053115559140665666,-0.37717238805262293,0.2565974639919755,0.1570198042576097,0.15967623071216216,0.18518734134368978,0.03957451191768845,0.1932733614432001,0.0783112031592832,-0.05430886755852945,0.05310248474394906,0.3607471428065565,0.39880165225483155,0.20794843310713504,0.11838573542352976
37,0.10581675702611819,0.21836952852283753,-0.1975496083240688,0.06599459167266276,0.2140158170798685,0.032016070946640766,-0.2056916248099073,-0.09977122531837382,0.20051624388285613,0.21910904649794555,0.1093603113504988,0.29244900495504983,0.07156915212888351,0.03981403283697342,0.001220357624790931,-0.07007502669067454,0.4895214773529827,0.17111948675198826,0.01770617465262488,0.15591559768791044,0.06181623550682581,-0.032007325327046816,0.09425897787719907,0.18704035057159146,0.1166120799555511,0.2006408816117516,0.2821064133792925,0.17654672439733954,0.13598333473215593,0.03048863895714203,0.12638483116916358,0.056999667600075014
38,0.2633311473581775,0.2243299273245574,0.09929767896570325,-0.05055300144419804,0.11493399400923741,0.16398023443426096,0.08641616074491512,-0.030744876890875142,0.03995236746348638,0.27685820958904017,-0.238454914255154,0.1622885154367558,0.2114908145102863,-0.10071744145415372,0.16218366883225244,0.2723849429441483,0.0383714803928995,0.03549752208173734,-0.12169415188144998,-0.11306592133363663,0.2017013585807754,-0.18049387029567956,0.05969298311436966,-0.12444320203172575,0.5611453632897837,0.1869335896853636,0.4006017258170882,-0.10347017542090149,-0.06487001071552723,0.022974105712554253,0.04205130832165293,0.3890877324073698
39,0.10221199436568572,0.11086305524430831,0.5085612625617385,0.2358186269665527,-0.0354215967745066,-0.07093347373910476,0.47495421114848513,-0.06981461482759276,0.2501629573434221,-0.007193016796767877,0.08783646987625998,0.17136904462667607,0.1900673974285291,0.14118158550631343,0.064420931619945,0.17813747119959616,0.11153480932866984,-0.2919755150128051,0.25194362687045424,0.18447934488472806,-0.03735439473461763,-0.17974141893035753,-0.045429781649620936,0.1992759304480005,0.07407198980981192,0.17323991061961344,0.30961736530997896,0.30387177201667565,-0.28959476683629737,-0.23497703259441213,-0.6818950630676603,2.775715655692279
40,0.12079119269608964,0.2824571418874076,0.04509906066466046,0.31997096866254743,0.27166200964144344,0.061634111965513244,0.22032608542910156,0.21689918467645036,0.021443229382626033,-0.1011372261993832,0.23834739187748413,0.05627475275433264,0.2851260409760982,-0.04093780864936718,0.22340053763778864,0.17654672439733954,0.23111960020915598,-0.11338464126334705,0.22044835283863562,0.18175378128055952,0.21507230996456794,-0.11110494277211024,0.3924486791878392,0.2295099569039927,-0.25196316607160346,-0.05078018175580146,0.2269836513911627,0.21109509114465294,-0.25122925263422324,-0.31389127431207686,0.39595271167737006,0.2477901823414091
41,-0.03126694167154654,-0.2895737635617525,0.11571104830416722,0.19148059584239505,0.08715331481815118,0.08931520862275474,0.36698137508616957,0.28390600937395283,0.06077700494192656,-0.03348926380060616,0.3121144711635626,0.49930541624730584,0.09661674508426206,-0.04247753767970497,0.111002564726116,0.32466681415976595,-0.054898688296048936,0.2811812999446631,0.17400369564042703,-0.09436305739060516,0.33469231135482114,0.32166518950735806,-0.2270480455207728,-0.14535264944239704,0.1636217548875396,0.3461298946903398,-0.2333565673052771,-0.30008190849311206,0.3332262163068803,0.15339784011706106,0.17350277886178694,0.14443373400405532
42,0.21026955100633232,0.3594575830872452,0.10738292971034552,0.1268252869070336,-0.054658024990498495,0.5979804251199937,0.2526440820179429,-0.04372410962220837,0.532684865743833,0.11982048966670107,-0.0519861583077886,0.27183294112990597,-0.11338464126334705,0.31395876889815594,0.17429534874748348,0.2011047102573123,-0.05911225422027029,0.1470775585761181,0.02369429402154779,0.005683677347195281,-0.1564723056670849,0.5746193857681196,0.11730632153435483,0.11996356155954901,0.1278373443948156,-0.08747270326604926,-0.4820010422294675,0.6345265610190949,0.2433730585524286,-0.04712027514696706,0.09999394778949644,0.22146573820555276
43,-0.06519178307126122,0.31264062742987014,-0.10219671826133284,0.20037398764353218,0.20497716776757982,0.20364766167416773,0.4592312571483904,-0.16129594391123622,-0.2057051867824583,-0.535203756815677,-0.18224044766622266,1.631133135384752,-0.27684410127456854,0.93613725027831,0.36905839115702316,-0.42191937147693376,0.1594097460088622,0.003986715639722211,-0.10353847396758291,-0.08273860521489726,0.36219842017178827,0.05636339923436683,0.10477893452726418,0.154525193891985,0.12234390728662362,0.014770973447222226,0.16841010577103913,-0.17184534665718618,0.5705404810089426,0.0008958314648755303,0.23630351086435855,0.4555579162737879
44,0.10912076590162222,0.08387223257892588,0.007282743814128762,0.020612343586763032,0.2776213073851155,-0.2930011245453141,-0.3323103623367577,-0.21119585311806702,0.6359536634803336,-0.20577899822194573,0.20485280725032834,0.5710140729030543,0.09919251932906349,-0.27453754616669024,-0.07896928497537498,0.03606607937215022,0.11905401693134181,-0.17504131225752168,0.5690449243076188,0.21717996938913814,0.3279502886094016,0.09451606649497561,-0.1767098477946617,0.04486876508389453,-0.029810975371668404,0.36698137508616957,0.28390600937395283,0.06077700494192656,-0.03348926380060616,0.3121144711635626,0.49930541624730584,0.09661674508426206
45,0.27501372788438055,0.20689829639105578,-0.18868606439129984,0.1938649078891614,0.11596495767376316,0.23218720665753584,0.05513546681446052,0.16570867460275632,0.18981378883331407,0.16929565744747385,0.016130026589419835,0.13604560052272469,-0.018288587728737135,0.021704303877180964,-0.05845547641045337,0.3308041747258856,0.164257142074729,0.09676305399739243,0.18006443606999176,0.03226528517847111,-0.44078944845124995,0.3380206448902753,0.12849141162106129,-0.025839607220092212,0.12045898537141242,0.286877200722593,0.06552001088711226,-0.01222018030071071,0.05668940185689197,0.20093656574037363,-0.034300721465717984,0.09335134699302704
46,0.23244847910803215,0.3923522683435107,0.06574911402424904,0.11982381637853495,-0.0036322028767203193,0.04566479606714988,0.24969781261903926,0.11639784455030472,0.24558940996994993,0.2716166448893086,0.23132011143789816,-0.37003291712239705,-0.45930796864318557,0.08435528278984028,0.4794833804839934,-0.09284003963689724,0.26295154864488435,0.5642227911150639,-0.12169415188144998,-0.11306592133363663,0.2017013585807754,-0.18049387029567956,0.05969298311436966,-0.12444320203172575,0.5611453632897837,0.1869335896853636,0.4006017258170882,-0.10347017542090149,-0.06487001071552723,0.022974105712554253,0.04205130832165293,0.3890877324073698
47,0.010747444669999833,-0.04684048839730427,0.3445276958741689,0.2670168397207595,0.11999193592579707,0.025195000573940488,0.2525280799707006,0.46609603032039665,0.12547576951623374,-0.014864298582347406,0.02672968558008701,0.3808117223227501,-0.09823658655877998,0.2407284347887408,-0.12405508083124386,0.2934160894079379,0.42630163816159206,-0.2131146307468916,-0.22820094866907836,-0.4077636285835352,-0.15881599178038797,0.874523150438384,-0.0030598719334408316,0.39096949337005593,0.5105758017641661,-0.3718423771208559,0.18668007377330023,0.005169852410660244,-0.04538704312831413,0.07211050139498067,-0.3298778796407805,0.26415152108173584
48,0.07004406608160774,0.05316462727074893,0.5077589261353112,0.27800976640018904,0.00915024429447503,-0.18873985973198337,-0.2630977126021474,0.15538551639601741,0.29502436812259675,-0.07973305727102308,0.19799789212246702,0.22952809153640188,0.011717367533914707,-0.04143608295393437,0.18036848701180638,0.08872221642612875,0.008975541836774844,-0.025516086913291845,0.38806089204959493,-0.20156309491583888,0.12789596366752015,0.1503937044621789,0.11340700597604,0.1662950431666319,0.31605517367239877,0.31626446930358326,-0.2688525390751869,-0.23497703259441213,-0.6818950630676603,2.775715655692279,-0.12641861897147907,-0.071568525291851
49,0.15948649245452387,-0.038225245979315856,0.12200883569907046,0.1942458485822597,0.05373657295280298,-0.0481804193300597,0.15012172490551431,0.26646730936785923,0.23769099596891313,0.43358726407530823,-0.18009620301785492,-0.2833807162011421,-0.49163582428543307,0.021414579109772094,1.2345642521917752,-0.2390661515095062,0.7216726934662775,0.37887817736150176,-0.4375915754722766,0.17850557601239259,0.04049002125523098,-0.0759962967737919,-0.09151137764147708,0.08939889071784639,0.10623715881763002,0.16218366883225244,0.2723849429441483,0.0383714803928995,-0.0341945571464552,0.1063634492370031,0.1962990495609203,-0.13145164010685437
50,0.019828243580542443,0.21838582797646872,-0.026929355196783866,-0.029610711765772173,-0.018288587728737135,0.021704303877180964,-0.05845547641045337,0.3308041747258856,0.164257142074729,0.09676305399739243,0.18006443606999176,0.03226528517847111,-0.44078944845124995,0.3380206448902753,0.12849141162106129,-0.13694184884360183,0.5826515229678326,0.15623469052714475,-0.17700260014168365,0.16218366883225244,0.2723849429441483,0.0383714803928995,-0.0341945571464552,0.1063634492370031,0.1962990495609203,-0.13145164010685437,0.23843065633277077,0.11969849148818573,0.15101489071696825,-0.19871529312115233,0.16387788756728414,0.39549804175854303
51,0.16902824950534565,0.24383857054727498,0.12692743882989452,-0.09579475570179191,-0.37215607382295773,0.42858710956831947,0.169608015722371,-0.08047575649163148,0.0742986064654979,0.10901691378591169,-0.06287418633695564,0.020789453641837097,0.4234865458933099,-0.1161805714536689,-0.04633283163100682,0.2136761375202918,0.07494596567037431,0.25010784662062324,0.3523436055521462,0.16449856261676135,-0.06575779966302676,-0.4633805460079044,-0.6296462555508103,2.322443244981363,0.016820628608099946,-0.12210513461064502,0.7425967423056713,0.26569395997574946,-0.48211955771040454,0.31856934468977854,-0.1471160322989946,0.13224843227692928
52,0.2086211161338412,0.3854280947760623,0.3481189339598148,-0.046633282251753776,0.28704697470443025,-0.17779686986585547,0.1491258597087924,0.10443331001532027,-0.012240582376639745,0.13886281909376522,-0.062205740435684005,0.2587212667043487,-0.14639799594510308,0.3286452837434767,0.21153885924695115,0.1163015082677053,-0.07607939841636727,0.4408191314993718,0.1944108882314549,0.1376445149971837,0.07004406608160774,0.05316462727074893,0.5077589261353112,0.27800976640018904,-0.06092265305807112,-0.07420667902913211,0.4772627981074588,0.03545966375049391,-0.08047299948648556,0.2387995848553981,0.03761959736561409,0.18756622566533648
53,-0.03419642558318104,0.22503561746781034,0.23051347462592298,-0.2674087357689618,0.05272393126356598,0.22506923505064735,0.10261484021232775,-0.21198150695143764,-0.19771289689077395,0.32661083949314984,0.10384331692069787,0.07711382871774942,0.20992472947069074,0.08617134357782268,0.07831120315928315,-0.036381717160680845,0.1918282357010622,0.2566953352236003,0.09440814158715664,0.25877643221949886,0.36206636083348,0.018964750924899278,0.1599035703217669,0.20880832158794416,0.11021351393836613,0.2811349847358627,0.0014623392565319142,0.04784244341978576,0.0077741013978389175,0.04641076076847641,-0.12295444257606764,0.39770783469686205
54,0.19799846171187263,0.013227651370909756,0.11712542482710067,0.13726845392845502,0.10477893452726418,0.154525193891985,0.00784475746695388,0.46117402403887836,0.010629951960803224,0.2329295694666118,0.43160144306355575,0.23386430015327572,0.022736716960153926,0.20677149441364567,0.05235944102725745,0.015779282541251688,0.07778099345810575,0.14475962330811473,0.1313550547189986,0.07443711931806851,0.2013810585084282,0.16537104813962505,0.16944948516711295,0.024987697732263607,0.04487858645134652,0.029272201147996082,0.03195666987309589,-0.04923300073592117,0.28884407459477013,0.11496552590834287,0.1509781412018274,0.21715120410033667
55,0.28875087664909865,0.14815850872667752,0.16282803887473282,0.3842572887052237,-0.00910825187333178,-0.3009925401089623,-0.3557798169054311,-0.17575267886142004,0.576090306976329,-0.006011173839405014,0.407556646171246,0.565946646773559,0.29170507199510987,0.5569329242264648,-0.246023278873846,-0.02073871481096764,-0.029680462238063903,0.14956677270984858,0.3599731363146606,0.1693893827989283,0.11021291834797739,-0.01051268262747767,0.44645725699367006,0.34622605703385295,0.023401847563298758,-0.11233793060977981,0.3873237836404128,0.14370153652087095,-0.06519178307126122,0.31264062742987014,-0.10219671826133284,0.20037398764353218
56,0.27546427786962585,0.061031905252357535,0.05848757429557536,-0.07720539751091571,0.010435914587602436,0.4970868953748266,0.0443270845504133,0.1234249141754251,0.024987697732263607,0.04487858645134652,0.029272201147996082,0.03195666987309589,-0.04923300073592117,0.28884407459477013,0.11496552590834287,0.1509781412018274,0.21715120410033667,-0.11088653938316373,-0.3298778796407805,0.19739197841878328,0.2574074511740544,-0.1363443429204539,0.1791058517561891,-0.05498110129799243,0.15183112240756858,0.10787259292306504,0.01840890062904963,-0.0995598219957391,0.4821384641347985,-0.10720510281794955,-0.02327093882632231,0.13330989518342076
57,0.18668007377330023,0.005169852410660244,-0.04538704312831413,-0.09714475970879345,0.024406105133026493,0.355073964073535,0.3305091004000071,0.5569329242264648,-0.246023278873846,-0.02073871481096764,-0.029680462238063903,0.14956677270984858,0.35830963909334645,-0.1161805714536689,-0.04633283163100682,0.2136761375202918,0.07494596567037431,0.25010784662062324,0.3523436055521462,0.16449856261676135,-0.07455557990295211,0.5085612625617385,0.2358186269665527,-0.0354215967745066,-0.07093347373910476,0.47495421114848513,-0.06981461482759276,0.5079120186868825,0.03434420395290914,0.08108865698436285,0.1615687764851244,-0.037857040474989806
58,-0.17611053221229445,0.532684865743833,0.11982048966670107,-0.0519861583077886,0.27183294112990597,-0.11338464126334705,0.22044835283863562,-0.013482483254453276,-0.3276340921767554,-0.560709760652686,-0.026254643473814794,-0.017315794149796837,0.04516849426524482,-0.07300140090705133,0.015029837611797933,0.44060350728358616,0.19206526361875487,0.4763690489011428,-0.1670048053309648,-0.017998435792932244,0.06031076097975645,0.02182100849886886,0.32235892296680474,0.21043433282753074,0.04703410538990216,0.023224159920207973,0.3484169306665826,0.38464041570040863,0.08256728264784874,-0.11495180160911317,0.281796234721746,0.18141069148365815
59,-0.46653684425022923,0.1554728609437766,0.24264684577496107,-0.17251053863600152,-0.14542367560108146,0.6780850513706412,0.11168107498567888,0.4323114787719322,0.40137010870007506,-0.35215411572254657,0.08641717028161186,-0.05935848768228961,0.33385057687905584,0.3111346555032771,0.03374797111609373,0.10221199436568572,0.11086305524430831,0.5085612625617385,0.2358186269665527,-0.0354215967745066,-0.07093347373910476,0.47495421114848513,-0.06981461482759276,0.2501629573434221,-0.007193016796767877,0.08783646987625998,0.17136904462667607,0.1900673974285291,0.14118158550631343,0.064420931619945,0.17813747119959616,0.11153480932866984
60,0.23355982518621926,0.029024701733186827,-0.023190079283785647,0.41946818135912745,0.396950895585359,0.05722556129495675,-0.05963657763210757,0.24747498490240735,0.1906227232740485,-0.06664940695669395,0.2587212667043487,-0.14639799594510308,0.3286452837434767,0.21153885924695115,0.1163015082677053,-0.07607939841636727,0.4408191314993718,0.1944108882314549,-0.17628742224102106,-0.13205735314625608,0.1970317131241627,0.21112320288276687,-0.053256080531068464,-0.41024474767980984,0.2704078672093213,0.267162624321814,0.12187058334242151,0.27546427786962585,0.061031905252357535,0.05848757429557536,-0.07720539751091571,0.08486196776593408
61,-0.20577899822194573,0.20485280725032834,0.5710140729030543,-0.1186811325260774,0.24400616256787622,0.6145468467126224,0.182811459615623,-0.3536349874100938,0.5154484502995313,0.262309165833173,-0.18009620301785492,-0.2833807162011421,-0.49163582428543307,-0.06171537397378518,0.93613725027831,-0.025846677760291016,0.13224843227692928,-0.13744108689493145,0.7512025272323432,0.10323363556716901,0.37562684311726585,0.43329493229864297,-0.3677275101080842,-0.03735439473461763,-0.17974141893035753,-0.045429781649620936,0.1992759304480005,0.07407198980981192,0.0858225934229815,0.11021291834797739,-0.01051268262747767,0.44645725699367006
62,0.1452137764050096,0.07004406608160774,0.05316462727074893,0.5077589261353112,0.27800976640018904,-0.06092265305807112,-0.07420667902913211,0.4772627981074588,-0.017093960217367823,0.20446229175264322,0.077208066716257,-0.03473222436348715,0.2269899149422962,0.1513353793055481,0.1525483543928927,0.07351322787051756,0.07008561531728158,-0.12319514448977624,-0.06574295470794776,0.34385555108441634,0.18533780760642687,0.16500535895414353,0.11298577658039052,0.1593491945626654,-0.2832162412671828,0.0020805530387531996,0.09813566285711402,-0.09435177912274093,0.22363286922109724,0.2243299273245574,0.09929767896570325,-0.05055300144419804
63,0.09562393978438231,0.14760436881813735,-0.17392707701365767,-0.14536143896619835,0.04333727706415184,0.1220174870673977,0.06129942909837034,0.19601231956388124,0.20596975380684593,-0.057684741153323484,0.07384757606653194,0.14480516428365917,0.11473011258612666,-0.06087256733651791,0.10219365132836339,0.2904398373272532,-0.191413963210553,0.0962711095927171,0.19762225597500324,0.1081466919612358,0.23315219493351433,0.2759889856284672,0.3334386814242376,-0.2930011245453141,-0.3323103623367577,-0.21119585311806702,0.6359536634803336,-0.20577899822194573,0.20485280725032834,0.5710140729030543,0.09919251932906349,-0.27453754616669024
64,0.651068744545621,0.17517207832310983,-0.2837244130358797,-0.05933768281964149,-0.0158205855430532,-0.036835629344728345,0.5984436178614774,0.15948649245452387,-0.038225245979315856,0.12200883569907046,0.1942458485822597,0.05373657295280298,-0.0481804193300597,0.15012172490551431,0.11914993570351617,-0.013910993924571376,-0.17796770742789422,0.6237727862359442,-0.0034213682837081223,-0.10107599037759238,0.18931492100556252,0.026950214585079065,0.18096547976886537,0.39861970155369486,0.3322918405849832,-0.0730539224471404,-0.3276340921767554,-0.560709760652686,0.014662593894547743,1.4080315384750042,-0.19779401042735092,0.10247846737264223
65,0.2243299273245574,0.09929767896570325,-0.05055300144419804,0.11493399400923741,0.16398023443426096,0.08641616074491512,-0.030744876890875142,0.03995236746348638,0.27685820958904017,-0.238454914255154,0.1622885154367558,0.27244070008152355,0.11639784455030472,0.24558940996994993,0.24475721653761762,0.13682975682341367,0.023401847563298758,-0.11233793060977981,0.3873237836404128,0.15486438921831852,0.023224159920207973,0.3484169306665826,0.38464041570040863,0.08256728264784874,-0.11495180160911317,0.36064203219538704,0.1673903322242667,-0.05666197808628264,0.1336693336625408,-0.04247753767970497,0.111002564726116,0.26996550069885583
66,0.13099896506810524,0.14083053914836333,-0.02431958698577717,-0.014774917010754571,0.30790953094728557,0.026633443720634878,-0.10502185721591453,0.16212723952415709,0.10247846737264223,0.21692267376731647,0.19989817570442997,0.4592312571483904,-0.16129594391123622,-0.2057051867824583,-0.535203756815677,-0.18224044766622266,1.631133135384752,-0.27684410127456854,0.5786315246445171,0.29107111576143124,0.1045071141541918,0.12488891724892921,0.20435731266315316,0.05272393126356598,0.22506923505064735,0.10261484021232775,0.14133776468476897,0.14370153652087095,-0.06519178307126122,0.31264062742987014,-0.10219671826133284,0.20037398764353218
67,0.07187542666856812,0.09364824897947188,0.26063328665288116,0.13490246113837479,-0.10690798536618025,-0.20091983663120586,0.2564809375436427,0.2379115657403104,-0.03126694167154654,-0.2895737635617525,0.11571104830416722,0.19148059584239505,0.10402791108409856,0.23091537737709414,0.06650813331778027,0.0688545810301372,0.06682974592404096,-0.16034808885176957,0.582480184304969,-0.026167537045574178,0.3188360004878918,0.3648744076231162,0.34342646217838496,-0.01628559255808749,0.22344916562290068,-0.0022649620560798393,0.00023042973591467987,0.07425954369573716,0.1967581543584978,0.11716303057832608,0.12569717207255016,0.08359265059376635
68,0.6145468467126224,0.182811459615623,-0.27451396654390714,-0.037243909461088076,-0.08742949038525093,0.17124113491377574,-0.20272806045545047,0.4391482300802762,0.05310248474394906,0.3607471428065565,-0.04825810048458632,0.0020805530387531996,-0.01015171076149781,0.09492199006514247,-0.09869715727879487,0.0835486894223549,0.15840175868133813,0.18145219611393124,0.23769099596891313,0.43358726407530823,-0.18009620301785492,-0.2833807162011421,-0.49163582428543307,0.021414579109772094,1.2345642521917752,-0.2390661515095062,0.1017194787050764,0.14457497153757373,0.16150134876585814,-0.04888249344416614,0.25742689993318923,0.1378193687751203
69,-0.09945040258569912,0.46110913685599997,0.03434420395290914,-0.00983639526084633,0.14118158550631343,0.064420931619945,0.17813747119959616,0.11153480932866984,-0.2919755150128051,0.25194362687045424,0.18447934488472806,-0.03735439473461763,-0.17974141893035753,-0.045429781649620936,0.1992759304480005,-0.007028124778007442,0.12187058334242151,0.27546427786962585,0.061031905252357535,0.05848757429557536,-0.07720539751091571,0.0859474664470811,0.10477893452726418,0.154525193891985,0.12234390728662362,0.014770973447222226,0.16841010577103913,-0.17184534665718618,0.5705404810089426,0.0008958314648755303,0.23630351086435855,0.4555579162737879
70,0.2477901823414091,0.11239773235496053,0.12234390728662362,0.014770973447222226,0.16841010577103913,-0.17184534665718618,0.5705404810089426,0.0008958314648755303,0.23630351086435855,0.4555579162737879,0.246515426242668,0.01770617465262488,0.15591559768791044,0.06181623550682581,-0.032007325327046816,0.09425897787719907,0.18704035057159146,0.1166120799555511,0.10308527413401705,0.17846779112789968,0.22208583212672164,0.10912076590162222,0.08387223257892588,0.007282743814128762,0.020612343586763032,-0.016019177985158884,0.02271247292045064,0.29107111576143124,0.1045071141541918,0.005794240117379975,-0.09554214890318367,0.17101591016823178
71,0.11596495767376316,0.23218720665753584,0.05513546681446052,0.16570867460275632,0.18981378883331407,0.16929565744747385,0.016130026589419835,0.13604560052272469,-0.018288587728737135,0.021704303877180964,-0.05845547641045337,0.3308041747258856,0.164257142074729,0.09676305399739243,0.18006443606999176,0.03226528517847111,-0.44078944845124995,0.2329436806876871,-0.04712027514696706,0.09999394778949644,0.22146573820555276,0.03967430198809898,0.03995236746348638,0.27685820958904017,-0.238454914255154,0.1622885154367558,0.27244070008152355,0.11639784455030472,0.08239000102319857,0.21208714275880025,0.4495007379400005,0.2933092651678347
72,-0.04093780864936718,0.22340053763778864,0.17654672439733954,0.13598333473215593,0.03048863895714203,0.12638483116916358,0.056999667600075014,-0.03415029254685713,-0.1361437516837773,0.2529187029740033,-0.238454914255154,0.1622885154367558,0.2144023177953166,-0.07588574258395304,-0.3209649737222531,0.2565974639919755,0.7415278322875316,0.565946646773559,-0.27387320345155214,0.11608570550439605,0.054108945930185164,-0.11411752537832029,-0.07300140090705133,0.015029837611797933,0.44060350728358616,0.19206526361875487,0.4763690489011428,-0.1670048053309648,-0.017998435792932244,0.06031076097975645,0.02182100849886886,0.32235892296680474
73,0.39656667760254666,0.1769134251815794,0.22703433970754183,0.20596975380684593,-0.057684741153323484,0.07384757606653194,0.11791256102414473,0.14910613995433913,0.0777999734608091,-0.016190662049341185,0.11838573542352976,-0.038603364347782866,0.3807558613147009,0.17224841861994322,-0.09851033897345973,-0.1994683328230255,0.23980010892210227,0.24982258900136312,-0.08230058181751644,-0.14536143896619835,0.04333727706415184,0.1220174870673977,0.06129942909837034,0.19601231956388124,0.17637999323173353,-0.0341945571464552,0.1063634492370031,0.1962990495609203,-0.13145164010685437,0.23843065633277077,0.11969849148818573,0.15101489071696825
74,0.4555579162737879,0.2548365919253234,0.47495421114848513,-0.06981461482759276,0.2501629573434221,-0.007193016796767877,0.08783646987625998,0.17136904462667607,0.1900673974285291,0.14118158550631343,0.064420931619945,0.17813747119959616,0.11153480932866984,-0.2919755150128051,0.25194362687045424,0.18447934488472806,-0.03735439473461763,-0.17974141893035753,-0.22215357631162724,0.06031076097975645,0.02182100849886886,0.32235892296680474,0.21043433282753074,0.04703410538990216,-0.09417561023588529,0.11493399400923741,0.16398023443426096,0.09340198028705145,0.3563536013904831,0.25133650392243106,-0.04093780864936718,0.22340053763778864
75,0.21026955100633232,0.3594575830872452,0.10738292971034552,0.1268252869070336,-0.054658024990498495,0.5979804251199937,0.2526440820179429,0.030295772611395898,-0.17611053221229445,0.532684865743833,0.11982048966670107,-0.0519861583077886,0.27183294112990597,-0.11338464126334705,0.22044835283863562,0.1104352139209277,0.23218720665753584,0.05513546681446052,0.16570867460275632,0.18981378883331407,0.15962702613590649,-0.11088653938316373,-0.3298778796407805,0.19739197841878328,0.2574074511740544,-0.1363443429204539,0.28392816400072096,0.17315845339267563,0.05824213470011352,-0.05307296768324391,0.15659419328815105,0.10901691378591169
76,-0.25067496534820216,-0.33049876626994434,-0.49479408873313274,1.2506888914384577,-0.16999080995714083,0.24400616256787622,0.6145468467126224,0.182811459615623,-0.27451396654390714,-0.037243909461088076,-0.08742949038525093,0.17124113491377574,-0.20272806045545047,0.5714173973408444,0.21369508916669722,0.2864317522176922,0.2649233174487815,-0.22582008661066053,0.010747444669999833,-0.04684048839730427,0.3445276958741689,0.2670168397207595,0.11999193592579707,0.025195000573940488,0.2525280799707006,0.46609603032039665,0.17009407170892338,-0.06092265305807112,-0.07420667902913211,0.4772627981074588,-0.017093960217367823,0.20446229175264322
77,0.22503561746781034,0.23051347462592298,-0.2674087357689618,0.05272393126356598,0.22506923505064735,0.10261484021232775,-0.21198150695143764,-0.19771289689077395,0.32661083949314984,0.10384331692069787,0.07711382871774942,0.20992472947069074,0.08617134357782268,0.15125713403333968,-0.021651786553036286,0.12079119269608964,0.2366911582215744,-0.12319514448977624,0.385367432853399,0.13490246113837479,-0.10690798536618025,-0.20091983663120586,0.2564809375436427,0.2379115657403104,-0.03126694167154654,-0.2895737635617525,0.11571104830416722,0.19148059584239505,0.10402791108409856,0.0733171073225865,0.08329014142793219,0.18442346306946247
78,0.2011047102573123,-0.05911225422027029,0.1470775585761181,0.02369429402154779,0.005683677347195281,-0.1564723056670849,0.5746193857681196,0.11730632153435483,0.11996356155954901,0.1278373443948156,-0.10316231097554891,0.5793427173608218,0.09004305927638333,0.1776169526838241,0.11019210973415139,-0.10629703423484374,-0.4260345743094281,0.5984436178614774,0.15948649245452387,-0.038225245979315856,0.12200883569907046,0.19289740475697173,0.20436905870817954,0.20064497471212211,-0.03419642558318104,0.22503561746781034,0.23051347462592298,-0.1909004289812543,0.15462730790263718,0.025303337699693184,0.07991964893101931,0.14910613995433913
79,0.04163234839464616,-0.09945040258569912,0.46110913685599997,0.03434420395290914,0.08108865698436285,0.10466068598386129,0.3286452837434767,0.21153885924695115,0.1163015082677053,-0.07607939841636727,0.4408191314993718,0.1944108882314549,0.05396905533365768,0.14202919681300877,-0.18329904817335113,0.03510975496160437,0.24519022089989018,0.04521427973100914,-0.17550950452476882,0.4455944499953284,0.21781015800967046,0.10304113458430038,0.2255610406431187,-0.038225245979315856,0.12200883569907046,0.1942458485822597,0.05373657295280298,-0.0481804193300597,0.15012172490551431,0.11914993570351617,-0.013910993924571376,-0.17796770742789422
80,-0.0730539224471404,-0.3276340921767554,-0.560709760652686,0.014662593894547743,1.4080315384750042,-0.3211366212088857,1.0994415746910717,0.3631106194833644,-0.4215966192802298,0.10787259292306504,0.01840890062904963,-0.0995598219957391,0.4821384641347985,-0.10720510281794955,-0.02327093882632231,0.13330989518342076,0.2011047102573123,-0.008927716219881135,0.16150134876585814,-0.04888249344416614,0.25742689993318923,0.1378193687751203,-0.016485111357953754,0.4455944499953284,0.21781015800967046,0.10304113458430038,0.07360110385407279,0.15670911251286973,0.45003162645293465,0.16110004426294264,0.045895226796395086,-0.06052322043582949
81,0.07008561531728158,-0.12319514448977624,-0.06574295470794776,0.34385555108441634,0.18533780760642687,0.16500535895414353,0.11298577658039052,0.1593491945626654,-0.2832162412671828,0.0020805530387531996,0.09813566285711402,-0.09435177912274093,0.22363286922109724,0.2243299273245574,0.09929767896570325,-0.05055300144419804,0.11493399400923741,0.16398023443426096,0.08641616074491512,-0.030744876890875142,0.03995236746348638,0.27685820958904017,-0.238454914255154,0.1622885154367558,0.27244070008152355,0.11639784455030472,0.24558940996994993,0.2716166448893086,0.23132011143789816,-0.37003291712239705,-0.45930796864318557,0.08435528278984028
82,0.18036848701180638,0.07863672787339265,0.1509781412018274,0.21715120410033667,-0.11088653938316373,-0.3298778796407805,0.19739197841878328,0.2574074511740544,-0.1363443429204539,0.28392816400072096,0.17315845339267563,0.05824213470011352,-0.05307296768324391,0.15659419328815105,0.10901691378591169,-0.06287418633695564,0.020789453641837097,0.4234865458933099,-0.1161805714536689,-0.04633283163100682,0.2136761375202918,0.07494596567037431,0.25010784662062324,0.3523436055521462,0.16449856261676135,-0.06575779966302676,-0.4633805460079044,-0.6296462555508103,2.322443244981363,0.016820628608099946,-0.12210513461064502,0.7425967423056713
83,0.17400369564042703,-0.09436305739060516,0.33469231135482114,0.32166518950735806,-0.2270480455207728,-0.14535264944239704,0.1636217548875396,0.3461298946903398,-0.2333565673052771,-0.30008190849311206,0.3332262163068803,0.15339784011706106,0.17350277886178694,0.14443373400405532,0.06937373250251755,0.1938846693083236,-0.020397626293515884,0.056241500047262236,0.31501257601781585,0.03521232712560007,0.31260451285604524,0.31800420099521304,0.08584314875963814,-0.2930011245453141,-0.3323103623367577,-0.21119585311806702,0.6359536634803336,-0.20577899822194573,0.20485280725032834,0.5710140729030543,0.09919251932906349,-0.27453754616669024
84,-0.0481804193300597,0.36496510358983475,0.12494821353405587,0.11626296745509843,0.1967032816729059,0.13604608051457204,-0.4410086830701572,0.20521445648280787,0.18187890191990846,-0.018412927239126024,0.08651782774696389,0.27957828264201523,0.07241198467246238,-0.0009804569413706596,0.019828243580542443,0.21838582797646872,-0.026929355196783866,0.20072847562274693,-0.14790409884515712,0.4510220067914173,0.15244082736729989,0.07288885104996093,0.0895781818020407,0.060103524481399835,-0.0995598219957391,0.4821384641347985,-0.10720510281794955,-0.02327093882632231,0.13330989518342076,0.06458116259471598,0.2819858073684284,0.37945256073396405
85,0.09510515726720949,-0.09945040258569912,0.46110913685599997,0.03434420395290914,0.15538718694112577,-0.09579475570179191,-0.37215607382295773,0.42858710956831947,0.169608015722371,-0.08047575649163148,0.16236333567151778,0.17047529049149088,0.07176664141241576,-0.05498110129799243,0.15183112240756858,0.10787259292306504,0.01840890062904963,-0.0995598219957391,0.4821384641347985,-0.10720510281794955,-0.02327093882632231,0.13330989518342076,0.06458116259471598,0.2819858073684284,0.37945256073396405,0.2729517301749195,-0.12099987263672833,-0.39104435029717977,-0.58788795971382,0.8825455177838787,0.5486551716555055,-0.23240833069389197
86,-0.1161805714536689,-0.04633283163100682,0.2136761375202918,0.07494596567037431,0.25010784662062324,0.3523436055521462,0.16449856261676135,-0.06575779966302676,-0.4633805460079044,-0.6296462555508103,2.322443244981363,0.016820628608099946,-0.12210513461064502,0.7425967423056713,0.26569395997574946,-0.48211955771040454,0.31856934468977854,-0.1471160322989946,0.13224843227692928,-0.13744108689493145,0.7512025272323432,0.10323363556716901,0.37562684311726585,0.43329493229864297,-0.3915575391071216,0.1991874509102764,-0.16436390704998038,0.4455944499953284,0.21781015800967046,0.10304113458430038,0.22432644828488973,-0.1232149241758918
87,0.10762942390301436,0.4252746605696237,0.019519458325689406,-0.024104684871840008,0.41000486829468213,-0.054332979629034356,0.19955843128181666,-0.154784423703279,0.3022190377547206,0.1947513444538738,0.06255089963037826,0.14128623717498243,0.16458087537784533,0.23046833214655307,0.07121205643284279,0.16588222747740497,0.17018348502593558,0.027595165892406535,0.1692395764517847,-0.016804451873613534,0.004656571040100282,-0.11958844677906617,0.4510220067914173,0.15244082736729989,0.07288885104996093,0.1748984588804126,0.003142846329034149,-0.40042171646973945,0.30944710287579563,0.17593608521602916,-0.10071744145415372,0.16218366883225244
88,-0.2688525390751869,-0.24400340835220752,-0.49479408873313274,1.2506888914384577,-0.16999080995714083,0.24400616256787622,0.6145468467126224,0.182811459615623,-0.27451396654390714,-0.037243909461088076,-0.08742949038525093,-0.09419626563619236,-0.08273860521489726,0.36219842017178827,0.20395349412622332,0.39656667760254666,0.3438782254724192,-0.22430789111493196,-0.13216215275703985,0.04131191411989849,0.29312924637770893,0.36431095447616657,-0.07764606185069847,0.2695297339176205,0.28704697470443025,-0.23376505563265904,0.25903415533466395,0.05353362786240616,0.27552939681922384,0.0799497909674738,0.1273673621854455,0.12302980186260518
89,-0.4410086830701572,0.20521445648280787,-0.014671795939834496,-0.0009804569413706596,0.019828243580542443,0.21838582797646872,0.1817450927074853,-0.09401895570000028,0.10799564566925353,0.14738116301118354,0.09492199006514247,-0.09869715727879487,0.04023717749546451,-0.1261693407012891,0.05257179403844993,0.24495845199737368,0.1101646675136064,0.24823346342850847,0.3427931630181588,-0.2833807162011421,-0.49163582428543307,0.021414579109772094,1.2345642521917752,-0.2390661515095062,0.7216726934662775,0.37887817736150176,-0.4375915754722766,0.17850557601239259,0.04049002125523098,-0.0759962967737919,-0.07588574258395304,0.2146160329797934
90,0.29244900495504983,0.07156915212888351,0.03981403283697342,0.001220357624790931,-0.07007502669067454,0.4895214773529827,0.0637917868463912,0.21208714275880025,0.4495007379400005,0.2933092651678347,-0.07857167594071549,0.2854839681489928,-0.1286611337248143,0.13799062650487542,0.049220828979773264,0.2691318726029984,0.10583636003401536,0.0911876490090115,0.11016030936506847,0.2583871303179207,0.49930541624730584,0.09661674508426206,-0.04247753767970497,0.111002564726116,0.32466681415976595,-0.054898688296048936,0.22432644828488973,-0.1232149241758918,0.2686244753741979,0.15454741133606334,0.11838573542352976,-0.038603364347782866
91,-0.18868606439129984,0.1938649078891614,0.11596495767376316,0.23218720665753584,0.05513546681446052,0.16570867460275632,0.1154575838036849,-0.17423414406398183,-0.17888375096808656,0.14457497153757373,0.16150134876585814,-0.04888249344416614,0.25742689993318923,0.1378193687751203,0.032519541821476844,0.005804140740080759,0.15562454509034235,0.09398115298271544,-0.01760761135922154,0.013769183121238256,0.3351624358998726,-0.14469081953720858,0.08939889071784639,0.14222625457533922,0.09454735228493921,0.2455881403904545,0.22417321000734797,0.3377246363120925,-0.25067496534820216,-0.5213330909854899,-0.15881599178038797,0.874523150438384
92,-0.010932433981683438,-0.28281767262770263,-0.0037568732807429827,-0.006068095610988907,0.27796724423346114,0.12849141162106129,-0.025839607220092212,0.12045898537141242,0.286877200722593,0.06552001088711226,-0.01222018030071071,-0.5030134720049637,0.24411427478465775,0.22798368323536836,0.14083053914836333,-0.02431958698577717,-0.014774917010754571,0.30790953094728557,0.20571083276012633,0.10901691378591169,-0.06287418633695564,0.020789453641837097,0.4234865458933099,-0.1161805714536689,-0.04633283163100682,0.2136761375202918,0.07494596567037431,0.25010784662062324,0.3523436055521462,0.16449856261676135,-0.06575779966302676,-0.4633805460079044
93,-0.535203756815677,-0.18224044766622266,1.631133135384752,-0.27684410127456854,0.93613725027831,0.36905839115702316,-0.42191937147693376,0.08039882214882836,-0.14542367560108146,0.6780850513706412,0.11168107498567888,0.3895964985536594,0.022736716960153926,0.20677149441364567,0.05235944102725745,0.015779282541251688,0.07778099345810575,0.14475962330811473,0.1313550547189986,0.07443711931806851,0.2013810585084282,0.16537104813962505,0.16944948516711295,0.024987697732263607,0.04487858645134652,0.029272201147996082,0.03195666987309589,-0.04923300073592117,0.28884407459477013,0.11496552590834287,0.1509781412018274,0.21715120410033667
94,-0.2688525390751869,-0.23497703259441213,-0.6818950630676603,2.775715655692279,-0.12641861897147907,-0.071568525291851,0.651068744545621,0.17517207832310983,-0.2837244130358797,-0.05933768281964149,-0.0158205855430532,0.10766783526534249,-0.15136662886912727,0.732439073067299,0.16811112115875754,0.3065383859292377,0.3339580943966088,-0.3258809547938212,0.13330811200126508,-0.16700246707206481,0.3266504685776504,-0.04143608295393437,0.18036848701180638,0.08872221642612875,0.008975541836774844,-0.025516086913291845,0.38806089204959493,-0.20156309491583888,0.12789596366752015,0.1503937044621789,0.11340700597604,0.1662950431666319
95,0.08651782774696389,0.27957828264201523,0.07241198467246238,-0.0009804569413706596,0.07241198467246238,-0.0009804569413706596,0.019828243580542443,0.21838582797646872,-0.026929355196783866,0.08118586580494987,0.0029661854615968316,0.34595842949403505,-0.21248517639154826,0.021353108155186415,0.015029837611797933,0.44060350728358616,0.19206526361875487,0.4763690489011428,-0.1670048053309648,-0.017998435792932244,0.06031076097975645,0.02182100849886886,0.32235892296680474,0.21043433282753074,-0.009865316701155279,-0.032007325327046816,0.09425897787719907,0.18704035057159146,0.1166120799555511,0.10308527413401705,0.17846779112789968,0.22208583212672164
96,-0.10219671826133284,0.20037398764353218,0.20497716776757982,0.17400369564042703,-0.09436305739060516,0.33469231135482114,0.32166518950735806,-0.2270480455207728,-0.14535264944239704,0.1636217548875396,0.3461298946903398,-0.2333565673052771,-0.30008190849311206,0.3332262163068803,0.15339784011706106,0.17350277886178694,0.14443373400405532,0.06937373250251755,0.1938846693083236,-0.020397626293515884,0.056241500047262236,0.31501257601781585,0.03521232712560007,0.31260451285604524,0.31800420099521304,-0.005335817680394406,0.27501372788438055,0.20689829639105578,-0.18868606439129984,0.1938649078891614,0.11596495767376316,0.23218720665753584
97,0.1509781412018274,0.21715120410033667,-0.11088653938316373,-0.3298778796407805,0.19739197841878328,0.2574074511740544,-0.1363443429204539,0.28392816400072096,0.17315845339267563,0.2945033724172272,-0.42191937147693376,0.1594097460088622,0.003986715639722211,-0.10353847396758291,-0.08273860521489726,0.36219842017178827,0.20395349412622332,0.39656667760254666,0.3438782254724192,-0.22430789111493196,0.13330811200126508,-0.16700246707206481,0.35905073798042664,0.2503177717232147,0.19920890419656892,0.006508261054583925,0.19637910122862356,0.5323290908947901,0.1781977957109066,0.030295772611395898,-0.17611053221229445,0.532684865743833
98,0.10901691378591169,-0.06287418633695564,0.020789453641837097,0.4821384641347985,-0.10720510281794955,-0.02327093882632231,0.13330989518342076,0.06458116259471598,0.2819858073684284,0.37945256073396405,0.2729517301749195,-0.12099987263672833,-0.39104435029717977,-0.58788795971382,0.8825455177838787,0.5486551716555055,-0.23240833069389197,0.7000941381334126,0.17615938980224977,0.03444382036243173,-0.08424507459956743,-0.05323316428520335,0.38394456914269876,0.0637917868463912,0.21208714275880025,0.4495007379400005,0.2933092651678347,-0.07857167594071549,0.2854839681489928,-0.1286611337248143,0.13799062650487542,0.049220828979773264
99,-0.02687598372737332,-0.021651786553036286,0.12079119269608964,0.2824571418874076,0.04509906066466046,0.31997096866254743,0.27166200964144344,0.061634111965513244,0.22032608542910156,0.21689918467645036,-0.19131993763789917,0.25762659116874836,0.064972871506301,0.25375125815818755,0.02226975501848725,0.184785809834214,0.16588222747740497,0.17018348502593558,0.027595165892406535,0.1692395764517847,-0.016804451873613534,0.004656571040100282,-0.11958844677906617,0.4510220067914173,0.15244082736729989,0.07288885104996093,0.1748984588804126,0.003142846329034149,-0.40042171646973945,0.08471888690028503,0.4890411170749792,-0.27387320345155214
100,0.21507230996456794,-0.11110494277211024,0.3924486791878392,0.2295099569039927,-0.25196316607160346,-0.05078018175580146,0.2269836513911627,0.21109509114465294,-0.25122925263422324,-0.31389127431207686,0.39595271167737006,0.2477901823414091,0.11239773235496053,0.14034718129468007,0.07531665293909175,0.14223356297833722,-0.021651786553036286,0.12079119269608964,-0.4268141196430951,0.40979557006932316,0.23961717018966824,-0.3519763747511353,0.20521445648280787,0.18187890191990846,-0.018412927239126024,0.08651782774696389,0.27957828264201523,0.07241198467246238,-0.0009804569413706596,0.019828243580542443,0.21838582797646872,0.29107111576143124
101,0.2269899149422962,0.1513353793055481,0.1525483543928927,0.05451036815254353,0.10581675702611819,0.21836952852283753,-0.11266349251197258,0.19206526361875487,0.4763690489011428,-0.1670048053309648,-0.017998435792932244,0.06031076097975645,0.02182100849886886,0.32235892296680474,0.21043433282753074,0.04703410538990216,0.023224159920207973,0.2356631773039104,0.20503724985454205,0.1459981126354451,-0.09139857051369302,0.3563536013904831,0.2492544554621723,-0.1378062638889054,-0.2005062652564799,0.18019128493810643,0.2685197814770018,-0.03984352849139494,0.14760436881813735,-0.17392707701365767,-0.14536143896619835,0.04333727706415184
102,0.3099970298175544,0.471489611372563,-0.22685151173680398,-0.03410554351064948,-0.026979094668769906,0.21026955100633232,0.3594575830872452,0.10738292971034552,0.1268252869070336,-0.054658024990498495,0.5979804251199937,0.2526440820179429,0.11011816843514392,-0.10690798536618025,-0.20091983663120586,0.2564809375436427,0.2379115657403104,-0.03126694167154654,-0.2895737635617525,0.11571104830416722,0.19148059584239505,0.10402791108409856,0.23091537737709414,0.06650813331778027,0.0688545810301372,0.06682974592404096,-0.16034808885176957,0.582480184304969,-0.026167537045574178,0.3188360004878918,0.3648744076231162,0.34342646217838496
103,0.1459981126354451,-0.09139857051369302,0.3563536013904831,0.2492544554621723,-0.1378062638889054,-0.2005062652564799,0.18019128493810643,0.25871941572260354,0.2729517301749195,-0.12099987263672833,-0.39104435029717977,-0.58788795971382,0.8825455177838787,0.5486551716555055,-0.23240833069389197,0.7000941381334126,0.3710274399415613,-0.46653684425022923,0.1554728609437766,0.24264684577496107,-0.17251053863600152,-0.14542367560108146,0.15115332826533792,0.6780850513706412,0.13726845392845502,0.10477893452726418,0.154525193891985,0.12234390728662362,0.014770973447222226,0.16841010577103913,-0.17184534665718618,0.5705404810089426
104,0.21715120410033667,-0.11088653938316373,-0.3298778796407805,0.19739197841878328,0.2574074511740544,-0.1363443429204539,0.33166627882484634,-0.007193016796767877,0.08783646987625998,0.17136904462667607,0.1900673974285291,0.14118158550631343,0.064420931619945,0.17813747119959616,0.11153480932866984,-0.2919755150128051,0.25194362687045424,-0.12159267780603504,-0.4820010422294675,0.6345265610190949,0.2433730585524286,-0.04712027514696706,0.09999394778949644,0.22146573820555276,0.07314429710685592,-0.1271890839969909,0.22798368323536836,0.14083053914836333,-0.02431958698577717,-0.014774917010754571,0.30790953094728557,0.026633443720634878
105,0.1970317131241627,0.21112320288276687,-0.053256080531068464,-0.41024474767980984,0.2704078672093213,0.267162624321814,0.12187058334242151,0.27546427786962585,0.061031905252357535,0.05848757429557536,-0.07720539751091571,-0.012674040963347684,-0.059372907008158365,0.28230669455910706,-0.10897268141169947,0.4019389235070164,0.08865320947212052,0.11316297154198258,0.46291758814384293,0.2387995848553981,0.03761959736561409,0.18756622566533648,-0.0032170019832001968,0.05780403347831227,0.08945759497947195,0.13484381164054374,0.14901686786802,0.06131121467129291,0.20880832158794416,0.11021351393836613,0.2811349847358627,0.0014623392565319142
106,0.07425954369573716,0.1967581543584978,0.11716303057832608,0.12569717207255016,0.08359265059376635,0.33876510586308256,0.02582216832870876,0.10159629500858154,0.02285161943960793,0.014413912777734404,0.2678296268354956,-0.11044697195648515,-0.03942325171534666,0.3563536013904831,0.2492544554621723,-0.1378062638889054,-0.2005062652564799,0.18019128493810643,0.2685197814770018,0.009667533214716702,-0.18009620301785492,-0.2833807162011421,0.03021901361793888,0.874523150438384,-0.0030598719334408316,0.39096949337005593,0.5105758017641661,-0.3718423771208559,0.18668007377330023,0.005169852410660244,-0.04538704312831413,-0.09714475970879345
107,-0.045429781649620936,0.1992759304480005,0.07407198980981192,0.17323991061961344,0.13672065948977402,-0.059372907008158365,0.28230669455910706,-0.10897268141169947,0.4019389235070164,0.28594321423644786,-0.03419642558318104,0.22503561746781034,0.23051347462592298,-0.2674087357689618,0.05272393126356598,0.22506923505064735,0.10261484021232775,-0.21198150695143764,-0.19771289689077395,0.32661083949314984,0.10384331692069787,0.07711382871774942,0.20992472947069074,0.08617134357782268,0.07831120315928315,-0.036381717160680845,0.1918282357010622,0.2566953352236003,0.09440814158715664,0.25877643221949886,0.36206636083348,0.018964750924899278
108,0.05780403347831227,0.08945759497947195,0.13484381164054374,0.14901686786802,0.22406861766521854,-0.1378062638889054,-0.2005062652564799,0.18019128493810643,0.2685197814770018,-0.053115559140665666,-0.37717238805262293,0.2565974639919755,0.1570198042576097,0.21203140680293922,0.4019389235070164,0.08865320947212052,0.11316297154198258,0.46291758814384293,0.2387995848553981,0.03761959736561409,0.18756622566533648,0.026375305746230936,0.27552939681922384,0.0799497909674738,0.1273673621854455,0.12302980186260518,0.2983918938792556,-0.12952072144717805,0.1989945624780694,0.17846779112789968,0.22208583212672164,-0.03419642558318104
109,0.1888601582797957,0.07008561531728158,-0.12319514448977624,-0.06574295470794776,0.34385555108441634,0.18533780760642687,0.16500535895414353,0.11298577658039052,0.1593491945626654,-0.2832162412671828,0.0020805530387531996,0.09813566285711402,-0.09435177912274093,0.22363286922109724,0.2243299273245574,0.09929767896570325,-0.05055300144419804,0.11493399400923741,0.16398023443426096,0.08641616074491512,-0.030744876890875142,0.03995236746348638,0.27685820958904017,-0.238454914255154,0.1622885154367558,0.27244070008152355,0.11639784455030472,0.24558940996994993,0.2716166448893086,0.23132011143789816,-0.37003291712239705,-0.037018158240214684
110,0.21781015800967046,0.10304113458430038,0.07360110385407279,0.15670911251286973,0.45003162645293465,0.16110004426294264,0.045895226796395086,-0.06052322043582949,0.4507323785553294,-0.0691774432698838,0.2709843384910566,-0.11948577717296034,0.22477882403469934,0.15412082330316929,0.11287437838740601,0.4639501292943212,0.25980627869946177,0.028878761909011532,0.1512351673111633,0.0687471240577064,0.025303337699693184,0.07991964893101931,0.0965640569228259,0.11016030936506847,0.2678296268354956,-0.11044697195648515,0.29822181701699224,0.06963025852130174,-0.04415721420156436,-0.08021739414216453,0.21015504769464924,0.16078174031700854
111,0.11639784455030472,0.24558940996994993,0.2716166448893086,0.23132011143789816,-0.37003291712239705,-0.45930796864318557,0.08435528278984028,0.4794833804839934,-0.09284003963689724,0.26295154864488435,0.5642227911150639,-0.12169415188144998,-0.11306592133363663,0.2017013585807754,-0.24262491319176213,0.15659419328815105,0.10901691378591169,-0.06287418633695564,0.020789453641837097,0.4234865458933099,-0.1161805714536689,-0.04633283163100682,0.2136761375202918,0.07494596567037431,0.25010784662062324,0.3523436055521462,0.16449856261676135,-0.06575779966302676,-0.4633805460079044,0.34459160242575504,-0.12641861897147907,-0.071568525291851
112,0.11298577658039052,0.1593491945626654,-0.2832162412671828,0.0020805530387531996,0.09813566285711402,-0.09435177912274093,0.22363286922109724,0.2243299273245574,0.09929767896570325,-0.05055300144419804,0.11493399400923741,0.16398023443426096,0.08641616074491512,-0.030744876890875142,0.11910014596554346,0.09492199006514247,-0.09869715727879487,0.0835486894223549,0.15840175868133813,0.18145219611393124,0.23769099596891313,0.43358726407530823,-0.18009620301785492,-0.2833807162011421,-0.49163582428543307,0.021414579109772094,-0.06894471559741094,-0.21754472327174948,0.11712542482710067,0.13726845392845502,0.10477893452726418,0.154525193891985
113,0.04487858645134652,0.029272201147996082,0.03195666987309589,-0.04923300073592117,0.28884407459477013,0.11496552590834287,0.18247705297780892,-0.053115559140665666,-0.37717238805262293,0.2565974639919755,0.1570198042576097,0.15967623071216216,0.18518734134368978,0.03957451191768845,0.1932733614432001,-0.05430886755852945,0.05310248474394906,0.3607471428065565,0.06233658555976345,0.25202439925764925,0.3540554860126552,0.054753129013971114,-0.04572949832142181,0.532684865743833,0.11982048966670107,-0.0635043614285483,0.47495421114848513,-0.06981461482759276,0.2501629573434221,-0.007193016796767877,0.08783646987625998,0.17136904462667607
114,-0.06575779966302676,-0.4633805460079044,-0.6296462555508103,2.322443244981363,0.016820628608099946,-0.12210513461064502,0.7425967423056713,0.26569395997574946,-0.48211955771040454,0.31856934468977854,-0.1471160322989946,0.13224843227692928,-0.13744108689493145,0.7512025272323432,0.10323363556716901,0.37562684311726585,0.43329493229864297,-0.3915575391071216,0.1991874509102764,-0.16436390704998038,0.48358800525148327,0.46609603032039665,0.12547576951623374,-0.014864298582347406,0.02672968558008701,0.3808117223227501,-0.09823658655877998,0.2407284347887408,-0.12405508083124386,0.22599906281655174,0.2296552800988911,0.07187542666856812
115,0.2136761375202918,-0.09360209446806358,-0.17888375096808656,0.14457497153757373,0.16150134876585814,-0.04888249344416614,0.25742689993318923,0.1378193687751203,0.032519541821476844,-0.16529620741565698,0.07384757606653194,0.14480516428365917,0.11473011258612666,-0.06087256733651791,0.10219365132836339,0.2904398373272532,-0.191413963210553,0.0962711095927171,0.19762225597500324,0.1081466919612358,0.23315219493351433,0.2759889856284672,0.3334386814242376,-0.2930011245453141,-0.3323103623367577,-0.21119585311806702,0.6359536634803336,-0.20577899822194573,0.20485280725032834,0.5710140729030543,0.09919251932906349,-0.27453754616669024
116,0.6237727862359442,-0.0034213682837081223,-0.10107599037759238,0.18931492100556252,0.026950214585079065,0.18096547976886537,0.39861970155369486,0.15890619034442788,-0.07066784706132076,0.11293875088477945,-0.20535274008458249,0.5793427173608218,0.09004305927638333,0.1776169526838241,0.11019210973415139,-0.10629703423484374,0.13679639866160134,0.2243299273245574,0.09929767896570325,-0.05055300144419804,0.11493399400923741,0.16398023443426096,0.08641616074491512,-0.030744876890875142,0.03995236746348638,0.27685820958904017,-0.238454914255154,0.1622885154367558,0.27244070008152355,0.11639784455030472,0.24558940996994993,0.2716166448893086
117,0.2477901823414091,0.11239773235496053,0.14034718129468007,0.07531665293909175,0.14223356297833722,-0.021651786553036286,0.12079119269608964,0.2824571418874076,0.04509906066466046,0.31997096866254743,0.27166200964144344,0.061634111965513244,0.22032608542910156,0.21689918467645036,-0.19131993763789917,0.25762659116874836,0.10095697703132632,0.1673903322242667,-0.09284999744819501,0.3101946871467882,-0.16972559312542665,0.3638470451044476,0.20503724985454205,0.1459981126354451,-0.09139857051369302,0.3563536013904831,0.26137686541461425,0.1268252869070336,-0.054658024990498495,0.5979804251199937,0.2526440820179429,0.030295772611395898
118,0.20436905870817954,0.20064497471212211,-0.03419642558318104,0.22503561746781034,0.23051347462592298,-0.2674087357689618,0.05272393126356598,0.22506923505064735,0.10261484021232775,-0.21198150695143764,-0.19771289689077395,0.32661083949314984,0.10384331692069787,0.07711382871774942,0.20992472947069074,0.08617134357782268,-0.16015292160000016,0.2893326305696375,0.0598365955185277,0.08329014142793219,0.18442346306946247,0.08528067838339004,0.10619021298001333,-0.07427673148701162,0.12845498199652117,0.23091537737709414,0.06650813331778027,0.0688545810301372,0.06682974592404096,-0.16034808885176957,0.582480184304969,-0.026167537045574178
119,-0.17251053863600152,-0.14542367560108146,0.6780850513706412,0.11168107498567888,0.4323114787719322,0.40137010870007506,-0.35215411572254657,0.08641717028161186,-0.05935848768228961,0.33385057687905584,0.3111346555032771,0.03374797111609373,0.10221199436568572,0.11086305524430831,0.5085612625617385,0.2358186269665527,-0.0354215967745066,-0.07093347373910476,0.47495421114848513,-0.06981461482759276,0.2501629573434221,-0.007193016796767877,0.08783646987625998,0.17136904462667607,0.1900673974285291,0.14118158550631343,0.064420931619945,0.17813747119959616,0.11153480932866984,-0.2919755150128051,0.25194362687045424,0.18447934488472806
120,0.06963025852130174,-0.04415721420156436,-0.08021739414216453,0.21015504769464924,0.16078174031700854,0.18936452476172624,0.09562393978438231,0.14760436881813735,-0.17392707701365767,-0.14536143896619835,0.04333727706415184,0.1220174870673977,0.06129942909837034,0.19601231956388124,0.20596975380684593,-0.057684741153323484,0.07384757606653194,0.14480516428365917,0.1445137061588814,0.09440814158715664,0.25877643221949886,0.36206636083348,0.018964750924899278,0.22176350952506277,0.0976938196030565,-0.1011372261993832,0.23834739187748413,0.03091519156070202,0.2691318726029984,0.10583636003401536,0.0911876490090115,0.11016030936506847
121,-0.09401895570000028,0.10799564566925353,0.14738116301118354,0.09492199006514247,-0.09869715727879487,0.0835486894223549,0.15840175868133813,0.18145219611393124,0.23769099596891313,0.43358726407530823,-0.18009620301785492,-0.2833807162011421,-0.49163582428543307,0.021414579109772094,1.2345642521917752,-0.2390661515095062,0.7216726934662775,0.37887817736150176,-0.4375915754722766,0.17850557601239259,0.04049002125523098,-0.0759962967737919,-0.07588574258395304,0.2146160329797934,0.30387177201667565,0.2028622388431911,-0.014774917010754571,0.30790953094728557,0.026633443720634878,-0.10502185721591453,0.16212723952415709,0.10247846737264223
122,0.4561894607607333,-0.4307036263075145,0.33404209236252513,-0.14121514914508826,0.22363286922109724,0.2243299273245574,0.09929767896570325,-0.05055300144419804,0.11493399400923741,0.16398023443426096,0.08641616074491512,-0.030744876890875142,0.03995236746348638,0.27685820958904017,-0.238454914255154,0.1622885154367558,0.27244070008152355,0.11639784455030472,0.24558940996994993,0.2716166448893086,0.23132011143789816,-0.37003291712239705,-0.45930796864318557,0.08435528278984028,0.4794833804839934,-0.09284003963689724,0.26295154864488435,-0.07300140090705133,0.015029837611797933,0.44060350728358616,0.19206526361875487,0.4763690489011428
123,0.1636217548875396,0.28281813360113944,0.10308527413401705,0.17846779112789968,0.22208583212672164,0.10912076590162222,0.08387223257892588,0.007282743814128762,0.020612343586763032,-0.10826115753452543,0.12200883569907046,0.12051284311914331,0.11340700597604,0.1662950431666319,0.31605517367239877,0.31626446930358326,-0.2688525390751869,-0.23497703259441213,-0.6818950630676603,0.720733769447827,-0.2837244130358797,-0.05933768281964149,-0.0158205855430532,0.10766783526534249,-0.15136662886912727,0.732439073067299,0.16811112115875754,0.3065383859292377,0.3339580943966088,-0.3258809547938212,0.13330811200126508,-0.16700246707206481
124,0.2824571418874076,0.04509906066466046,0.31997096866254743,0.27166200964144344,0.061634111965513244,0.22032608542910156,0.21689918467645036,-0.19131993763789917,0.25762659116874836,0.064972871506301,0.25375125815818755,0.02226975501848725,0.184785809834214,0.16588222747740497,0.17018348502593558,0.027595165892406535,0.1692395764517847,-0.016804451873613534,0.004656571040100282,-0.11958844677906617,0.4510220067914173,0.15244082736729989,0.07288885104996093,0.1748984588804126,0.003142846329034149,-0.40042171646973945,0.30944710287579563,-0.02872536329654401,0.1220174870673977,0.06129942909837034,0.19601231956388124,0.20596975380684593
125,0.2864317522176922,0.2649233174487815,-0.22582008661066053,0.010747444669999833,-0.04684048839730427,0.3445276958741689,0.2670168397207595,0.11999193592579707,0.025195000573940488,0.2525280799707006,0.3459585654999062,-0.06951352474562462,0.16592700289521067,-0.07066784706132076,0.11293875088477945,-0.20535274008458249,0.5793427173608218,0.09004305927638333,0.1776169526838241,0.11019210973415139,-0.10629703423484374,-0.4260345743094281,0.5984436178614774,0.15948649245452387,-0.038225245979315856,0.12200883569907046,0.1942458485822597,0.05373657295280298,-0.0481804193300597,0.005024925964411335,-0.07754603495020393,0.19927450157206136
126,0.15852576202856808,-0.1261693407012891,0.05257179403844993,0.24495845199737368,0.1101646675136064,0.24823346342850847,0.42630163816159206,-0.2131146307468916,-0.22820094866907836,-0.4077636285835352,-0.15881599178038797,0.874523150438384,-0.0030598719334408316,0.39096949337005593,0.5105758017641661,-0.3718423771208559,0.18668007377330023,0.005169852410660244,-0.04538704312831413,-0.09714475970879345,0.024406105133026493,0.355073964073535,0.3305091004000071,0.5569329242264648,-0.246023278873846,-0.02073871481096764,-0.029680462238063903,0.14956677270984858,0.2600926222606463,0.33876510586308256,0.02582216832870876,0.10159629500858154
127,0.20992472947069074,0.08617134357782268,0.07831120315928315,-0.036381717160680845,0.1918282357010622,0.2566953352236003,0.09440814158715664,0.25877643221949886,0.36206636083348,0.018964750924899278,0.22176350952506277,0.4898630975467022,0.16811112115875754,0.3065383859292377,0.3339580943966088,0.028878761909011532,0.1512351673111633,0.0687471240577064,0.025303337699693184,0.07991964893101931,0.14910613995433913,0.13870999513948015,0.052111479316268625,0.2025166266354563,0.13030374742807277,0.28667888938837066,-0.06951352474562462,0.16592700289521067,-0.07066784706132076,0.11293875088477945,-0.20535274008458249,0.5793427173608218
128,0.14475962330811473,0.1313550547189986,0.07443711931806851,0.2013810585084282,0.16537104813962505,0.16944948516711295,0.024987697732263607,0.01884792829510938,0.38806089204959493,0.11830903234516084,0.08789837687553496,0.18704035057159146,0.1166120799555511,0.10308527413401705,0.17846779112789968,0.22208583212672164,0.10912076590162222,0.08387223257892588,0.007282743814128762,0.020612343586763032,-0.016019177985158884,0.02271247292045064,0.29107111576143124,0.1045071141541918,0.12488891724892921,0.20435731266315316,-0.18873985973198337,-0.2630977126021474,0.15538551639601741,0.29502436812259675,-0.07973305727102308,0.19799789212246702
129,0.2854839681489928,-0.1286611337248143,0.13799062650487542,0.049220828979773264,0.2691318726029984,0.10583636003401536,0.0911876490090115,0.11016030936506847,0.2678296268354956,-0.11044697195648515,0.29822181701699224,0.06963025852130174,-0.04415721420156436,-0.08021739414216453,0.172800967028763,0.013769183121238256,0.3351624358998726,-0.14469081953720858,0.08939889071784639,0.14222625457533922,0.09454735228493921,0.2455881403904545,0.22417321000734797,0.3377246363120925,-0.25067496534820216,-0.33049876626994434,-0.49479408873313274,1.2506888914384577,-0.16999080995714083,-0.2702010693765507,0.17850557601239259,0.04049002125523098
130,-0.037857040474989806,0.14920442240672624,0.036318137954573296,0.2968939267958973,0.07580716838731938,0.08567346237233235,0.058886753264518185,-0.17974141893035753,-0.045429781649620936,0.1992759304480005,0.07407198980981192,0.17323991061961344,0.13672065948977402,-0.059372907008158365,0.3706107295166331,-0.021651786553036286,0.12079119269608964,0.2824571418874076,0.04509906066466046,0.31997096866254743,0.27166200964144344,0.061634111965513244,0.22032608542910156,0.21689918467645036,-0.19131993763789917,0.25762659116874836,0.064972871506301,0.25375125815818755,0.02226975501848725,0.19957645634097418,0.4495007379400005,0.2933092651678347
131,0.3552151175162411,0.3004909622472764,0.044637696916542596,0.1491258597087924,0.10443331001532027,-0.23405239638982028,0.2829097843134919,0.036318137954573296,0.2968939267958973,0.07580716838731938,0.08567346237233235,0.1659339689806515,0.22725753124748785,-0.033804194159752304,0.17615938980224977,0.03444382036243173,-0.08424507459956743,-0.05323316428520335,0.38394456914269876,0.12494821353405587,0.11626296745509843,0.1967032816729059,0.13604608051457204,-0.4410086830701572,0.20521445648280787,0.18187890191990846,-0.018412927239126024,0.08651782774696389,0.27957828264201523,0.07241198467246238,-0.0009804569413706596,0.019828243580542443
132,0.04509906066466046,0.31997096866254743,0.27166200964144344,0.44723603411756857,0.05235944102725745,0.015779282541251688,0.07778099345810575,0.14475962330811473,0.1313550547189986,0.07443711931806851,0.2013810585084282,0.16537104813962505,0.16944948516711295,0.024987697732263607,0.04487858645134652,0.029272201147996082,0.03195666987309589,-0.04923300073592117,0.28884407459477013,0.2692188065314373,0.17813747119959616,0.11153480932866984,-0.2919755150128051,0.25194362687045424,0.18447934488472806,-0.03735439473461763,-0.17974141893035753,-0.045429781649620936,0.1992759304480005,0.07407198980981192,0.17323991061961344,0.13672065948977402
133,0.22417321000734797,0.3377246363120925,-0.25067496534820216,-0.33049876626994434,-0.49479408873313274,1.2506888914384577,-0.16999080995714083,0.24400616256787622,0.6145468467126224,0.182811459615623,-0.27451396654390714,-0.037243909461088076,-0.08742949038525093,0.17124113491377574,-0.20272806045545047,0.5714173973408444,0.21369508916669722,0.2864317522176922,0.2649233174487815,-0.22582008661066053,0.010747444669999833,-0.04684048839730427,0.3445276958741689,0.2670168397207595,0.11999193592579707,0.025195000573940488,0.2525280799707006,0.46609603032039665,0.12547576951623374,-0.014864298582347406,0.02672968558008701,0.3808117223227501
134,-0.25261979975972104,-0.03410554351064948,-0.026979094668769906,0.21026955100633232,0.3594575830872452,0.10738292971034552,0.1268252869070336,0.03395416433888324,0.029272201147996082,0.03195666987309589,-0.04923300073592117,0.28884407459477013,0.11496552590834287,0.1509781412018274,0.21715120410033667,-0.11088653938316373,0.1496941658494855,0.164257142074729,0.09676305399739243,0.18006443606999176,0.03226528517847111,-0.44078944845124995,0.3380206448902753,0.12849141162106129,-0.025839607220092212,0.12045898537141242,0.286877200722593,0.06552001088711226,-0.01222018030071071,0.05668940185689197,0.20093656574037363,-0.034300721465717984
135,0.13604608051457204,-0.4410086830701572,0.20521445648280787,0.18187890191990846,-0.018412927239126024,0.08651782774696389,0.27957828264201523,0.07241198467246238,-0.0009804569413706596,0.019828243580542443,0.21838582797646872,-0.026929355196783866,0.08118586580494987,0.0029661854615968316,0.34595842949403505,-0.21248517639154826,0.045107140934606355,-0.1363443429204539,0.28392816400072096,0.1753012815098065,0.1101646675136064,0.24823346342850847,0.42630163816159206,-0.2131146307468916,-0.22820094866907836,-0.4077636285835352,-0.15881599178038797,0.30829799417139,-0.2688525390751869,-0.23497703259441213,-0.6818950630676603,2.775715655692279
136,-0.3276340921767554,-0.5017250491874007,0.09398115298271544,-0.01760761135922154,0.013769183121238256,0.3351624358998726,-0.14469081953720858,0.08939889071784639,0.14222625457533922,0.09454735228493921,0.2455881403904545,0.22417321000734797,0.3377246363120925,0.16195318839785874,-0.2131146307468916,-0.22820094866907836,-0.4077636285835352,-0.15881599178038797,0.874523150438384,-0.0030598719334408316,0.39096949337005593,0.5105758017641661,-0.3718423771208559,0.18668007377330023,0.005169852410660244,-0.04538704312831413,-0.09714475970879345,0.024406105133026493,0.355073964073535,0.3305091004000071,0.5569329242264648,-0.246023278873846
137,0.43358726407530823,-0.18009620301785492,-0.2833807162011421,-0.49163582428543307,0.021414579109772094,1.2345642521917752,-0.2390661515095062,0.7216726934662775,0.22401251792031138,0.3461298946903398,-0.2333565673052771,-0.30008190849311206,0.3332262163068803,0.15339784011706106,0.17350277886178694,0.14443373400405532,0.06937373250251755,0.1938846693083236,-0.020397626293515884,0.056241500047262236,0.31501257601781585,0.03521232712560007,0.31260451285604524,0.3234386073243107,0.1900673974285291,0.14118158550631343,0.064420931619945,0.17813747119959616,0.11153480932866984,-0.2919755150128051,0.25194362687045424,0.18447934488472806
138,-0.09851033897345973,-0.1994683328230255,0.23980010892210227,0.24982258900136312,-0.11600447725845392,-0.322697042332726,0.20051624388285613,0.21910904649794555,0.1093603113504988,0.29244900495504983,0.07156915212888351,0.03981403283697342,0.001220357624790931,0.06302271250741125,0.14956677270984858,0.3599731363146606,0.1693893827989283,0.11021291834797739,-0.01051268262747767,0.44645725699367006,0.34622605703385295,0.023401847563298758,-0.11233793060977981,0.3873237836404128,0.14370153652087095,-0.06519178307126122,0.31264062742987014,-0.10219671826133284,0.20037398764353218,0.20497716776757982,0.03198829876083328,0.5746193857681196
139,0.03606607937215022,0.11905401693134181,0.4349188464428049,0.19206526361875487,0.4763690489011428,-0.1670048053309648,-0.017998435792932244,0.06031076097975645,0.02182100849886886,0.32235892296680474,0.21043433282753074,0.04703410538990216,0.023224159920207973,0.3484169306665826,0.38464041570040863,0.08256728264784874,-0.11495180160911317,0.36064203219538704,0.1673903322242667,-0.09284999744819501,0.3101946871467882,-0.16972559312542665,0.3638470451044476,0.20503724985454205,0.1459981126354451,-0.09139857051369302,0.3563536013904831,0.2492544554621723,-0.1378062638889054,-0.2005062652564799,0.18019128493810643,0.2685197814770018
140,0.4772627981074588,-0.017093960217367823,0.20446229175264322,0.10136850631029261,0.08359265059376635,0.33876510586308256,0.02582216832870876,0.10159629500858154,0.02285161943960793,0.007793924365852867,-0.09554214890318367,0.17101591016823178,0.1958943861923911,0.19659120888368425,0.0682533575974299,0.17317355494762385,-0.17423414406398183,-0.17888375096808656,0.14457497153757373,0.16150134876585814,-0.04888249344416614,0.25742689993318923,0.1378193687751203,0.032519541821476844,0.005804140740080759,0.15562454509034235,0.09398115298271544,-0.01760761135922154,0.013769183121238256,0.3351624358998726,-0.14469081953720858,0.08939889071784639
141,0.07494596567037431,0.25010784662062324,0.3523436055521462,0.16449856261676135,-0.06575779966302676,-0.4633805460079044,-0.6296462555508103,2.322443244981363,0.016820628608099946,-0.12210513461064502,0.7425967423056713,0.26569395997574946,-0.48211955771040454,0.18813551020270636,0.1063634492370031,0.1962990495609203,-0.13145164010685437,0.23843065633277077,-0.016418370490441293,0.14480516428365917,-0.01140578675118549,0.19927450157206136,0.22382878195307498,-0.09401895570000028,0.10799564566925353,0.14738116301118354,0.09492199006514247,-0.09869715727879487,0.0835486894223549,0.15840175868133813,0.18145219611393124,0.23769099596891313
142,0.9213821360251874,-0.015658216600592058,0.46151196219940505,0.4561894607607333,-0.4307036263075145,0.33404209236252513,-0.017315794149796837,-0.07556915478493191,-0.15398007638351432,0.1511533282653379,0.40902791458143434,0.3099970298175544,0.471489611372563,-0.22685151173680398,-0.03410554351064948,-0.026979094668769906,0.21026955100633232,0.3594575830872452,0.10738292971034552,0.1268252869070336,-0.054658024990498495,0.5979804251199937,0.2526440820179429,0.030295772611395898,-0.15179735134381714,0.05513546681446052,0.16570867460275632,0.18981378883331407,0.16929565744747385,0.016130026589419835,0.13604560052272469,-0.018288587728737135
143,0.13598333473215593,0.03048863895714203,0.12638483116916358,-0.05827433984508807,-0.05323316428520335,0.38394456914269876,0.12494821353405587,0.11626296745509843,0.1967032816729059,0.13604608051457204,-0.4410086830701572,0.20521445648280787,0.18187890191990846,-0.018412927239126024,0.08651782774696389,0.27957828264201523,0.07241198467246238,-0.0009804569413706596,0.019828243580542443,0.21838582797646872,-0.026929355196783866,0.08118586580494987,0.0029661854615968316,0.34595842949403505,-0.21248517639154826,0.045107140934606355,0.28875087664909865,0.2791274812557432,0.1958943861923911,0.19659120888368425,0.0682533575974299,0.19171268487735066
144,0.2136761375202918,0.07494596567037431,0.25010784662062324,0.3523436055521462,0.16449856261676135,-0.06575779966302676,-0.4633805460079044,-0.6296462555508103,2.322443244981363,0.016820628608099946,-0.12210513461064502,0.10215149155694556,0.024406105133026493,0.355073964073535,0.3305091004000071,0.5569329242264648,-0.246023278873846,-0.02073871481096764,-0.029680462238063903,0.17719287143699536,-0.00910825187333178,-0.3009925401089623,-0.3557798169054311,-0.17575267886142004,0.576090306976329,-0.006011173839405014,0.407556646171246,0.565946646773559,-0.27387320345155214,0.11608570550439605,0.054108945930185164,-0.11411752537832029
145,0.732439073067299,0.16811112115875754,0.3065383859292377,0.3339580943966088,-0.3258809547938212,0.13330811200126508,-0.16700246707206481,0.35905073798042664,0.2503177717232147,0.19920890419656892,0.006508261054583925,0.19637910122862356,0.5323290908947901,0.11239025342580698,0.019519458325689406,-0.024104684871840008,0.41000486829468213,-0.054332979629034356,0.19955843128181666,-0.154784423703279,0.3022190377547206,0.1947513444538738,0.06255089963037826,0.14128623717498243,0.16458087537784533,0.23046833214655307,-0.04177403759466122,-0.30418711666720355,0.3528982149432685,0.205696934332813,-0.06894471559741094,-0.21754472327174948
146,-0.45930796864318557,0.08435528278984028,-0.63624168883377,2.322443244981363,0.016820628608099946,-0.12210513461064502,0.7425967423056713,0.3770630487607281,-0.05766107861356521,0.14954493181396358,0.16384677242970036,0.06412993674654287,-0.07754603495020393,0.19927450157206136,0.22382878195307498,-0.09401895570000028,0.10799564566925353,0.14738116301118354,0.04183906742824379,0.09596354616850795,0.37945256073396405,0.2441764580609507,-0.03473222436348715,0.2269899149422962,0.1513353793055481,0.1525483543928927,0.05451036815254353,0.10581675702611819,0.21836952852283753,-0.1975496083240688,0.06599459167266276,0.2140158170798685
147,-0.08047575649163148,0.16236333567151778,0.17047529049149088,0.07176664141241576,-0.05498110129799243,0.15183112240756858,0.10787259292306504,0.01840890062904963,-0.0995598219957391,0.4821384641347985,-0.10720510281794955,-0.02327093882632231,0.13330989518342076,0.06458116259471598,-0.01926892014609721,0.3807558613147009,0.17224841861994322,-0.09851033897345973,-0.1994683328230255,0.23980010892210227,0.24982258900136312,-0.11600447725845392,-0.322697042332726,0.20051624388285613,0.21910904649794555,0.1093603113504988,0.29244900495504983,0.07156915212888351,0.03981403283697342,0.001220357624790931,-0.07007502669067454,0.4895214773529827
148,0.2146160329797934,0.30387177201667565,0.15759859202803098,-0.17392707701365767,-0.14536143896619835,0.04333727706415184,0.1220174870673977,0.06129942909837034,0.19601231956388124,0.20596975380684593,-0.057684741153323484,0.07384757606653194,0.14480516428365917,0.11473011258612666,-0.06087256733651791,0.10219365132836339,0.2904398373272532,-0.191413963210553,0.0962711095927171,0.19762225597500324,0.1081466919612358,0.23315219493351433,0.2759889856284672,0.3334386814242376,-0.2930011245453141,-0.3323103623367577,-0.21119585311806702,0.6359536634803336,-0.20577899822194573,0.20485280725032834,0.43516260530846773,0.14738116301118354
149,0.25980627869946177,0.028878761909011532,0.1512351673111633,0.0687471240577064,0.025303337699693184,0.07991964893101931,0.14910613995433913,0.16732785441279824,0.2587212667043487,-0.14639799594510308,0.3286452837434767,0.21153885924695115,0.1163015082677053,-0.07607939841636727,0.4408191314993718,0.1944108882314549,-0.17628742224102106,-0.13205735314625608,0.1970317131241627,0.21112320288276687,-0.053256080531068464,-0.41024474767980984,0.2704078672093213,0.267162624321814,0.12187058334242151,0.27546427786962585,0.061031905252357535,0.05848757429557536,-0.07720539751091571,0.010435914587602436,0.4970868953748266,0.0443270845504133
150,-0.033804194159752304,0.17615938980224977,0.03444382036243173,-0.08424507459956743,-0.05323316428520335,0.38394456914269876,0.12494821353405587,0.11626296745509843,0.1967032816729059,0.13604608051457204,-0.4410086830701572,0.20521445648280787,0.18187890191990846,-0.018412927239126024,0.08651782774696389,0.27957828264201523,0.07241198467246238,-0.0009804569413706596,0.019828243580542443,0.21838582797646872,-0.026929355196783866,0.08118586580494987,0.0029661854615968316,0.34595842949403505,-0.21248517639154826,0.045107140934606355,0.28875087664909865,0.14815850872667752,0.16282803887473282,0.3842572887052237,-0.00910825187333178,-0.3009925401089623
151,0.19601231956388124,0.20596975380684593,-0.057684741153323484,0.07384757606653194,0.14480516428365917,0.11473011258612666,-0.06087256733651791,0.1081466919612358,0.23315219493351433,0.2759889856284672,0.3334386814242376,-0.2930011245453141,-0.3323103623367577,-0.21119585311806702,0.6359536634803336,-0.20577899822194573,0.20485280725032834,0.3479637159437404,-0.057684741153323484,0.07384757606653194,0.14480516428365917,0.11473011258612666,-0.06087256733651791,0.10219365132836339,0.15101196890366628,0.1163015082677053,-0.07607939841636727,0.4408191314993718,0.1944108882314549,-0.1604708041847872,-0.17888375096808656,-0.042741985747752995
152,0.13030374742807277,0.28667888938837066,-0.06951352474562462,0.16592700289521067,-0.07066784706132076,0.11293875088477945,-0.20535274008458249,0.5793427173608218,0.09004305927638333,0.1776169526838241,0.11019210973415139,-0.10629703423484374,-0.4260345743094281,0.5984436178614774,0.15948649245452387,-0.038225245979315856,0.16554706681998116,-0.05911225422027029,0.1470775585761181,0.02369429402154779,0.012399790259699572,0.11914993570351617,-0.013910993924571376,-0.17796770742789422,0.2954197669039526,-0.07754603495020393,0.19927450157206136,0.22382878195307498,0.10724698229057203,0.6145468467126224,0.182811459615623,-0.27451396654390714
153,0.22477882403469934,0.15412082330316929,0.1598372675145959,0.0706787807519289,0.10415277268582958,0.2735431170666892,0.06625407688356992,-0.34376971549729113,0.31053865854267393,0.23395754267823185,0.023560602231441935,-0.21248517639154826,0.045107140934606355,0.28875087664909865,0.14815850872667752,0.16282803887473282,0.3842572887052237,-0.00910825187333178,-0.3009925401089623,-0.3557798169054311,-0.17575267886142004,0.576090306976329,-0.006011173839405014,0.407556646171246,0.565946646773559,-0.27387320345155214,0.11608570550439605,0.054108945930185164,-0.11411752537832029,-0.07300140090705133,0.015029837611797933,0.44060350728358616
154,0.031074778529934798,0.13886281909376522,0.0663289995961218,0.2459899734113378,-0.014562473930395762,0.21364801688882992,0.17429534874748348,0.2011047102573123,-0.05911225422027029,0.1470775585761181,0.02369429402154779,0.005683677347195281,-0.1564723056670849,0.5746193857681196,0.11730632153435483,0.11996356155954901,0.1278373443948156,-0.00990079818312079,0.1692395764517847,-0.016804451873613534,0.004656571040100282,-0.11958844677906617,0.4510220067914173,0.15244082736729989,0.07288885104996093,0.1748984588804126,0.003142846329034149,-0.40042171646973945,0.30944710287579563,0.17593608521602916,-0.10071744145415372,0.16218366883225244
155,0.29312924637770893,0.36431095447616657,0.051655846724557176,0.147015137047838,0.0024338063128608364,0.5425282188367668,0.2102334860700648,-0.023462072827558623,-0.08357893242046706,0.5100102620576359,0.015971134607805734,0.13242407727825622,0.12389941991210354,-0.06701563151637725,0.2211385741886123,0.1901250685257231,0.18141069148365815,-0.01872348367883698,0.1602399761215795,0.18812549775877,-0.18329904817335113,0.03510975496160437,0.24519022089989018,0.04521427973100914,-0.18844126538241282,-0.1530571398391794,0.2893326305696375,0.0598365955185277,0.08329014142793219,0.18442346306946247,0.08528067838339004,0.10619021298001333
156,0.31605517367239877,0.31626446930358326,-0.2688525390751869,-0.23497703259441213,-0.6818950630676603,2.775715655692279,-0.12641861897147907,-0.071568525291851,0.651068744545621,0.17517207832310983,-0.2837244130358797,-0.05933768281964149,-0.0158205855430532,0.10766783526534249,-0.15136662886912727,0.732439073067299,0.16811112115875754,0.3065383859292377,0.3339580943966088,-0.3258809547938212,0.13330811200126508,-0.16700246707206481,0.35905073798042664,0.2503177717232147,0.19920890419656892,0.006508261054583925,0.19637910122862356,0.5323290908947901,0.11239025342580698,0.019519458325689406,-0.024104684871840008,0.41000486829468213
157,0.9213821360251874,-0.015658216600592058,0.46151196219940505,0.4561894607607333,-0.4307036263075145,0.33404209236252513,-0.017315794149796837,-0.07556915478493191,-0.15398007638351432,0.1511533282653379,0.40902791458143434,0.3099970298175544,0.471489611372563,0.24064453266477764,0.3440457833662184,-0.18009620301785492,-0.2833807162011421,-0.49163582428543307,0.021414579109772094,1.2345642521917752,-0.11530719673477392,0.19799789212246702,0.22952809153640188,0.011717367533914707,-0.04143608295393437,0.16780568385357175,-0.06287418633695564,0.020789453641837097,0.4234865458933099,-0.1161805714536689,-0.04633283163100682,0.2136761375202918
158,0.03434420395290914,0.08108865698436285,0.1615687764851244,-0.037857040474989806,0.16967044100176074,0.20436905870817954,0.20064497471212211,-0.03419642558318104,0.22503561746781034,0.23051347462592298,-0.2674087357689618,0.05272393126356598,0.22506923505064735,0.3704334712498292,0.25980627869946177,0.028878761909011532,0.1512351673111633,0.0687471240577064,0.025303337699693184,0.07991964893101931,0.14910613995433913,0.13870999513948015,0.052111479316268625,0.2025166266354563,0.13030374742807277,0.28667888938837066,-0.06951352474562462,0.16592700289521067,-0.07066784706132076,0.11293875088477945,-0.20535274008458249,0.5793427173608218
159,-0.023462072827558623,-0.08357893242046706,0.5100102620576359,0.015971134607805734,0.13242407727825622,0.12389941991210354,-0.06701563151637725,0.2211385741886123,0.1901250685257231,0.18141069148365815,-0.01872348367883698,0.1602399761215795,0.18812549775877,-0.18329904817335113,0.03510975496160437,0.24519022089989018,0.04521427973100914,-0.18844126538241282,-0.1530571398391794,0.2893326305696375,0.19799846171187263,0.08817550672737952,0.016104682807028897,0.19820898945179852,-0.1228961939348214,0.46117402403887836,0.010629951960803224,0.2329295694666118,0.43160144306355575,0.23386430015327572,0.022736716960153926,0.20677149441364567
160,-0.1994683328230255,0.23980010892210227,0.24982258900136312,-0.11600447725845392,-0.322697042332726,0.28251118197649966,0.03981403283697342,0.001220357624790931,-0.07007502669067454,0.4895214773529827,0.0637917868463912,0.21208714275880025,0.4495007379400005,0.2933092651678347,-0.07857167594071549,0.13570150332079825,0.13484381164054374,0.14901686786802,0.06131121467129291,-0.06002307872632531,-0.024156639449510547,-0.0995598219957391,0.4821384641347985,-0.10720510281794955,-0.02327093882632231,0.13330989518342076,0.06458116259471598,0.2819858073684284,0.37945256073396405,0.21915438306357402,0.22044835283863562,0.18897780423128827
161,0.05668940185689197,0.20093656574037363,-0.034300721465717984,0.09335134699302704,0.10120720781703763,0.15852576202856808,-0.1261693407012891,0.05257179403844993,0.24495845199737368,0.1101646675136064,0.24823346342850847,0.42630163816159206,-0.2131146307468916,-0.22820094866907836,-0.4077636285835352,-0.21119691430236825,0.4794833804839934,-0.09284003963689724,0.26295154864488435,0.5642227911150639,-0.12169415188144998,-0.11306592133363663,0.2017013585807754,-0.18049387029567956,0.05969298311436966,-0.12444320203172575,0.5611453632897837,0.1869335896853636,0.4006017258170882,0.3844307300267226,-0.018288587728737135,0.021704303877180964
162,0.019828243580542443,0.21838582797646872,-0.026929355196783866,0.08118586580494987,0.0029661854615968316,0.34595842949403505,-0.21248517639154826,0.045107140934606355,0.28875087664909865,0.14815850872667752,0.16282803887473282,0.3842572887052237,-0.00910825187333178,-0.3009925401089623,-0.3557798169054311,-0.17575267886142004,0.576090306976329,-0.006011173839405014,0.407556646171246,0.565946646773559,-0.27387320345155214,0.11608570550439605,0.054108945930185164,-0.11411752537832029,-0.07300140090705133,0.015029837611797933,0.44060350728358616,0.19206526361875487,0.4763690489011428,-0.1670048053309648,-0.017998435792932244,0.06031076097975645
163,0.43358726407530823,-0.18009620301785492,-0.2833807162011421,-0.49163582428543307,0.021414579109772094,1.2345642521917752,-0.2390661515095062,0.7216726934662775,0.37887817736150176,-0.4375915754722766,0.17850557601239259,0.04049002125523098,-0.0759962967737919,-0.07588574258395304,0.2146160329797934,0.09866870979897606,0.11712542482710067,0.13726845392845502,0.10477893452726418,0.154525193891985,0.12234390728662362,0.014770973447222226,0.16841010577103913,-0.17184534665718618,0.5705404810089426,0.0008958314648755303,0.23630351086435855,0.4555579162737879,0.246515426242668,0.01770617465262488,0.15591559768791044,0.06181623550682581
164,-0.05766107861356521,0.14954493181396358,0.16384677242970036,0.06412993674654287,0.0925816154111788,-0.21248517639154826,0.045107140934606355,0.28875087664909865,0.14815850872667752,0.16282803887473282,0.3842572887052237,-0.00910825187333178,-0.3009925401089623,-0.3557798169054311,-0.17575267886142004,0.576090306976329,-0.006011173839405014,0.407556646171246,0.565946646773559,-0.27387320345155214,0.11608570550439605,0.054108945930185164,-0.11411752537832029,-0.07300140090705133,0.015029837611797933,0.44060350728358616,0.19206526361875487,0.4763690489011428,-0.1670048053309648,-0.017998435792932244,0.06031076097975645,0.02182100849886886
165,0.532684865743833,0.11982048966670107,-0.0519861583077886,0.27183294112990597,-0.11338464126334705,0.22044835283863562,0.18175378128055952,0.2320510634115091,0.1615687764851244,-0.037857040474989806,0.16967044100176074,0.20436905870817954,0.20064497471212211,-0.03419642558318104,0.22503561746781034,0.23051347462592298,-0.2674087357689618,0.05272393126356598,0.22506923505064735,0.10261484021232775,-0.21198150695143764,-0.19771289689077395,0.805507271155038,0.11168107498567888,0.4323114787719322,0.40137010870007506,-0.35215411572254657,0.08641717028161186,-0.05935848768228961,0.33385057687905584,0.3111346555032771,0.03374797111609373
166,0.010629951960803224,0.2329295694666118,0.43160144306355575,0.23386430015327572,0.022736716960153926,0.20677149441364567,0.05235944102725745,0.015779282541251688,0.07778099345810575,0.14475962330811473,0.1313550547189986,0.07443711931806851,0.2013810585084282,0.16537104813962505,0.16944948516711295,0.024987697732263607,0.04487858645134652,0.029272201147996082,0.03195666987309589,-0.04923300073592117,0.28884407459477013,0.11496552590834287,0.1509781412018274,0.21715120410033667,-0.11088653938316373,-0.3298778796407805,0.19739197841878328,0.0748963499846168,0.14480516428365917,0.11473011258612666,-0.06087256733651791,0.1204712556735578
167,0.0077741013978389175,0.04641076076847641,-0.12295444257606764,0.1125262569867667,-0.40042171646973945,0.30944710287579563,0.17593608521602916,-0.10071744145415372,0.16218366883225244,0.2723849429441483,0.0383714803928995,-0.0341945571464552,0.1063634492370031,0.1962990495609203,-0.13145164010685437,0.23843065633277077,0.11969849148818573,0.05635308655946623,-0.12319514448977624,-0.06574295470794776,0.34385555108441634,0.18533780760642687,-0.03126694167154654,-0.2895737635617525,0.11571104830416722,0.19148059584239505,0.2184468374326697,0.3279502886094016,0.09451606649497561,-0.1767098477946617,0.04486876508389453,-0.029810975371668404
168,-0.45859624206429583,0.01881267170159937,0.9213821360251874,-0.015658216600592058,0.46151196219940505,0.4561894607607333,-0.4307036263075145,0.33404209236252513,-0.017315794149796837,-0.07556915478493191,-0.15398007638351432,0.1511533282653379,0.40902791458143434,0.3099970298175544,0.471489611372563,-0.22685151173680398,-0.03410554351064948,-0.026979094668769906,0.21026955100633232,0.3594575830872452,0.10738292971034552,0.1268252869070336,-0.054658024990498495,0.5979804251199937,-0.04442058592845053,0.22417321000734797,0.3377246363120925,-0.25067496534820216,-0.33049876626994434,-0.49479408873313274,1.2506888914384577,-0.16999080995714083
169,0.43329493229864297,-0.3915575391071216,0.1991874509102764,-0.16436390704998038,0.4455944499953284,0.21781015800967046,0.10304113458430038,0.07360110385407279,0.15670911251286973,0.45003162645293465,0.16110004426294264,0.045895226796395086,-0.06052322043582949,0.4507323785553294,-0.0691774432698838,0.2709843384910566,-0.11948577717296034,0.2725140801116656,-0.3276340921767554,-0.560709760652686,0.014662593894547743,1.4080315384750042,-0.3211366212088857,1.0994415746910717,0.3631106194833644,-0.5872769092188762,0.3343738849909891,0.2335672723395901,-0.11006995253884413,-0.15640318226972538,0.5826515229678326,0.15623469052714475
170,-0.18873985973198337,-0.2630977126021474,0.15538551639601741,0.29502436812259675,-0.07973305727102308,0.19799789212246702,0.22952809153640188,0.011717367533914707,-0.04143608295393437,0.18036848701180638,0.08872221642612875,0.008975541836774844,-0.025516086913291845,0.38806089204959493,-0.20156309491583888,0.12789596366752015,0.1503937044621789,0.11340700597604,0.1662950431666319,0.31605517367239877,0.31626446930358326,-0.2688525390751869,-0.23497703259441213,-0.6818950630676603,2.775715655692279,-0.12641861897147907,-0.071568525291851,0.651068744545621,0.17517207832310983,-0.2837244130358797,-0.05933768281964149,-0.0158205855430532
171,0.2735431170666892,0.06625407688356992,-0.34376971549729113,0.31053865854267393,0.23395754267823185,-0.08417891571780703,-0.19567178073345584,0.048418260223786674,0.12787983090555988,0.09892670391507088,0.19799846171187263,0.08817550672737952,0.016104682807028897,0.19820898945179852,-0.1228961939348214,0.46117402403887836,0.010629951960803224,0.06356729309096125,0.12488891724892921,0.20435731266315316,-0.18873985973198337,-0.2630977126021474,0.15538551639601741,0.29502436812259675,-0.07973305727102308,0.19799789212246702,0.22952809153640188,0.011717367533914707,-0.04143608295393437,0.18036848701180638,0.08872221642612875,0.008975541836774844
172,-0.09945040258569912,0.46110913685599997,0.03434420395290914,0.08108865698436285,0.1615687764851244,-0.037857040474989806,0.16967044100176074,0.20436905870817954,0.20064497471212211,-0.03419642558318104,0.22503561746781034,0.23051347462592298,-0.2674087357689618,-0.23275232299967874,0.14954493181396358,0.09474656219188508,0.12461655134544304,0.17041386042389656,0.2758894441198532,0.38565678848867624,-0.2093333395469959,-0.3086869045626521,-0.45859624206429583,0.01881267170159937,0.9213821360251874,-0.015658216600592058,0.46151196219940505,0.4561894607607333,-0.4307036263075145,0.33404209236252513,-0.017315794149796837,-0.021829691203984678
173,0.18883373211964893,-0.09435177912274093,0.22363286922109724,0.2243299273245574,0.09929767896570325,-0.05055300144419804,0.11493399400923741,0.16398023443426096,0.08641616074491512,-0.030744876890875142,0.03995236746348638,0.27685820958904017,-0.238454914255154,0.1622885154367558,0.27244070008152355,0.11639784455030472,0.24558940996994993,0.2716166448893086,0.23132011143789816,-0.37003291712239705,-0.45930796864318557,0.08435528278984028,0.4794833804839934,-0.09284003963689724,0.26295154864488435,0.5642227911150639,-0.12169415188144998,-0.11306592133363663,0.2017013585807754,-0.18049387029567956,0.10634154289698668,0.1334798000593729
174,-0.025839607220092212,0.12045898537141242,0.3749433541286177,0.23132011143789816,-0.37003291712239705,-0.45930796864318557,0.08435528278984028,0.4794833804839934,-0.09284003963689724,0.26295154864488435,0.5642227911150639,0.4582575193735539,0.2716166448893086,0.23132011143789816,-0.37003291712239705,-0.45930796864318557,0.08435528278984028,0.4794833804839934,-0.09284003963689724,0.26295154864488435,0.5642227911150639,-0.12169415188144998,-0.11306592133363663,0.2017013585807754,-0.18049387029567956,0.05969298311436966,-0.12444320203172575,0.459073743173659,0.18931492100556252,0.07905671256645072,0.21109509114465294,-0.25122925263422324
175,0.20497716776757982,0.17400369564042703,-0.09436305739060516,0.33469231135482114,0.32166518950735806,-0.2270480455207728,-0.14535264944239704,0.1636217548875396,0.3461298946903398,-0.2333565673052771,-0.30008190849311206,0.47605685306399853,0.1915060377599846,-0.10391341217997091,0.3301924189647566,-0.1306468068111148,0.36493975362810666,0.1618681250337736,0.10981308189934724,0.4255352370150269,0.25980627869946177,0.028878761909011532,0.1512351673111633,0.0687471240577064,0.025303337699693184,0.07991964893101931,0.14910613995433913,0.13870999513948015,0.052111479316268625,0.2025166266354563,0.13030374742807277,0.28667888938837066
176,-0.2895737635617525,-0.20713598269705358,0.09023637577643058,-0.059372907008158365,0.28230669455910706,-0.11981103663765495,0.07531665293909175,0.14223356297833722,-0.021651786553036286,0.12079119269608964,0.2710697405671107,0.1503937044621789,0.11340700597604,0.1662950431666319,0.31605517367239877,0.31626446930358326,-0.2688525390751869,-0.23497703259441213,-0.6818950630676603,2.775715655692279,-0.12641861897147907,-0.071568525291851,0.651068744545621,0.17517207832310983,-0.2837244130358797,-0.05933768281964149,-0.0158205855430532,0.10766783526534249,-0.15136662886912727,0.732439073067299,0.16811112115875754,0.3065383859292377
177,-0.20156309491583888,0.12789596366752015,0.1503937044621789,0.11340700597604,0.1662950431666319,0.31605517367239877,0.31626446930358326,-0.2688525390751869,-0.23497703259441213,-0.6818950630676603,2.775715655692279,-0.12641861897147907,-0.071568525291851,0.651068744545621,0.17517207832310983,-0.2837244130358797,0.3057267568077388,-0.17251053863600152,-0.14542367560108146,0.21076926988990072,0.14443373400405532,0.06937373250251755,0.1938846693083236,-0.020397626293515884,0.056241500047262236,0.31501257601781585,0.03521232712560007,0.31260451285604524,0.31800420099521304,-0.005335817680394406,0.27501372788438055,0.20689829639105578
178,0.18812549775877,-0.18329904817335113,-0.037608556786971226,0.13604608051457204,-0.4410086830701572,0.20521445648280787,0.18187890191990846,-0.018412927239126024,0.08651782774696389,0.27957828264201523,0.07241198467246238,-0.0009804569413706596,0.019828243580542443,0.21838582797646872,-0.026929355196783866,0.08118586580494987,0.0029661854615968316,0.34595842949403505,-0.05184166546345033,0.005683677347195281,-0.1564723056670849,0.5746193857681196,0.11730632153435483,0.05979001236084801,0.12025697212036957,0.06877468599023434,0.0890593218114685,-0.4410086830701572,0.20521445648280787,0.18187890191990846,-0.018412927239126024,0.08651782774696389
179,0.00023042973591467987,0.07425954369573716,0.3424046214856011,0.1906227232740485,-0.06664940695669395,0.2587212667043487,0.21772812573506822,0.1470775585761181,0.3279502886094016,0.09451606649497561,-0.1767098477946617,0.04486876508389453,-0.029810975371668404,0.36698137508616957,0.28390600937395283,0.02859150893363023,-0.4260345743094281,0.5984436178614774,0.034468786878633965,0.19927450157206136,0.22382878195307498,-0.09401895570000028,0.10799564566925353,0.14738116301118354,0.09492199006514247,-0.09869715727879487,0.1063634492370031,0.1962990495609203,-0.13145164010685437,0.23843065633277077,0.11969849148818573,0.15101489071696825
180,0.11086305524430831,0.5085612625617385,0.2358186269665527,-0.0354215967745066,-0.07093347373910476,0.47495421114848513,-0.06981461482759276,0.2501629573434221,-0.007193016796767877,0.08783646987625998,0.17136904462667607,0.1900673974285291,0.08804064952157227,0.1748984588804126,0.015362110547091842,0.11016030936506847,0.2678296268354956,-0.11044697195648515,0.29822181701699224,0.06963025852130174,-0.04415721420156436,-0.08021739414216453,0.21015504769464924,0.16078174031700854,0.18936452476172624,0.09562393978438231,0.14760436881813735,-0.17392707701365767,-0.14536143896619835,0.04333727706415184,0.1220174870673977,0.06129942909837034
181,0.06625407688356992,-0.34376971549729113,0.31053865854267393,0.23395754267823185,-0.08417891571780703,-0.19567178073345584,0.048418260223786674,0.3524751961866195,0.0598365955185277,0.08329014142793219,0.18442346306946247,0.08528067838339004,0.10619021298001333,-0.07427673148701162,0.2817765778115769,0.18876158217694772,0.12025697212036957,0.3552151175162411,0.3004909622472764,0.044637696916542596,0.19407946009127686,0.2459899734113378,0.01848647391501999,0.3648744076231162,0.34342646217838496,-0.01628559255808749,0.22344916562290068,-0.0022649620560798393,-0.24261821349724702,0.25762659116874836,0.064972871506301,0.19025256317299988
182,0.2477901823414091,0.11239773235496053,0.14034718129468007,0.07531665293909175,0.14223356297833722,-0.021651786553036286,0.12079119269608964,0.2824571418874076,0.04509906066466046,0.31997096866254743,0.27166200964144344,0.061634111965513244,0.22032608542910156,0.21689918467645036,-0.19131993763789917,0.25762659116874836,0.064972871506301,0.25375125815818755,0.02226975501848725,0.184785809834214,0.16588222747740497,0.17018348502593558,0.027595165892406535,0.1692395764517847,-0.016804451873613534,0.004656571040100282,-0.11958844677906617,0.4510220067914173,0.15244082736729989,0.07288885104996093,0.1748984588804126,0.003142846329034149
183,-0.0158205855430532,0.10766783526534249,-0.15136662886912727,0.732439073067299,0.16811112115875754,0.3065383859292377,0.3339580943966088,-0.3258809547938212,0.13330811200126508,-0.16700246707206481,0.35905073798042664,0.2503177717232147,0.2717868781679555,-0.1286611337248143,0.13799062650487542,0.049220828979773264,0.2691318726029984,0.10583636003401536,0.0911876490090115,0.11016030936506847,0.2678296268354956,-0.11044697195648515,0.29822181701699224,0.06963025852130174,-0.014233603494609979,0.11086305524430831,0.5085612625617385,0.2358186269665527,-0.0354215967745066,-0.07093347373910476,0.47495421114848513,-0.06981461482759276
184,-0.3009925401089623,-0.44117727207533086,0.4794833804839934,-0.09284003963689724,0.26295154864488435,0.5642227911150639,-0.12169415188144998,-0.11306592133363663,0.2017013585807754,-0.18049387029567956,0.05969298311436966,-0.12444320203172575,0.5611453632897837,0.1869335896853636,0.4006017258170882,-0.10347017542090149,-0.06487001071552723,0.022974105712554253,0.04205130832165293,0.3890877324073698,0.23355982518621926,0.029024701733186827,-0.023190079283785647,0.41946818135912745,0.396950895585359,0.05722556129495675,-0.05963657763210757,0.24747498490240735,0.1906227232740485,-0.06664940695669395,0.2587212667043487,-0.14639799594510308
185,0.1540266254881555,0.13886281909376522,0.0663289995961218,0.2459899734113378,-0.014562473930395762,0.2328400479324948,0.03444382036243173,-0.08424507459956743,-0.05323316428520335,0.38394456914269876,0.12494821353405587,0.11626296745509843,0.1967032816729059,0.12630765033410604,0.5323290908947901,0.11239025342580698,0.019519458325689406,-0.024104684871840008,0.41000486829468213,-0.054332979629034356,0.19955843128181666,-0.154784423703279,0.3022190377547206,0.1947513444538738,0.06255089963037826,0.14128623717498243,0.16458087537784533,0.23046833214655307,-0.04177403759466122,0.1644767592036197,0.24982258900136312,-0.11600447725845392
186,-0.1767098477946617,0.04486876508389453,-0.029810975371668404,0.36698137508616957,0.28390600937395283,0.06077700494192656,-0.03348926380060616,0.3121144711635626,0.49930541624730584,0.09661674508426206,-0.04247753767970497,0.111002564726116,0.32466681415976595,-0.054898688296048936,0.22432644828488973,-0.1232149241758918,0.2686244753741979,0.15454741133606334,0.11838573542352976,-0.038603364347782866,0.3807558613147009,0.17224841861994322,-0.09851033897345973,-0.17974141893035753,-0.045429781649620936,0.1992759304480005,0.07407198980981192,0.17323991061961344,0.13672065948977402,-0.059372907008158365,0.28230669455910706,-0.10897268141169947
187,0.07711382871774942,0.20992472947069074,0.08617134357782268,0.07831120315928315,-0.036381717160680845,0.1918282357010622,0.2844671020440745,0.23315219493351433,0.2759889856284672,0.3334386814242376,-0.2930011245453141,-0.3323103623367577,-0.21119585311806702,0.6359536634803336,-0.20577899822194573,0.20485280725032834,0.6072405811830635,0.36431095447616657,0.051655846724557176,0.147015137047838,0.0024338063128608364,0.5425282188367668,0.2102334860700648,-0.023462072827558623,-0.08357893242046706,0.5100102620576359,0.183704798047068,0.044637696916542596,0.1491258597087924,0.10443331001532027,-0.012240582376639745,0.13886281909376522
188,0.40979557006932316,0.23961717018966824,-0.05766107861356521,0.14954493181396358,0.16384677242970036,0.06412993674654287,-0.07754603495020393,0.19927450157206136,0.22382878195307498,-0.15831224157629548,0.08118586580494987,0.0029661854615968316,0.34595842949403505,-0.21248517639154826,0.15020504759298164,0.31501257601781585,0.03521232712560007,0.31260451285604524,0.31800420099521304,-0.005335817680394406,0.07757880635364356,-0.08424507459956743,-0.05323316428520335,0.38394456914269876,0.12494821353405587,0.11626296745509843,0.1967032816729059,0.13604608051457204,-0.4410086830701572,0.20521445648280787,0.18187890191990846,-0.018412927239126024
189,-0.04923300073592117,0.28884407459477013,0.11496552590834287,0.1509781412018274,0.21715120410033667,-0.11088653938316373,-0.3298778796407805,0.19739197841878328,0.2574074511740544,-0.1363443429204539,0.28392816400072096,0.17315845339267563,0.05824213470011352,-0.05307296768324391,0.15659419328815105,0.10901691378591169,-0.06287418633695564,0.020789453641837097,0.4234865458933099,-0.20106078597917376,0.0020805530387531996,0.09813566285711402,-0.09435177912274093,0.22363286922109724,0.2243299273245574,0.07128640671165694,0.2146160329797934,0.30387177201667565,0.3066306355625916,0.5546419203281793,-0.26978020481639686,-0.09744491478413504
190,-0.05933768281964149,-0.0158205855430532,0.10766783526534249,-0.15136662886912727,0.732439073067299,0.16811112115875754,0.3065383859292377,0.3339580943966088,-0.3258809547938212,0.13330811200126508,-0.16700246707206481,0.4548062619690112,0.05722556129495675,-0.05963657763210757,0.24747498490240735,0.22119021871304292,0.13598333473215593,0.03048863895714203,0.12638483116916358,0.056999667600075014,-0.03415029254685713,-0.1361437516837773,0.5126401164044888,0.10727375240522918,0.14836359842633548,0.09676305399739243,0.18006443606999176,0.03226528517847111,-0.44078944845124995,0.3380206448902753,0.12849141162106129,-0.025839607220092212
191,0.3648744076231162,0.34342646217838496,-0.2580946663591771,0.22032608542910156,0.21689918467645036,-0.19131993763789917,0.25762659116874836,0.064972871506301,0.25375125815818755,0.02226975501848725,0.184785809834214,0.16588222747740497,0.17018348502593558,0.027595165892406535,0.1692395764517847,-0.016804451873613534,0.004656571040100282,-0.11958844677906617,0.4510220067914173,0.15244082736729989,0.07288885104996093,0.1748984588804126,0.003142846329034149,-0.40042171646973945,0.30944710287579563,0.17593608521602916,-0.10071744145415372,0.16218366883225244,0.2723849429441483,0.0383714803928995,-0.0341945571464552,0.2530072211243912
192,-0.49479408873313274,0.053368837529939185,0.16218366883225244,0.2723849429441483,0.0383714803928995,0.7251882167044107,0.4561894607607333,-0.4307036263075145,0.33404209236252513,-0.017315794149796837,-0.07556915478493191,-0.15398007638351432,0.1511533282653379,0.40902791458143434,0.3099970298175544,0.471489611372563,-0.22685151173680398,-0.03410554351064948,-0.026979094668769906,0.21026955100633232,0.3594575830872452,0.10738292971034552,0.1268252869070336,-0.054658024990498495,0.5979804251199937,0.2526440820179429,0.030295772611395898,-0.17611053221229445,0.532684865743833,-0.07719987381106175,0.22477882403469934,0.15412082330316929
193,0.1525483543928927,0.05451036815254353,0.10581675702611819,0.21836952852283753,-0.1975496083240688,0.06599459167266276,0.2140158170798685,0.032016070946640766,-0.2056916248099073,-0.09977122531837382,0.2566705868769431,0.05332100360012209,0.1334798000593729,0.1915060377599846,-0.10391341217997091,0.3301924189647566,-0.1306468068111148,0.36493975362810666,0.1618681250337736,0.10981308189934724,0.4255352370150269,-0.10865229532541901,0.5100102620576359,0.015971134607805734,0.13242407727825622,0.12389941991210354,-0.06701563151637725,0.2211385741886123,0.1901250685257231,0.18141069148365815,0.18332237974751886,0.4495007379400005
194,0.14760436881813735,-0.17392707701365767,-0.14536143896619835,0.04333727706415184,0.1220174870673977,0.06129942909837034,0.19601231956388124,0.20596975380684593,-0.057684741153323484,0.07384757606653194,0.14480516428365917,0.07750869923608818,0.16398023443426096,0.08641616074491512,-0.030744876890875142,0.03995236746348638,0.27685820958904017,-0.238454914255154,0.1622885154367558,0.27244070008152355,0.11639784455030472,0.24558940996994993,0.2716166448893086,0.32620388712057263,-0.2093333395469959,-0.3086869045626521,-0.45859624206429583,0.01881267170159937,0.9213821360251874,-0.015658216600592058,0.46151196219940505,0.4561894607607333
195,-0.029680462238063903,0.14956677270984858,0.3599731363146606,0.1693893827989283,0.11021291834797739,-0.01051268262747767,0.44645725699367006,0.34622605703385295,0.023401847563298758,-0.11233793060977981,0.3873237836404128,0.13358363612384028,0.27552939681922384,0.0799497909674738,0.1273673621854455,0.12302980186260518,0.2983918938792556,-0.12952072144717805,0.22342416318361763,0.04164825370527882,0.28704697470443025,-0.23376505563265904,0.25903415533466395,0.05353362786240616,0.27552939681922384,0.0799497909674738,0.1273673621854455,0.12302980186260518,0.2983918938792556,-0.12952072144717805,0.22342416318361763,0.07008561531728158
196,0.04784244341978576,0.0077741013978389175,0.04641076076847641,-0.12295444257606764,0.39770783469686205,0.08172071414989064,0.24383857054727498,0.12692743882989452,-0.13175624830598753,0.4234865458933099,-0.1161805714536689,-0.04633283163100682,0.2136761375202918,0.07494596567037431,0.25010784662062324,0.3523436055521462,0.16449856261676135,-0.06575779966302676,-0.4633805460079044,-0.20067618076604288,0.2824571418874076,0.04509906066466046,0.31997096866254743,0.27166200964144344,0.061634111965513244,0.22032608542910156,0.21689918467645036,-0.19131993763789917,0.25762659116874836,0.064972871506301,0.25375125815818755,-0.18026705104433277
197,0.11712542482710067,0.13726845392845502,0.10477893452726418,0.154525193891985,0.12234390728662362,0.014770973447222226,0.16841010577103913,-0.17184534665718618,0.5705404810089426,0.0008958314648755303,0.23630351086435855,0.4555579162737879,0.246515426242668,0.01770617465262488,0.15591559768791044,0.06181623550682581,-0.032007325327046816,0.09425897787719907,0.18704035057159146,0.1166120799555511,0.10308527413401705,0.17846779112789968,0.22208583212672164,0.10912076590162222,0.08387223257892588,0.007282743814128762,0.020612343586763032,-0.016019177985158884,0.02195790206037398,0.1776169526838241,0.11019210973415139,-0.10629703423484374
198,0.20689829639105578,-0.18868606439129984,0.1938649078891614,0.11596495767376316,0.23218720665753584,0.05513546681446052,0.16570867460275632,0.18981378883331407,0.16929565744747385,0.016130026589419835,0.13604560052272469,-0.018288587728737135,0.021704303877180964,-0.05845547641045337,0.3308041747258856,0.164257142074729,0.09676305399739243,0.18006443606999176,0.03226528517847111,-0.44078944845124995,0.3380206448902753,0.12849141162106129,-0.025839607220092212,0.12045898537141242,0.286877200722593,0.06552001088711226,0.22710636392140487,-0.03419642558318104,0.22503561746781034,0.23051347462592298,-0.2674087357689618,0.05272393126356598
199,0.1615687764851244,-0.037857040474989806,0.16967044100176074,0.20436905870817954,0.20064497471212211,-0.03419642558318104,0.22503561746781034,0.23051347462592298,-0.2674087357689618,0.05272393126356598,0.22506923505064735,0.10261484021232775,-0.21198150695143764,-0.19771289689077395,0.32661083949314984,0.10384331692069787,0.08783667047303642,0.08617134357782268,0.07831120315928315,-0.036381717160680845,0.1918282357010622,0.2566953352236003,0.09440814158715664,0.25877643221949886,0.36206636083348,0.018964750924899278,0.22176350952506277,0.0976938196030565,-0.1011372261993832,0.23834739187748413,0.05627475275433264,0.2851260409760982
200,-0.07300140090705133,0.015029837611797933,0.44060350728358616,0.19206526361875487,0.4763690489011428,0.13160135213379698,0.007793924365852867,-0.09554214890318367,0.17101591016823178,0.1958943861923911,0.19659120888368425,0.0682533575974299,0.2804422093780337,0.0799497909674738,0.1273673621854455,0.12302980186260518,0.2983918938792556,-0.12952072144717805,0.22342416318361763,0.07008561531728158,-0.12319514448977624,-0.06574295470794776,0.34385555108441634,0.18533780760642687,0.16500535895414353,0.11298577658039052,0.1593491945626654,-0.2832162412671828,0.0020805530387531996,0.09813566285711402,-0.09435177912274093,0.22363286922109724
201,0.04641076076847641,-0.12295444257606764,0.39770783469686205,0.08172071414989064,0.24383857054727498,0.12692743882989452,-0.09579475570179191,-0.37215607382295773,0.42858710956831947,0.169608015722371,-0.08047575649163148,-0.22190351608473807,0.6780850513706412,0.11168107498567888,0.4323114787719322,0.40137010870007506,-0.35215411572254657,-0.026054103039693126,0.19920890419656892,0.006508261054583925,0.19637910122862356,0.5323290908947901,0.11239025342580698,0.019519458325689406,-0.024104684871840008,0.41000486829468213,-0.054332979629034356,0.19955843128181666,-0.154784423703279,0.3022190377547206,0.1947513444538738,0.06255089963037826
202,0.0962711095927171,0.19762225597500324,0.1081466919612358,0.23315219493351433,0.2759889856284672,0.3334386814242376,-0.2930011245453141,-0.3323103623367577,-0.21119585311806702,0.6359536634803336,-0.28441548747076345,-0.1363443429204539,0.28392816400072096,0.17315845339267563,0.05824213470011352,-0.01128917864227022,0.26295154864488435,0.5642227911150639,-0.12169415188144998,-0.11306592133363663,-0.30802671119258385,-0.6296462555508103,2.322443244981363,0.016820628608099946,-0.12210513461064502,0.7425967423056713,0.26569395997574946,-0.48211955771040454,0.31856934468977854,-0.1471160322989946,0.13224843227692928,-0.13744108689493145
203,0.14738116301118354,0.09492199006514247,-0.09869715727879487,0.0835486894223549,0.15840175868133813,0.18145219611393124,0.23769099596891313,0.43358726407530823,-0.18009620301785492,-0.2833807162011421,-0.49163582428543307,0.021414579109772094,1.2345642521917752,-0.2390661515095062,0.7216726934662775,0.37887817736150176,-0.4375915754722766,0.17850557601239259,0.04049002125523098,-0.0759962967737919,-0.07588574258395304,0.2146160329797934,0.30387177201667565,0.3066306355625916,0.5546419203281793,-0.26978020481639686,-0.09744491478413504,0.029835882608371077,0.23244847910803215,0.3923522683435107,0.06574911402424904,0.11982381637853495
204,-0.1361437516837773,0.5126401164044888,0.10727375240522918,0.14836359842633548,0.14084473078919998,-0.07991486120750843,-0.4268141196430951,0.40979557006932316,0.23961717018966824,-0.05766107861356521,0.12059147645000697,-0.00702068129981513,-0.27453754616669024,-0.07896928497537498,0.03606607937215022,0.11905401693134181,-0.17504131225752168,0.5690449243076188,0.21717996938913814,0.3279502886094016,0.09451606649497561,-0.1767098477946617,0.04486876508389453,-0.029810975371668404,0.36698137508616957,0.28390600937395283,0.06077700494192656,-0.03348926380060616,0.13330610552152264,-0.07420667902913211,0.4772627981074588,-0.017093960217367823
205,0.13799062650487542,0.049220828979773264,0.2817193822922896,-0.35215411572254657,0.08641717028161186,-0.05935848768228961,0.33385057687905584,0.3111346555032771,0.03374797111609373,0.10221199436568572,0.11086305524430831,0.5085612625617385,0.2358186269665527,-0.0354215967745066,-0.07093347373910476,0.47495421114848513,-0.06981461482759276,0.2501629573434221,-0.007193016796767877,0.08783646987625998,0.12792325827297185,0.2492544554621723,-0.1378062638889054,-0.2005062652564799,0.18019128493810643,0.2685197814770018,-0.053115559140665666,-0.37717238805262293,0.2565974639919755,0.1570198042576097,0.15967623071216216,0.18518734134368978
206,0.09004305927638333,0.1776169526838241,0.11019210973415139,-0.10629703423484374,0.1457924835990001,0.09676305399739243,0.18006443606999176,0.03226528517847111,-0.44078944845124995,0.3380206448902753,0.12849141162106129,-0.025839607220092212,0.12045898537141242,0.286877200722593,0.06552001088711226,-0.01222018030071071,0.05668940185689197,-0.38364919274744486,0.40979557006932316,0.23961717018966824,-0.05766107861356521,0.14954493181396358,0.16384677242970036,0.06412993674654287,-0.07754603495020393,0.19927450157206136,0.22382878195307498,-0.09401895570000028,0.10799564566925353,0.14738116301118354,0.09492199006514247,-0.09869715727879487
207,0.46291758814384293,0.2387995848553981,0.03761959736561409,0.18756622566533648,-0.0032170019832001968,0.05780403347831227,0.08945759497947195,0.13484381164054374,0.14901686786802,0.06131121467129291,0.20880832158794416,0.11021351393836613,0.2811349847358627,0.0014623392565319142,0.04784244341978576,0.004982294889703879,0.09451606649497561,-0.1767098477946617,0.04486876508389453,-0.029810975371668404,0.36698137508616957,0.28390600937395283,0.06077700494192656,0.32191893708885727,0.09004305927638333,0.1776169526838241,0.11019210973415139,-0.10629703423484374,-0.4260345743094281,0.5984436178614774,0.15948649245452387,-0.038225245979315856
208,0.003986715639722211,-0.10353847396758291,-0.08273860521489726,0.36219842017178827,0.3552151175162411,0.3004909622472764,0.044637696916542596,0.1491258597087924,0.10443331001532027,-0.012240582376639745,0.07812222832684315,0.2086211161338412,0.3854280947760623,0.3481189339598148,-0.046633282251753776,0.28704697470443025,-0.23376505563265904,0.25903415533466395,0.05353362786240616,0.27552939681922384,0.0799497909674738,0.1273673621854455,0.12302980186260518,0.2983918938792556,-0.12952072144717805,0.22342416318361763,0.07008561531728158,-0.12319514448977624,-0.06574295470794776,0.34385555108441634,0.18533780760642687,0.16500535895414353
209,-0.10690798536618025,-0.20091983663120586,0.2564809375436427,0.2379115657403104,-0.03126694167154654,-0.2895737635617525,0.11571104830416722,0.19148059584239505,0.10402791108409856,0.2473407033343657,0.15339784011706106,0.17350277886178694,0.14443373400405532,0.06937373250251755,0.1938846693083236,-0.020397626293515884,0.056241500047262236,0.31501257601781585,0.03521232712560007,0.31260451285604524,0.33969266492442635,-0.25122925263422324,0.23980010892210227,0.24982258900136312,-0.11600447725845392,-0.322697042332726,0.26483283553310605,-0.16034808885176957,0.582480184304969,-0.026167537045574178,0.3188360004878918,0.3648744076231162
210,0.3594575830872452,0.10738292971034552,0.1268252869070336,-0.054658024990498495,0.5979804251199937,0.2526440820179429,0.2216662760936019,-0.026176215732739868,0.1598372675145959,0.1525321681280065,0.064972871506301,0.25375125815818755,0.02226975501848725,0.16046628947475025,0.0976938196030565,-0.1011372261993832,0.23834739187748413,-0.09029844735835578,-0.46653684425022923,0.1554728609437766,0.24264684577496107,-0.17251053863600152,-0.14542367560108146,0.6780850513706412,0.11168107498567888,0.4323114787719322,0.40137010870007506,-0.35215411572254657,0.08641717028161186,-0.05935848768228961,0.33385057687905584,0.3111346555032771
211,-0.07354985517388313,0.24264684577496107,-0.17251053863600152,-0.14542367560108146,0.39103737266639904,-0.029810975371668404,0.36698137508616957,0.28390600937395283,0.06077700494192656,0.09098072630672625,-0.35215411572254657,0.08641717028161186,-0.05935848768228961,0.33385057687905584,0.3111346555032771,0.03374797111609373,0.10221199436568572,0.11086305524430831,0.10425455415486667,-0.05498110129799243,0.15183112240756858,0.10787259292306504,0.01840890062904963,0.06035309520168326,-0.038603364347782866,0.3807558613147009,0.17224841861994322,-0.09851033897345973,-0.1994683328230255,0.23980010892210227,0.24982258900136312,-0.11600447725845392
212,0.02271247292045064,0.29107111576143124,0.1045071141541918,0.12488891724892921,0.20435731266315316,-0.18873985973198337,-0.2630977126021474,0.15538551639601741,0.29502436812259675,-0.07973305727102308,0.19799789212246702,0.22952809153640188,0.011717367533914707,-0.04143608295393437,0.18036848701180638,0.08872221642612875,0.008975541836774844,-0.025516086913291845,0.38806089204959493,-0.20156309491583888,0.12789596366752015,0.1503937044621789,0.11340700597604,0.1662950431666319,0.31605517367239877,0.31626446930358326,-0.2688525390751869,-0.23497703259441213,-0.6818950630676603,2.775715655692279,-0.12641861897147907,-0.071568525291851
213,0.18141069148365815,-0.01872348367883698,0.1602399761215795,0.18812549775877,-0.0034552362263896574,0.04509906066466046,0.31997096866254743,0.27166200964144344,0.061634111965513244,0.22032608542910156,0.21689918467645036,-0.19131993763789917,0.25762659116874836,0.064972871506301,0.25375125815818755,0.02226975501848725,0.184785809834214,0.16588222747740497,0.17018348502593558,0.027595165892406535,0.1692395764517847,-0.016804451873613534,0.004656571040100282,-0.11958844677906617,0.4510220067914173,0.15244082736729989,0.07288885104996093,0.1748984588804126,0.003142846329034149,-0.07532120504296524,-0.1564723056670849,0.5746193857681196
214,0.13598333473215593,-0.13681080061597803,0.24383857054727498,0.12692743882989452,-0.09579475570179191,-0.42998683557223316,-0.018412927239126024,0.08651782774696389,0.27957828264201523,0.5642227911150639,-0.12169415188144998,-0.11306592133363663,0.1467107269234137,0.054108945930185164,-0.180998239524067,-0.008569243178889904,0.06771309427619968,0.015029837611797933,0.44060350728358616,0.19206526361875487,0.4763690489011428,-0.1670048053309648,-0.017998435792932244,0.06031076097975645,0.02182100849886886,0.32235892296680474,0.21043433282753074,0.04703410538990216,0.023224159920207973,0.11858473806556158,-0.2056916248099073,-0.09977122531837382
215,0.025303337699693184,0.07991964893101931,0.14910613995433913,0.13870999513948015,0.052111479316268625,0.2025166266354563,0.13030374742807277,0.28667888938837066,-0.06951352474562462,0.16592700289521067,-0.07066784706132076,0.11293875088477945,-0.20535274008458249,0.08104177700154652,0.14815850872667752,0.16282803887473282,0.3842572887052237,-0.00910825187333178,-0.3009925401089623,-0.3557798169054311,-0.17575267886142004,0.576090306976329,-0.006011173839405014,0.407556646171246,0.565946646773559,-0.27387320345155214,0.11608570550439605,0.054108945930185164,-0.11411752537832029,-0.07300140090705133,0.015029837611797933,0.44060350728358616
216,-0.13145164010685437,0.23843065633277077,0.11969849148818573,0.15101489071696825,-0.19871529312115233,0.16387788756728414,0.12461655134544304,0.17041386042389656,0.2758894441198532,0.219853075644846,-0.04923300073592117,0.28884407459477013,0.19745447066429342,0.07580716838731938,0.08567346237233235,0.1659339689806515,0.22725753124748785,-0.033804194159752304,0.17615938980224977,0.03444382036243173,-0.08424507459956743,-0.05323316428520335,0.38394456914269876,0.12494821353405587,0.11626296745509843,0.1967032816729059,0.13604608051457204,-0.4410086830701572,0.20521445648280787,0.10806318539239618,0.0029661854615968316,0.34595842949403505
217,-0.033804194159752304,0.17615938980224977,0.03444382036243173,-0.08424507459956743,-0.05323316428520335,0.38394456914269876,0.12494821353405587,0.11626296745509843,0.1967032816729059,0.13604608051457204,-0.4410086830701572,0.2763262508216863,0.15538551639601741,0.29502436812259675,-0.07973305727102308,0.19799789212246702,0.22952809153640188,0.011717367533914707,-0.04143608295393437,0.18036848701180638,0.08872221642612875,0.008975541836774844,-0.025516086913291845,0.38806089204959493,-0.20156309491583888,0.12789596366752015,0.13828167167144373,-0.1161805714536689,-0.04633283163100682,0.2136761375202918,0.07494596567037431,0.25010784662062324
218,0.10619021298001333,-0.07427673148701162,0.2817765778115769,0.18876158217694772,0.12025697212036957,0.3552151175162411,0.3004909622472764,0.044637696916542596,0.1491258597087924,0.10443331001532027,-0.23900499635458305,0.3188360004878918,0.3648744076231162,0.34342646217838496,-0.01628559255808749,0.22344916562290068,-0.0022649620560798393,0.00023042973591467987,0.07425954369573716,0.1967581543584978,0.11716303057832608,0.009912844205276475,0.10219365132836339,0.2904398373272532,-0.191413963210553,0.0962711095927171,0.19762225597500324,0.1081466919612358,0.23315219493351433,0.2759889856284672,0.3334386814242376,-0.2930011245453141
219,0.21717996938913814,0.3279502886094016,0.09451606649497561,-0.1767098477946617,0.04486876508389453,-0.029810975371668404,0.36698137508616957,0.28390600937395283,0.06077700494192656,-0.03348926380060616,0.3121144711635626,0.49930541624730584,0.09661674508426206,-0.04247753767970497,0.111002564726116,0.32466681415976595,-0.054898688296048936,0.22432644828488973,-0.1232149241758918,0.2686244753741979,0.15454741133606334,0.11838573542352976,-0.038603364347782866,0.3807558613147009,0.17224841861994322,-0.09851033897345973,-0.1994683328230255,0.23980010892210227,0.24982258900136312,-0.11600447725845392,-0.322697042332726,0.20051624388285613
220,0.10477893452726418,0.20574272256569837,0.061031905252357535,0.05848757429557536,-0.07720539751091571,0.0795661476217785,0.29244900495504983,0.07156915212888351,0.03981403283697342,0.001220357624790931,-0.07007502669067454,0.4895214773529827,0.0637917868463912,0.21208714275880025,0.4495007379400005,0.2933092651678347,-0.07857167594071549,0.2854839681489928,-0.1286611337248143,0.13799062650487542,0.049220828979773264,0.2691318726029984,0.10583636003401536,0.0911876490090115,0.11016030936506847,0.2678296268354956,-0.11044697195648515,0.29822181701699224,0.06963025852130174,-0.04415721420156436,-0.08021739414216453,0.21015504769464924
221,0.10385343119200716,0.4510220067914173,0.03846867327970024,-0.04143608295393437,0.18036848701180638,0.08872221642612875,0.008975541836774844,-0.025516086913291845,0.38806089204959493,-0.20156309491583888,0.12789596366752015,0.1503937044621789,0.3309852542945564,0.026517317732064345,-0.07420667902913211,0.4772627981074588,-0.017093960217367823,0.20446229175264322,0.077208066716257,-0.03473222436348715,0.2269899149422962,0.1513353793055481,0.1525483543928927,0.05451036815254353,0.10581675702611819,0.21836952852283753,-0.1975496083240688,0.06599459167266276,0.2140158170798685,0.032016070946640766,-0.2056916248099073,-0.09977122531837382
222,0.23218720665753584,0.05513546681446052,0.16570867460275632,0.18981378883331407,0.16929565744747385,0.016130026589419835,-0.0030267359321284803,-0.2837244130358797,-0.05933768281964149,-0.0158205855430532,0.10766783526534249,-0.15136662886912727,0.732439073067299,0.16811112115875754,0.3065383859292377,0.3339580943966088,-0.3258809547938212,0.13330811200126508,-0.16700246707206481,0.5596959802737035,0.3923522683435107,0.06574911402424904,0.11982381637853495,-0.0036322028767203193,0.5154484502995313,0.2044492602416065,0.04163234839464616,-0.09945040258569912,0.46110913685599997,0.03434420395290914,0.08108865698436285,0.1615687764851244
223,0.39656667760254666,0.3438782254724192,-0.22430789111493196,-0.13216215275703985,0.04131191411989849,0.29312924637770893,0.36431095447616657,0.051655846724557176,0.147015137047838,0.0024338063128608364,0.5425282188367668,0.2102334860700648,-0.023462072827558623,-0.08357893242046706,0.5100102620576359,0.015971134607805734,0.13242407727825622,0.12389941991210354,-0.06701563151637725,0.20037398764353218,0.2211385741886123,0.1901250685257231,0.18141069148365815,-0.01872348367883698,0.1602399761215795,0.18812549775877,-0.18329904817335113,0.03510975496160437,0.24519022089989018,0.04521427973100914,-0.18844126538241282,-0.1530571398391794
224,0.029024701733186827,-0.023190079283785647,0.41946818135912745,0.396950895585359,0.05722556129495675,-0.05963657763210757,0.24747498490240735,0.1906227232740485,-0.06664940695669395,0.2587212667043487,-0.14639799594510308,0.3286452837434767,0.21153885924695115,0.1163015082677053,-0.07607939841636727,0.2830769761434039,0.17018348502593558,0.027595165892406535,0.1692395764517847,-0.016804451873613534,0.004656571040100282,-0.11958844677906617,0.4510220067914173,0.15244082736729989,0.07288885104996093,0.1748984588804126,0.23420934641373167,0.38464041570040863,0.08256728264784874,-0.11495180160911317,0.36064203219538704,0.1673903322242667
225,-0.13216215275703985,0.04131191411989849,0.29312924637770893,0.36431095447616657,0.051655846724557176,0.147015137047838,0.0024338063128608364,0.5425282188367668,0.2102334860700648,-0.023462072827558623,-0.08357893242046706,0.5100102620576359,0.015971134607805734,0.13242407727825622,-0.05975999366289768,0.47495421114848513,-0.06981461482759276,0.2501629573434221,-0.007193016796767877,0.08783646987625998,0.17136904462667607,0.17068426286266716,0.19989817570442997,0.4592312571483904,0.07440262124394516,0.21153885924695115,0.1163015082677053,-0.07607939841636727,0.4408191314993718,0.1944108882314549,-0.17628742224102106,-0.13205735314625608
226,0.39595271167737006,0.2477901823414091,0.11239773235496053,0.14034718129468007,0.07531665293909175,0.14223356297833722,-0.021651786553036286,0.12079119269608964,0.2824571418874076,0.04509906066466046,0.31997096866254743,0.27166200964144344,0.061634111965513244,0.22032608542910156,0.21689918467645036,-0.19131993763789917,0.25762659116874836,0.064972871506301,0.25375125815818755,0.02226975501848725,0.184785809834214,0.16588222747740497,0.17018348502593558,0.027595165892406535,0.1692395764517847,-0.016804451873613534,0.004656571040100282,-0.11958844677906617,0.4510220067914173,0.15244082736729989,0.07288885104996093,0.1748984588804126
227,-0.06701563151637725,0.2211385741886123,0.1901250685257231,0.18141069148365815,-0.01872348367883698,0.1602399761215795,0.18812549775877,-0.18329904817335113,0.03510975496160437,0.24519022089989018,0.04521427973100914,-0.18844126538241282,-0.1530571398391794,0.2893326305696375,0.0598365955185277,0.08329014142793219,0.18442346306946247,0.08528067838339004,0.10619021298001333,-0.07427673148701162,0.2817765778115769,0.18876158217694772,0.2595469025043022,0.36431095447616657,0.051655846724557176,0.147015137047838,0.0024338063128608364,0.5425282188367668,0.2102334860700648,-0.023462072827558623,0.22207095506364793,0.2854839681489928
228,0.10221199436568572,0.11086305524430831,0.5085612625617385,0.2358186269665527,-0.16819597105897746,-0.06574295470794776,0.34385555108441634,0.18533780760642687,0.16500535895414353,0.11298577658039052,0.1593491945626654,-0.2832162412671828,0.0020805530387531996,0.09813566285711402,-0.09435177912274093,0.22363286922109724,0.2243299273245574,0.09929767896570325,0.1638513831766692,-0.034300721465717984,0.09335134699302704,0.10120720781703763,0.15852576202856808,-0.1261693407012891,0.05257179403844993,0.24495845199737368,0.1101646675136064,0.24823346342850847,0.42630163816159206,-0.2131146307468916,-0.22820094866907836,-0.4077636285835352
229,0.44645725699367006,0.34622605703385295,0.023401847563298758,-0.11233793060977981,0.3873237836404128,0.14370153652087095,-0.06519178307126122,0.31264062742987014,-0.10219671826133284,0.20037398764353218,0.20497716776757982,0.17400369564042703,-0.09436305739060516,0.33469231135482114,0.32166518950735806,-0.2270480455207728,-0.14535264944239704,0.1636217548875396,0.3461298946903398,-0.2333565673052771,-0.30008190849311206,0.3332262163068803,0.15339784011706106,0.17350277886178694,0.14443373400405532,0.15545348214720092,0.1992759304480005,0.07407198980981192,0.17323991061961344,0.13672065948977402,-0.059372907008158365,0.28230669455910706
230,0.09562393978438231,0.14760436881813735,-0.17392707701365767,-0.14536143896619835,0.04333727706415184,0.1220174870673977,0.06129942909837034,0.19601231956388124,0.20596975380684593,0.0876273701485934,0.032519541821476844,0.005804140740080759,0.11109279126474983,0.23961717018966824,-0.05766107861356521,0.14954493181396358,0.16384677242970036,0.06412993674654287,-0.07754603495020393,0.19927450157206136,0.22382878195307498,-0.09401895570000028,0.10799564566925353,0.14738116301118354,0.09492199006514247,-0.09869715727879487,0.0835486894223549,0.15840175868133813,0.18145219611393124,0.23769099596891313,0.43358726407530823,-0.18009620301785492
231,-0.2919755150128051,0.25194362687045424,0.18447934488472806,-0.09101857214648255,0.5137096915218102,-0.3915575391071216,0.1991874509102764,-0.16436390704998038,0.4455944499953284,0.21781015800967046,0.10304113458430038,0.07360110385407279,0.15670911251286973,0.45003162645293465,0.16110004426294264,0.045895226796395086,-0.06052322043582949,0.4507323785553294,-0.0691774432698838,0.2709843384910566,-0.11948577717296034,0.22477882403469934,0.24365957719201764,0.32466681415976595,-0.054898688296048936,0.22432644828488973,-0.1232149241758918,0.2686244753741979,0.15454741133606334,0.11838573542352976,-0.038603364347782866,0.3807558613147009
232,-0.1361437516837773,0.5126401164044888,0.10727375240522918,0.14836359842633548,0.14084473078919998,-0.07991486120750843,-0.3537861718670854,0.25742689993318923,0.1378193687751203,0.032519541821476844,0.005804140740080759,0.15562454509034235,0.09398115298271544,-0.01760761135922154,0.08290979460788833,-0.1271890839969909,0.22798368323536836,0.14083053914836333,-0.02431958698577717,-0.014774917010754571,0.30790953094728557,0.026633443720634878,-0.10502185721591453,0.16212723952415709,0.10247846737264223,0.21692267376731647,0.19989817570442997,0.4592312571483904,-0.16129594391123622,0.16194804235970697,0.36431095447616657,0.051655846724557176
233,0.7425967423056713,0.26569395997574946,-0.48211955771040454,0.31856934468977854,-0.1471160322989946,0.13224843227692928,0.008757944931774984,0.5705404810089426,0.0008958314648755303,0.23630351086435855,0.4555579162737879,0.246515426242668,0.01770617465262488,0.15591559768791044,0.06181623550682581,-0.032007325327046816,0.09425897787719907,0.17512592942673538,0.21522887846938624,0.06181623550682581,-0.032007325327046816,0.09425897787719907,0.18704035057159146,0.1166120799555511,0.10308527413401705,0.17846779112789968,0.22208583212672164,0.10912076590162222,0.08387223257892588,0.007282743814128762,0.020612343586763032,-0.016019177985158884
234,0.08641717028161186,-0.05935848768228961,0.33385057687905584,0.3111346555032771,0.13258450406801628,0.21369508916669722,0.2864317522176922,0.2649233174487815,-0.22582008661066053,0.010747444669999833,-0.04684048839730427,0.3445276958741689,0.2670168397207595,0.1207569656637862,-0.054898688296048936,0.22432644828488973,-0.1232149241758918,0.2686244753741979,0.15454741133606334,0.11838573542352976,-0.038603364347782866,0.3807558613147009,0.17224841861994322,-0.09851033897345973,-0.1994683328230255,0.23980010892210227,0.24982258900136312,-0.11600447725845392,-0.322697042332726,0.20051624388285613,0.21910904649794555,0.1093603113504988
235,-0.06092265305807112,0.3492949165438124,0.17136904462667607,0.1900673974285291,0.14118158550631343,-0.0010933893612546557,0.14738116301118354,0.09492199006514247,-0.09869715727879487,0.025483110740760807,0.22725753124748785,-0.033804194159752304,0.17615938980224977,0.03444382036243173,-0.08424507459956743,-0.05323316428520335,0.38394456914269876,0.12494821353405587,0.11626296745509843,0.1967032816729059,0.13604608051457204,-0.4410086830701572,0.20521445648280787,0.1695639330805073,-0.12444320203172575,0.5611453632897837,0.1869335896853636,0.4006017258170882,-0.10347017542090149,0.03399592908507819,-0.10897268141169947,0.4019389235070164
236,0.09004305927638333,0.1776169526838241,0.11019210973415139,-0.10629703423484374,-0.4260345743094281,0.5984436178614774,0.15948649245452387,-0.038225245979315856,0.12200883569907046,0.1942458485822597,0.05373657295280298,-0.0481804193300597,-0.31665604319334456,0.3380206448902753,0.12849141162106129,-0.025839607220092212,0.12045898537141242,0.286877200722593,0.06552001088711226,-0.01222018030071071,0.05668940185689197,0.20093656574037363,-0.034300721465717984,0.09335134699302704,-0.10225170921233989,0.11496552590834287,0.1509781412018274,0.21715120410033667,-0.11088653938316373,-0.3298778796407805,0.19739197841878328,0.2574074511740544
237,0.5425282188367668,0.2102334860700648,-0.023462072827558623,-0.08357893242046706,0.5100102620576359,0.015971134607805734,0.13242407727825622,0.10523594898133189,-0.1232149241758918,0.2686244753741979,0.21364801688882992,0.17429534874748348,0.2011047102573123,-0.05911225422027029,0.1470775585761181,0.02369429402154779,0.005683677347195281,-0.1564723056670849,0.6040499463486003,-0.17796770742789422,0.6237727862359442,-0.0034213682837081223,-0.10107599037759238,0.18931492100556252,0.026950214585079065,0.18096547976886537,0.39861970155369486,0.3322918405849832,-0.0730539224471404,-0.3276340921767554,-0.560709760652686,0.014662593894547743
238,0.31053865854267393,0.23395754267823185,-0.08417891571780703,-0.19567178073345584,0.048418260223786674,0.12787983090555988,0.09892670391507088,0.15583052777161302,-0.059372907008158365,0.28230669455910706,-0.10897268141169947,0.4019389235070164,0.08865320947212052,0.11316297154198258,0.46291758814384293,0.2387995848553981,0.03761959736561409,0.18756622566533648,-0.0032170019832001968,0.05780403347831227,0.08945759497947195,0.13484381164054374,0.14901686786802,0.06131121467129291,0.20880832158794416,0.11021351393836613,0.2811349847358627,-0.30422284077240364,-0.4260345743094281,0.5984436178614774,0.15948649245452387,-0.038225245979315856
239,0.021414579109772094,1.2345642521917752,-0.2390661515095062,0.7216726934662775,0.37887817736150176,-0.4375915754722766,0.17850557601239259,0.04049002125523098,-0.0759962967737919,-0.07588574258395304,0.2146160329797934,0.30387177201667565,0.3066306355625916,0.5546419203281793,-0.26978020481639686,-0.09744491478413504,0.029835882608371077,0.23244847910803215,0.3923522683435107,0.06574911402424904,0.11982381637853495,-0.0036322028767203193,0.5154484502995313,0.4369139250805305,0.2387995848553981,0.03761959736561409,0.18756622566533648,-0.0032170019832001968,-0.012535739306872783,0.1869335896853636,0.4006017258170882,-0.10347017542090149
240,0.1570198042576097,0.15967623071216216,0.18518734134368978,0.03957451191768845,0.1932733614432001,-0.05430886755852945,0.05310248474394906,0.3607471428065565,0.06233658555976345,0.25202439925764925,0.36292852572337225,0.06181623550682581,-0.032007325327046816,0.09425897787719907,0.18704035057159146,0.1166120799555511,0.10308527413401705,0.17846779112789968,0.22208583212672164,0.10912076590162222,0.08387223257892588,0.007282743814128762,0.020612343586763032,-0.016019177985158884,0.02271247292045064,0.29107111576143124,0.24312061013710376,0.09983764953292189,0.10308527413401705,0.17846779112789968,0.22208583212672164,0.38082519460124975
241,0.1673903322242667,-0.09284999744819501,0.3101946871467882,-0.16972559312542665,0.3638470451044476,0.20503724985454205,0.1459981126354451,-0.09139857051369302,0.29333985737491053,0.016130026589419835,0.13604560052272469,-0.018288587728737135,0.021704303877180964,-0.05845547641045337,0.0944564283888955,0.07288885104996093,0.1748984588804126,0.003142846329034149,-0.40042171646973945,0.30944710287579563,0.17593608521602916,-0.10071744145415372,0.16218366883225244,0.2723849429441483,0.06819640115512812,0.19599174436963498,-0.09022149343997835,-0.17716160635766223,0.2017013585807754,-0.18049387029567956,0.05969298311436966,-0.12444320203172575
242,0.33876510586308256,0.02582216832870876,0.10159629500858154,0.02285161943960793,0.007793924365852867,-0.09554214890318367,0.17101591016823178,0.1958943861923911,0.19659120888368425,0.0682533575974299,0.17317355494762385,-0.17423414406398183,-0.17888375096808656,0.14457497153757373,0.16150134876585814,-0.04888249344416614,0.028835215080125137,0.2819858073684284,0.37945256073396405,0.2729517301749195,-0.12099987263672833,-0.39104435029717977,-0.58788795971382,0.8825455177838787,0.5486551716555055,-0.23240833069389197,0.7000941381334126,0.3710274399415613,-0.46653684425022923,0.1554728609437766,0.9975742913618585,-0.11271189559352306
243,-0.20300578487782478,0.2829097843134919,0.036318137954573296,0.2968939267958973,0.07580716838731938,0.08567346237233235,0.1659339689806515,0.3418218557881716,-0.0032170019832001968,0.05780403347831227,0.13279765953118794,0.29107111576143124,0.1045071141541918,0.12488891724892921,0.20435731266315316,-0.18873985973198337,-0.2630977126021474,0.30547600197737734,-0.11600447725845392,-0.322697042332726,0.20051624388285613,0.21910904649794555,0.1093603113504988,0.29244900495504983,0.07156915212888351,0.03981403283697342,0.08990758954670022,-0.16700246707206481,0.35905073798042664,0.2503177717232147,0.19920890419656892,0.006508261054583925
244,-0.1767098477946617,0.04486876508389453,-0.029810975371668404,0.36698137508616957,0.28390600937395283,0.06077700494192656,-0.03348926380060616,0.3121144711635626,0.49930541624730584,0.09661674508426206,-0.04247753767970497,0.111002564726116,0.32466681415976595,-0.054898688296048936,0.22432644828488973,-0.1232149241758918,0.2686244753741979,0.15454741133606334,0.10583636003401536,0.0911876490090115,0.11016030936506847,0.2678296268354956,-0.11044697195648515,0.29822181701699224,0.06963025852130174,-0.04415721420156436,-0.08021739414216453,-0.00820726410522738,-0.17796770742789422,0.6237727862359442,-0.0034213682837081223,-0.10107599037759238
245,0.3380206448902753,0.12849141162106129,-0.025839607220092212,0.12045898537141242,0.286877200722593,0.06552001088711226,-0.01222018030071071,0.05668940185689197,0.10362509383257605,0.15012172490551431,0.11914993570351617,-0.013910993924571376,-0.17796770742789422,0.6237727862359442,-0.0034213682837081223,-0.11177332321076741,-0.12447288368586536,0.33469231135482114,0.32166518950735806,-0.2270480455207728,-0.14535264944239704,0.1636217548875396,0.3461298946903398,-0.2333565673052771,-0.30008190849311206,0.3332262163068803,0.15339784011706106,0.17350277886178694,0.14443373400405532,0.06937373250251755,0.1938846693083236,-0.020397626293515884
246,0.003986715639722211,-0.10353847396758291,0.3373926601630302,0.16236333567151778,0.17047529049149088,0.07176664141241576,-0.05498110129799243,0.15183112240756858,0.10787259292306504,0.01840890062904963,-0.0995598219957391,0.4821384641347985,-0.10720510281794955,-0.02327093882632231,0.13330989518342076,0.06458116259471598,0.2819858073684284,0.37945256073396405,0.2729517301749195,-0.12099987263672833,-0.39104435029717977,-0.58788795971382,0.8825455177838787,0.5486551716555055,-0.23240833069389197,0.7000941381334126,0.3710274399415613,-0.46653684425022923,0.1554728609437766,0.24264684577496107,-0.17251053863600152,-0.07623730344017893
247,0.28704697470443025,-0.23376505563265904,0.25903415533466395,0.05353362786240616,0.27552939681922384,0.0799497909674738,0.1273673621854455,0.12302980186260518,0.2983918938792556,-0.12952072144717805,0.22342416318361763,0.07008561531728158,-0.12319514448977624,-0.06574295470794776,0.34385555108441634,0.18533780760642687,0.16500535895414353,0.11298577658039052,0.1593491945626654,-0.2832162412671828,0.0020805530387531996,0.09813566285711402,-0.09435177912274093,0.22363286922109724,0.2243299273245574,0.09929767896570325,-0.05055300144419804,0.11493399400923741,0.16398023443426096,0.08641616074491512,0.017233203967593865,0.11969849148818573
248,-0.01760761135922154,0.013769183121238256,0.3351624358998726,-0.14469081953720858,0.08939889071784639,0.14222625457533922,0.09454735228493921,0.2455881403904545,0.22417321000734797,0.3377246363120925,-0.25067496534820216,-0.33049876626994434,-0.49479408873313274,1.2506888914384577,0.03742720706739787,0.14443373400405532,0.06937373250251755,0.1938846693083236,0.06386068980963318,-0.16436390704998038,0.4455944499953284,0.21781015800967046,0.10304113458430038,0.07360110385407279,0.15670911251286973,0.45003162645293465,0.16110004426294264,0.045895226796395086,-0.06052322043582949,0.4507323785553294,-0.0691774432698838,0.2709843384910566
249,-0.21754472327174948,0.11712542482710067,0.13726845392845502,0.2803394062155468,-0.1808880106703088,0.7512025272323432,0.10323363556716901,0.37562684311726585,0.43329493229864297,-0.3915575391071216,0.0002879024942063322,-0.2005062652564799,0.18019128493810643,0.2685197814770018,-0.053115559140665666,-0.37717238805262293,0.2565974639919755,0.1570198042576097,0.15967623071216216,0.18518734134368978,0.03957451191768845,0.1932733614432001,-0.05430886755852945,0.05310248474394906,0.3607471428065565,0.06233658555976345,0.25202439925764925,0.3540554860126552,0.054753129013971114,0.2713227081328572,0.11021351393836613,0.2811349847358627
250,0.184785809834214,0.16588222747740497,0.17018348502593558,0.027595165892406535,0.1692395764517847,-0.016804451873613534,-0.0012749059923216897,0.03521232712560007,0.31260451285604524,0.31800420099521304,-0.005335817680394406,0.27501372788438055,-0.0019401474578765487,0.03288055636069062,-0.10720510281794955,0.04106971111700765,-0.16034808885176957,0.582480184304969,-0.026167537045574178,0.3188360004878918,0.3648744076231162,0.34342646217838496,-0.01628559255808749,0.22344916562290068,-0.0022649620560798393,0.03016361932875218,-0.0022649620560798393,0.00023042973591467987,0.07425954369573716,0.1967581543584978,0.11716303057832608,0.12569717207255016
251,0.6345265610190949,0.2433730585524286,-0.04712027514696706,0.09999394778949644,0.22146573820555276,0.07314429710685592,-0.1271890839969909,0.4085821242904413,0.47201011607596016,-0.28281767262770263,-0.0037568732807429827,-0.006068095610988907,0.22353226918003677,0.31634318939043543,0.1452137764050096,0.07004406608160774,0.05316462727074893,0.5077589261353112,0.27800976640018904,-0.06092265305807112,-0.07420667902913211,0.4772627981074588,-0.017093960217367823,0.10508360858601368,0.0976938196030565,-0.11702634474636686,0.3121181215393386,0.23355982518621926,0.029024701733186827,-0.023190079283785647,0.41946818135912745,0.396950895585359
252,0.3004909622472764,0.044637696916542596,0.1491258597087924,0.10443331001532027,-0.012240582376639745,0.13886281909376522,0.0663289995961218,0.2459899734113378,-0.014562473930395762,0.21364801688882992,0.17429534874748348,0.2011047102573123,-0.05911225422027029,0.1470775585761181,0.02369429402154779,0.005683677347195281,-0.1273834470031238,0.21112320288276687,-0.053256080531068464,-0.41024474767980984,0.2704078672093213,0.267162624321814,0.12187058334242151,0.27546427786962585,0.061031905252357535,0.05848757429557536,-0.07720539751091571,0.010435914587602436,0.4970868953748266,0.0443270845504133,0.17578873123542652,0.33876510586308256
253,0.2983918938792556,-0.12952072144717805,0.22342416318361763,0.28291233684027306,0.2649233174487815,-0.22582008661066053,0.010747444669999833,-0.04684048839730427,0.3445276958741689,0.2670168397207595,0.11999193592579707,0.025195000573940488,0.2525280799707006,0.46609603032039665,0.12547576951623374,-0.014864298582347406,0.02672968558008701,0.3808117223227501,-0.09823658655877998,0.2407284347887408,-0.12405508083124386,0.22599906281655174,0.2296552800988911,0.07187542666856812,0.09364824897947188,0.26063328665288116,0.13490246113837479,-0.10690798536618025,-0.20091983663120586,0.2564809375436427,0.2379115657403104,-0.03126694167154654
254,-0.20577899822194573,0.20485280725032834,0.6938025427425525,-0.2131146307468916,-0.22820094866907836,0.798456346494198,-0.0030598719334408316,0.39096949337005593,0.5105758017641661,-0.3718423771208559,0.18668007377330023,0.005169852410660244,-0.04538704312831413,-0.09714475970879345,0.024406105133026493,0.355073964073535,0.3305091004000071,0.5569329242264648,-0.246023278873846,-0.02073871481096764,-0.029680462238063903,0.14956677270984858,0.3599731363146606,0.1693893827989283,0.11021291834797739,-0.01051268262747767,0.44645725699367006,0.34622605703385295,0.023401847563298758,-0.11233793060977981,0.3873237836404128,0.14370153652087095
255,0.2748983453654098,-0.017315794149796837,-0.07556915478493191,-0.15398007638351432,0.1511533282653379,0.40902791458143434,0.3099970298175544,0.471489611372563,-0.22685151173680398,-0.03410554351064948,-0.026979094668769906,0.21026955100633232,0.3594575830872452,0.10738292971034552,0.1268252869070336,-0.054658024990498495,0.5979804251199937,0.2526440820179429,0.006789876468677929,-0.04923300073592117,0.28884407459477013,0.11496552590834287,0.1509781412018274,0.21715120410033667,-0.11088653938316373,-0.3298778796407805,0.19739197841878328,0.2574074511740544,-0.1363443429204539,0.28392816400072096,0.17315845339267563,0.05824213470011352
256,0.10261484021232775,-0.21198150695143764,-0.19771289689077395,0.32661083949314984,0.10384331692069787,0.07711382871774942,0.20992472947069074,0.08617134357782268,0.07831120315928315,-0.036381717160680845,0.1918282357010622,0.2566953352236003,0.09440814158715664,0.25877643221949886,0.16588222747740497,0.17018348502593558,0.027595165892406535,0.1692395764517847,-0.016804451873613534,0.004656571040100282,-0.11958844677906617,0.4510220067914173,0.15244082736729989,0.07288885104996093,0.1748984588804126,0.21096382091488866,0.15454741133606334,0.11838573542352976,0.16645436112978723,0.0911876490090115,0.11016030936506847,0.2678296268354956
257,0.1509781412018274,0.21715120410033667,-0.11088653938316373,-0.3298778796407805,0.19739197841878328,0.2574074511740544,-0.1794758260016446,0.18019128493810643,0.2685197814770018,-0.053115559140665666,-0.37717238805262293,0.49354224977275374,-0.026167537045574178,0.3188360004878918,0.3648744076231162,0.34342646217838496,-0.01628559255808749,0.22344916562290068,0.4960629339830934,0.11982048966670107,-0.0519861583077886,0.27183294112990597,-0.11338464126334705,0.22044835283863562,0.18175378128055952,0.21507230996456794,-0.11110494277211024,0.3237973929832109,0.20436905870817954,0.20064497471212211,-0.03419642558318104,0.22503561746781034
258,0.13330989518342076,0.06458116259471598,0.1508855830803084,0.30790953094728557,0.026633443720634878,-0.10502185721591453,0.16212723952415709,0.10247846737264223,0.21692267376731647,0.19989817570442997,0.4734494394305207,0.1459981126354451,-0.09139857051369302,0.3563536013904831,0.2492544554621723,-0.1378062638889054,-0.2005062652564799,0.3493062561829203,0.3481189339598148,-0.046633282251753776,0.28704697470443025,-0.23376505563265904,0.25903415533466395,0.05353362786240616,0.27552939681922384,0.0799497909674738,0.17277790602541887,0.11019210973415139,-0.10629703423484374,-0.4260345743094281,0.5984436178614774,-0.015745648643089017
259,0.111002564726116,0.32466681415976595,-0.054898688296048936,0.22432644828488973,-0.1232149241758918,0.2686244753741979,0.15454741133606334,0.11838573542352976,-0.038603364347782866,0.3807558613147009,0.17224841861994322,-0.09851033897345973,-0.1994683328230255,0.23980010892210227,0.24982258900136312,-0.11600447725845392,-0.322697042332726,0.20051624388285613,0.21910904649794555,0.1093603113504988,0.2477901823414091,0.11239773235496053,0.14034718129468007,0.07531665293909175,0.14223356297833722,-0.021651786553036286,0.12079119269608964,0.2824571418874076,0.04509906066466046,0.31997096866254743,0.27166200964144344,0.061634111965513244
260,-0.12169415188144998,-0.11306592133363663,0.2017013585807754,-0.18049387029567956,0.05969298311436966,-0.12444320203172575,0.5611453632897837,0.1869335896853636,0.4006017258170882,-0.10347017542090149,-0.06487001071552723,0.022974105712554253,0.044969158891263294,-0.057684741153323484,0.07384757606653194,0.14480516428365917,0.11473011258612666,-0.06087256733651791,0.10219365132836339,0.2904398373272532,-0.191413963210553,0.0962711095927171,0.19762225597500324,0.1081466919612358,0.23315219493351433,0.2759889856284672,0.3334386814242376,-0.2930011245453141,-0.3323103623367577,-0.21119585311806702,0.6359536634803336,-0.20577899822194573
261,0.19820898945179852,-0.1228961939348214,0.46117402403887836,0.010629951960803224,0.2329295694666118,0.43160144306355575,0.23386430015327572,0.022736716960153926,0.20677149441364567,0.05235944102725745,0.015779282541251688,0.07778099345810575,0.14475962330811473,0.1313550547189986,0.07443711931806851,0.2013810585084282,0.16537104813962505,0.16944948516711295,0.024987697732263607,0.04487858645134652,0.029272201147996082,0.03195666987309589,-0.04923300073592117,0.28884407459477013,0.11496552590834287,0.1509781412018274,0.21715120410033667,-0.11088653938316373,-0.3298778796407805,0.19739197841878328,0.2574074511740544,-0.1363443429204539
262,0.13484381164054374,0.14901686786802,0.06131121467129291,0.20880832158794416,-0.08541858082858371,0.6237727862359442,-0.0034213682837081223,-0.14058264719393238,-0.04684048839730427,0.3445276958741689,0.2670168397207595,0.11999193592579707,0.025195000573940488,0.2525280799707006,0.3241259498868571,0.05722556129495675,-0.05963657763210757,0.24747498490240735,0.1906227232740485,-0.06664940695669395,0.2587212667043487,-0.14639799594510308,0.3286452837434767,0.21153885924695115,0.1163015082677053,-0.07607939841636727,0.4408191314993718,0.1944108882314549,-0.17628742224102106,-0.13205735314625608,0.1970317131241627,0.21112320288276687
263,-0.05766107861356521,0.14954493181396358,0.13743787714150377,-0.00955398688276132,-0.04633283163100682,0.2136761375202918,0.07494596567037431,0.25010784662062324,0.3523436055521462,0.16449856261676135,-0.06575779966302676,-0.4633805460079044,-0.6296462555508103,2.322443244981363,0.016820628608099946,-0.12210513461064502,0.7425967423056713,0.26569395997574946,-0.48211955771040454,0.31856934468977854,-0.1471160322989946,0.22854402882156374,0.39770783469686205,0.08172071414989064,0.24383857054727498,0.12692743882989452,-0.09579475570179191,-0.37215607382295773,0.42858710956831947,0.169608015722371,-0.08047575649163148,0.16236333567151778
264,0.29312924637770893,0.36431095447616657,0.051655846724557176,0.147015137047838,0.0024338063128608364,0.5425282188367668,0.2102334860700648,-0.023462072827558623,-0.08357893242046706,0.5100102620576359,0.015971134607805734,0.13242407727825622,0.12389941991210354,-0.06701563151637725,0.2211385741886123,0.1901250685257231,0.18141069148365815,-0.01872348367883698,0.1602399761215795,0.18812549775877,-0.18329904817335113,0.03510975496160437,0.24519022089989018,0.04521427973100914,-0.18844126538241282,-0.1530571398391794,0.2893326305696375,0.0598365955185277,0.08329014142793219,0.18442346306946247,0.08528067838339004,0.10619021298001333
265,0.16929565744747385,0.016130026589419835,0.13604560052272469,-0.018288587728737135,0.21721095866204995,0.1944108882314549,-0.17628742224102106,-0.13205735314625608,0.1970317131241627,0.21112320288276687,-0.053256080531068464,-0.26428007550883953,0.3301924189647566,-0.1306468068111148,0.36493975362810666,0.1618681250337736,0.10981308189934724,0.09833803369138068,-0.2837244130358797,-0.05933768281964149,-0.0158205855430532,0.10766783526534249,-0.15136662886912727,0.732439073067299,0.16811112115875754,0.3065383859292377,0.3339580943966088,-0.3258809547938212,0.13330811200126508,-0.16700246707206481,0.3698938428342045,0.056999667600075014
266,0.02271247292045064,0.29107111576143124,0.1045071141541918,0.12488891724892921,0.20435731266315316,-0.18873985973198337,-0.35331836031638597,-0.07300140090705133,0.015029837611797933,0.44060350728358616,0.19206526361875487,0.4763690489011428,-0.1670048053309648,-0.017998435792932244,0.06031076097975645,0.02182100849886886,0.32235892296680474,0.21043433282753074,0.04703410538990216,0.528856226637008,0.2358186269665527,-0.0354215967745066,-0.07093347373910476,0.47495421114848513,-0.06981461482759276,0.2501629573434221,-0.007193016796767877,0.08783646987625998,0.17136904462667607,0.1900673974285291,0.14118158550631343,0.064420931619945
267,0.5714173973408444,0.15528760475682082,0.23091537737709414,0.06650813331778027,0.0688545810301372,0.06682974592404096,-0.16034808885176957,0.582480184304969,-0.026167537045574178,0.3188360004878918,0.3648744076231162,0.34342646217838496,-0.01628559255808749,0.20446229175264322,0.077208066716257,-0.03473222436348715,0.2269899149422962,0.1513353793055481,-0.06713211211349977,0.2407284347887408,-0.12405508083124386,0.22599906281655174,0.2296552800988911,0.07187542666856812,0.09364824897947188,0.26063328665288116,0.13490246113837479,-0.10690798536618025,-0.20091983663120586,0.2564809375436427,0.2379115657403104,-0.03126694167154654
268,-0.19567178073345584,0.048418260223786674,0.12787983090555988,0.09892670391507088,0.19799846171187263,0.08817550672737952,0.016104682807028897,0.19820898945179852,-0.1228961939348214,0.46117402403887836,0.010629951960803224,0.25817314742721637,0.11716303057832608,0.12569717207255016,0.08359265059376635,0.33876510586308256,0.11962254441150952,0.18141069148365815,-0.01872348367883698,0.1602399761215795,0.18812549775877,-0.18329904817335113,0.03510975496160437,0.24519022089989018,0.04521427973100914,-0.18844126538241282,-0.1530571398391794,0.2893326305696375,0.0598365955185277,0.08329014142793219,0.18442346306946247,0.08528067838339004
269,-0.00910825187333178,-0.3009925401089623,-0.3557798169054311,-0.17575267886142004,0.576090306976329,-0.006011173839405014,0.407556646171246,0.565946646773559,-0.04207922667471619,0.12789596366752015,0.1503937044621789,0.11340700597604,0.1662950431666319,0.08234593419361352,-0.032007325327046816,0.09425897787719907,0.18704035057159146,0.1166120799555511,0.10308527413401705,0.17846779112789968,0.22208583212672164,0.10912076590162222,0.08387223257892588,0.007282743814128762,0.020612343586763032,-0.016019177985158884,0.02271247292045064,0.29107111576143124,0.1045071141541918,0.12488891724892921,0.1681479041675351,-0.4410086830701572
270,0.5569329242264648,-0.11644707317504353,0.2146160329797934,0.30387177201667565,0.2702294772271227,0.03761959736561409,0.18756622566533648,-0.0032170019832001968,0.05780403347831227,0.08945759497947195,0.13484381164054374,0.14901686786802,0.09675046970271459,0.17615938980224977,0.03444382036243173,-0.08424507459956743,-0.05323316428520335,0.38394456914269876,0.12494821353405587,0.11626296745509843,0.1967032816729059,0.13604608051457204,-0.4410086830701572,0.20521445648280787,0.18187890191990846,-0.018412927239126024,0.08651782774696389,0.27957828264201523,0.07241198467246238,-0.0009804569413706596,0.019828243580542443,0.21838582797646872
271,0.19799846171187263,0.08817550672737952,0.19330156596421433,-0.05430886755852945,0.05310248474394906,0.3607471428065565,0.06233658555976345,0.25202439925764925,0.3540554860126552,0.054753129013971114,0.22470285204137724,0.2032151590447185,-0.20300578487782478,0.2829097843134919,0.05891188711041844,0.15670911251286973,0.45003162645293465,0.16110004426294264,0.045895226796395086,-0.06052322043582949,0.4507323785553294,-0.0691774432698838,0.2709843384910566,0.15626326018762093,0.10583636003401536,0.0911876490090115,0.11016030936506847,0.2678296268354956,-0.11044697195648515,0.29822181701699224,0.06963025852130174,-0.04415721420156436
272,0.16449856261676135,-0.06575779966302676,-0.4633805460079044,-0.6296462555508103,2.322443244981363,0.016820628608099946,-0.12210513461064502,0.7425967423056713,0.123227491473901,-0.2837244130358797,-0.12772387499550578,-0.0158205855430532,0.10766783526534249,-0.15136662886912727,0.732439073067299,0.16811112115875754,0.3065383859292377,0.3339580943966088,-0.3258809547938212,0.13330811200126508,-0.16700246707206481,0.35905073798042664,0.2503177717232147,0.19920890419656892,0.006508261054583925,0.19637910122862356,0.5323290908947901,0.11239025342580698,0.019519458325689406,-0.024104684871840008,0.41000486829468213,-0.054332979629034356
273,0.3890877324073698,0.23355982518621926,0.029024701733186827,-0.023190079283785647,0.41946818135912745,0.396950895585359,0.05722556129495675,-0.05963657763210757,0.24747498490240735,0.21520916915572216,0.22044835283863562,0.18175378128055952,0.21507230996456794,-0.11110494277211024,0.4315287673627478,0.1512351673111633,0.0687471240577064,0.025303337699693184,0.07991964893101931,0.14910613995433913,0.13870999513948015,0.052111479316268625,0.228876356011417,-0.038603364347782866,0.3807558613147009,0.17224841861994322,-0.09851033897345973,-0.1994683328230255,0.23980010892210227,0.24982258900136312,-0.11600447725845392,-0.322697042332726
274,0.21507230996456794,-0.1412774153475318,-0.10704446124940634,-0.13205735314625608,0.1090675558904655,-0.2016070125428649,-0.07588574258395304,0.2146160329797934,0.30387177201667565,0.3066306355625916,0.5546419203281793,-0.26978020481639686,-0.09744491478413504,0.029835882608371077,0.23244847910803215,0.3923522683435107,0.06574911402424904,0.11982381637853495,-0.0036322028767203193,0.5154484502995313,0.2044492602416065,0.04163234839464616,-0.09945040258569912,0.46110913685599997,0.03434420395290914,0.08108865698436285,0.1615687764851244,-0.037857040474989806,0.16967044100176074,0.20436905870817954,0.20064497471212211,-0.03419642558318104
275,0.09425897787719907,0.18704035057159146,0.1166120799555511,0.10308527413401705,0.17846779112789968,0.22208583212672164,0.10912076590162222,0.08387223257892588,0.007282743814128762,0.020612343586763032,-0.016019177985158884,0.02271247292045064,0.06649437896414004,-0.4820010422294675,0.6345265610190949,0.2433730585524286,-0.04712027514696706,0.09999394778949644,0.22146573820555276,0.07314429710685592,-0.1271890839969909,0.22798368323536836,0.14083053914836333,-0.02431958698577717,0.07707151604312379,0.21715120410033667,-0.11088653938316373,-0.3298778796407805,0.19739197841878328,0.2574074511740544,-0.1363443429204539,0.28392816400072096
276,0.020789453641837097,0.4234865458933099,-0.1161805714536689,-0.04633283163100682,0.2136761375202918,0.07494596567037431,0.25010784662062324,0.3523436055521462,0.16449856261676135,-0.06575779966302676,-0.4633805460079044,-0.6296462555508103,2.322443244981363,0.016820628608099946,-0.12210513461064502,0.7425967423056713,0.26569395997574946,-0.48211955771040454,0.31856934468977854,-0.1471160322989946,0.13224843227692928,-0.13744108689493145,0.7512025272323432,0.10323363556716901,0.37562684311726585,0.43329493229864297,-0.3915575391071216,0.1991874509102764,-0.16436390704998038,0.4455944499953284,0.21781015800967046,0.10304113458430038
277,-0.1530571398391794,0.2893326305696375,0.0598365955185277,0.08329014142793219,0.18442346306946247,0.08528067838339004,0.10619021298001333,-0.07427673148701162,0.2817765778115769,0.18876158217694772,0.12025697212036957,0.09750423701080863,-0.016019177985158884,0.02271247292045064,0.29107111576143124,0.1045071141541918,0.12488891724892921,0.20435731266315316,-0.18873985973198337,-0.2630977126021474,0.15538551639601741,0.29502436812259675,-0.07973305727102308,0.23447145379292256,0.032016070946640766,-0.2056916248099073,-0.09977122531837382,0.2566705868769431,-0.041520509924722795,0.18518734134368978,0.03957451191768845,0.1932733614432001
278,0.025303337699693184,0.07991964893101931,0.14910613995433913,0.13870999513948015,0.19087835273294462,0.13598333473215593,0.19180202616448425,-0.14639799594510308,0.3286452837434767,0.21153885924695115,0.1163015082677053,-0.07607939841636727,0.4408191314993718,0.1944108882314549,-0.17628742224102106,-0.13205735314625608,0.1970317131241627,0.21112320288276687,-0.053256080531068464,-0.22074608624128517,0.32661083949314984,0.10384331692069787,0.07711382871774942,0.20992472947069074,0.08617134357782268,0.07831120315928315,-0.036381717160680845,0.1918282357010622,0.2566953352236003,0.09440814158715664,0.25877643221949886,0.36206636083348
279,0.06255089963037826,0.14128623717498243,0.16458087537784533,0.23046833214655307,0.22428632184744493,0.1776169526838241,0.11019210973415139,-0.10629703423484374,-0.4260345743094281,0.5984436178614774,0.15948649245452387,-0.038225245979315856,0.1540814340350805,0.29107111576143124,0.1045071141541918,0.12488891724892921,0.20435731266315316,-0.18873985973198337,-0.2630977126021474,0.15538551639601741,0.29502436812259675,-0.07973305727102308,-0.09340195906642378,0.12045898537141242,0.286877200722593,0.06552001088711226,-0.01222018030071071,0.05668940185689197,0.20093656574037363,-0.034300721465717984,0.09335134699302704,0.10120720781703763
280,-0.09554214890318367,0.17101591016823178,0.1958943861923911,0.03804382560606737,0.3372305849465922,0.1958943861923911,0.19659120888368425,0.0682533575974299,0.17317355494762385,-0.17423414406398183,-0.17888375096808656,0.14457497153757373,0.16150134876585814,-0.04888249344416614,0.25742689993318923,0.1378193687751203,0.032519541821476844,0.005804140740080759,0.15562454509034235,0.09398115298271544,-0.01760761135922154,0.013769183121238256,-0.06287418633695564,0.020789453641837097,0.2776263119509572,0.33385057687905584,0.3111346555032771,0.03374797111609373,0.10221199436568572,0.11086305524430831,0.5085612625617385,0.2358186269665527
281,0.32661083949314984,0.10384331692069787,0.07711382871774942,-0.3233422519369526,0.20051624388285613,0.34403694350380154,0.1970317131241627,0.21112320288276687,-0.053256080531068464,-0.41024474767980984,0.2704078672093213,0.267162624321814,0.12187058334242151,0.27546427786962585,0.061031905252357535,0.05848757429557536,-0.07720539751091571,0.010435914587602436,0.4970868953748266,0.0443270845504133,0.2086211161338412,0.3854280947760623,0.3481189339598148,-0.046633282251753776,0.28704697470443025,-0.23376505563265904,0.25903415533466395,0.04481772890032793,0.06963025852130174,-0.04349326776699076,-0.21198150695143764,-0.19771289689077395
282,-0.1363443429204539,0.28392816400072096,0.17315845339267563,0.05824213470011352,-0.05307296768324391,0.15659419328815105,-0.014638988833976714,0.05668940185689197,0.20093656574037363,-0.034300721465717984,0.09335134699302704,0.10120720781703763,0.15852576202856808,-0.1261693407012891,0.05257179403844993,0.24495845199737368,0.1101646675136064,0.24823346342850847,0.42630163816159206,0.22771338204305513,-0.20156309491583888,0.12789596366752015,0.1503937044621789,0.1185448276954906,0.17136904462667607,0.1900673974285291,0.14118158550631343,0.064420931619945,0.17828602966103,0.22725753124748785,-0.033804194159752304,0.17615938980224977
283,-0.03473222436348715,0.10419356470175667,-0.14639799594510308,0.3286452837434767,0.21153885924695115,0.1163015082677053,-0.07607939841636727,0.4408191314993718,0.1944108882314549,-0.17628742224102106,-0.13205735314625608,0.1970317131241627,0.21112320288276687,-0.053256080531068464,-0.41024474767980984,0.2704078672093213,0.267162624321814,0.12891744214387574,0.14443373400405532,0.06937373250251755,0.1938846693083236,-0.020397626293515884,0.056241500047262236,0.31501257601781585,0.03521232712560007,0.31260451285604524,0.31800420099521304,-0.005335817680394406,0.27501372788438055,0.20689829639105578,-0.18868606439129984,0.1938649078891614
284,-0.2833807162011421,-0.49163582428543307,0.021414579109772094,1.2345642521917752,-0.2390661515095062,0.7216726934662775,0.37887817736150176,-0.4375915754722766,-0.05796601447496844,-0.08273860521489726,0.36219842017178827,0.20395349412622332,0.39656667760254666,0.3438782254724192,-0.22430789111493196,-0.13216215275703985,0.04131191411989849,0.29312924637770893,0.36431095447616657,0.051655846724557176,0.147015137047838,0.0024338063128608364,0.5425282188367668,0.2102334860700648,-0.023462072827558623,-0.08357893242046706,0.5100102620576359,0.015971134607805734,0.13242407727825622,0.12389941991210354,-0.06701563151637725,0.2211385741886123
285,0.09335134699302704,0.10120720781703763,0.15852576202856808,-0.1261693407012891,0.05257179403844993,0.24495845199737368,0.1101646675136064,0.24823346342850847,0.42630163816159206,-0.2131146307468916,-0.22820094866907836,-0.4077636285835352,-0.15881599178038797,0.874523150438384,-0.0030598719334408316,0.39096949337005593,0.5105758017641661,-0.3718423771208559,-0.0330727670322611,-0.07588574258395304,0.2146160329797934,0.30387177201667565,0.033228697305240786,0.025303337699693184,0.07991964893101931,0.14910613995433913,0.13870999513948015,0.052111479316268625,0.2025166266354563,0.13030374742807277,0.28667888938837066,-0.06951352474562462
286,0.1503937044621789,0.11340700597604,0.1662950431666319,0.31605517367239877,0.4267853770345245,0.38464041570040863,0.08256728264784874,-0.11495180160911317,0.36064203219538704,0.1673903322242667,-0.09284999744819501,0.3101946871467882,-0.16972559312542665,0.3638470451044476,0.20503724985454205,0.1459981126354451,-0.09139857051369302,0.3563536013904831,0.2492544554621723,-0.1378062638889054,-0.2005062652564799,0.18019128493810643,0.2685197814770018,-0.053115559140665666,-0.37717238805262293,0.2565974639919755,0.1570198042576097,0.15967623071216216,0.18518734134368978,0.028089154644965038,0.3607471428065565,0.06233658555976345
287,0.052111479316268625,0.2025166266354563,0.13030374742807277,0.28667888938837066,-0.06951352474562462,0.42670276524224504,0.46110913685599997,0.03434420395290914,0.08108865698436285,0.347811810232145,-0.054332979629034356,0.19955843128181666,-0.154784423703279,0.3022190377547206,0.1947513444538738,0.06255089963037826,0.14128623717498243,0.16458087537784533,0.23046833214655307,-0.04177403759466122,-0.30418711666720355,0.3528982149432685,0.205696934332813,-0.06894471559741094,-0.21754472327174948,0.11712542482710067,0.13726845392845502,0.10477893452726418,0.154525193891985,0.12234390728662362,0.014770973447222226,0.16841010577103913
288,0.40979557006932316,0.23961717018966824,-0.05766107861356521,0.14954493181396358,0.16384677242970036,0.06412993674654287,-0.07754603495020393,0.19927450157206136,0.22382878195307498,-0.09401895570000028,0.10799564566925353,0.2062239140743334,0.14222625457533922,0.09454735228493921,0.2455881403904545,0.22417321000734797,0.34528719756540155,0.246515426242668,-0.009416189454767129,0.08359265059376635,0.33876510586308256,0.02582216832870876,0.10159629500858154,0.02285161943960793,0.007793924365852867,-0.09554214890318367,0.17101591016823178,0.24162599819603697,-0.08417891571780703,-0.19567178073345584,0.048418260223786674,0.12787983090555988
289,-0.04712027514696706,0.09999394778949644,0.22146573820555276,0.07314429710685592,-0.1271890839969909,0.22798368323536836,0.14083053914836333,-0.02431958698577717,-0.014774917010754571,0.30790953094728557,0.026633443720634878,-0.10502185721591453,0.16212723952415709,0.10247846737264223,0.21692267376731647,0.19989817570442997,0.4592312571483904,-0.16129594391123622,-0.2057051867824583,-0.535203756815677,-0.18224044766622266,1.631133135384752,-0.27684410127456854,0.93613725027831,0.36905839115702316,-0.42191937147693376,0.1594097460088622,0.003986715639722211,-0.10353847396758291,-0.08273860521489726,0.36219842017178827,0.17479867074876274
290,0.007282743814128762,0.020612343586763032,-0.016019177985158884,0.02271247292045064,0.29107111576143124,0.1045071141541918,0.12488891724892921,0.20435731266315316,-0.18873985973198337,-0.2630977126021474,0.15538551639601741,0.29502436812259675,-0.06610389199692732,0.08329014142793219,0.18442346306946247,0.08528067838339004,0.10619021298001333,-0.07427673148701162,0.03178892334651606,0.07531665293909175,0.14223356297833722,-0.021651786553036286,0.12079119269608964,0.2824571418874076,-0.02974036581803194,-0.1994683328230255,0.23980010892210227,0.24982258900136312,-0.11600447725845392,-0.322697042332726,0.20051624388285613,0.21910904649794555
291,0.0024338063128608364,0.5425282188367668,0.2102334860700648,-0.023462072827558623,0.26758815979790107,-0.046633282251753776,0.28704697470443025,-0.23376505563265904,0.25903415533466395,0.05353362786240616,0.27552939681922384,0.0799497909674738,0.1273673621854455,0.12302980186260518,0.2983918938792556,-0.12952072144717805,0.22342416318361763,0.07008561531728158,-0.12319514448977624,-0.06574295470794776,0.09630261309156761,0.12045898537141242,0.24593295750918803,0.1378193687751203,0.032519541821476844,0.005804140740080759,0.15562454509034235,0.09398115298271544,-0.01760761135922154,0.013769183121238256,0.3351624358998726,-0.14469081953720858
292,-0.20535274008458249,0.649016374492374,0.1944108882314549,0.1964431174724785,0.46291758814384293,0.2387995848553981,0.03761959736561409,0.18756622566533648,-0.0032170019832001968,0.05780403347831227,0.08945759497947195,0.13484381164054374,0.14901686786802,0.06131121467129291,0.20880832158794416,0.11021351393836613,0.2811349847358627,0.0014623392565319142,0.04784244341978576,0.0077741013978389175,0.04641076076847641,-0.12295444257606764,0.39770783469686205,0.08172071414989064,0.24383857054727498,0.12692743882989452,-0.09579475570179191,-0.37215607382295773,0.42858710956831947,0.169608015722371,-0.08047575649163148,0.16236333567151778
293,0.04703410538990216,0.023224159920207973,0.3484169306665826,0.38464041570040863,0.08256728264784874,-0.11495180160911317,0.13458867270702574,0.056999667600075014,-0.03415029254685713,-0.1361437516837773,0.5126401164044888,0.10727375240522918,0.14836359842633548,0.14084473078919998,-0.07991486120750843,-0.4268141196430951,0.40979557006932316,0.23961717018966824,-0.05766107861356521,0.14954493181396358,0.16384677242970036,0.06412993674654287,-0.07754603495020393,0.19927450157206136,0.054339483225636136,0.18096547976886537,0.39861970155369486,0.3322918405849832,0.22422041491531203,-0.09823658655877998,0.2407284347887408,-0.12405508083124386
294,0.07288885104996093,0.1748984588804126,0.13763391650007334,0.14738116301118354,0.09492199006514247,-0.09869715727879487,0.0835486894223549,0.15840175868133813,0.18145219611393124,-0.04565775755725325,0.24747498490240735,0.1906227232740485,-0.06664940695669395,0.2587212667043487,-0.14639799594510308,0.3286452837434767,0.21153885924695115,0.04574792840376593,-0.014774917010754571,0.30790953094728557,0.026633443720634878,-0.10502185721591453,0.16212723952415709,0.1776169526838241,0.11019210973415139,-0.10629703423484374,-0.4260345743094281,0.5984436178614774,0.15948649245452387,-0.038225245979315856,0.12200883569907046,0.1942458485822597
295,-0.2919755150128051,0.25194362687045424,0.18447934488472806,-0.03735439473461763,-0.17974141893035753,-0.045429781649620936,0.1992759304480005,0.07407198980981192,0.17323991061961344,0.13672065948977402,-0.059372907008158365,0.28230669455910706,-0.10897268141169947,0.4019389235070164,0.08865320947212052,0.11316297154198258,0.46291758814384293,0.2387995848553981,0.03761959736561409,0.18756622566533648,-0.0032170019832001968,0.05780403347831227,0.08945759497947195,0.13484381164054374,0.14901686786802,0.0853833633264141,0.10581675702611819,0.21836952852283753,-0.1975496083240688,0.06599459167266276,0.11732223017311302,0.18096547976886537
296,0.045107140934606355,0.28875087664909865,0.14815850872667752,0.16282803887473282,0.3842572887052237,-0.00910825187333178,-0.3009925401089623,-0.3557798169054311,-0.17575267886142004,0.576090306976329,-0.006011173839405014,0.407556646171246,0.565946646773559,-0.27387320345155214,0.11608570550439605,0.054108945930185164,-0.11411752537832029,-0.07300140090705133,0.015029837611797933,0.44060350728358616,0.19206526361875487,0.4763690489011428,-0.1670048053309648,-0.017998435792932244,0.06031076097975645,0.02182100849886886,0.32235892296680474,0.21043433282753074,0.04703410538990216,0.023224159920207973,0.3484169306665826,0.38464041570040863
297,0.03195666987309589,-0.04923300073592117,0.28884407459477013,0.11496552590834287,0.1509781412018274,0.21715120410033667,-0.11088653938316373,-0.3298778796407805,0.19739197841878328,0.2459031988719062,0.3099970298175544,0.471489611372563,-0.22685151173680398,-0.03410554351064948,-0.026979094668769906,0.21026955100633232,0.3594575830872452,0.10738292971034552,0.1268252869070336,-0.054658024990498495,0.5979804251199937,0.2526440820179429,0.030295772611395898,-0.17611053221229445,0.532684865743833,0.23454200420069626,-0.01628559255808749,0.22344916562290068,-0.0022649620560798393,0.00023042973591467987,0.07425954369573716,0.1967581543584978
298,0.41000486829468213,-0.054332979629034356,0.19955843128181666,-0.154784423703279,0.3022190377547206,0.1947513444538738,0.06255089963037826,0.14128623717498243,0.16458087537784533,0.23046833214655307,-0.04177403759466122,-0.30418711666720355,0.3528982149432685,0.205696934332813,-0.06894471559741094,-0.21754472327174948,0.11712542482710067,0.13726845392845502,0.10477893452726418,0.154525193891985,0.12234390728662362,0.014770973447222226,0.16841010577103913,-0.17184534665718618,0.5705404810089426,0.0008958314648755303,0.23630351086435855,0.4555579162737879,0.246515426242668,0.01770617465262488,0.15591559768791044,0.06181623550682581
299,0.2358186269665527,-0.0354215967745066,-0.07093347373910476,0.47495421114848513,-0.06981461482759276,0.2501629573434221,-0.007193016796767877,0.08783646987625998,0.17136904462667607,0.2515061844684007,0.36206636083348,0.018964750924899278,0.22176350952506277,0.0976938196030565,-0.1011372261993832,0.23834739187748413,0.05627475275433264,0.2851260409760982,-0.04093780864936718,0.22340053763778864,0.17654672439733954,0.16153567653471362,0.17813747119959616,0.16537104813962505,0.16944948516711295,0.024987697732263607,0.04487858645134652,0.029272201147996082,0.03195666987309589,-0.04923300073592117,0.28884407459477013,0.11496552590834287
300,0.1659339689806515,0.22725753124748785,-0.033804194159752304,0.17615938980224977,0.03444382036243173,0.15454741133606334,0.1523794063363843,0.023401847563298758,-0.11233793060977981,0.3873237836404128,0.14370153652087095,-0.06519178307126122,0.31264062742987014,-0.10219671826133284,0.20037398764353218,0.20497716776757982,0.17400369564042703,-0.09436305739060516,0.33469231135482114,0.32166518950735806,-0.2270480455207728,-0.14535264944239704,0.1636217548875396,0.3461298946903398,-0.2333565673052771,-0.30008190849311206,0.3332262163068803,0.15339784011706106,0.2109350642028032,0.15840175868133813,0.18145219611393124,0.23769099596891313
301,0.28667888938837066,-0.06951352474562462,0.16592700289521067,-0.07066784706132076,0.11293875088477945,-0.20535274008458249,0.5793427173608218,0.09004305927638333,0.1776169526838241,0.11019210973415139,-0.10629703423484374,-0.4260345743094281,0.5984436178614774,0.15948649245452387,-0.038225245979315856,0.12200883569907046,0.1942458485822597,0.05373657295280298,-0.0481804193300597,0.15012172490551431,0.11914993570351617,-0.013910993924571376,-0.17796770742789422,0.6237727862359442,-0.0034213682837081223,-0.10107599037759238,0.18931492100556252,0.026950214585079065,0.18096547976886537,0.39861970155369486,0.3322918405849832,-0.0730539224471404
302,-0.053256080531068464,-0.41024474767980984,0.0317446267823469,0.27640262933912124,0.47201011607596016,-0.28281767262770263,-0.0037568732807429827,-0.006068095610988907,0.22353226918003677,0.31634318939043543,0.1452137764050096,0.07004406608160774,0.05316462727074893,0.09120275990989374,-0.18844126538241282,-0.1530571398391794,0.2893326305696375,0.0598365955185277,0.08329014142793219,0.18442346306946247,0.08528067838339004,0.10619021298001333,-0.07427673148701162,0.2817765778115769,0.18876158217694772,0.12025697212036957,-0.2644540383157274,-0.03410554351064948,-0.026979094668769906,0.21026955100633232,0.3594575830872452,0.10738292971034552
303,0.3710274399415613,-0.46653684425022923,0.1554728609437766,0.24264684577496107,-0.17251053863600152,-0.14542367560108146,0.6780850513706412,0.11168107498567888,0.4323114787719322,0.40137010870007506,-0.35215411572254657,0.08641717028161186,-0.05935848768228961,0.33385057687905584,0.3111346555032771,0.03374797111609373,0.10221199436568572,0.07284064864411434,0.24768060652625862,0.26063328665288116,0.13490246113837479,-0.10690798536618025,-0.20091983663120586,0.2564809375436427,0.2379115657403104,-0.03126694167154654,-0.2895737635617525,0.11571104830416722,0.19148059584239505,0.10402791108409856,0.23091537737709414,0.17232949753681415
304,0.1636217548875396,0.3461298946903398,-0.2333565673052771,-0.30008190849311206,0.3332262163068803,0.15339784011706106,0.17350277886178694,0.14443373400405532,0.06937373250251755,0.1938846693083236,-0.020397626293515884,0.056241500047262236,0.31501257601781585,0.03521232712560007,0.31260451285604524,0.2871163889046411,-0.014774917010754571,0.30790953094728557,0.026633443720634878,-0.10502185721591453,0.16212723952415709,0.10247846737264223,0.21692267376731647,0.19989817570442997,0.4592312571483904,-0.16129594391123622,-0.2057051867824583,-0.535203756815677,-0.18224044766622266,1.631133135384752,-0.27684410127456854,0.93613725027831
305,-0.038603364347782866,0.3807558613147009,0.17224841861994322,-0.09851033897345973,-0.1994683328230255,0.23980010892210227,0.24982258900136312,-0.11600447725845392,-0.322697042332726,0.20051624388285613,0.25916251817780694,0.29244900495504983,0.07156915212888351,0.03981403283697342,0.001220357624790931,-0.07007502669067454,0.4895214773529827,0.0637917868463912,0.21208714275880025,0.4495007379400005,0.2933092651678347,-0.07857167594071549,0.2854839681489928,-0.1286611337248143,0.13799062650487542,0.049220828979773264,0.2691318726029984,0.10583636003401536,0.0911876490090115,0.11016030936506847,0.2678296268354956,-0.11044697195648515
306,0.1901250685257231,0.18141069148365815,-0.01872348367883698,0.1602399761215795,0.18812549775877,-0.18329904817335113,0.03510975496160437,0.24519022089989018,0.04521427973100914,-0.18844126538241282,-0.1530571398391794,0.2893326305696375,0.0598365955185277,0.08329014142793219,0.18442346306946247,0.08528067838339004,0.10619021298001333,-0.07427673148701162,0.2817765778115769,0.18876158217694772,0.12025697212036957,0.3552151175162411,0.3004909622472764,-0.13581526116070505,0.33469231135482114,0.32166518950735806,-0.2270480455207728,-0.14535264944239704,0.1636217548875396,0.3461298946903398,-0.2333565673052771,-0.30008190849311206
307,-0.30008190849311206,0.3332262163068803,0.15339784011706106,0.17350277886178694,0.14443373400405532,0.06937373250251755,0.1938846693083236,-0.020397626293515884,0.056241500047262236,0.31501257601781585,-0.18957184722081513,0.5826515229678326,0.15623469052714475,0.27640262933912124,0.47201011607596016,-0.28281767262770263,-0.0037568732807429827,-0.006068095610988907,0.22353226918003677,0.31871218466239043,0.49930541624730584,0.09661674508426206,-0.04247753767970497,0.111002564726116,0.32466681415976595,-0.054898688296048936,0.22432644828488973,-0.1232149241758918,0.2686244753741979,0.15454741133606334,0.11838573542352976,-0.038603364347782866
308,0.31634318939043543,0.1452137764050096,0.07004406608160774,-0.008683836407810433,-0.11600447725845392,-0.322697042332726,0.20051624388285613,0.21910904649794555,0.1093603113504988,0.29244900495504983,0.07156915212888351,0.03981403283697342,0.001220357624790931,-0.07007502669067454,0.4895214773529827,0.0637917868463912,0.21208714275880025,0.4495007379400005,0.2933092651678347,-0.07857167594071549,0.2854839681489928,-0.1286611337248143,0.13799062650487542,0.049220828979773264,0.2691318726029984,0.10583636003401536,0.0911876490090115,0.08763190496654202,0.11496552590834287,0.1509781412018274,0.21715120410033667,-0.11088653938316373
309,0.056241500047262236,0.31501257601781585,0.03521232712560007,0.31260451285604524,0.31800420099521304,-0.005335817680394406,0.27501372788438055,0.20689829639105578,-0.18868606439129984,0.1938649078891614,0.11596495767376316,0.38629960513701794,0.044637696916542596,0.1491258597087924,0.10443331001532027,-0.012240582376639745,0.13886281909376522,0.0663289995961218,0.2811877566391457,0.10443331001532027,-0.012240582376639745,0.13886281909376522,0.0663289995961218,0.2778545809685098,0.06625407688356992,-0.34376971549729113,0.31053865854267393,0.1739921306315963,-0.03126694167154654,-0.2895737635617525,0.11571104830416722,0.19148059584239505
310,0.3022190377547206,0.1947513444538738,0.06255089963037826,0.14128623717498243,0.16458087537784533,0.23046833214655307,-0.04177403759466122,-0.30418711666720355,0.3528982149432685,0.205696934332813,-0.06894471559741094,-0.21754472327174948,0.11712542482710067,0.13726845392845502,0.10477893452726418,0.154525193891985,0.12234390728662362,0.014770973447222226,0.20223582195945158,-0.07427673148701162,0.5248863188452073,0.21369508916669722,0.11924143679963356,0.1901250685257231,0.18141069148365815,-0.01872348367883698,0.1602399761215795,0.18812549775877,-0.18329904817335113,0.03510975496160437,0.12612900394483995,0.09440814158715664
311,-0.39104435029717977,-0.58788795971382,0.8825455177838787,0.5486551716555055,-0.23240833069389197,0.7000941381334126,0.3710274399415613,-0.46653684425022923,0.1554728609437766,0.24264684577496107,-0.17251053863600152,-0.14542367560108146,0.6780850513706412,0.11168107498567888,0.4323114787719322,0.40137010870007506,-0.35215411572254657,0.08641717028161186,-0.05935848768228961,0.33385057687905584,0.3111346555032771,0.03374797111609373,0.10221199436568572,0.11086305524430831,0.5085612625617385,0.2358186269665527,-0.0354215967745066,-0.07093347373910476,0.47495421114848513,-0.06981461482759276,0.2501629573434221,-0.007193016796767877
312,-0.1607200420910524,0.31053865854267393,-0.06184262221178278,-0.1470698911807639,0.028485179149758382,0.008975541836774844,-0.025516086913291845,0.38806089204959493,-0.20156309491583888,0.12789596366752015,0.1503937044621789,0.11340700597604,0.1662950431666319,0.3810161110447579,0.37945256073396405,0.2729517301749195,-0.12099987263672833,-0.39104435029717977,-0.58788795971382,0.8825455177838787,0.5486551716555055,-0.23240833069389197,0.7000941381334126,0.3710274399415613,-0.40162237154337743,0.1511533282653379,0.40902791458143434,0.3099970298175544,0.471489611372563,-0.22685151173680398,-0.03410554351064948,-0.026979094668769906
313,-0.03903924591854724,0.24207087800657928,-0.026167537045574178,0.3188360004878918,0.3648744076231162,0.34342646217838496,-0.01628559255808749,0.22344916562290068,0.19065713133059195,0.13030374742807277,0.28667888938837066,-0.06951352474562462,0.16592700289521067,-0.07066784706132076,0.11293875088477945,-0.20535274008458249,0.48994632633582264,0.08172071414989064,0.24383857054727498,0.12692743882989452,-0.09579475570179191,-0.37215607382295773,0.42858710956831947,0.169608015722371,-0.08047575649163148,0.16236333567151778,0.17047529049149088,0.07176664141241576,-0.05498110129799243,0.15183112240756858,0.10787259292306504,0.01840890062904963
314,0.12494821353405587,0.11626296745509843,0.1967032816729059,0.13604608051457204,-0.4410086830701572,0.20521445648280787,0.18187890191990846,0.06623518666804999,0.7425967423056713,0.26569395997574946,-0.48211955771040454,0.31856934468977854,-0.1471160322989946,0.6723699816558567,0.3631106194833644,-0.5872769092188762,0.3343738849909891,-0.12869355931834875,0.22798368323536836,0.14083053914836333,-0.02431958698577717,-0.014774917010754571,0.30790953094728557,0.026633443720634878,-0.10502185721591453,0.16212723952415709,0.10247846737264223,0.21692267376731647,0.19989817570442997,0.4592312571483904,-0.16129594391123622,-0.2057051867824583
315,0.015779282541251688,0.07778099345810575,0.14475962330811473,0.1313550547189986,0.07443711931806851,0.2013810585084282,0.16537104813962505,0.16944948516711295,0.024987697732263607,-0.05442187802164876,0.03237661780483232,0.005683677347195281,-0.1564723056670849,0.5746193857681196,0.11730632153435483,0.11996356155954901,0.1278373443948156,-0.08747270326604926,-0.4820010422294675,0.6345265610190949,0.2433730585524286,-0.2690990663197682,-0.14536143896619835,0.04333727706415184,0.1220174870673977,-0.037384933781330704,0.7059633108021108,-0.017315794149796837,-0.07556915478493191,-0.15398007638351432,0.1511533282653379,0.40902791458143434
316,0.31997096866254743,0.27166200964144344,0.061634111965513244,0.22032608542910156,0.21689918467645036,-0.19131993763789917,0.25762659116874836,0.064972871506301,0.25375125815818755,0.02226975501848725,0.184785809834214,0.16588222747740497,0.17018348502593558,0.027595165892406535,0.1692395764517847,-0.016804451873613534,-0.0058054872213445345,0.31605517367239877,0.31626446930358326,-0.2688525390751869,-0.23497703259441213,-0.6818950630676603,2.775715655692279,-0.12641861897147907,-0.071568525291851,0.651068744545621,0.17517207832310983,-0.16623277351642565,-0.037243909461088076,-0.08742949038525093,0.17124113491377574,-0.20272806045545047
317,0.1659339689806515,0.22725753124748785,-0.033804194159752304,0.17615938980224977,0.03444382036243173,-0.08424507459956743,-0.05323316428520335,0.38394456914269876,0.12494821353405587,0.11626296745509843,0.1967032816729059,0.13604608051457204,-0.4410086830701572,0.20521445648280787,0.18187890191990846,-0.018412927239126024,0.08651782774696389,0.27957828264201523,0.07241198467246238,-0.0009804569413706596,0.019828243580542443,0.21838582797646872,-0.026929355196783866,0.08118586580494987,0.0029661854615968316,0.34595842949403505,0.31102478382894255,-0.07066784706132076,0.11293875088477945,-0.20535274008458249,0.5793427173608218,0.09004305927638333
318,-0.2056916248099073,-0.09977122531837382,0.2566705868769431,-0.03474334167112671,0.2136761375202918,0.07494596567037431,0.165690031394452,0.18096547976886537,0.3795145084592374,0.17047529049149088,0.07176664141241576,-0.05498110129799243,0.15183112240756858,0.10787259292306504,0.01840890062904963,-0.0995598219957391,0.4821384641347985,-0.10720510281794955,-0.02327093882632231,0.13330989518342076,0.06458116259471598,0.2819858073684284,0.37945256073396405,0.2729517301749195,-0.12099987263672833,-0.39104435029717977,-0.6785864647899833,2.322443244981363,-0.017822587748884414,0.06552001088711226,-0.12340403510299085,-0.14542367560108146
319,-0.19567178073345584,0.048418260223786674,0.12787983090555988,0.09892670391507088,0.19799846171187263,0.08817550672737952,0.016104682807028897,0.19820898945179852,-0.1228961939348214,0.46117402403887836,0.08956641254486458,-0.34376971549729113,0.31053865854267393,0.23395754267823185,-0.08417891571780703,-0.19567178073345584,0.048418260223786674,0.12787983090555988,0.09892670391507088,0.19799846171187263,0.08817550672737952,0.016104682807028897,0.19820898945179852,-0.1228961939348214,0.46117402403887836,0.010629951960803224,0.2329295694666118,0.43160144306355575,0.23386430015327572,0.022736716960153926,0.20677149441364567,0.05235944102725745
320,0.24982258900136312,-0.11600447725845392,0.26832401454185356,0.20395349412622332,0.39656667760254666,0.3438782254724192,-0.22430789111493196,-0.13216215275703985,0.04131191411989849,0.29312924637770893,0.36431095447616657,0.051655846724557176,0.147015137047838,0.0024338063128608364,0.3424673658147953,0.4144493965854573,0.25980627869946177,0.028878761909011532,0.1512351673111633,0.0687471240577064,0.025303337699693184,0.07991964893101931,0.14910613995433913,0.13870999513948015,0.052111479316268625,0.2025166266354563,0.13030374742807277,0.28667888938837066,-0.06951352474562462,0.5534404589999269,-0.26978020481639686,-0.09744491478413504
321,0.5569329242264648,-0.246023278873846,-0.02073871481096764,-0.029680462238063903,0.14956677270984858,0.3599731363146606,0.1693893827989283,0.1885061130219098,0.044637696916542596,0.1491258597087924,0.11626296745509843,0.1967032816729059,0.13604608051457204,-0.4410086830701572,0.20521445648280787,0.18187890191990846,-0.018412927239126024,0.16365043233542156,-0.27387320345155214,0.11608570550439605,0.054108945930185164,-0.11411752537832029,0.06697182394076016,0.4970868953748266,0.0443270845504133,0.2086211161338412,0.3854280947760623,0.3481189339598148,-0.046633282251753776,0.28704697470443025,-0.23376505563265904,0.25903415533466395
322,-0.09823658655877998,0.2407284347887408,-0.12405508083124386,0.22599906281655174,0.2296552800988911,0.07187542666856812,0.09364824897947188,0.26063328665288116,0.13490246113837479,-0.10690798536618025,-0.20091983663120586,0.2564809375436427,0.2379115657403104,-0.03126694167154654,-0.2895737635617525,0.11571104830416722,0.19148059584239505,0.10402791108409856,0.23091537737709414,0.06650813331778027,0.0688545810301372,0.06682974592404096,-0.16034808885176957,0.582480184304969,-0.026167537045574178,0.3188360004878918,0.3648744076231162,0.34342646217838496,-0.01628559255808749,0.22344916562290068,-0.0022649620560798393,0.00023042973591467987
323,-0.04177403759466122,-0.30418711666720355,0.3528982149432685,0.205696934332813,-0.06894471559741094,-0.1431793400568374,0.1932733614432001,-0.05430886755852945,0.05310248474394906,0.14242805215696433,-0.13744108689493145,0.7512025272323432,0.10323363556716901,0.37562684311726585,0.43329493229864297,-0.3915575391071216,0.08437832832708639,0.355073964073535,0.3706985808173347,0.2851260409760982,-0.04093780864936718,0.22340053763778864,0.17654672439733954,0.13598333473215593,0.03048863895714203,0.12638483116916358,0.056999667600075014,-0.03415029254685713,-0.1361437516837773,0.5126401164044888,0.10727375240522918,0.14836359842633548
324,0.2735431170666892,0.06625407688356992,-0.34376971549729113,0.31053865854267393,0.23395754267823185,-0.08417891571780703,-0.19567178073345584,0.048418260223786674,0.12787983090555988,0.09892670391507088,0.19799846171187263,0.08817550672737952,0.016104682807028897,0.19820898945179852,-0.1228961939348214,0.46117402403887836,0.010629951960803224,0.2329295694666118,0.23473288718659147,-0.21198150695143764,-0.19771289689077395,0.11682666534759553,-0.13205735314625608,0.1970317131241627,0.21112320288276687,-0.053256080531068464,-0.41024474767980984,0.2704078672093213,0.267162624321814,0.12187058334242151,0.27546427786962585,0.061031905252357535
325,0.0029661854615968316,0.34595842949403505,-0.14665324790846987,-0.1530571398391794,0.2893326305696375,0.05019571528414323,0.11587366842218454,0.22417321000734797,0.3377246363120925,-0.04244823181316232,-0.0730539224471404,0.3334386814242376,-0.2930011245453141,-0.3323103623367577,-0.21119585311806702,0.6359536634803336,-0.20577899822194573,0.0033457229795045154,-0.07300140090705133,0.015029837611797933,0.44060350728358616,0.19206526361875487,0.4763690489011428,-0.1670048053309648,-0.017998435792932244,0.06031076097975645,0.02182100849886886,0.32235892296680474,0.3308923594958503,-0.12952072144717805,0.22342416318361763,0.11175359308061028
326,0.20503724985454205,0.1459981126354451,-0.09139857051369302,0.3563536013904831,0.28780869183605534,0.10583636003401536,0.0911876490090115,0.11016030936506847,0.2678296268354956,-0.11044697195648515,0.29822181701699224,-0.008912885521299718,0.004656571040100282,-0.11958844677906617,0.4510220067914173,0.15244082736729989,0.07288885104996093,0.1748984588804126,0.003142846329034149,-0.40042171646973945,0.30944710287579563,0.17593608521602916,-0.10071744145415372,0.20757460048979556,0.10901691378591169,-0.06287418633695564,0.020789453641837097,0.4234865458933099,-0.1161805714536689,-0.04633283163100682,0.2136761375202918,0.07494596567037431
327,0.15623469052714475,0.27640262933912124,0.47201011607596016,-0.28281767262770263,-0.0037568732807429827,0.09773086634370827,0.11982381637853495,-0.0036322028767203193,0.5154484502995313,0.2044492602416065,0.04163234839464616,-0.09945040258569912,0.46110913685599997,0.03434420395290914,0.08108865698436285,0.1615687764851244,-0.037857040474989806,0.16967044100176074,0.20436905870817954,0.20064497471212211,-0.03419642558318104,0.22503561746781034,0.23051347462592298,-0.2674087357689618,0.05272393126356598,0.22506923505064735,0.10261484021232775,-0.21198150695143764,-0.19771289689077395,0.32661083949314984,0.10384331692069787,0.07711382871774942
328,0.2587212667043487,-0.14639799594510308,0.3286452837434767,0.21153885924695115,0.1163015082677053,-0.07607939841636727,0.4408191314993718,0.1944108882314549,-0.06291413037629064,0.1683969225102491,0.42630163816159206,-0.2131146307468916,-0.22820094866907836,-0.4077636285835352,-0.15881599178038797,0.874523150438384,-0.0030598719334408316,0.39096949337005593,0.5105758017641661,-0.3718423771208559,0.18668007377330023,0.005169852410660244,-0.04538704312831413,-0.09714475970879345,0.024406105133026493,0.355073964073535,0.3305091004000071,0.5569329242264648,-0.246023278873846,-0.02073871481096764,-0.029680462238063903,0.14956677270984858
329,0.07249014922804803,0.16458087537784533,0.23046833214655307,-0.04177403759466122,-0.30418711666720355,0.3528982149432685,0.205696934332813,-0.06894471559741094,-0.21754472327174948,0.11712542482710067,0.13726845392845502,0.10477893452726418,0.154525193891985,0.12234390728662362,0.014770973447222226,0.16841010577103913,-0.08195309262561315,0.12234390728662362,0.014770973447222226,0.16841010577103913,-0.17184534665718618,0.5705404810089426,0.0008958314648755303,0.23630351086435855,0.4555579162737879,0.246515426242668,0.01770617465262488,0.15591559768791044,0.06181623550682581,-0.032007325327046816,0.09425897787719907,0.18704035057159146
330,0.04509906066466046,0.31997096866254743,0.27166200964144344,0.061634111965513244,0.22032608542910156,0.34444663689532196,-0.0022649620560798393,0.00023042973591467987,0.07425954369573716,0.1967581543584978,0.11716303057832608,-0.002171998111318873,-0.03415029254685713,-0.1361437516837773,0.5126401164044888,0.10727375240522918,0.14836359842633548,0.14084473078919998,-0.07991486120750843,-0.4268141196430951,0.40979557006932316,0.23961717018966824,-0.05766107861356521,0.23174112710581915,-0.42191937147693376,0.1594097460088622,0.003986715639722211,-0.10353847396758291,0.17116519629994512,0.2893326305696375,0.0598365955185277,0.08329014142793219
331,-0.08047575649163148,0.16236333567151778,0.17047529049149088,0.07176664141241576,-0.05498110129799243,0.15183112240756858,0.10787259292306504,0.03807083861531478,0.2295099569039927,-0.25196316607160346,-0.05078018175580146,0.2269836513911627,0.21109509114465294,-0.25122925263422324,-0.31389127431207686,0.39595271167737006,0.2477901823414091,0.11239773235496053,0.14034718129468007,0.07531665293909175,0.14223356297833722,-0.021651786553036286,0.12079119269608964,0.2824571418874076,0.04509906066466046,0.31997096866254743,0.27166200964144344,0.061634111965513244,0.22032608542910156,0.21689918467645036,-0.19131993763789917,0.25762659116874836
332,0.5642227911150639,-0.12169415188144998,-0.11306592133363663,0.043672943741050366,-0.08742949038525093,0.17124113491377574,-0.20272806045545047,0.5714173973408444,0.21369508916669722,0.2864317522176922,0.2649233174487815,-0.22582008661066053,0.010747444669999833,-0.04684048839730427,0.3445276958741689,0.2670168397207595,0.11999193592579707,0.025195000573940488,0.2525280799707006,0.46609603032039665,0.12547576951623374,-0.014864298582347406,0.02672968558008701,0.3808117223227501,-0.09823658655877998,0.2407284347887408,-0.12405508083124386,0.22599906281655174,0.2296552800988911,0.07187542666856812,0.09364824897947188,0.26063328665288116
333,-0.06894471559741094,-0.21754472327174948,0.11712542482710067,0.13726845392845502,0.10477893452726418,0.154525193891985,0.14277790442611513,0.24495845199737368,0.1101646675136064,0.24823346342850847,0.14466882919123236,0.16458087537784533,0.23046833214655307,-0.04177403759466122,-0.30418711666720355,0.3528982149432685,0.205696934332813,-0.06894471559741094,-0.21754472327174948,0.11712542482710067,0.13726845392845502,0.10477893452726418,0.154525193891985,0.12234390728662362,0.14223356297833722,-0.021651786553036286,0.12079119269608964,0.2824571418874076,0.04509906066466046,0.31997096866254743,0.27166200964144344,0.061634111965513244
334,-0.154784423703279,0.3022190377547206,0.1947513444538738,0.06255089963037826,0.14128623717498243,0.16458087537784533,0.23046833214655307,-0.04177403759466122,-0.30418711666720355,0.3528982149432685,0.205696934332813,-0.06894471559741094,-0.21754472327174948,0.11712542482710067,0.13726845392845502,0.10477893452726418,0.154525193891985,0.12234390728662362,0.014770973447222226,0.16841010577103913,-0.17184534665718618,0.5705404810089426,0.0008958314648755303,0.23630351086435855,0.4555579162737879,0.18963255325900435,0.23051347462592298,-0.2674087357689618,0.05272393126356598,0.22506923505064735,0.10261484021232775,-0.21198150695143764
335,0.22208583212672164,0.10912076590162222,0.08387223257892588,0.007282743814128762,0.020612343586763032,-0.016019177985158884,0.02271247292045064,0.29107111576143124,0.1045071141541918,0.07304539006835836,-0.1261693407012891,0.05257179403844993,0.24495845199737368,0.1101646675136064,0.24823346342850847,0.42630163816159206,-0.2131146307468916,-0.22820094866907836,-0.4077636285835352,-0.15881599178038797,0.874523150438384,-0.0030598719334408316,0.39096949337005593,0.5105758017641661,-0.3718423771208559,0.18668007377330023,0.005169852410660244,-0.04538704312831413,-0.09714475970879345,0.024406105133026493,0.355073964073535,0.3305091004000071
336,-0.04494098055732182,0.5690449243076188,0.21717996938913814,0.3279502886094016,0.09451606649497561,-0.1767098477946617,0.04486876508389453,-0.029810975371668404,0.36698137508616957,0.28390600937395283,0.06077700494192656,-0.03348926380060616,0.3121144711635626,0.49930541624730584,0.09661674508426206,-0.04247753767970497,0.111002564726116,0.32466681415976595,-0.054898688296048936,0.22432644828488973,-0.1232149241758918,0.2686244753741979,0.15454741133606334,0.11838573542352976,-0.038603364347782866,0.3807558613147009,0.17224841861994322,-0.09851033897345973,-0.1994683328230255,0.23980010892210227,0.24982258900136312,-0.11600447725845392
337,0.30387177201667565,0.3066306355625916,0.5546419203281793,-0.26978020481639686,-0.09744491478413504,0.029835882608371077,0.23244847910803215,0.3923522683435107,0.06574911402424904,0.11982381637853495,-0.0036322028767203193,0.5154484502995313,0.2044492602416065,0.04163234839464616,-0.09945040258569912,0.46110913685599997,0.03434420395290914,0.03274278798941439,0.17400369564042703,-0.09436305739060516,0.33469231135482114,0.32166518950735806,-0.2270480455207728,-0.14535264944239704,0.1636217548875396,0.3461298946903398,-0.2333565673052771,-0.30008190849311206,0.3332262163068803,0.15339784011706106,0.17350277886178694,0.19214564033823095
338,0.1967032816729059,0.13604608051457204,-0.4410086830701572,0.20521445648280787,0.18187890191990846,-0.018412927239126024,0.08651782774696389,0.27957828264201523,0.07241198467246238,-0.0009804569413706596,0.019828243580542443,0.21838582797646872,-0.026929355196783866,0.08118586580494987,0.0029661854615968316,0.34595842949403505,-0.21248517639154826,0.045107140934606355,0.28875087664909865,0.03575842877567195,-0.40042171646973945,0.30944710287579563,0.17593608521602916,-0.10071744145415372,0.16218366883225244,0.2723849429441483,0.0383714803928995,-0.0341945571464552,0.1063634492370031,0.06129942909837034,0.19601231956388124,0.20596975380684593
339,-0.05766107861356521,0.14954493181396358,0.16384677242970036,0.06412993674654287,-0.07754603495020393,0.19927450157206136,0.22382878195307498,-0.09401895570000028,0.10799564566925353,0.14738116301118354,0.09492199006514247,-0.09869715727879487,0.0835486894223549,0.15840175868133813,0.18145219611393124,0.23769099596891313,0.43358726407530823,-0.18009620301785492,-0.2833807162011421,-0.49163582428543307,0.021414579109772094,1.2345642521917752,-0.2390661515095062,0.7216726934662775,0.37887817736150176,-0.4375915754722766,0.17850557601239259,0.04049002125523098,-0.0759962967737919,-0.07588574258395304,0.2146160329797934,0.30387177201667565
340,0.04487858645134652,0.029272201147996082,0.03195666987309589,-0.04923300073592117,0.28884407459477013,0.17582378157665016,0.026950214585079065,0.18096547976886537,0.39861970155369486,0.3322918405849832,-0.0730539224471404,-0.3276340921767554,-0.560709760652686,0.014662593894547743,1.4080315384750042,-0.3211366212088857,1.0994415746910717,0.3631106194833644,-0.5872769092188762,0.3343738849909891,0.2335672723395901,-0.11006995253884413,-0.15640318226972538,0.5826515229678326,0.15623469052714475,0.27640262933912124,0.47201011607596016,-0.28281767262770263,-0.0037568732807429827,-0.006068095610988907,0.22353226918003677,0.31634318939043543
341,-0.16999080995714083,0.24400616256787622,0.6145468467126224,0.182811459615623,-0.27451396654390714,-0.037243909461088076,-0.08742949038525093,0.17124113491377574,-0.20272806045545047,0.5714173973408444,0.18489283103399579,0.2723849429441483,0.0383714803928995,-0.0341945571464552,0.1063634492370031,0.1962990495609203,0.11636283136443107,0.12569717207255016,0.08359265059376635,0.33876510586308256,0.02582216832870876,0.10159629500858154,0.02285161943960793,0.007793924365852867,-0.09554214890318367,0.17101591016823178,0.1958943861923911,0.19659120888368425,0.0682533575974299,0.17317355494762385,-0.17423414406398183,-0.17888375096808656
342,0.20093656574037363,-0.034300721465717984,0.09335134699302704,0.10120720781703763,0.15852576202856808,-0.1261693407012891,0.05257179403844993,0.24983719258605327,-0.2832162412671828,0.0020805530387531996,0.09813566285711402,-0.09435177912274093,0.20947145052352928,-0.13145164010685437,0.23843065633277077,0.11969849148818573,0.15101489071696825,-0.19871529312115233,0.15695713517545207,0.03957451191768845,0.1932733614432001,-0.05430886755852945,0.05310248474394906,0.3607471428065565,0.06233658555976345,0.25202439925764925,0.3540554860126552,0.054753129013971114,0.22470285204137724,0.2032151590447185,-0.20300578487782478,0.2829097843134919
343,0.19503432270321136,0.018964750924899278,0.22176350952506277,0.0976938196030565,-0.1011372261993832,0.23834739187748413,0.05627475275433264,0.2851260409760982,-0.04093780864936718,0.22340053763778864,0.17654672439733954,0.13598333473215593,0.03048863895714203,0.12638483116916358,0.056999667600075014,-0.03415029254685713,-0.1361437516837773,0.5126401164044888,0.10727375240522918,0.14836359842633548,0.14084473078919998,-0.07991486120750843,-0.4268141196430951,0.40979557006932316,0.23961717018966824,-0.05766107861356521,0.14954493181396358,0.16384677242970036,0.06412993674654287,-0.07754603495020393,0.19927450157206136,0.22382878195307498
344,0.11209404702833785,0.2691318726029984,0.10583636003401536,0.0911876490090115,-0.028792933447526023,0.31264062742987014,0.10446858665007264,0.044637696916542596,0.1491258597087924,0.10443331001532027,-0.012240582376639745,0.13886281909376522,0.0663289995961218,0.2459899734113378,-0.014562473930395762,0.21364801688882992,0.17429534874748348,0.2011047102573123,-0.05911225422027029,0.1470775585761181,0.02369429402154779,0.005683677347195281,-0.1564723056670849,0.5746193857681196,0.11730632153435483,0.11996356155954901,0.1278373443948156,-0.08747270326604926,-0.4820010422294675,0.6345265610190949,0.2433730585524286,-0.04712027514696706
345,-0.21198150695143764,-0.19771289689077395,0.32661083949314984,0.10384331692069787,0.07711382871774942,0.20992472947069074,0.08617134357782268,0.07831120315928315,-0.036381717160680845,0.1918282357010622,0.2566953352236003,0.09440814158715664,0.25877643221949886,0.36206636083348,0.018964750924899278,0.1777514458130075,-0.04177403759466122,-0.30418711666720355,0.3528982149432685,0.205696934332813,-0.06894471559741094,-0.21754472327174948,0.11712542482710067,0.13726845392845502,0.10477893452726418,0.154525193891985,0.12234390728662362,0.014770973447222226,0.16841010577103913,-0.17184534665718618,0.5705404810089426,0.0008958314648755303
346,-0.3915575391071216,0.1991874509102764,-0.16436390704998038,0.4455944499953284,0.21781015800967046,0.10304113458430038,0.07360110385407279,0.15670911251286973,0.45003162645293465,0.16110004426294264,0.045895226796395086,-0.06052322043582949,0.4507323785553294,-0.0691774432698838,0.11730632153435483,0.11996356155954901,0.1278373443948156,-0.08747270326604926,-0.4820010422294675,0.6345265610190949,0.1656978072999741,0.11969849148818573,0.15101489071696825,-0.19871529312115233,0.16387788756728414,0.12461655134544304,0.17041386042389656,0.2758894441198532,0.38565678848867624,-0.10115989287596712,-0.12952072144717805,0.22342416318361763
347,0.22503561746781034,0.23051347462592298,-0.2674087357689618,0.05272393126356598,0.22506923505064735,0.10261484021232775,-0.21198150695143764,-0.19771289689077395,0.32661083949314984,0.10384331692069787,0.07711382871774942,0.20992472947069074,0.08617134357782268,0.07831120315928315,-0.036381717160680845,0.1918282357010622,0.2566953352236003,0.09440814158715664,0.25877643221949886,0.36206636083348,0.018964750924899278,0.22176350952506277,0.0976938196030565,-0.1011372261993832,0.23834739187748413,0.05627475275433264,0.2851260409760982,-0.04093780864936718,0.22340053763778864,0.17654672439733954,0.13598333473215593,-0.1654496624858954
348,-0.13216215275703985,0.04131191411989849,0.29312924637770893,0.36431095447616657,0.051655846724557176,0.147015137047838,0.0024338063128608364,0.5425282188367668,0.41946818135912745,0.396950895585359,0.05722556129495675,-0.05963657763210757,0.24747498490240735,0.1906227232740485,-0.06664940695669395,0.2587212667043487,-0.14639799594510308,0.3286452837434767,0.21153885924695115,0.1163015082677053,-0.07607939841636727,0.4408191314993718,0.1944108882314549,-0.17628742224102106,-0.13205735314625608,0.1970317131241627,0.21112320288276687,-0.053256080531068464,-0.41024474767980984,0.2704078672093213,0.267162624321814,0.12187058334242151
349,0.06458116259471598,0.2819858073684284,0.37945256073396405,0.2729517301749195,-0.12099987263672833,-0.39104435029717977,-0.58788795971382,0.8825455177838787,0.5486551716555055,-0.23240833069389197,0.7000941381334126,0.3710274399415613,-0.46653684425022923,0.1554728609437766,0.24264684577496107,-0.17251053863600152,-0.14542367560108146,0.6780850513706412,0.11168107498567888,0.4323114787719322,0.40137010870007506,-0.35215411572254657,0.08641717028161186,-0.05935848768228961,0.33385057687905584,0.3111346555032771,0.03374797111609373,0.10221199436568572,0.11086305524430831,0.5085612625617385,0.2358186269665527,-0.0354215967745066
350,0.19739197841878328,0.2574074511740544,-0.1363443429204539,0.28392816400072096,0.17315845339267563,0.05824213470011352,-0.05307296768324391,0.15659419328815105,0.18773405552046205,0.4763690489011428,-0.1670048053309648,-0.017998435792932244,0.06031076097975645,0.02182100849886886,0.32235892296680474,0.21043433282753074,0.04703410538990216,-0.09579475570179191,-0.37215607382295773,0.42858710956831947,0.169608015722371,-0.08047575649163148,0.16236333567151778,0.17047529049149088,0.07176664141241576,-0.05498110129799243,0.15183112240756858,0.10787259292306504,0.01840890062904963,-0.0995598219957391,0.14106717172620145,0.1662950431666319
351,0.2851260409760982,-0.04093780864936718,0.22340053763778864,0.17654672439733954,0.13598333473215593,0.03048863895714203,0.12638483116916358,0.056999667600075014,-0.03415029254685713,-0.1361437516837773,0.5126401164044888,0.11293875088477945,-0.20535274008458249,0.5793427173608218,0.09004305927638333,0.1776169526838241,0.11019210973415139,-0.10629703423484374,-0.4260345743094281,0.5984436178614774,0.15948649245452387,-0.038225245979315856,0.12200883569907046,0.1942458485822597,0.05373657295280298,-0.0481804193300597,0.15012172490551431,0.11914993570351617,-0.013910993924571376,-0.17796770742789422,0.6237727862359442,-0.0034213682837081223
352,0.582480184304969,-0.026167537045574178,0.3139355269426884,0.28704697470443025,-0.23376505563265904,0.25903415533466395,0.05353362786240616,0.27552939681922384,0.0799497909674738,0.1273673621854455,0.12302980186260518,0.2983918938792556,-0.12952072144717805,0.4265539805644823,0.10738292971034552,0.1268252869070336,-0.054658024990498495,0.1713263307196404,-0.06080563093792763,0.22032608542910156,0.21689918467645036,-0.19131993763789917,0.25762659116874836,0.064972871506301,0.25375125815818755,0.02226975501848725,0.184785809834214,0.16588222747740497,0.17018348502593558,0.027595165892406535,0.1692395764517847,-0.016804451873613534
353,0.12692743882989452,-0.09579475570179191,-0.028132770245767845,0.1915060377599846,-0.10391341217997091,0.3301924189647566,-0.1306468068111148,0.36493975362810666,0.1618681250337736,0.10981308189934724,0.4255352370150269,0.25980627869946177,0.028878761909011532,0.1512351673111633,0.0687471240577064,0.025303337699693184,0.07991964893101931,0.14910613995433913,0.13870999513948015,0.052111479316268625,-0.06168600604931762,-0.37717238805262293,0.2565974639919755,0.1570198042576097,0.15967623071216216,0.18518734134368978,0.03957451191768845,0.1932733614432001,-0.05430886755852945,0.05310248474394906,0.3607471428065565,0.06233658555976345
354,0.27685820958904017,-0.238454914255154,0.1622885154367558,0.27244070008152355,0.11639784455030472,0.24558940996994993,0.2716166448893086,0.23132011143789816,-0.37003291712239705,-0.45930796864318557,0.08435528278984028,0.4794833804839934,-0.09284003963689724,0.26295154864488435,0.5642227911150639,-0.12169415188144998,-0.11306592133363663,0.2017013585807754,-0.18049387029567956,0.05969298311436966,-0.12444320203172575,0.5611453632897837,0.1869335896853636,0.4006017258170882,-0.03584232916434726,-0.017998435792932244,0.06031076097975645,0.02182100849886886,0.32235892296680474,0.21043433282753074,0.04703410538990216,0.023224159920207973
355,0.40979557006932316,0.23961717018966824,0.19246104542175718,0.19989817570442997,0.4592312571483904,-0.16129594391123622,-0.2057051867824583,-0.535203756815677,-0.18224044766622266,1.631133135384752,-0.27684410127456854,0.93613725027831,0.36905839115702316,-0.42191937147693376,0.1594097460088622,0.003986715639722211,-0.10353847396758291,-0.08273860521489726,0.36219842017178827,0.20395349412622332,0.39656667760254666,0.3438782254724192,-0.22430789111493196,-0.13216215275703985,0.04131191411989849,0.565946646773559,-0.27387320345155214,0.11608570550439605,0.054108945930185164,-0.11411752537832029,-0.07300140090705133,0.015029837611797933
356,0.006508261054583925,0.19637910122862356,0.22769351004899038,0.08256728264784874,-0.11495180160911317,0.36064203219538704,0.1673903322242667,-0.09284999744819501,0.3101946871467882,-0.16972559312542665,0.3638470451044476,0.20503724985454205,0.1459981126354451,-0.09139857051369302,0.3563536013904831,0.2492544554621723,-0.1378062638889054,-0.2005062652564799,0.18019128493810643,0.2685197814770018,-0.053115559140665666,-0.37717238805262293,0.2565974639919755,0.1570198042576097,0.15967623071216216,0.18518734134368978,0.03957451191768845,0.1932733614432001,-0.05430886755852945,0.05310248474394906,0.3607471428065565,0.06233658555976345
357,0.1636217548875396,0.3461298946903398,-0.2333565673052771,-0.30008190849311206,0.2478664607682337,0.46117402403887836,0.010629951960803224,0.2329295694666118,0.43160144306355575,0.23386430015327572,0.15638892776370436,0.17813747119959616,0.11153480932866984,-0.2919755150128051,0.25194362687045424,0.18447934488472806,-0.03735439473461763,-0.17974141893035753,-0.045429781649620936,0.1992759304480005,0.07407198980981192,0.17323991061961344,0.13672065948977402,-0.059372907008158365,0.28230669455910706,-0.10897268141169947,0.4019389235070164,0.08865320947212052,0.11316297154198258,0.46291758814384293,0.2387995848553981,0.03761959736561409
358,-0.0481804193300597,0.15012172490551431,0.11914993570351617,-0.013910993924571376,-0.17796770742789422,0.6237727862359442,-0.0034213682837081223,-0.15829306286883285,-0.19567178073345584,0.048418260223786674,0.12787983090555988,0.09892670391507088,0.19799846171187263,0.08817550672737952,0.016104682807028897,0.19820898945179852,-0.1228961939348214,0.46117402403887836,0.010629951960803224,0.2329295694666118,0.43160144306355575,0.23386430015327572,0.022736716960153926,0.20677149441364567,0.05235944102725745,0.015779282541251688,0.07778099345810575,0.14475962330811473,0.1313550547189986,0.07443711931806851,0.2013810585084282,0.16537104813962505
359,0.19739197841878328,0.2574074511740544,-0.1363443429204539,0.36516519475806114,0.23046833214655307,-0.04177403759466122,-0.4034294869818522,0.5984436178614774,0.15948649245452387,-0.038225245979315856,0.196806731289316,0.31626446930358326,-0.2688525390751869,-0.23497703259441213,-0.6818950630676603,2.775715655692279,-0.12641861897147907,-0.071568525291851,0.651068744545621,0.17517207832310983,-0.2837244130358797,-0.05933768281964149,-0.0158205855430532,0.10766783526534249,0.24448705887530303,-0.25122925263422324,-0.31389127431207686,0.39595271167737006,0.2477901823414091,0.11239773235496053,0.14034718129468007,0.07531665293909175
360,0.019519458325689406,-0.024104684871840008,0.41000486829468213,-0.054332979629034356,0.19955843128181666,0.2772055128018452,-0.2270480455207728,-0.14535264944239704,0.1636217548875396,0.3461298946903398,-0.2333565673052771,-0.30008190849311206,0.3332262163068803,0.15339784011706106,0.17350277886178694,0.14443373400405532,0.06937373250251755,0.1938846693083236,-0.020397626293515884,0.056241500047262236,0.31501257601781585,0.03521232712560007,0.31260451285604524,0.31800420099521304,-0.005335817680394406,0.27501372788438055,0.20689829639105578,-0.18868606439129984,0.1938649078891614,0.11596495767376316,0.23218720665753584,0.05513546681446052
361,0.355073964073535,0.3305091004000071,0.5569329242264648,-0.246023278873846,-0.02073871481096764,-0.11826619452270228,-0.23750900548058124,0.3301924189647566,-0.1306468068111148,0.36493975362810666,0.1618681250337736,0.10981308189934724,0.4255352370150269,0.25980627869946177,0.028878761909011532,0.1512351673111633,0.0687471240577064,-0.040272183444648293,0.15591559768791044,0.2558281127776717,-0.18868606439129984,0.1938649078891614,0.11596495767376316,0.23218720665753584,0.05513546681446052,0.16570867460275632,0.18981378883331407,0.16929565744747385,0.016130026589419835,0.13604560052272469,-0.018288587728737135,0.021704303877180964
362,0.08939889071784639,0.14222625457533922,0.09454735228493921,0.2455881403904545,0.22417321000734797,0.3377246363120925,-0.25067496534820216,-0.33049876626994434,-0.49479408873313274,1.2506888914384577,-0.16999080995714083,0.24400616256787622,0.6145468467126224,0.182811459615623,-0.27451396654390714,-0.037243909461088076,0.11155005483601206,0.015029837611797933,0.44060350728358616,0.19206526361875487,0.4763690489011428,-0.1670048053309648,-0.017998435792932244,0.07089560455738438,0.0962711095927171,0.19762225597500324,0.1081466919612358,0.23315219493351433,0.2759889856284672,0.3334386814242376,-0.2930011245453141,-0.3323103623367577
363,0.02182100849886886,0.32235892296680474,0.325827286425988,0.147015137047838,0.0024338063128608364,0.5425282188367668,0.2102334860700648,-0.023462072827558623,-0.08357893242046706,0.5100102620576359,0.015971134607805734,0.13242407727825622,0.12389941991210354,-0.06701563151637725,0.2211385741886123,0.1901250685257231,0.18141069148365815,-0.01872348367883698,0.1602399761215795,0.18812549775877,-0.18329904817335113,0.03510975496160437,0.24519022089989018,0.04521427973100914,-0.18844126538241282,-0.1530571398391794,0.2893326305696375,0.0598365955185277,0.08329014142793219,0.18442346306946247,-0.04220380688488761,0.4970868953748266
364,0.016130026589419835,0.13604560052272469,-0.018288587728737135,0.021704303877180964,-0.05845547641045337,0.3308041747258856,0.164257142074729,0.09676305399739243,0.18006443606999176,0.03226528517847111,-0.44078944845124995,0.3380206448902753,0.12849141162106129,0.4239511618761511,0.38464041570040863,0.08256728264784874,-0.11495180160911317,0.36064203219538704,0.1673903322242667,-0.09284999744819501,0.3101946871467882,-0.16972559312542665,0.3638470451044476,0.20503724985454205,0.1459981126354451,-0.09139857051369302,0.3563536013904831,0.2492544554621723,-0.1378062638889054,-0.2005062652564799,0.18019128493810643,0.2685197814770018
365,-0.05055300144419804,0.11493399400923741,0.16398023443426096,0.08641616074491512,-0.030744876890875142,0.03995236746348638,0.27685820958904017,-0.238454914255154,0.1622885154367558,0.27244070008152355,0.11639784455030472,0.24558940996994993,0.2716166448893086,0.23132011143789816,-0.37003291712239705,-0.45930796864318557,0.08435528278984028,0.4794833804839934,-0.04396320398421333,0.22101515689397958,-0.37215607382295773,0.42858710956831947,0.19593437639612363,0.16236333567151778,0.17047529049149088,0.07176664141241576,-0.05498110129799243,0.15183112240756858,0.10787259292306504,0.01840890062904963,-0.0995598219957391,0.4821384641347985
366,0.5126401164044888,0.10727375240522918,0.14836359842633548,0.14084473078919998,-0.07991486120750843,-0.4268141196430951,0.40979557006932316,0.23961717018966824,-0.05766107861356521,0.14954493181396358,0.16384677242970036,0.06412993674654287,-0.07754603495020393,0.19927450157206136,0.22382878195307498,-0.09401895570000028,0.10799564566925353,0.14738116301118354,0.09492199006514247,-0.26833598607118453,0.1938846693083236,-0.020397626293515884,0.056241500047262236,0.17949135314921222,-0.0481804193300597,0.15012172490551431,0.11914993570351617,-0.013910993924571376,-0.17796770742789422,0.6237727862359442,-0.0034213682837081223,-0.10107599037759238
367,0.2829097843134919,0.036318137954573296,0.2968939267958973,0.07580716838731938,0.08567346237233235,0.1659339689806515,0.22725753124748785,-0.033804194159752304,0.17615938980224977,0.03444382036243173,-0.08424507459956743,-0.05323316428520335,0.38394456914269876,0.12494821353405587,0.11626296745509843,0.1967032816729059,0.13604608051457204,-0.4410086830701572,0.20521445648280787,0.18187890191990846,-0.018412927239126024,0.08651782774696389,0.27957828264201523,0.07241198467246238,-0.14327932197688795,0.08118586580494987,0.0029661854615968316,0.34595842949403505,-0.21248517639154826,0.045107140934606355,0.24456697289462265,0.18145219611393124
368,0.396950895585359,0.05722556129495675,-0.05963657763210757,0.14901686786802,0.06131121467129291,0.20352536679165192,0.22208583212672164,0.10912076590162222,0.08387223257892588,0.007282743814128762,0.04704477449206132,0.10120720781703763,0.15852576202856808,-0.1261693407012891,0.05257179403844993,0.24495845199737368,0.1101646675136064,0.24823346342850847,0.42630163816159206,-0.2131146307468916,-0.22820094866907836,-0.4077636285835352,-0.15881599178038797,0.874523150438384,-0.0030598719334408316,0.39096949337005593,0.5105758017641661,-0.3718423771208559,0.18668007377330023,0.10163107117924178,0.29502436812259675,-0.07973305727102308
369,0.077208066716257,-0.03473222436348715,0.2269899149422962,0.1513353793055481,0.1525483543928927,0.05451036815254353,0.10581675702611819,0.21836952852283753,-0.1975496083240688,0.06599459167266276,-0.008662009011097413,0.16236333567151778,0.17047529049149088,0.07176664141241576,-0.05498110129799243,0.15183112240756858,0.10787259292306504,0.01840890062904963,-0.0995598219957391,0.4821384641347985,-0.10720510281794955,-0.0276719738984772,0.18931492100556252,0.026950214585079065,0.18096547976886537,0.39861970155369486,0.3322918405849832,-0.0730539224471404,-0.3276340921767554,-0.560709760652686,0.014662593894547743,1.4080315384750042
370,-0.018412927239126024,0.08651782774696389,0.27957828264201523,0.14143443644364026,0.17041386042389656,0.2758894441198532,0.38565678848867624,-0.2093333395469959,-0.3086869045626521,-0.45859624206429583,0.01881267170159937,0.9213821360251874,-0.015658216600592058,0.42755717652109604,0.10247846737264223,0.21692267376731647,0.19989817570442997,0.10136728191979381,0.1063634492370031,0.1962990495609203,-0.13145164010685437,0.23843065633277077,-0.12888273968248565,0.020612343586763032,-0.016019177985158884,0.02271247292045064,0.2135822459388456,0.28875087664909865,0.14815850872667752,0.16282803887473282,0.3842572887052237,-0.00910825187333178
371,0.25877643221949886,0.36206636083348,0.018964750924899278,0.22176350952506277,0.0976938196030565,-0.1011372261993832,0.23834739187748413,0.05627475275433264,0.1572197392822666,0.128540358523504,-0.154784423703279,0.3022190377547206,0.1947513444538738,0.06255089963037826,0.14128623717498243,0.16458087537784533,0.23046833214655307,-0.04177403759466122,-0.30418711666720355,0.41576375611997535,-0.030744876890875142,0.03995236746348638,0.27685820958904017,-0.238454914255154,0.1622885154367558,0.27244070008152355,0.11639784455030472,0.24558940996994993,0.2716166448893086,0.23132011143789816,-0.05336181692107596,-0.09139857051369302
372,-0.2390661515095062,0.7216726934662775,0.37887817736150176,-0.4375915754722766,0.17850557601239259,0.04049002125523098,-0.0759962967737919,0.2888019963555893,0.5642227911150639,-0.12169415188144998,-0.11306592133363663,0.48812210432473213,0.49930541624730584,0.09661674508426206,-0.04247753767970497,0.111002564726116,0.32466681415976595,-0.054898688296048936,0.22432644828488973,-0.1232149241758918,0.06087921283216245,0.1901250685257231,0.18141069148365815,-0.01872348367883698,0.1602399761215795,0.18812549775877,-0.18329904817335113,0.03510975496160437,0.24519022089989018,0.04521427973100914,-0.18844126538241282,-0.1530571398391794
373,-0.4331030232034018,-0.10353847396758291,-0.08273860521489726,0.36219842017178827,0.20395349412622332,0.39656667760254666,0.3438782254724192,-0.22430789111493196,-0.13216215275703985,0.04131191411989849,0.29312924637770893,0.36431095447616657,-0.12909723997702865,-0.04633283163100682,0.2136761375202918,0.07494596567037431,0.25010784662062324,0.3523436055521462,0.16449856261676135,-0.06575779966302676,-0.4633805460079044,-0.6296462555508103,2.322443244981363,0.016820628608099946,-0.12210513461064502,0.7425967423056713,0.26569395997574946,-0.48211955771040454,0.31856934468977854,-0.1471160322989946,0.13224843227692928,-0.13744108689493145
374,-0.06574295470794776,0.34385555108441634,0.18533780760642687,0.16500535895414353,0.11298577658039052,0.1593491945626654,-0.2832162412671828,0.0020805530387531996,0.09813566285711402,0.24144574243172198,0.11496552590834287,0.1509781412018274,-0.18847535709677912,-0.1530571398391794,0.26699888613333433,0.06682974592404096,-0.16034808885176957,0.21910904649794555,0.1093603113504988,0.29244900495504983,0.07156915212888351,0.03981403283697342,-0.17500391900900475,-0.09744491478413504,-0.18527033990121902,0.11712542482710067,0.13726845392845502,0.012347661731856476,0.06937373250251755,0.1938846693083236,-0.020397626293515884,0.056241500047262236
375,0.09492199006514247,-0.09869715727879487,0.04000725056758852,0.25010784662062324,0.3523436055521462,0.16449856261676135,-0.06575779966302676,-0.4633805460079044,-0.6296462555508103,-0.06546514510591149,2.775715655692279,-0.12641861897147907,-0.071568525291851,0.651068744545621,0.17517207832310983,-0.2837244130358797,-0.05933768281964149,-0.0158205855430532,0.10766783526534249,-0.15136662886912727,0.732439073067299,0.16811112115875754,0.3065383859292377,0.3339580943966088,-0.3258809547938212,0.13330811200126508,-0.16700246707206481,0.35905073798042664,0.2503177717232147,0.19920890419656892,0.11012796221099674,0.08567346237233235
376,0.4970868953748266,0.0443270845504133,0.2086211161338412,0.3854280947760623,0.3481189339598148,-0.046633282251753776,0.28704697470443025,-0.23376505563265904,0.25903415533466395,0.05353362786240616,0.27552939681922384,0.0799497909674738,0.1273673621854455,0.12302980186260518,0.2983918938792556,-0.12952072144717805,0.22342416318361763,0.07008561531728158,-0.12319514448977624,-0.06574295470794776,0.34385555108441634,0.22017942753798705,-0.10050715710143678,0.407556646171246,0.565946646773559,-0.27387320345155214,0.11608570550439605,0.054108945930185164,-0.11411752537832029,-0.07300140090705133,0.015029837611797933,0.44060350728358616
377,0.025303337699693184,0.07991964893101931,0.14910613995433913,0.13870999513948015,0.052111479316268625,0.2025166266354563,0.13030374742807277,0.28667888938837066,-0.06951352474562462,0.16592700289521067,-0.07066784706132076,0.11293875088477945,-0.20535274008458249,0.5793427173608218,0.09004305927638333,0.1776169526838241,0.11019210973415139,-0.10629703423484374,-0.4260345743094281,0.5984436178614774,0.15948649245452387,-0.038225245979315856,0.12200883569907046,0.1942458485822597,0.05373657295280298,-0.0481804193300597,0.15012172490551431,0.11914993570351617,-0.013910993924571376,-0.17796770742789422,0.6237727862359442,-0.0034213682837081223
378,0.39302241740726196,-0.42191937147693376,0.1594097460088622,0.003986715639722211,-0.10353847396758291,-0.08273860521489726,0.36219842017178827,0.7412555263429705,0.4561894607607333,-0.4307036263075145,0.33404209236252513,-0.017315794149796837,-0.07556915478493191,-0.15398007638351432,0.1511533282653379,0.40902791458143434,0.3099970298175544,0.471489611372563,-0.22685151173680398,-0.03410554351064948,-0.026979094668769906,0.21026955100633232,0.3594575830872452,0.10738292971034552,0.1268252869070336,0.08417329186676685,0.20497716776757982,0.17400369564042703,-0.09436305739060516,0.33469231135482114,0.32166518950735806,-0.2270480455207728
379,0.12402465147280047,0.1598372675145959,0.0706787807519289,0.10415277268582958,0.2735431170666892,0.06625407688356992,-0.34376971549729113,0.23168308782566766,0.3540554860126552,0.054753129013971114,0.231581300766322,0.16500535895414353,0.11298577658039052,0.1593491945626654,-0.2832162412671828,0.0020805530387531996,0.09813566285711402,-0.09435177912274093,0.22363286922109724,0.2243299273245574,0.09929767896570325,-0.05055300144419804,0.11493399400923741,0.16398023443426096,-0.051455990457107914,0.3308041747258856,0.164257142074729,0.09676305399739243,0.18006443606999176,0.03226528517847111,-0.44078944845124995,0.15311630612204397
380,-0.09977122531837382,0.2566705868769431,0.05332100360012209,0.1334798000593729,0.1915060377599846,-0.10391341217997091,0.3301924189647566,-0.1306468068111148,0.36493975362810666,0.1618681250337736,0.10981308189934724,0.4255352370150269,0.25980627869946177,0.028878761909011532,0.1512351673111633,0.0687471240577064,0.025303337699693184,0.07991964893101931,0.14910613995433913,0.13870999513948015,0.052111479316268625,0.2025166266354563,0.13030374742807277,0.28667888938837066,-0.06951352474562462,0.16592700289521067,-0.07066784706132076,0.11293875088477945,-0.20535274008458249,0.3409963815369935,0.007793924365852867,-0.09554214890318367
381,-0.07973305727102308,0.19799789212246702,0.22952809153640188,0.011717367533914707,-0.04143608295393437,0.18036848701180638,0.08872221642612875,0.008975541836774844,-0.025516086913291845,0.38806089204959493,-0.20156309491583888,0.12789596366752015,0.1636217548875396,0.3461298946903398,-0.2333565673052771,-0.30008190849311206,0.3332262163068803,0.15339784011706106,0.17350277886178694,0.2629694087309897,0.21112320288276687,-0.053256080531068464,-0.41024474767980984,0.2704078672093213,0.267162624321814,0.12187058334242151,0.27546427786962585,0.061031905252357535,0.05848757429557536,0.06204872856222438,0.4019389235070164,0.08865320947212052
382,0.030295772611395898,-0.17611053221229445,0.532684865743833,0.11982048966670107,-0.0519861583077886,0.27183294112990597,-0.11338464126334705,0.22044835283863562,0.18175378128055952,0.21507230996456794,-0.11110494277211024,0.3924486791878392,0.2295099569039927,-0.25196316607160346,-0.248290067238162,0.31053865854267393,0.23395754267823185,-0.08417891571780703,-0.19567178073345584,0.048418260223786674,0.12787983090555988,0.09892670391507088,0.19799846171187263,0.08817550672737952,0.016104682807028897,0.19820898945179852,-0.2075027575578834,0.11712542482710067,0.13726845392845502,0.10477893452726418,0.154525193891985,0.12234390728662362
383,-0.2270480455207728,-0.14535264944239704,0.1636217548875396,0.3461298946903398,-0.2333565673052771,-0.30008190849311206,0.3332262163068803,0.15339784011706106,0.17350277886178694,0.21030013408436893,0.2385322000375855,0.05824213470011352,-0.05307296768324391,0.15659419328815105,0.10901691378591169,-0.06287418633695564,0.020789453641837097,0.4234865458933099,-0.1161805714536689,-0.04633283163100682,0.2136761375202918,0.07494596567037431,0.25010784662062324,0.3523436055521462,0.16449856261676135,-0.06575779966302676,-0.4633805460079044,-0.6296462555508103,2.322443244981363,0.016820628608099946,-0.12210513461064502,0.7425967423056713
384,-0.10219671826133284,0.20037398764353218,0.20497716776757982,0.17400369564042703,-0.09436305739060516,0.33469231135482114,0.32166518950735806,-0.2270480455207728,-0.14535264944239704,0.1636217548875396,0.3461298946903398,-0.2333565673052771,-0.30008190849311206,0.3332262163068803,0.15339784011706106,0.17350277886178694,0.14443373400405532,0.06937373250251755,0.1938846693083236,-0.020397626293515884,0.056241500047262236,0.1634816329451467,-0.2895737635617525,0.11571104830416722,0.19148059584239505,0.10402791108409856,0.23091537737709414,0.06650813331778027,0.0688545810301372,0.06682974592404096,-0.16034808885176957,0.582480184304969
385,0.184785809834214,0.16588222747740497,0.17018348502593558,0.027595165892406535,0.1692395764517847,-0.016804451873613534,0.004656571040100282,-0.11958844677906617,0.4510220067914173,0.15244082736729989,0.07288885104996093,0.1748984588804126,0.003142846329034149,0.21369508916669722,0.2864317522176922,0.2649233174487815,-0.22582008661066053,0.010747444669999833,-0.04684048839730427,0.3445276958741689,0.2670168397207595,0.11999193592579707,0.025195000573940488,0.2525280799707006,0.46609603032039665,0.12547576951623374,-0.014864298582347406,0.02672968558008701,0.3808117223227501,-0.09823658655877998,0.2407284347887408,-0.12405508083124386
386,0.17101591016823178,0.1958943861923911,0.19659120888368425,0.0682533575974299,0.27615129752556655,0.1900673974285291,0.14118158550631343,0.064420931619945,0.17813747119959616,0.11153480932866984,-0.2919755150128051,0.25194362687045424,-0.17896740111005902,-0.04633283163100682,0.2136761375202918,0.07494596567037431,0.25010784662062324,0.3523436055521462,0.16449856261676135,-0.06575779966302676,-0.4267300394840378,0.874523150438384,-0.0030598719334408316,0.39096949337005593,0.5105758017641661,-0.3718423771208559,0.18668007377330023,0.005169852410660244,-0.04538704312831413,-0.09714475970879345,0.024406105133026493,0.355073964073535
387,0.11905401693134181,-0.17504131225752168,0.5997333894059517,0.07004406608160774,0.04322125070766891,0.17224841861994322,-0.09851033897345973,-0.1994683328230255,0.23980010892210227,0.24982258900136312,-0.11600447725845392,-0.322697042332726,0.20051624388285613,0.15095694205842922,0.17350277886178694,0.14443373400405532,0.06937373250251755,0.1938846693083236,-0.020397626293515884,0.056241500047262236,0.31501257601781585,0.03521232712560007,0.31260451285604524,0.31800420099521304,-0.005335817680394406,0.27501372788438055,0.20689829639105578,-0.18868606439129984,0.1938649078891614,0.11596495767376316,0.23218720665753584,0.05513546681446052
388,0.07176664141241576,-0.05498110129799243,0.15183112240756858,0.10787259292306504,0.01840890062904963,-0.0995598219957391,0.2719860753307789,0.11293875088477945,-0.20535274008458249,0.5793427173608218,0.09004305927638333,0.1776169526838241,0.11019210973415139,-0.10629703423484374,-0.4260345743094281,0.5984436178614774,0.15948649245452387,-0.038225245979315856,0.12200883569907046,0.1942458485822597,0.05373657295280298,-0.013785739683324381,0.1723367488078441,0.42858710956831947,0.169608015722371,-0.08047575649163148,0.16236333567151778,0.17047529049149088,0.07176664141241576,-0.05498110129799243,0.15183112240756858,0.10787259292306504
389,0.32466681415976595,-0.054898688296048936,0.22432644828488973,-0.1232149241758918,0.2686244753741979,0.15454741133606334,0.11838573542352976,-0.038603364347782866,0.3807558613147009,0.17224841861994322,-0.09851033897345973,-0.1994683328230255,0.23980010892210227,0.24982258900136312,-0.11600447725845392,-0.322697042332726,0.20051624388285613,0.21910904649794555,0.1093603113504988,0.29244900495504983,0.07156915212888351,0.03981403283697342,-0.0037575475518144895,0.04131191411989849,0.29312924637770893,0.36431095447616657,0.051655846724557176,0.147015137047838,0.0024338063128608364,0.5425282188367668,0.2102334860700648,-0.023462072827558623
390,0.4510220067914173,0.15244082736729989,0.07288885104996093,0.1748984588804126,0.14757008170315114,0.17429534874748348,0.2011047102573123,-0.05911225422027029,0.1470775585761181,0.02369429402154779,0.005683677347195281,-0.1564723056670849,0.5746193857681196,0.11730632153435483,0.11996356155954901,-0.00981598304204457,0.0911876490090115,0.11016030936506847,0.1854100090496845,0.10981308189934724,0.4255352370150269,0.25980627869946177,0.028878761909011532,0.1512351673111633,0.0687471240577064,0.025303337699693184,0.07991964893101931,0.14910613995433913,0.13870999513948015,0.052111479316268625,0.2025166266354563,0.13030374742807277
391,0.11905401693134181,-0.17504131225752168,0.5690449243076188,0.21717996938913814,0.3279502886094016,0.09451606649497561,-0.1767098477946617,0.04486876508389453,-0.029810975371668404,0.48627991644872226,0.026633443720634878,-0.10502185721591453,0.16212723952415709,0.10247846737264223,0.21692267376731647,0.19989817570442997,0.4592312571483904,-0.16129594391123622,-0.2057051867824583,-0.535203756815677,-0.18224044766622266,1.631133135384752,-0.27684410127456854,0.93613725027831,0.36905839115702316,-0.42191937147693376,0.1594097460088622,0.003986715639722211,-0.10353847396758291,-0.08273860521489726,0.36219842017178827,0.20395349412622332
392,0.3099970298175544,0.471489611372563,-0.22685151173680398,-0.03410554351064948,-0.026979094668769906,0.21026955100633232,0.3594575830872452,0.10738292971034552,0.1268252869070336,-0.054658024990498495,0.5979804251199937,0.2526440820179429,0.030295772611395898,-0.17611053221229445,0.532684865743833,0.11982048966670107,-0.0519861583077886,0.27183294112990597,-0.11338464126334705,0.22044835283863562,0.18175378128055952,0.21507230996456794,-0.11110494277211024,0.3924486791878392,0.2295099569039927,-0.25196316607160346,-0.05078018175580146,0.2269836513911627,0.21109509114465294,-0.25122925263422324,-0.31389127431207686,0.39595271167737006
393,0.17517207832310983,-0.2837244130358797,-0.05933768281964149,-0.0158205855430532,0.10766783526534249,-0.15136662886912727,0.732439073067299,0.16811112115875754,0.3065383859292377,0.3339580943966088,-0.3258809547938212,0.13330811200126508,-0.16700246707206481,0.3427284634949198,-0.0730539224471404,-0.3276340921767554,-0.560709760652686,0.014662593894547743,1.4080315384750042,-0.3211366212088857,1.0994415746910717,0.3631106194833644,-0.5872769092188762,0.3343738849909891,0.2335672723395901,-0.11006995253884413,-0.15640318226972538,0.5826515229678326,0.15623469052714475,0.27640262933912124,0.47201011607596016,-0.28281767262770263
394,0.36064203219538704,0.1673903322242667,-0.09284999744819501,0.3101946871467882,-0.16972559312542665,0.3638470451044476,-0.09795902235798642,-0.33049876626994434,-0.49479408873313274,1.2506888914384577,-0.16999080995714083,0.1915060377599846,-0.10391341217997091,0.3301924189647566,-0.1306468068111148,0.36493975362810666,0.1618681250337736,0.13034785167125432,0.11639784455030472,0.24558940996994993,0.2716166448893086,0.23132011143789816,-0.37003291712239705,-0.09913326634914049,0.3599731363146606,0.1693893827989283,0.11021291834797739,-0.01051268262747767,0.44645725699367006,0.34622605703385295,0.023401847563298758,-0.11233793060977981
395,0.013769183121238256,0.3199731005245072,0.17315845339267563,0.05824213470011352,-0.05307296768324391,0.15659419328815105,0.12767436519768302,0.11153480932866984,-0.2919755150128051,0.25194362687045424,0.18447934488472806,-0.03735439473461763,-0.17974141893035753,-0.045429781649620936,0.19683736929912257,0.1334798000593729,0.1915060377599846,0.5431736348422581,0.13726845392845502,0.10477893452726418,0.154525193891985,0.12234390728662362,0.014770973447222226,-0.08727929875437566,0.36493975362810666,0.1618681250337736,0.10981308189934724,0.4255352370150269,0.25980627869946177,0.028878761909011532,0.1512351673111633,0.0687471240577064
396,0.12692743882989452,-0.09579475570179191,-0.37215607382295773,0.42858710956831947,0.169608015722371,-0.08047575649163148,0.12502791032083813,0.1378193687751203,0.032519541821476844,0.005804140740080759,0.15562454509034235,0.09398115298271544,-0.01760761135922154,0.013769183121238256,0.3351624358998726,-0.14469081953720858,0.08939889071784639,0.14222625457533922,0.09454735228493921,0.2455881403904545,0.22417321000734797,0.3377246363120925,-0.25067496534820216,-0.33049876626994434,-0.49479408873313274,1.242872043121239,-0.6296462555508103,2.322443244981363,0.016820628608099946,-0.12210513461064502,0.7425967423056713,0.26569395997574946
397,0.11571104830416722,0.19148059584239505,0.10402791108409856,0.23091537737709414,0.06650813331778027,0.0688545810301372,0.06682974592404096,-0.16034808885176957,0.582480184304969,-0.026167537045574178,0.3188360004878918,0.3648744076231162,0.34342646217838496,-0.01628559255808749,0.22344916562290068,-0.0022649620560798393,0.00023042973591467987,0.07425954369573716,0.08993900388256326,0.3101946871467882,-0.03559143435440983,0.27501372788438055,0.20689829639105578,-0.18868606439129984,0.1938649078891614,0.11596495767376316,0.23218720665753584,0.05513546681446052,0.16570867460275632,0.18981378883331407,0.16929565744747385,0.016130026589419835
398,0.026950214585079065,0.18096547976886537,0.39861970155369486,0.3322918405849832,0.4549627753336115,0.11239025342580698,0.019519458325689406,-0.024104684871840008,0.41000486829468213,-0.054332979629034356,0.19955843128181666,-0.154784423703279,0.3022190377547206,0.1947513444538738,0.06255089963037826,0.14128623717498243,0.16458087537784533,0.23046833214655307,-0.04177403759466122,-0.30418711666720355,0.3528982149432685,0.205696934332813,-0.06894471559741094,-0.21754472327174948,0.11712542482710067,0.13726845392845502,0.10477893452726418,0.154525193891985,0.5056236885650528,-0.026167537045574178,0.3188360004878918,0.3648744076231162
399,0.11639784455030472,0.18762958229381918,0.10981308189934724,0.4255352370150269,0.25980627869946177,0.028878761909011532,0.1512351673111633,0.00799872531931978,0.24747498490240735,0.1906227232740485,-0.06664940695669395,0.2587212667043487,-0.005249690759785123,0.20037398764353218,0.20497716776757982,0.17400369564042703,-0.09436305739060516,0.33469231135482114,0.32166518950735806,-0.2270480455207728,-0.14535264944239704,0.1636217548875396,0.3461298946903398,-0.2333565673052771,-0.30008190849311206,0.3332262163068803,0.15339784011706106,0.17350277886178694,0.14443373400405532,0.06744760281238459,0.1932733614432001,-0.05430886755852945
400,0.05451036815254353,0.10581675702611819,0.21836952852283753,-0.1975496083240688,0.06599459167266276,0.2140158170798685,0.032016070946640766,-0.2056916248099073,-0.09977122531837382,0.2566705868769431,0.05332100360012209,0.1334798000593729,0.1915060377599846,-0.10391341217997091,0.3301924189647566,-0.1306468068111148,0.36493975362810666,0.1618681250337736,0.10981308189934724,0.4255352370150269,0.25980627869946177,0.028878761909011532,0.1512351673111633,0.0687471240577064,0.025303337699693184,0.07991964893101931,-0.08672354663902208,0.1491258597087924,0.10443331001532027,-0.012240582376639745,0.13886281909376522,0.0663289995961218
401,0.46110913685599997,0.03434420395290914,0.08108865698436285,0.1615687764851244,-0.037857040474989806,0.16967044100176074,0.20436905870817954,0.20064497471212211,-0.03419642558318104,0.22503561746781034,0.23051347462592298,-0.2674087357689618,0.05272393126356598,0.22506923505064735,0.10261484021232775,-0.21198150695143764,-0.19771289689077395,0.32661083949314984,0.10384331692069787,0.07711382871774942,0.20992472947069074,0.08617134357782268,0.07831120315928315,-0.036381717160680845,0.1918282357010622,0.2566953352236003,0.09440814158715664,0.25877643221949886,0.36206636083348,0.018964750924899278,0.22176350952506277,0.0976938196030565
402,0.11021291834797739,-0.01051268262747767,0.44645725699367006,0.34622605703385295,0.023401847563298758,-0.11233793060977981,0.3873237836404128,0.14370153652087095,-0.06519178307126122,0.31264062742987014,-0.10219671826133284,0.20037398764353218,0.20497716776757982,0.17400369564042703,-0.09436305739060516,0.202496783134368,-0.05845547641045337,0.3308041747258856,0.164257142074729,0.09676305399739243,-0.12089253718302467,0.22470285204137724,0.2032151590447185,-0.20300578487782478,0.2829097843134919,0.036318137954573296,0.2968939267958973,0.07580716838731938,0.20221733522894603,0.15101489071696825,-0.19871529312115233,0.16387788756728414
403,-0.4837512720809953,0.3343738849909891,0.2335672723395901,-0.11006995253884413,-0.15640318226972538,0.5826515229678326,0.15623469052714475,0.27640262933912124,0.47201011607596016,-0.28281767262770263,-0.0037568732807429827,-0.006068095610988907,0.22353226918003677,0.31634318939043543,0.1452137764050096,0.07004406608160774,0.05316462727074893,0.5077589261353112,0.27800976640018904,0.026615437774617157,0.10583636003401536,0.0911876490090115,0.11016030936506847,0.2678296268354956,-0.11044697195648515,0.29822181701699224,0.06963025852130174,-0.04415721420156436,-0.08021739414216453,0.21015504769464924,0.16078174031700854,0.18936452476172624
404,0.40137010870007506,-0.35215411572254657,0.08641717028161186,-0.05935848768228961,0.2234105281733045,-0.00910825187333178,-0.3009925401089623,-0.3557798169054311,-0.17575267886142004,0.576090306976329,-0.006011173839405014,-0.08273860521489726,0.36219842017178827,0.20395349412622332,0.39656667760254666,0.3438782254724192,-0.22430789111493196,-0.13216215275703985,0.04131191411989849,0.29312924637770893,0.36431095447616657,0.051655846724557176,0.147015137047838,0.0024338063128608364,0.5425282188367668,0.2102334860700648,-0.023462072827558623,-0.08357893242046706,0.5100102620576359,0.015971134607805734,0.13242407727825622,0.12389941991210354
405,-0.11411752537832029,-0.07300140090705133,0.015029837611797933,0.44060350728358616,0.19206526361875487,0.4763690489011428,-0.1670048053309648,-0.017998435792932244,0.06031076097975645,0.02182100849886886,0.32235892296680474,0.21043433282753074,0.04703410538990216,0.023224159920207973,0.13393104023913602,0.20497716776757982,0.17400369564042703,-0.09436305739060516,0.33469231135482114,0.32166518950735806,-0.2270480455207728,-0.14535264944239704,0.1636217548875396,0.3461298946903398,-0.2333565673052771,-0.1035130782583349,-0.15119907911260322,0.2146160329797934,0.30387177201667565,0.3066306355625916,0.5546419203281793,-0.26978020481639686
406,-0.41024474767980984,0.2704078672093213,0.267162624321814,0.12187058334242151,0.27546427786962585,0.061031905252357535,0.05848757429557536,-0.07720539751091571,0.010435914587602436,0.4970868953748266,0.0443270845504133,0.2086211161338412,0.6080188033920672,0.14370153652087095,-0.06519178307126122,0.31264062742987014,-0.21022688473844756,0.0706787807519289,0.10415277268582958,0.2735431170666892,0.06625407688356992,-0.34376971549729113,0.31053865854267393,0.23395754267823185,-0.08417891571780703,-0.09221220953154663,0.2893326305696375,0.0598365955185277,0.08329014142793219,0.18442346306946247,0.08528067838339004,0.10619021298001333
407,-0.02073871481096764,-0.029680462238063903,0.14956677270984858,0.3599731363146606,0.1693893827989283,0.11021291834797739,-0.01051268262747767,0.44645725699367006,0.34622605703385295,0.023401847563298758,-0.11233793060977981,0.3873237836404128,0.14370153652087095,-0.06519178307126122,0.31264062742987014,-0.10219671826133284,0.20037398764353218,0.20497716776757982,0.17400369564042703,-0.09436305739060516,0.33469231135482114,0.32166518950735806,-0.2270480455207728,-0.14535264944239704,0.18454016872973808,0.3842572887052237,-0.00910825187333178,-0.3009925401089623,-0.3557798169054311,-0.17575267886142004,0.576090306976329,-0.006011173839405014
408,-0.023190079283785647,0.41946818135912745,0.396950895585359,0.05722556129495675,-0.05963657763210757,0.2322009134611139,-0.01628559255808749,0.22344916562290068,-0.0022649620560798393,0.00023042973591467987,0.07425954369573716,0.19302682892354586,0.20880832158794416,0.11021351393836613,0.2811349847358627,0.0014623392565319142,0.04784244341978576,0.0077741013978389175,0.05830763146158907,0.04163234839464616,-0.09945040258569912,0.46110913685599997,0.1732314637823909,-0.14469081953720858,0.08939889071784639,0.14222625457533922,0.09454735228493921,0.2455881403904545,0.27295789862121156,0.1163015082677053,-0.07607939841636727,0.4408191314993718
409,0.21208714275880025,0.4495007379400005,0.2933092651678347,-0.07857167594071549,0.2854839681489928,-0.1286611337248143,0.13799062650487542,0.049220828979773264,0.2691318726029984,0.10583636003401536,0.0911876490090115,0.11016030936506847,0.2678296268354956,-0.11044697195648515,0.29822181701699224,0.06963025852130174,-0.04415721420156436,-0.08021739414216453,0.21015504769464924,0.16078174031700854,0.18936452476172624,0.09562393978438231,0.14760436881813735,-0.17392707701365767,-0.48096138177989994,0.10766783526534249,0.4253194761347161,-0.08047575649163148,0.06760007075490487,0.11473011258612666,-0.06087256733651791,0.10219365132836339
410,0.13224843227692928,-0.13744108689493145,0.7512025272323432,0.10323363556716901,0.37562684311726585,0.43329493229864297,-0.3915575391071216,0.1991874509102764,-0.16436390704998038,0.4455944499953284,0.21781015800967046,0.10304113458430038,0.07360110385407279,0.15670911251286973,0.45003162645293465,0.16110004426294264,0.045895226796395086,-0.06052322043582949,0.4507323785553294,-0.0691774432698838,0.2709843384910566,-0.11948577717296034,0.22477882403469934,0.15412082330316929,0.1598372675145959,0.0706787807519289,0.10415277268582958,0.2735431170666892,0.06625407688356992,-0.34376971549729113,0.31053865854267393,0.23395754267823185
411,-0.3696941816346616,0.07156915212888351,0.03981403283697342,0.001220357624790931,-0.07007502669067454,0.4895214773529827,0.0637917868463912,0.21208714275880025,0.4495007379400005,0.2933092651678347,-0.07857167594071549,0.2854839681489928,-0.1286611337248143,0.13799062650487542,0.049220828979773264,0.2691318726029984,0.10583636003401536,0.0911876490090115,0.11016030936506847,0.2678296268354956,-0.11044697195648515,0.29822181701699224,0.3051614260930616,0.3171922096227461,0.08256728264784874,-0.11495180160911317,0.36064203219538704,0.1673903322242667,-0.09284999744819501,0.3101946871467882,-0.16972559312542665,0.3638470451044476
412,-0.04684048839730427,0.3445276958741689,0.2670168397207595,0.11999193592579707,0.025195000573940488,-0.16994910073822356,-0.3009925401089623,-0.3557798169054311,-0.17575267886142004,0.7504575430707922,0.41946818135912745,0.396950895585359,0.05722556129495675,-0.05963657763210757,0.24747498490240735,0.1906227232740485,-0.06664940695669395,0.2587212667043487,-0.14639799594510308,0.3286452837434767,0.21153885924695115,0.02026626507000065,0.16500535895414353,0.11298577658039052,0.1593491945626654,-0.2832162412671828,0.0020805530387531996,0.09813566285711402,-0.09435177912274093,0.4190804369851145,0.3334386814242376,-0.2930011245453141
413,0.19807776252919795,0.09454735228493921,0.2455881403904545,0.22417321000734797,0.3377246363120925,-0.25067496534820216,-0.33049876626994434,-0.49479408873313274,1.2506888914384577,-0.16999080995714083,0.24400616256787622,0.6145468467126224,0.182811459615623,-0.27451396654390714,-0.037243909461088076,-0.08742949038525093,0.17124113491377574,-0.20272806045545047,0.5714173973408444,0.21369508916669722,0.2864317522176922,0.2649233174487815,-0.22582008661066053,0.010747444669999833,-0.04684048839730427,0.3445276958741689,0.04993511164722,-0.07093347373910476,-0.07604378983435796,0.3563536013904831,0.2492544554621723,-0.1378062638889054
414,0.07176664141241576,-0.05498110129799243,0.15183112240756858,0.10787259292306504,0.01840890062904963,-0.0995598219957391,0.4821384641347985,-0.10720510281794955,-0.02327093882632231,0.13330989518342076,0.06458116259471598,0.2819858073684284,0.37945256073396405,0.2729517301749195,-0.1532796638295658,0.17047529049149088,0.07176664141241576,-0.05498110129799243,0.15183112240756858,0.10787259292306504,0.01840890062904963,-0.0995598219957391,0.4821384641347985,-0.10720510281794955,-0.02327093882632231,0.13330989518342076,0.06458116259471598,0.2819858073684284,0.37945256073396405,0.2729517301749195,-0.12099987263672833,-0.39104435029717977
415,-0.0354215967745066,-0.07093347373910476,0.47495421114848513,-0.06981461482759276,0.2501629573434221,-0.007193016796767877,0.08783646987625998,0.17136904462667607,0.1900673974285291,0.14118158550631343,0.064420931619945,0.17813747119959616,0.11153480932866984,-0.2919755150128051,0.25194362687045424,0.18447934488472806,-0.03735439473461763,-0.17974141893035753,-0.045429781649620936,0.1992759304480005,0.07407198980981192,0.17323991061961344,0.13672065948977402,-0.059372907008158365,0.28230669455910706,-0.10897268141169947,0.4019389235070164,0.08865320947212052,0.11316297154198258,0.46291758814384293,0.2387995848553981,0.03761959736561409
416,0.5154484502995313,0.2044492602416065,0.04163234839464616,-0.09945040258569912,0.46110913685599997,0.03434420395290914,0.08108865698436285,0.1615687764851244,-0.07416875414062896,0.3429403271418706,0.49930541624730584,0.09661674508426206,-0.04247753767970497,0.111002564726116,0.32466681415976595,-0.054898688296048936,0.22432644828488973,-0.1232149241758918,0.2686244753741979,0.15454741133606334,0.11838573542352976,-0.038603364347782866,0.3807558613147009,0.17224841861994322,-0.09851033897345973,0.13877779632974213,0.21109509114465294,-0.25122925263422324,-0.31389127431207686,0.39595271167737006,0.2477901823414091,0.11239773235496053
417,0.205696934332813,-0.06894471559741094,-0.21754472327174948,0.11712542482710067,0.13726845392845502,0.10477893452726418,0.154525193891985,0.12234390728662362,0.014770973447222226,0.16841010577103913,-0.17184534665718618,0.5705404810089426,-0.035538070537920075,-0.2837244130358797,-0.05933768281964149,0.05550597051297738,0.1220174870673977,0.06129942909837034,0.19601231956388124,0.20596975380684593,-0.057684741153323484,0.07384757606653194,0.14480516428365917,0.11473011258612666,-0.06087256733651791,0.10219365132836339,0.2904398373272532,-0.191413963210553,0.0962711095927171,0.19762225597500324,0.06469604274784903,-0.053256080531068464
418,0.18931492100556252,0.026950214585079065,0.18096547976886537,0.39861970155369486,0.3322918405849832,-0.0730539224471404,-0.3276340921767554,-0.560709760652686,0.014662593894547743,1.4080315384750042,-0.3211366212088857,1.0994415746910717,0.3631106194833644,-0.5872769092188762,0.3343738849909891,0.2335672723395901,-0.11006995253884413,-0.15640318226972538,0.5826515229678326,0.15623469052714475,0.27640262933912124,0.47201011607596016,-0.28281767262770263,-0.0037568732807429827,-0.006068095610988907,0.22353226918003677,0.31634318939043543,0.1452137764050096,0.12809909033387334,0.2102334860700648,-0.023462072827558623,-0.08357893242046706
419,-0.37003291712239705,-0.04023582436947585,0.14480516428365917,0.11473011258612666,-0.06087256733651791,0.10219365132836339,0.05435850774613463,-0.025839607220092212,0.12045898537141242,0.286877200722593,0.06552001088711226,-0.01222018030071071,0.05668940185689197,0.20093656574037363,-0.034300721465717984,0.09335134699302704,0.029436589434336847,0.26063328665288116,0.13490246113837479,-0.10690798536618025,-0.20091983663120586,0.2564809375436427,0.2379115657403104,-0.03126694167154654,-0.2895737635617525,0.11571104830416722,0.031053923926872624,0.2477901823414091,0.11239773235496053,0.14034718129468007,0.07531665293909175,0.14223356297833722
420,-0.25122925263422324,-0.31389127431207686,0.39595271167737006,0.2477901823414091,0.11239773235496053,0.14034718129468007,0.07531665293909175,0.14223356297833722,-0.021651786553036286,0.12079119269608964,0.2824571418874076,0.04509906066466046,0.31997096866254743,0.27166200964144344,0.061634111965513244,0.22032608542910156,0.21689918467645036,-0.19131993763789917,0.25762659116874836,0.21832681997285674,0.11716303057832608,0.12569717207255016,0.185429372625221,-0.25122925263422324,-0.31389127431207686,0.39595271167737006,0.2477901823414091,0.11239773235496053,0.14034718129468007,0.07531665293909175,0.14223356297833722,-0.021651786553036286
421,0.09454735228493921,0.2455881403904545,0.22417321000734797,0.3377246363120925,-0.25067496534820216,-0.33049876626994434,-0.49479408873313274,1.2506888914384577,-0.16999080995714083,0.24400616256787622,0.6145468467126224,0.182811459615623,-0.27451396654390714,-0.037243909461088076,-0.08742949038525093,0.17124113491377574,-0.20272806045545047,0.5714173973408444,0.21369508916669722,0.2864317522176922,0.2649233174487815,-0.23716531768236418,0.056241500047262236,0.31501257601781585,0.03521232712560007,0.31260451285604524,0.31800420099521304,-0.005335817680394406,0.27501372788438055,0.20689829639105578,-0.06302630519832844,0.22342416318361763
422,0.11239025342580698,0.019519458325689406,-0.024104684871840008,0.41000486829468213,-0.054332979629034356,0.19955843128181666,-0.154784423703279,0.3022190377547206,0.1947513444538738,0.06255089963037826,0.14128623717498243,0.16458087537784533,0.23046833214655307,-0.04177403759466122,-0.30418711666720355,0.15413424709897539,0.1593491945626654,-0.2832162412671828,0.0020805530387531996,0.09813566285711402,-0.09435177912274093,0.22363286922109724,0.2243299273245574,0.09929767896570325,-0.05055300144419804,0.11493399400923741,0.16398023443426096,0.08641616074491512,-0.030744876890875142,0.03995236746348638,0.27685820958904017,-0.238454914255154
423,0.1970317131241627,0.21112320288276687,0.15400552467707154,0.11730632153435483,-0.21321462399316973,0.34385555108441634,0.018121512964525403,-0.4268141196430951,0.40979557006932316,0.23961717018966824,-0.05766107861356521,0.14954493181396358,0.16384677242970036,0.06412993674654287,-0.07754603495020393,0.19927450157206136,0.22382878195307498,-0.09401895570000028,0.10799564566925353,0.14738116301118354,0.09492199006514247,-0.09869715727879487,0.0835486894223549,0.15840175868133813,0.18145219611393124,0.23769099596891313,0.43358726407530823,-0.18009620301785492,-0.2833807162011421,-0.49163582428543307,0.021414579109772094,1.2345642521917752
424,0.29312924637770893,0.36431095447616657,0.051655846724557176,0.147015137047838,0.0024338063128608364,0.5425282188367668,0.2102334860700648,-0.023462072827558623,-0.08357893242046706,0.5100102620576359,0.015971134607805734,0.13242407727825622,0.12389941991210354,-0.06701563151637725,0.2211385741886123,0.1901250685257231,0.18141069148365815,-0.01872348367883698,0.1602399761215795,0.18946753960541013,-0.04093780864936718,0.22340053763778864,0.17654672439733954,0.13598333473215593,0.03048863895714203,0.12638483116916358,0.056999667600075014,-0.03415029254685713,-0.11199199591677982,-0.038225245979315856,0.12200883569907046,0.1942458485822597
425,-0.01872348367883698,0.1602399761215795,0.18812549775877,-0.18329904817335113,0.03510975496160437,0.24519022089989018,0.04521427973100914,-0.18844126538241282,-0.2348392629005029,0.3332262163068803,0.15339784011706106,0.17350277886178694,0.4858697205648546,0.010629951960803224,0.2329295694666118,0.43160144306355575,0.23386430015327572,0.022736716960153926,0.20677149441364567,0.05235944102725745,0.015779282541251688,0.07778099345810575,-0.1795820843617761,0.2269836513911627,0.21109509114465294,-0.25122925263422324,-0.31389127431207686,0.39595271167737006,0.2477901823414091,0.11239773235496053,0.14034718129468007,0.07531665293909175
426,-0.023190079283785647,0.41946818135912745,0.396950895585359,0.05722556129495675,-0.05963657763210757,0.24747498490240735,0.1906227232740485,-0.06664940695669395,0.30267696812919326,0.0024338063128608364,0.5425282188367668,0.2102334860700648,-0.023462072827558623,-0.08357893242046706,0.5100102620576359,0.015971134607805734,0.13242407727825622,0.12389941991210354,-0.06701563151637725,0.2211385741886123,0.1901250685257231,0.18141069148365815,-0.01872348367883698,0.1602399761215795,0.18812549775877,-0.18329904817335113,0.03510975496160437,0.24519022089989018,0.04521427973100914,-0.18844126538241282,-0.1530571398391794,0.2893326305696375
427,-0.032007325327046816,0.09425897787719907,0.18704035057159146,0.1166120799555511,0.10308527413401705,0.17846779112789968,0.22208583212672164,0.10912076590162222,0.08387223257892588,0.007282743814128762,0.020612343586763032,-0.016019177985158884,0.02271247292045064,0.29107111576143124,0.1045071141541918,0.12488891724892921,0.20435731266315316,-0.18873985973198337,-0.2630977126021474,0.15538551639601741,0.29502436812259675,-0.07973305727102308,0.19799789212246702,0.22952809153640188,0.011717367533914707,-0.04143608295393437,0.18036848701180638,0.08872221642612875,0.008975541836774844,-0.025516086913291845,0.38806089204959493,-0.20156309491583888
428,0.03374797111609373,0.10221199436568572,0.11086305524430831,0.5085612625617385,0.2358186269665527,-0.0354215967745066,0.25637579043337366,0.036318137954573296,0.2968939267958973,0.07580716838731938,0.08567346237233235,0.1659339689806515,0.22725753124748785,-0.033804194159752304,0.17615938980224977,0.03444382036243173,-0.08424507459956743,-0.05323316428520335,0.38394456914269876,0.12494821353405587,0.11626296745509843,0.1967032816729059,0.13604608051457204,-0.4410086830701572,0.20521445648280787,0.18187890191990846,-0.018412927239126024,0.08651782774696389,0.27957828264201523,0.07241198467246238,-0.0009804569413706596,0.019828243580542443
429,0.18096547976886537,0.39861970155369486,0.3322918405849832,-0.0730539224471404,-0.3276340921767554,-0.560709760652686,0.014662593894547743,1.4080315384750042,-0.3211366212088857,1.0994415746910717,0.3631106194833644,-0.5872769092188762,0.3343738849909891,0.2335672723395901,-0.11006995253884413,-0.15640318226972538,0.5826515229678326,0.15623469052714475,0.27640262933912124,0.47201011607596016,-0.28281767262770263,-0.0037568732807429827,-0.006068095610988907,0.22353226918003677,0.31634318939043543,0.1452137764050096,0.07004406608160774,0.05316462727074893,0.5077589261353112,0.27800976640018904,-0.23962560914380374,0.03510975496160437
430,-0.023462072827558623,0.21922203363880405,-0.19131993763789917,0.25762659116874836,0.064972871506301,0.25375125815818755,0.02226975501848725,0.184785809834214,0.16588222747740497,0.17018348502593558,0.027595165892406535,0.1692395764517847,-0.016804451873613534,0.004656571040100282,-0.11958844677906617,0.4510220067914173,0.15244082736729989,0.07288885104996093,0.1748984588804126,0.003142846329034149,-0.40042171646973945,0.30944710287579563,0.17593608521602916,-0.10071744145415372,0.16218366883225244,0.2723849429441483,0.0383714803928995,0.0709489429981825,-0.038225245979315856,0.12200883569907046,0.1942458485822597,0.05373657295280298
431,0.2824571418874076,0.04509906066466046,0.31997096866254743,0.27166200964144344,0.061634111965513244,0.22032608542910156,0.21689918467645036,-0.19131993763789917,0.25762659116874836,0.064972871506301,0.25375125815818755,0.02226975501848725,0.184785809834214,0.16588222747740497,0.17018348502593558,0.027595165892406535,0.1692395764517847,-0.016804451873613534,0.004656571040100282,-0.11958844677906617,0.4510220067914173,0.15244082736729989,0.07288885104996093,0.1748984588804126,0.003142846329034149,-0.40042171646973945,0.30944710287579563,0.17593608521602916,-0.10071744145415372,0.12483245537940243,0.19799789212246702,0.22952809153640188
432,0.1622885154367558,0.27244070008152355,0.11639784455030472,0.24558940996994993,0.2716166448893086,0.23132011143789816,-0.37003291712239705,-0.45930796864318557,0.08435528278984028,0.4794833804839934,-0.09284003963689724,0.26295154864488435,0.5642227911150639,-0.12169415188144998,-0.11306592133363663,0.2017013585807754,-0.18049387029567956,0.05969298311436966,-0.12444320203172575,0.5611453632897837,0.1869335896853636,0.4006017258170882,-0.10347017542090149,-0.06487001071552723,0.022974105712554253,0.04205130832165293,0.3890877324073698,0.23355982518621926,0.021172324831531898,-0.1011372261993832,0.23834739187748413,0.05627475275433264
433,0.4408191314993718,0.1944108882314549,-0.22506928532984996,-0.1994683328230255,0.2161443525952575,0.3924486791878392,0.2295099569039927,-0.25196316607160346,-0.05078018175580146,0.2269836513911627,0.21109509114465294,-0.25122925263422324,-0.31389127431207686,0.39595271167737006,0.2477901823414091,0.11239773235496053,0.14034718129468007,0.07531665293909175,0.14223356297833722,-0.021651786553036286,0.12079119269608964,0.2824571418874076,0.0712242043088963,0.2933092651678347,-0.07857167594071549,0.2854839681489928,-0.1286611337248143,0.13799062650487542,0.049220828979773264,0.2691318726029984,0.10583636003401536,0.0911876490090115
434,-0.015658216600592058,0.46151196219940505,0.4561894607607333,-0.4307036263075145,0.33404209236252513,-0.017315794149796837,-0.07556915478493191,-0.15398007638351432,0.1511533282653379,0.40902791458143434,0.3099970298175544,0.471489611372563,-0.22685151173680398,-0.03410554351064948,-0.026979094668769906,0.21026955100633232,0.3594575830872452,0.10738292971034552,0.1268252869070336,-0.054658024990498495,0.5979804251199937,0.2526440820179429,0.030295772611395898,-0.17611053221229445,0.532684865743833,0.11982048966670107,-0.0519861583077886,0.27183294112990597,-0.11338464126334705,0.22044835283863562,0.18175378128055952,0.21507230996456794
435,0.12461655134544304,0.17041386042389656,0.2758894441198532,0.38565678848867624,-0.2093333395469959,-0.3086869045626521,-0.45859624206429583,0.01881267170159937,0.9213821360251874,-0.015658216600592058,0.46151196219940505,0.4561894607607333,-0.4307036263075145,0.33404209236252513,-0.017315794149796837,-0.07556915478493191,-0.15398007638351432,-0.2361703410773964,0.2704078672093213,0.267162624321814,0.12187058334242151,0.27546427786962585,0.061031905252357535,0.05848757429557536,-0.07720539751091571,0.010435914587602436,0.4970868953748266,0.0443270845504133,0.2086211161338412,0.31997096866254754,0.3854280947760623,0.3481189339598148
436,0.576090306976329,0.1087216610509716,0.36219842017178827,-0.14817671145591038,0.4970868953748266,0.0443270845504133,0.2086211161338412,0.3854280947760623,0.3481189339598148,-0.046633282251753776,0.26952650526827204,0.018964750924899278,0.22176350952506277,0.0976938196030565,-0.1011372261993832,0.23834739187748413,0.05627475275433264,0.2851260409760982,-0.04093780864936718,0.22340053763778864,0.17654672439733954,0.2000384520010813,0.20503724985454205,0.1459981126354451,-0.09139857051369302,0.3563536013904831,0.2492544554621723,-0.1378062638889054,-0.2005062652564799,0.18019128493810643,0.2685197814770018,-0.053115559140665666
437,0.4772627981074588,-0.017093960217367823,0.20446229175264322,0.077208066716257,-0.03473222436348715,0.2269899149422962,0.1513353793055481,0.1525483543928927,-0.019993280382794187,0.07054179184139962,0.21692267376731647,0.19989817570442997,0.11530034228832974,0.5425282188367668,0.2102334860700648,-0.023462072827558623,-0.08357893242046706,0.5100102620576359,0.015971134607805734,0.13242407727825622,0.12389941991210354,-0.06701563151637725,0.2211385741886123,0.1901250685257231,0.18141069148365815,-0.01872348367883698,0.1602399761215795,0.18812549775877,-0.18329904817335113,0.03510975496160437,0.24519022089989018,0.04521427973100914
438,-0.03415029254685713,-0.1361437516837773,0.5126401164044888,0.10727375240522918,0.14836359842633548,0.14084473078919998,-0.07991486120750843,-0.4268141196430951,0.40979557006932316,0.23961717018966824,-0.05766107861356521,0.14954493181396358,0.16384677242970036,0.06412993674654287,-0.07754603495020393,0.19927450157206136,0.22382878195307498,-0.09401895570000028,0.10799564566925353,0.14738116301118354,0.09492199006514247,-0.09869715727879487,0.0835486894223549,0.15840175868133813,0.18145219611393124,0.23769099596891313,0.43358726407530823,-0.18009620301785492,-0.2833807162011421,-0.49163582428543307,0.021414579109772094,1.2345642521917752
439,-0.01872348367883698,0.1602399761215795,0.18812549775877,-0.18329904817335113,0.03510975496160437,0.24519022089989018,0.04521427973100914,-0.18844126538241282,-0.1530571398391794,0.2893326305696375,0.0598365955185277,0.08329014142793219,0.15224329608334944,0.2094973578308059,0.1093603113504988,0.29244900495504983,0.07156915212888351,0.03981403283697342,0.001220357624790931,-0.07007502669067454,0.4895214773529827,0.0637917868463912,0.21208714275880025,0.4495007379400005,0.2933092651678347,-0.07857167594071549,0.2854839681489928,-0.1286611337248143,0.13799062650487542,0.049220828979773264,0.2691318726029984,0.10583636003401536
440,0.014662593894547743,1.4080315384750042,-0.3211366212088857,1.0994415746910717,0.3631106194833644,-0.5872769092188762,0.3343738849909891,0.2335672723395901,-0.11006995253884413,-0.15640318226972538,0.5826515229678326,0.15623469052714475,0.27640262933912124,0.47201011607596016,-0.28281767262770263,-0.0037568732807429827,-0.006068095610988907,0.22353226918003677,0.31634318939043543,0.1452137764050096,0.07004406608160774,0.05316462727074893,0.5077589261353112,0.27800976640018904,-0.06092265305807112,-0.07420667902913211,0.4772627981074588,-0.017093960217367823,0.20446229175264322,0.077208066716257,-0.03473222436348715,0.2269899149422962
441,0.11293875088477945,-0.20535274008458249,0.5793427173608218,0.09004305927638333,0.1776169526838241,0.11019210973415139,-0.10629703423484374,-0.5424662612265094,0.3343738849909891,0.2335672723395901,-0.11006995253884413,-0.15640318226972538,0.5826515229678326,0.15623469052714475,0.27640262933912124,0.47201011607596016,-0.28281767262770263,-0.0037568732807429827,-0.006068095610988907,0.22353226918003677,0.31634318939043543,0.1452137764050096,0.07004406608160774,0.05316462727074893,0.4188377289513957,-0.003101526599822313,0.13604560052272469,-0.018288587728737135,0.021704303877180964,-0.05845547641045337,0.3308041747258856,0.14942243456683604
442,-0.038225245979315856,0.12200883569907046,0.1942458485822597,-0.051527520083015615,-0.22348214010372017,-0.17575267886142004,0.8674231227358188,0.32235892296680474,0.21043433282753074,0.04703410538990216,0.023224159920207973,0.3484169306665826,0.38464041570040863,0.08256728264784874,-0.11495180160911317,0.36064203219538704,0.1673903322242667,-0.09284999744819501,0.3101946871467882,0.1598372675145959,0.0706787807519289,0.10415277268582958,0.16537104813962505,0.16944948516711295,0.024987697732263607,0.04487858645134652,0.029272201147996082,0.03195666987309589,-0.04923300073592117,0.28884407459477013,0.11496552590834287,0.1509781412018274
443,0.1220174870673977,0.06129942909837034,0.19601231956388124,0.20596975380684593,-0.057684741153323484,0.07384757606653194,0.14480516428365917,0.11473011258612666,-0.06087256733651791,0.10219365132836339,0.2904398373272532,-0.06912642547746016,-0.05845547641045337,0.3308041747258856,0.164257142074729,0.09676305399739243,0.18006443606999176,0.09054831559689361,0.22725753124748785,-0.033804194159752304,0.17615938980224977,0.03444382036243173,-0.08424507459956743,-0.05323316428520335,0.38394456914269876,0.12494821353405587,0.11626296745509843,0.1967032816729059,0.13604608051457204,-0.4410086830701572,0.20521445648280787,0.18187890191990846
444,-0.01222018030071071,0.05668940185689197,0.20093656574037363,-0.034300721465717984,0.09335134699302704,0.10120720781703763,0.15852576202856808,-0.1261693407012891,0.05257179403844993,0.24495845199737368,0.1101646675136064,0.24823346342850847,0.42630163816159206,-0.2131146307468916,0.16147634557617352,0.10415277268582958,0.2735431170666892,0.06625407688356992,-0.34376971549729113,0.31053865854267393,0.23395754267823185,-0.08417891571780703,-0.19567178073345584,0.048418260223786674,0.12787983090555988,0.09892670391507088,0.19799846171187263,0.08817550672737952,0.016104682807028897,0.19820898945179852,-0.1228961939348214,0.46117402403887836
445,0.23046833214655307,-0.04177403759466122,-0.30418711666720355,0.3528982149432685,0.205696934332813,-0.06894471559741094,-0.025774475061614923,0.16387788756728414,0.12461655134544304,0.17041386042389656,0.2758894441198532,0.38565678848867624,-0.2093333395469959,-0.3086869045626521,-0.45859624206429583,0.01881267170159937,0.9213821360251874,-0.015658216600592058,0.46151196219940505,0.4561894607607333,-0.09218511036971534,0.22477882403469934,0.15412082330316929,0.1598372675145959,0.0706787807519289,0.10415277268582958,0.3863478587959665,-0.1286611337248143,0.13799062650487542,0.17795240992162656,0.01770617465262488,0.15591559768791044
446,-0.06981461482759276,0.2501629573434221,-0.007193016796767877,0.08783646987625998,0.17136904462667607,0.1900673974285291,0.14118158550631343,0.064420931619945,0.17813747119959616,0.11153480932866984,-0.2919755150128051,0.25194362687045424,0.18447934488472806,-0.03735439473461763,-0.17974141893035753,-0.045429781649620936,0.1992759304480005,0.07407198980981192,0.17323991061961344,0.13672065948977402,-0.059372907008158365,0.28230669455910706,-0.10897268141169947,0.4019389235070164,0.08865320947212052,0.11316297154198258,0.46291758814384293,0.2387995848553981,0.03761959736561409,0.18756622566533648,-0.0032170019832001968,0.05780403347831227
447,0.013769183121238256,0.3351624358998726,-0.14469081953720858,0.08939889071784639,0.14222625457533922,0.09454735228493921,0.2455881403904545,0.22417321000734797,0.3377246363120925,-0.25067496534820216,-0.33049876626994434,-0.49479408873313274,1.2506888914384577,-0.16999080995714083,0.24400616256787622,0.6145468467126224,0.182811459615623,-0.27451396654390714,-0.037243909461088076,-0.08742949038525093,0.17124113491377574,-0.20272806045545047,0.15950086533794391,0.1636217548875396,0.3461298946903398,-0.2333565673052771,-0.30008190849311206,0.3332262163068803,0.15339784011706106,0.17350277886178694,-0.3298778796407805,0.19739197841878328
448,0.20051624388285613,0.21910904649794555,0.2327932542270703,0.11239773235496053,0.14034718129468007,0.07531665293909175,0.14223356297833722,-0.021651786553036286,0.12079119269608964,0.2824571418874076,0.04509906066466046,0.31997096866254743,0.27166200964144344,0.061634111965513244,0.22032608542910156,0.21689918467645036,-0.2197526654057917,0.0682533575974299,0.17317355494762385,-0.17423414406398183,-0.17888375096808656,0.14457497153757373,0.16150134876585814,-0.04888249344416614,0.25742689993318923,-0.011595452236253087,0.15183112240756858,0.10787259292306504,0.01840890062904963,0.14922039672297022,0.10787259292306504,0.01840890062904963
449,0.20485280725032834,0.5710140729030543,0.09919251932906349,-0.27453754616669024,-0.07896928497537498,0.03606607937215022,0.11905401693134181,-0.17504131225752168,0.5690449243076188,0.21717996938913814,0.3279502886094016,0.09451606649497561,-0.1767098477946617,0.04486876508389453,-0.08285699770254637,0.1378193687751203,0.032519541821476844,0.005804140740080759,0.15562454509034235,0.09398115298271544,-0.01760761135922154,0.013769183121238256,0.3351624358998726,0.11752667031778555,0.11340700597604,0.1662950431666319,0.31605517367239877,0.31626446930358326,-0.2688525390751869,-0.23497703259441213,-0.6818950630676603,2.775715655692279
450,-0.11600447725845392,-0.322697042332726,0.20051624388285613,0.21910904649794555,0.1093603113504988,0.29244900495504983,0.07156915212888351,0.03981403283697342,0.001220357624790931,-0.07007502669067454,0.4895214773529827,0.0637917868463912,0.2861855773793377,0.302739642460258,-0.23376505563265904,0.25903415533466395,0.05353362786240616,0.27552939681922384,0.0799497909674738,0.12467425990832934,0.1459981126354451,-0.09139857051369302,0.3563536013904831,0.2492544554621723,-0.1378062638889054,-0.2005062652564799,0.18019128493810643,0.2685197814770018,-0.053115559140665666,-0.37717238805262293,0.2565974639919755,0.1570198042576097
451,0.17813747119959616,0.11153480932866984,-0.2919755150128051,0.11730189475987779,0.04521427973100914,-0.18844126538241282,-0.1530571398391794,0.2893326305696375,0.0598365955185277,0.08329014142793219,0.18442346306946247,0.08528067838339004,0.10619021298001333,-0.07427673148701162,0.2817765778115769,0.18876158217694772,0.12025697212036957,0.1856468971978135,-0.2333565673052771,-0.30008190849311206,0.3332262163068803,0.15339784011706106,0.17350277886178694,0.14443373400405532,0.06937373250251755,0.1938846693083236,-0.020397626293515884,0.056241500047262236,0.31501257601781585,0.03521232712560007,0.31260451285604524,0.31800420099521304
452,0.4079445160203092,0.15538551639601741,0.29502436812259675,-0.07973305727102308,0.19799789212246702,0.22952809153640188,0.011717367533914707,-0.04143608295393437,0.18036848701180638,0.08872221642612875,0.008975541836774844,-0.025516086913291845,0.38806089204959493,0.2668492118411461,-0.053256080531068464,-0.41024474767980984,0.2704078672093213,0.267162624321814,0.12187058334242151,0.27546427786962585,0.061031905252357535,0.05848757429557536,-0.07720539751091571,0.010435914587602436,0.4970868953748266,0.0443270845504133,0.2086211161338412,0.3854280947760623,0.3481189339598148,-0.10805689111079832,-0.05845547641045337,0.3308041747258856
453,0.13598333473215593,0.03048863895714203,0.12638483116916358,0.056999667600075014,-0.03415029254685713,-0.1361437516837773,0.5126401164044888,0.10727375240522918,0.14836359842633548,0.14084473078919998,-0.07991486120750843,-0.4268141196430951,0.40979557006932316,0.23961717018966824,-0.05766107861356521,0.14954493181396358,0.16384677242970036,0.06412993674654287,-0.07754603495020393,0.19927450157206136,0.22382878195307498,-0.09401895570000028,0.10799564566925353,0.14738116301118354,0.09492199006514247,-0.09869715727879487,0.0835486894223549,0.15840175868133813,0.18145219611393124,0.23769099596891313,0.43358726407530823,-0.18009620301785492
454,0.05722556129495675,-0.05963657763210757,0.24747498490240735,0.1906227232740485,-0.06664940695669395,0.2587212667043487,-0.14639799594510308,0.3286452837434767,0.21153885924695115,0.1163015082677053,-0.07607939841636727,0.4408191314993718,0.1944108882314549,-0.17628742224102106,-0.13205735314625608,0.1970317131241627,0.21112320288276687,-0.053256080531068464,-0.41024474767980984,0.2704078672093213,0.267162624321814,0.12187058334242151,0.27546427786962585,0.061031905252357535,0.046446315702097035,-0.05430886755852945,0.05310248474394906,0.3607471428065565,0.06233658555976345,0.25202439925764925,0.3540554860126552,0.054753129013971114
455,0.09999394778949644,0.22146573820555276,0.07314429710685592,-0.1271890839969909,0.22798368323536836,0.14083053914836333,-0.02431958698577717,-0.014774917010754571,0.30790953094728557,0.026633443720634878,-0.10502185721591453,0.16212723952415709,0.10247846737264223,0.21692267376731647,0.19989817570442997,0.5681755882246987,0.03374797111609373,0.10221199436568572,0.11086305524430831,0.3864112135347832,-0.12952072144717805,0.2132544545966485,0.14118158550631343,0.064420931619945,0.17813747119959616,0.11153480932866984,-0.2919755150128051,0.25194362687045424,0.18447934488472806,-0.03735439473461763,-0.17974141893035753,-0.045429781649620936
456,-0.09823658655877998,0.2407284347887408,-0.12405508083124386,0.22599906281655174,0.2296552800988911,0.07187542666856812,0.09364824897947188,0.26063328665288116,0.13490246113837479,0.1659339689806515,0.22725753124748785,-0.033804194159752304,0.17615938980224977,0.03444382036243173,-0.08424507459956743,-0.05323316428520335,0.38394456914269876,0.12494821353405587,0.11626296745509843,0.1967032816729059,0.13604608051457204,-0.4410086830701572,0.20521445648280787,0.18187890191990846,-0.018412927239126024,0.08651782774696389,0.27957828264201523,0.07241198467246238,-0.0009804569413706596,0.019828243580542443,0.21838582797646872,-0.026929355196783866
457,0.03761959736561409,0.18756622566533648,-0.0032170019832001968,0.05780403347831227,0.08945759497947195,0.13484381164054374,0.14901686786802,0.06131121467129291,0.20880832158794416,0.11021351393836613,0.2811349847358627,0.0014623392565319142,0.04784244341978576,0.0077741013978389175,0.04641076076847641,-0.12295444257606764,0.39770783469686205,0.08172071414989064,0.24383857054727498,0.12692743882989452,-0.09579475570179191,-0.37215607382295773,0.42858710956831947,0.169608015722371,-0.08047575649163148,0.16236333567151778,0.17047529049149088,0.07176664141241576,-0.05498110129799243,0.15183112240756858,0.10787259292306504,0.01840890062904963
458,-0.18873985973198337,-0.2630977126021474,0.15538551639601741,0.29502436812259675,-0.07973305727102308,0.19799789212246702,0.22952809153640188,0.011717367533914707,-0.04143608295393437,0.18036848701180638,0.08872221642612875,0.008975541836774844,-0.025516086913291845,0.38806089204959493,-0.20156309491583888,0.12789596366752015,0.1503937044621789,0.11340700597604,0.1662950431666319,0.31605517367239877,0.31626446930358326,-0.2688525390751869,-0.23497703259441213,-0.6818950630676603,2.775715655692279,-0.12641861897147907,-0.071568525291851,0.651068744545621,0.17517207832310983,-0.2837244130358797,-0.05933768281964149,-0.0158205855430532
459,0.5710140729030543,0.09919251932906349,-0.33934258868829625,0.1220174870673977,0.06129942909837034,0.19601231956388124,0.20596975380684593,-0.057684741153323484,0.07384757606653194,0.1206064019918302,-0.11958844677906617,0.4510220067914173,0.15244082736729989,0.07288885104996093,0.1748984588804126,0.003142846329034149,-0.40042171646973945,0.30944710287579563,0.17593608521602916,-0.10071744145415372,0.16218366883225244,0.3227604970412312,0.28884407459477013,0.11496552590834287,0.1509781412018274,0.21715120410033667,-0.11088653938316373,-0.3298778796407805,0.19739197841878328,0.2574074511740544,-0.1363443429204539,0.28392816400072096
460,-0.09744491478413504,0.029835882608371077,0.23244847910803215,0.3923522683435107,0.03999411295101348,0.11021291834797739,-0.01051268262747767,0.44645725699367006,0.34622605703385295,0.023401847563298758,-0.11233793060977981,0.3873237836404128,0.14370153652087095,-0.06519178307126122,0.31264062742987014,-0.10219671826133284,0.26649930142069256,0.028878761909011532,0.1512351673111633,0.0687471240577064,0.025303337699693184,0.07991964893101931,0.14910613995433913,0.19804799431612866,0.22340053763778864,0.17654672439733954,0.03768084644007833,-0.1361437516837773,0.5126401164044888,0.10727375240522918,0.14836359842633548,0.14084473078919998
461,-0.4260345743094281,0.5984436178614774,0.15948649245452387,-0.038225245979315856,0.072414285313609,-0.18844126538241282,-0.1530571398391794,0.2893326305696375,0.0598365955185277,0.08329014142793219,0.18442346306946247,0.15962615506932024,0.13672065948977402,-0.059372907008158365,0.28230669455910706,-0.10897268141169947,0.4019389235070164,0.08865320947212052,0.11316297154198258,0.46291758814384293,0.2387995848553981,0.03761959736561409,0.18756622566533648,0.2599602085144369,0.3648744076231162,0.34342646217838496,-0.01628559255808749,0.22344916562290068,-0.0022649620560798393,0.00023042973591467987,-0.0639301801780728,0.2854839681489928
462,0.13484381164054374,0.14901686786802,0.06131121467129291,0.20880832158794416,0.11021351393836613,0.2811349847358627,0.0014623392565319142,0.04784244341978576,0.0077741013978389175,0.04641076076847641,-0.12295444257606764,0.39770783469686205,0.08172071414989064,0.24383857054727498,0.12692743882989452,-0.09579475570179191,-0.37215607382295773,0.42858710956831947,0.169608015722371,-0.08047575649163148,0.16236333567151778,0.17047529049149088,0.07176664141241576,-0.05498110129799243,0.15183112240756858,0.10787259292306504,0.01840890062904963,-0.0995598219957391,0.4821384641347985,-0.10720510281794955,-0.02327093882632231,0.1233734843112984
463,-0.2131146307468916,-0.22820094866907836,-0.4077636285835352,-0.15881599178038797,0.874523150438384,-0.0030598719334408316,0.39096949337005593,0.5105758017641661,-0.3718423771208559,0.18668007377330023,0.005169852410660244,-0.04538704312831413,-0.09714475970879345,0.024406105133026493,0.355073964073535,0.3305091004000071,0.5569329242264648,-0.246023278873846,-0.02073871481096764,-0.029680462238063903,0.14956677270984858,0.3599731363146606,0.1693893827989283,0.11021291834797739,-0.01051268262747767,0.44645725699367006,0.34622605703385295,0.023401847563298758,-0.11233793060977981,0.3873237836404128,0.14370153652087095,-0.06519178307126122
464,0.16841010577103913,-0.17184534665718618,0.5705404810089426,0.0008958314648755303,0.23630351086435855,0.4555579162737879,0.246515426242668,0.01770617465262488,0.15591559768791044,0.06181623550682581,-0.032007325327046816,0.09425897787719907,0.18704035057159146,0.1166120799555511,0.10308527413401705,0.17846779112789968,0.22208583212672164,0.10912076590162222,0.08387223257892588,0.007282743814128762,0.020612343586763032,-0.016019177985158884,0.02271247292045064,0.29107111576143124,0.1045071141541918,0.12488891724892921,0.20435731266315316,-0.11441071768470902,-0.27684410127456854,0.93613725027831,0.36905839115702316,-0.42191937147693376
465,0.22417321000734797,0.3377246363120925,-0.25067496534820216,-0.33049876626994434,-0.49479408873313274,1.2506888914384577,-0.16999080995714083,0.24400616256787622,0.6145468467126224,0.182811459615623,-0.27451396654390714,-0.037243909461088076,-0.08742949038525093,0.17124113491377574,-0.20272806045545047,0.5714173973408444,0.21369508916669722,0.2864317522176922,0.2649233174487815,-0.22582008661066053,0.010747444669999833,-0.04684048839730427,0.3445276958741689,0.5201111219843413,0.11982048966670107,-0.0519861583077886,0.27183294112990597,-0.11338464126334705,0.22044835283863562,0.18175378128055952,0.21507230996456794,-0.11110494277211024
466,0.21836952852283753,-0.1975496083240688,0.06599459167266276,0.2140158170798685,0.032016070946640766,-0.2056916248099073,-0.09977122531837382,0.2566705868769431,0.13093400103470756,0.03957451191768845,0.1932733614432001,-0.05430886755852945,0.05310248474394906,0.3607471428065565,0.06233658555976345,0.07738168420339343,0.12333235587442908,0.2295099569039927,-0.25049233079671207,-0.02327093882632231,0.13330989518342076,0.06458116259471598,0.2819858073684284,0.37945256073396405,0.2729517301749195,-0.12099987263672833,-0.39104435029717977,-0.58788795971382,0.8825455177838787,0.5486551716555055,-0.23240833069389197,0.7000941381334126
467,-0.03415029254685713,-0.1361437516837773,0.5126401164044888,0.10727375240522918,0.14836359842633548,0.12651636049186124,0.12692743882989452,-0.09579475570179191,-0.37215607382295773,0.42858710956831947,0.169608015722371,-0.08047575649163148,0.16236333567151778,0.17047529049149088,0.07176664141241576,-0.05498110129799243,0.15183112240756858,0.10787259292306504,0.01840890062904963,-0.0995598219957391,0.4821384641347985,-0.10720510281794955,-0.02327093882632231,0.13330989518342076,0.06458116259471598,0.2819858073684284,0.37945256073396405,0.2729517301749195,-0.12099987263672833,-0.39104435029717977,-0.58788795971382,0.8825455177838787
468,0.07318155581320575,0.27957828264201523,0.07241198467246238,-0.0009804569413706596,0.01559715395447646,-0.0341945571464552,0.1063634492370031,0.1962990495609203,-0.13145164010685437,0.23843065633277077,0.11969849148818573,0.15101489071696825,-0.19871529312115233,0.16387788756728414,0.12461655134544304,0.17041386042389656,0.2758894441198532,0.38565678848867624,-0.2093333395469959,-0.3086869045626521,-0.45859624206429583,0.01881267170159937,0.9213821360251874,-0.015658216600592058,0.46151196219940505,0.24565546618544085,-0.17423414406398183,-0.17888375096808656,0.14457497153757373,0.16150134876585814,-0.04888249344416614,0.25742689993318923
469,0.4507323785553294,-0.0691774432698838,0.2709843384910566,-0.11948577717296034,0.22477882403469934,0.15412082330316929,0.1598372675145959,0.0706787807519289,0.10415277268582958,0.2735431170666892,0.06625407688356992,-0.34376971549729113,0.31053865854267393,0.23395754267823185,-0.08417891571780703,-0.19567178073345584,0.048418260223786674,0.18092982217949402,0.11239773235496053,0.14034718129468007,0.103879389049588,-0.16034808885176957,0.582480184304969,-0.026167537045574178,0.3188360004878918,-0.2702599241409216,0.3528982149432685,0.205696934332813,-0.06894471559741094,-0.21754472327174948,0.11712542482710067,0.13726845392845502
470,0.2477901823414091,0.11239773235496053,0.14034718129468007,0.07531665293909175,0.1662271851755465,-0.07427673148701162,0.2817765778115769,0.18876158217694772,0.12025697212036957,0.3552151175162411,0.3004909622472764,0.044637696916542596,0.1491258597087924,0.10443331001532027,-0.012240582376639745,0.13886281909376522,0.1707648473086524,-0.014562473930395762,0.21364801688882992,0.17429534874748348,0.2011047102573123,-0.05911225422027029,0.08494763497111985,0.14760436881813735,-0.17392707701365767,-0.14536143896619835,0.04333727706415184,0.1220174870673977,0.06129942909837034,0.19601231956388124,0.20596975380684593,-0.057684741153323484
471,0.049220828979773264,0.2691318726029984,0.10583636003401536,0.0911876490090115,0.11016030936506847,0.2678296268354956,-0.11044697195648515,0.29822181701699224,0.06963025852130174,-0.04415721420156436,-0.08021739414216453,0.21015504769464924,0.16078174031700854,0.18936452476172624,0.09562393978438231,0.14760436881813735,-0.17392707701365767,-0.14536143896619835,0.04333727706415184,0.1220174870673977,-0.16103692040281334,0.5826515229678326,0.15623469052714475,0.27640262933912124,0.47201011607596016,-0.28281767262770263,-0.0037568732807429827,-0.006068095610988907,0.22353226918003677,0.31634318939043543,0.1452137764050096,0.07004406608160774
472,0.010435914587602436,-0.04540130560443173,0.3380206448902753,0.12849141162106129,-0.025839607220092212,0.12045898537141242,0.286877200722593,0.06552001088711226,-0.01222018030071071,0.05668940185689197,0.2764113425491008,-0.11948577717296034,0.22477882403469934,0.15412082330316929,0.1598372675145959,0.0706787807519289,0.10415277268582958,0.2735431170666892,0.06625407688356992,-0.34376971549729113,0.31053865854267393,0.23395754267823185,-0.08417891571780703,-0.19567178073345584,0.048418260223786674,0.12787983090555988,0.09892670391507088,0.19799846171187263,0.08817550672737952,0.016104682807028897,0.19820898945179852,-0.1228961939348214
473,-0.19771289689077395,0.32661083949314984,0.10384331692069787,0.07711382871774942,0.20992472947069074,0.08617134357782268,0.07831120315928315,-0.036381717160680845,0.1918282357010622,0.2566953352236003,0.09440814158715664,0.25877643221949886,0.36206636083348,0.018964750924899278,0.22176350952506277,0.27184088809068,0.1166120799555511,0.09792677789693013,0.06194530865691656,0.37457832382160033,-0.06519178307126122,0.31264062742987014,-0.10219671826133284,0.20037398764353218,0.20497716776757982,0.17400369564042703,-0.09436305739060516,0.33469231135482114,0.32166518950735806,-0.2270480455207728,-0.14535264944239704,0.1636217548875396
474,0.164257142074729,0.09676305399739243,0.18006443606999176,0.03226528517847111,-0.44078944845124995,0.3380206448902753,0.10944836239643994,-0.1271890839969909,0.22798368323536836,0.14083053914836333,-0.02431958698577717,-0.014774917010754571,0.30790953094728557,0.026633443720634878,-0.10502185721591453,0.16212723952415709,0.10247846737264223,0.21692267376731647,0.19989817570442997,0.4592312571483904,-0.16129594391123622,-0.2057051867824583,-0.535203756815677,-0.18224044766622266,1.631133135384752,-0.27684410127456854,0.93613725027831,0.36905839115702316,-0.42191937147693376,0.19518663288242172,0.15183112240756858,0.10787259292306504
475,0.06574911402424904,0.11982381637853495,-0.0036322028767203193,0.5154484502995313,0.33459213058936754,-0.16129594391123622,-0.2057051867824583,-0.535203756815677,-0.18224044766622266,1.631133135384752,-0.27684410127456854,0.93613725027831,0.36905839115702316,-0.42191937147693376,0.1594097460088622,0.003986715639722211,-0.10353847396758291,-0.08273860521489726,0.36219842017178827,0.20395349412622332,0.39656667760254666,0.3438782254724192,-0.22430789111493196,-0.13216215275703985,0.04131191411989849,0.29312924637770893,0.3748098077100532,-0.14469081953720858,0.08939889071784639,0.14222625457533922,0.16669027954134422,-0.026167537045574178
476,0.23395754267823185,-0.08417891571780703,-0.19567178073345584,0.048418260223786674,-0.08989782196509587,0.582480184304969,-0.3559074918669623,0.3343738849909891,0.2335672723395901,-0.11006995253884413,-0.15640318226972538,0.5826515229678326,0.15623469052714475,0.27640262933912124,0.47201011607596016,-0.28281767262770263,-0.0037568732807429827,-0.006068095610988907,0.22353226918003677,0.31634318939043543,0.1452137764050096,0.07004406608160774,0.05316462727074893,0.2340448883930044,0.14128623717498243,0.16458087537784533,0.23046833214655307,-0.04177403759466122,-0.30418711666720355,0.3528982149432685,0.205696934332813,-0.06894471559741094
477,-0.20577899822194573,0.20485280725032834,0.5710140729030543,0.09919251932906349,-0.27453754616669024,0.31856934468977854,-0.1471160322989946,0.13224843227692928,-0.13744108689493145,0.7512025272323432,0.10323363556716901,0.37562684311726585,0.43329493229864297,-0.3915575391071216,0.1991874509102764,-0.16436390704998038,0.4455944499953284,0.21781015800967046,0.10304113458430038,0.07360110385407279,0.15670911251286973,0.45003162645293465,0.16110004426294264,0.045895226796395086,-0.06052322043582949,0.3588586837516724,0.3481189339598148,-0.046633282251753776,0.28704697470443025,-0.23376505563265904,0.25903415533466395,0.05353362786240616
478,0.16236333567151778,0.17047529049149088,0.07176664141241576,-0.05498110129799243,0.15183112240756858,0.10787259292306504,0.01840890062904963,-0.0995598219957391,0.4821384641347985,-0.10720510281794955,-0.02327093882632231,0.13330989518342076,0.06458116259471598,0.2819858073684284,0.37945256073396405,0.2901257044276129,0.4006017258170882,-0.10347017542090149,-0.06487001071552723,0.022974105712554253,0.04205130832165293,0.3890877324073698,0.23355982518621926,0.029024701733186827,-0.023190079283785647,0.41946818135912745,0.396950895585359,0.05722556129495675,-0.05963657763210757,0.24747498490240735,0.1906227232740485,-0.06664940695669395
479,0.1101646675136064,0.24823346342850847,0.42630163816159206,-0.2131146307468916,-0.22820094866907836,-0.4077636285835352,-0.15881599178038797,0.874523150438384,-0.0030598719334408316,0.39096949337005593,0.5105758017641661,-0.3718423771208559,0.18668007377330023,0.005169852410660244,-0.04538704312831413,-0.09714475970879345,0.024406105133026493,0.355073964073535,0.3305091004000071,0.5569329242264648,-0.246023278873846,-0.02073871481096764,-0.029680462238063903,0.14956677270984858,0.3599731363146606,0.1693893827989283,0.11021291834797739,-0.01051268262747767,0.44645725699367006,0.34622605703385295,0.023401847563298758,-0.11233793060977981
480,-0.01872348367883698,0.3321338277666288,0.10912076590162222,0.08387223257892588,0.007282743814128762,0.020612343586763032,-0.016019177985158884,0.02271247292045064,0.29107111576143124,0.1045071141541918,0.12488891724892921,0.20435731266315316,-0.18873985973198337,-0.2630977126021474,0.15538551639601741,0.3429873811746431,0.3099970298175544,0.471489611372563,-0.22685151173680398,-0.03410554351064948,-0.026979094668769906,0.21026955100633232,0.3594575830872452,0.10738292971034552,0.1268252869070336,-0.054658024990498495,0.5979804251199937,0.2526440820179429,0.030295772611395898,-0.07139014448203919,-0.08424507459956743,-0.05323316428520335
481,0.08641717028161186,-0.003973490509346585,0.011717367533914707,-0.04143608295393437,0.18036848701180638,0.08872221642612875,0.008975541836774844,-0.025516086913291845,0.38806089204959493,-0.20156309491583888,0.12789596366752015,0.1503937044621789,0.11340700597604,0.1662950431666319,0.31605517367239877,0.31626446930358326,-0.2688525390751869,-0.23497703259441213,-0.6818950630676603,2.775715655692279,-0.12641861897147907,-0.007154493746557672,0.09919251932906349,-0.27453754616669024,-0.07896928497537498,0.03606607937215022,0.11905401693134181,-0.17504131225752168,0.08362171842498309,0.2566705868769431,0.05332100360012209,0.1334798000593729
482,0.049220828979773264,0.2691318726029984,0.10583636003401536,0.0911876490090115,0.11016030936506847,0.2678296268354956,-0.11044697195648515,0.1929031841309039,0.07697746817363835,0.056999667600075014,-0.03415029254685713,-0.1361437516837773,0.5126401164044888,0.10727375240522918,0.14836359842633548,0.14084473078919998,0.06738289843327507,-0.10629703423484374,-0.4260345743094281,0.5984436178614774,0.15948649245452387,-0.038225245979315856,0.12200883569907046,0.1942458485822597,0.05373657295280298,-0.0481804193300597,0.15012172490551431,0.11914993570351617,-0.013910993924571376,-0.17796770742789422,0.2574074511740544,-0.1363443429204539
483,-0.11006995253884413,-0.15640318226972538,0.5826515229678326,0.15623469052714475,0.27640262933912124,0.47201011607596016,-0.28281767262770263,-0.0037568732807429827,-0.006068095610988907,0.22353226918003677,0.4465474353484157,-0.0022649620560798393,0.00023042973591467987,0.07425954369573716,0.1967581543584978,0.11716303057832608,0.12569717207255016,0.1748343889916414,-0.11600447725845392,-0.322697042332726,0.20051624388285613,0.21910904649794555,0.1093603113504988,0.29244900495504983,-0.04165440635732474,-0.14535264944239704,0.1636217548875396,0.3461298946903398,-0.2333565673052771,-0.30008190849311206,0.3332262163068803,0.15339784011706106
484,-0.3323103623367577,-0.3518348089665249,0.22503561746781034,0.23051347462592298,-0.2674087357689618,0.05272393126356598,0.22506923505064735,0.10261484021232775,-0.21198150695143764,-0.19771289689077395,0.496741931392511,0.2566705868769431,0.05332100360012209,0.1334798000593729,0.1915060377599846,-0.10391341217997091,0.06058882282941367,0.32661083949314984,0.10384331692069787,0.07711382871774942,0.20992472947069074,0.08617134357782268,0.07831120315928315,-0.036381717160680845,0.1918282357010622,0.2566953352236003,0.09440814158715664,0.25877643221949886,0.36206636083348,0.018964750924899278,0.22176350952506277,0.0976938196030565
485,0.15244082736729989,0.07288885104996093,0.1748984588804126,0.003142846329034149,-0.40042171646973945,0.30944710287579563,0.17593608521602916,-0.10071744145415372,0.16218366883225244,0.3173986533652038,0.15183112240756858,0.10787259292306504,0.01840890062904963,-0.0995598219957391,0.4821384641347985,-0.10720510281794955,-0.05187284120969639,0.049220828979773264,0.2691318726029984,0.10583636003401536,0.24126901895801228,-0.08465861384669789,-0.0481804193300597,0.15012172490551431,0.05473819161936285,-0.05307296768324391,0.15659419328815105,0.10901691378591169,-0.06287418633695564,0.020789453641837097,0.4234865458933099,-0.1161805714536689
486,0.17517207832310983,-0.2837244130358797,-0.05933768281964149,-0.0158205855430532,0.10766783526534249,-0.15136662886912727,0.732439073067299,0.16811112115875754,-0.015008928848916511,0.27685820958904017,-0.238454914255154,0.1622885154367558,0.27244070008152355,0.11639784455030472,0.24558940996994993,0.2716166448893086,0.23132011143789816,-0.37003291712239705,-0.45930796864318557,0.08435528278984028,0.4794833804839934,-0.09284003963689724,0.26295154864488435,0.6020717966020154,0.09929767896570325,-0.05055300144419804,0.11493399400923741,0.16398023443426096,0.08641616074491512,-0.030744876890875142,0.15299923789997705,0.18704035057159146
487,0.42858710956831947,0.19121772832620332,0.3599731363146606,0.1693893827989283,0.11021291834797739,-0.01051268262747767,0.44645725699367006,0.34622605703385295,0.023401847563298758,-0.11233793060977981,0.3873237836404128,0.14370153652087095,-0.06519178307126122,0.31264062742987014,-0.10219671826133284,0.20037398764353218,0.20497716776757982,0.17400369564042703,-0.09436305739060516,0.33469231135482114,0.32166518950735806,-0.2270480455207728,-0.14535264944239704,0.1636217548875396,0.3461298946903398,-0.2333565673052771,-0.30008190849311206,0.3332262163068803,0.15339784011706106,0.17350277886178694,0.14443373400405532,0.06937373250251755
488,0.016130026589419835,0.13604560052272469,-0.018288587728737135,0.021704303877180964,-0.05845547641045337,0.3308041747258856,0.07233026323861323,0.27685820958904017,-0.238454914255154,0.39192229350120666,-0.17611053221229445,0.532684865743833,0.11982048966670107,-0.0519861583077886,0.27183294112990597,-0.11338464126334705,0.22044835283863562,0.18175378128055952,0.21507230996456794,-0.11110494277211024,0.3924486791878392,0.2295099569039927,-0.25196316607160346,-0.05078018175580146,0.2269836513911627,0.09454735228493921,0.2455881403904545,0.07001697677655477,0.22342416318361763,0.07008561531728158,-0.12319514448977624,-0.06574295470794776
489,0.32466681415976595,-0.054898688296048936,0.22432644828488973,-0.1232149241758918,0.2686244753741979,0.15454741133606334,0.11838573542352976,-0.038603364347782866,0.3807558613147009,0.17224841861994322,-0.09851033897345973,-0.1994683328230255,0.23980010892210227,0.24982258900136312,-0.11600447725845392,-0.322697042332726,0.20051624388285613,0.21910904649794555,0.1093603113504988,0.29244900495504983,0.07156915212888351,0.03981403283697342,0.001220357624790931,-0.07007502669067454,0.4895214773529827,0.0637917868463912,0.21208714275880025,0.4495007379400005,0.2933092651678347,-0.07857167594071549,0.2854839681489928,0.032279450992784585
490,1.2345642521917752,-0.2390661515095062,0.038704122045745096,0.19799846171187263,0.08817550672737952,0.016104682807028897,0.19820898945179852,-0.1228961939348214,0.46117402403887836,0.010629951960803224,0.2329295694666118,0.43160144306355575,0.23386430015327572,0.022736716960153926,0.20677149441364567,0.05235944102725745,0.11372970094486329,0.14760436881813735,-0.17392707701365767,-0.14536143896619835,0.04333727706415184,0.1220174870673977,0.06129942909837034,0.19601231956388124,0.20596975380684593,-0.057684741153323484,0.095278783207345,-0.038225245979315856,0.12200883569907046,0.1942458485822597,0.05373657295280298,-0.0481804193300597
491,0.1673903322242667,-0.09284999744819501,0.3101946871467882,-0.16972559312542665,0.3638470451044476,0.20503724985454205,0.1459981126354451,-0.09139857051369302,0.3563536013904831,0.2492544554621723,-0.1378062638889054,-0.2005062652564799,0.18019128493810643,0.22391055848401822,0.2086211161338412,0.3854280947760623,0.3481189339598148,-0.046633282251753776,0.28704697470443025,-0.23376505563265904,0.27487329461149623,0.4555579162737879,0.246515426242668,0.01770617465262488,0.15591559768791044,0.06181623550682581,-0.032007325327046816,0.09425897787719907,0.18704035057159146,0.1166120799555511,0.10308527413401705,0.17846779112789968
492,0.13598333473215593,0.03048863895714203,0.12638483116916358,0.056999667600075014,-0.03415029254685713,-0.1361437516837773,0.5126401164044888,0.10727375240522918,0.14836359842633548,0.14084473078919998,-0.07991486120750843,-0.4268141196430951,0.40979557006932316,0.23961717018966824,0.25029447368492114,-0.2333565673052771,-0.30008190849311206,0.3332262163068803,0.15339784011706106,0.17350277886178694,0.14443373400405532,0.06937373250251755,0.1938846693083236,-0.020397626293515884,0.056241500047262236,0.31501257601781585,0.03521232712560007,0.31260451285604524,0.31800420099521304,-0.005335817680394406,0.27501372788438055,0.20689829639105578
493,0.27244070008152355,0.11639784455030472,-0.04205176153840695,0.10799564566925353,0.14738116301118354,0.09492199006514247,-0.11601169124174311,0.04205130832165293,0.3890877324073698,0.2649233174487815,-0.22582008661066053,0.010747444669999833,-0.027669554663940353,-0.05307296768324391,0.15659419328815105,0.10901691378591169,-0.06287418633695564,0.020789453641837097,0.4234865458933099,-0.1161805714536689,-0.04633283163100682,0.2136761375202918,0.026845380112417255,0.3461298946903398,-0.2333565673052771,-0.16149980301181316,0.12787983090555988,0.09892670391507088,0.19799846171187263,0.08817550672737952,0.016104682807028897,0.19820898945179852
494,0.1109715537947085,0.15412082330316929,0.1598372675145959,0.0706787807519289,0.10415277268582958,0.2735431170666892,0.06625407688356992,-0.34376971549729113,0.31053865854267393,0.23395754267823185,-0.08417891571780703,-0.19567178073345584,0.048418260223786674,0.12787983090555988,0.09892670391507088,0.19799846171187263,0.04205130832165293,0.6010082712604319,-0.3718423771208559,0.18668007377330023,0.11220249260108255,0.17593608521602916,-0.10071744145415372,0.16218366883225244,0.2723849429441483,0.0383714803928995,-0.0341945571464552,0.1063634492370031,0.1962990495609203,-0.13145164010685437,0.23843065633277077,0.11969849148818573
495,0.03444382036243173,-0.08424507459956743,-0.05323316428520335,0.38394456914269876,0.12494821353405587,0.11626296745509843,0.1967032816729059,0.13604608051457204,-0.4410086830701572,0.20521445648280787,0.18187890191990846,-0.018412927239126024,0.08651782774696389,0.27957828264201523,0.07241198467246238,0.07384757606653194,0.14480516428365917,0.11473011258612666,-0.06087256733651791,0.10219365132836339,0.2904398373272532,-0.191413963210553,0.0962711095927171,0.19762225597500324,0.1081466919612358,0.23315219493351433,0.2759889856284672,0.3334386814242376,-0.2930011245453141,-0.3323103623367577,-0.21119585311806702,-0.003165621012834927
496,-0.14542367560108146,0.6780850513706412,0.024406105133026493,0.355073964073535,0.3305091004000071,0.5569329242264648,-0.246023278873846,-0.0572257811988168,0.06031076097975645,0.02182100849886886,0.32235892296680474,0.21043433282753074,0.04703410538990216,0.023224159920207973,0.3484169306665826,0.38464041570040863,0.08256728264784874,-0.11495180160911317,0.36064203219538704,0.1673903322242667,-0.09284999744819501,0.3101946871467882,-0.1650888467895287,0.027595165892406535,0.1692395764517847,-0.016804451873613534,0.004656571040100282,-0.11958844677906617,0.4510220067914173,0.15244082736729989,0.07288885104996093,0.1748984588804126
497,0.10304113458430038,0.07360110385407279,0.15670911251286973,0.45003162645293465,0.16110004426294264,0.045895226796395086,-0.06052322043582949,0.4507323785553294,-0.0691774432698838,0.2709843384910566,-0.11948577717296034,0.22477882403469934,0.15412082330316929,0.1598372675145959,0.0706787807519289,0.10415277268582958,0.2735431170666892,0.06625407688356992,-0.34376971549729113,0.31053865854267393,0.23395754267823185,-0.08417891571780703,-0.19567178073345584,0.048418260223786674,0.12787983090555988,0.09892670391507088,0.19799846171187263,0.08817550672737952,0.016104682807028897,0.19820898945179852,-0.1228961939348214,0.46117402403887836
498,0.24400616256787622,0.6145468467126224,0.182811459615623,-0.27451396654390714,-0.037243909461088076,-0.08742949038525093,0.17124113491377574,-0.20272806045545047,0.5714173973408444,0.21369508916669722,0.2864317522176922,0.2649233174487815,-0.22582008661066053,0.010747444669999833,-0.04684048839730427,0.3445276958741689,0.2670168397207595,0.11999193592579707,0.025195000573940488,0.2525280799707006,0.46609603032039665,0.12547576951623374,-0.014864298582347406,0.02672968558008701,0.3808117223227501,-0.09823658655877998,0.2407284347887408,-0.12405508083124386,0.22599906281655174,0.09248058503581906,0.02672968558008701,0.3808117223227501
499,0.2824571418874076,0.04509906066466046,0.31997096866254743,0.27166200964144344,0.061634111965513244,0.22032608542910156,0.21689918467645036,-0.19131993763789917,0.25762659116874836,0.064972871506301,0.25375125815818755,0.02226975501848725,0.184785809834214,0.16588222747740497,0.17018348502593558,0.027595165892406535,0.1692395764517847,-0.016804451873613534,0.004656571040100282,-0.11958844677906617,0.3088721414751267,0.2296552800988911,0.07187542666856812,0.09364824897947188,0.32807330067585855,-0.026167537045574178,0.3188360004878918,0.3648744076231162,0.34342646217838496,-0.01628559255808749,0.22344916562290068,-0.0022649620560798393
500,-0.25122925263422324,-0.31389127431207686,0.39595271167737006,0.2477901823414091,0.11239773235496053,0.14034718129468007,0.07531665293909175,0.14223356297833722,-0.0489257672682823,0.4019389235070164,0.08865320947212052,0.11316297154198258,0.46291758814384293,0.2387995848553981,0.2514624397230687,-0.18868606439129984,0.1938649078891614,0.11596495767376316,0.23218720665753584,0.05513546681446052,0.16570867460275632,0.18981378883331407,0.16929565744747385,0.016130026589419835,0.13604560052272469,-0.018288587728737135,0.021704303877180964,-0.05845547641045337,0.3308041747258856,0.164257142074729,0.09676305399739243,0.18006443606999176
501,0.0688545810301372,0.06682974592404096,-0.16034808885176957,0.582480184304969,-0.026167537045574178,0.3188360004878918,0.3648744076231162,0.34342646217838496,-0.01628559255808749,0.22344916562290068,-0.0022649620560798393,0.00023042973591467987,0.07425954369573716,0.1967581543584978,0.15896040578186071,-0.01051268262747767,0.44645725699367006,0.34622605703385295,0.023401847563298758,-0.11233793060977981,0.3873237836404128,0.14370153652087095,-0.06519178307126122,0.21981135794825915,0.10159629500858154,0.02285161943960793,0.007793924365852867,-0.09554214890318367,0.17101591016823178,0.1958943861923911,0.19659120888368425,0.0682533575974299
502,0.003142846329034149,-0.40042171646973945,0.30944710287579563,0.17593608521602916,-0.10071744145415372,0.16218366883225244,0.2723849429441483,0.0383714803928995,-0.0341945571464552,0.1063634492370031,0.16909328098410453,0.10787259292306504,0.01840890062904963,-0.0995598219957391,0.4821384641347985,-0.10720510281794955,-0.02327093882632231,0.13330989518342076,0.08741772252455793,-0.37717238805262293,0.2565974639919755,0.1570198042576097,0.15967623071216216,0.18518734134368978,0.03957451191768845,0.1932733614432001,-0.05430886755852945,0.05310248474394906,0.3607471428065565,0.06233658555976345,0.25202439925764925,0.3540554860126552
503,0.12234390728662362,0.014770973447222226,0.16841010577103913,-0.17184534665718618,0.5705404810089426,0.0008958314648755303,0.23630351086435855,0.4555579162737879,0.246515426242668,0.01770617465262488,0.15591559768791044,0.02067487604028523,0.147015137047838,0.0024338063128608364,0.5425282188367668,0.2102334860700648,-0.023462072827558623,-0.08357893242046706,0.012046783965827968,-0.3276340921767554,-0.560709760652686,0.014662593894547743,1.4080315384750042,-0.3211366212088857,1.0994415746910717,0.3631106194833644,-0.04183583524559557,0.07711382871774942,0.20992472947069074,0.08617134357782268,0.07831120315928315,-0.036381717160680845
504,0.09364824897947188,0.26063328665288116,0.13490246113837479,-0.10690798536618025,-0.20091983663120586,0.2564809375436427,0.2379115657403104,-0.03126694167154654,-0.2895737635617525,0.11571104830416722,0.19148059584239505,0.10402791108409856,0.23091537737709414,0.06650813331778027,0.0688545810301372,0.05310248474394906,0.3607471428065565,0.06233658555976345,0.25202439925764925,0.3540554860126552,0.054753129013971114,0.2585081347877139,-0.12952072144717805,0.22342416318361763,0.07008561531728158,-0.12319514448977624,-0.06574295470794776,0.34385555108441634,0.18533780760642687,0.16500535895414353,0.11298577658039052,0.1593491945626654
505,0.06181623550682581,-0.032007325327046816,0.09425897787719907,0.18704035057159146,0.1166120799555511,0.10308527413401705,0.17846779112789968,0.17192675592428788,0.009418074721667289,0.007793924365852867,-0.09554214890318367,0.17101591016823178,0.004656571040100282,-0.11958844677906617,0.4510220067914173,0.15244082736729989,0.07288885104996093,0.1748984588804126,0.003142846329034149,-0.40042171646973945,0.30944710287579563,0.17593608521602916,-0.10071744145415372,0.16218366883225244,0.2723849429441483,0.0383714803928995,-0.0341945571464552,0.1063634492370031,0.1962990495609203,-0.13145164010685437,0.23843065633277077,0.11969849148818573
506,0.3121144711635626,0.49930541624730584,0.09661674508426206,-0.04247753767970497,0.111002564726116,0.32466681415976595,-0.054898688296048936,0.22432644828488973,-0.1232149241758918,0.2686244753741979,0.08256728264784874,-0.11495180160911317,0.36064203219538704,0.1673903322242667,-0.09284999744819501,0.3101946871467882,-0.16972559312542665,0.3638470451044476,0.20503724985454205,0.1459981126354451,-0.09139857051369302,0.3563536013904831,0.2492544554621723,-0.1378062638889054,-0.07940268777706491,-0.30418711666720355,0.3528982149432685,0.205696934332813,0.20093656574037363,-0.4511072759401419,0.17850557601239259,0.04049002125523098
507,-0.46653684425022923,0.5227022905128348,-0.11411752537832029,-0.07300140090705133,0.015029837611797933,0.44060350728358616,0.19206526361875487,0.21823878721488263,0.2503177717232147,0.19920890419656892,0.006508261054583925,0.19637910122862356,0.5323290908947901,0.11239025342580698,0.019519458325689406,-0.024104684871840008,0.41000486829468213,-0.054332979629034356,0.19955843128181666,-0.154784423703279,0.3022190377547206,0.1947513444538738,0.06255089963037826,0.14128623717498243,0.16458087537784533,0.23046833214655307,-0.04177403759466122,-0.30418711666720355,0.3528982149432685,0.205696934332813,-0.06894471559741094,-0.21754472327174948
508,-0.14536143896619835,0.04333727706415184,0.1220174870673977,0.06129942909837034,0.19601231956388124,0.20596975380684593,-0.057684741153323484,0.07384757606653194,0.14480516428365917,0.11473011258612666,-0.06087256733651791,0.10219365132836339,0.2904398373272532,-0.191413963210553,0.0962711095927171,0.19762225597500324,0.1081466919612358,0.23315219493351433,0.2759889856284672,0.3334386814242376,-0.2930011245453141,-0.3323103623367577,-0.21119585311806702,0.6359536634803336,-0.20577899822194573,0.20485280725032834,0.5710140729030543,0.09919251932906349,-0.27453754616669024,-0.07896928497537498,0.03606607937215022,0.11905401693134181
509,-0.2688525390751869,-0.463412784567476,1.631133135384752,-0.16290921351417928,0.22146573820555276,0.07314429710685592,-0.1271890839969909,0.22798368323536836,0.14083053914836333,-0.02431958698577717,-0.014774917010754571,0.30790953094728557,0.026633443720634878,-0.10502185721591453,0.16212723952415709,0.10247846737264223,0.21692267376731647,0.19989817570442997,0.4592312571483904,-0.16129594391123622,-0.009401565698521847,-0.06575779966302676,-0.4633805460079044,-0.6296462555508103,2.322443244981363,0.016820628608099946,-0.12210513461064502,0.7425967423056713,0.26569395997574946,-0.07497945616650767,0.6145468467126224,0.182811459615623
510,0.12200883569907046,0.1942458485822597,0.05373657295280298,-0.0481804193300597,0.15012172490551431,0.11914993570351617,-0.013910993924571376,-0.17796770742789422,0.6237727862359442,-0.0034213682837081223,-0.10107599037759238,0.18931492100556252,0.026950214585079065,0.18096547976886537,0.39861970155369486,0.3322918405849832,-0.0730539224471404,-0.3276340921767554,-0.560709760652686,0.014662593894547743,1.4854369484084697,0.24982258900136312,-0.11600447725845392,-0.28008426570388006,0.11571104830416722,0.19148059584239505,0.10402791108409856,0.23091537737709414,0.06650813331778027,0.0688545810301372,0.06682974592404096,-0.16034808885176957
511,-0.08021739414216453,0.21015504769464924,0.16078174031700854,0.18936452476172624,0.09562393978438231,0.14760436881813735,-0.17392707701365767,-0.14536143896619835,0.04333727706415184,0.1220174870673977,-0.029263023009425577,0.2329295694666118,0.43160144306355575,0.23386430015327572,0.022736716960153926,0.20677149441364567,0.05235944102725745,0.015779282541251688,0.07778099345810575,0.14475962330811473,0.1313550547189986,0.07443711931806851,0.2013810585084282,0.16537104813962505,0.16944948516711295,0.024987697732263607,0.04487858645134652,0.029272201147996082,0.03195666987309589,-0.04923300073592117,0.28884407459477013,0.11496552590834287
512,0.2729517301749195,-0.12099987263672833,-0.39104435029717977,-0.58788795971382,0.8825455177838787,0.5486551716555055,-0.23240833069389197,0.7000941381334126,0.3710274399415613,-0.46653684425022923,0.1554728609437766,0.24264684577496107,-0.17251053863600152,-0.14542367560108146,0.6780850513706412,0.11168107498567888,0.4323114787719322,0.40137010870007506,-0.35215411572254657,0.08641717028161186,-0.05935848768228961,0.33385057687905584,0.3426473591428643,0.0687471240577064,0.025303337699693184,0.07991964893101931,0.14910613995433913,0.13870999513948015,0.052111479316268625,0.2025166266354563,0.13030374742807277,0.28667888938837066
513,0.20395349412622332,0.39656667760254666,0.3438782254724192,-0.22430789111493196,-0.13216215275703985,0.04131191411989849,0.29312924637770893,0.36431095447616657,0.051655846724557176,0.147015137047838,0.0024338063128608364,0.5425282188367668,0.2102334860700648,-0.023462072827558623,-0.08357893242046706,0.5100102620576359,0.015971134607805734,0.13242407727825622,0.12389941991210354,-0.06701563151637725,0.2211385741886123,0.1901250685257231,0.18141069148365815,-0.01872348367883698,0.1602399761215795,0.18812549775877,-0.18329904817335113,-0.07514137787056428,-0.1361437516837773,0.5126401164044888,0.10727375240522918,0.14836359842633548
514,0.2011047102573123,-0.05911225422027029,0.1470775585761181,0.02369429402154779,0.005683677347195281,-0.1564723056670849,0.5746193857681196,-0.02953868185993533,0.3188360004878918,0.30292620138076715,0.25877643221949886,0.36206636083348,0.018964750924899278,0.22176350952506277,0.0976938196030565,-0.1011372261993832,0.23834739187748413,0.05627475275433264,0.2851260409760982,-0.04093780864936718,0.22340053763778864,0.17654672439733954,0.13598333473215593,0.03048863895714203,0.12638483116916358,0.056999667600075014,-0.03415029254685713,-0.1361437516837773,0.5126401164044888,0.10727375240522918,0.14836359842633548,0.14084473078919998
515,0.2211385741886123,0.1901250685257231,0.18141069148365815,-0.01872348367883698,0.1602399761215795,0.18812549775877,-0.18329904817335113,0.03510975496160437,0.24519022089989018,0.04521427973100914,-0.18844126538241282,-0.1530571398391794,0.2893326305696375,0.0598365955185277,0.08329014142793219,0.18442346306946247,0.08528067838339004,0.10619021298001333,-0.07427673148701162,0.2817765778115769,0.18876158217694772,0.12025697212036957,0.3552151175162411,0.3004909622472764,0.044637696916542596,0.1491258597087924,0.10443331001532027,-0.012240582376639745,0.4759955137485313,0.015971134607805734,0.13242407727825622,0.12389941991210354
516,0.3445276958741689,0.2670168397207595,0.11999193592579707,0.025195000573940488,0.2525280799707006,0.46609603032039665,-0.03864764718918369,0.44645725699367006,0.34622605703385295,0.023401847563298758,-0.11233793060977981,0.3873237836404128,0.14370153652087095,-0.06519178307126122,0.2872084495194976,-0.11948577717296034,0.22477882403469934,0.15412082330316929,0.1598372675145959,0.0706787807519289,0.10415277268582958,0.2735431170666892,0.06625407688356992,-0.34376971549729113,0.31053865854267393,0.23395754267823185,-0.08417891571780703,-0.19567178073345584,0.048418260223786674,0.12787983090555988,0.09892670391507088,0.19799846171187263
517,0.2566705868769431,0.05332100360012209,0.1334798000593729,0.1915060377599846,-0.10391341217997091,0.2707704521290764,0.732439073067299,0.16811112115875754,0.3065383859292377,0.3339580943966088,-0.3258809547938212,0.13330811200126508,-0.16700246707206481,0.35905073798042664,0.2503177717232147,0.19920890419656892,0.006508261054583925,0.19637910122862356,0.5323290908947901,0.11239025342580698,0.019519458325689406,-0.024104684871840008,0.41000486829468213,-0.054332979629034356,0.19955843128181666,-0.154784423703279,0.3022190377547206,0.1947513444538738,0.06255089963037826,0.14128623717498243,0.16458087537784533,0.23046833214655307
518,-0.30418711666720355,0.3528982149432685,0.205696934332813,-0.06894471559741094,-0.21754472327174948,0.11712542482710067,-0.19905544251875887,0.36219842017178827,0.20395349412622332,0.39656667760254666,0.3438782254724192,-0.22430789111493196,-0.13216215275703985,0.04131191411989849,0.15220612611650494,-0.07588574258395304,0.2146160329797934,0.30387177201667565,0.3066306355625916,0.5546419203281793,-0.26978020481639686,-0.09744491478413504,0.029835882608371077,0.23244847910803215,0.3923522683435107,0.06574911402424904,0.11982381637853495,-0.0036322028767203193,0.5154484502995313,0.2044492602416065,0.04163234839464616,-0.09945040258569912
519,0.003986715639722211,-0.10353847396758291,-0.08273860521489726,0.12715199464887306,0.40902791458143434,0.3099970298175544,0.471489611372563,-0.22685151173680398,-0.03410554351064948,-0.026979094668769906,0.21026955100633232,0.3594575830872452,0.10738292971034552,0.1268252869070336,-0.054658024990498495,0.5979804251199937,0.2526440820179429,0.030295772611395898,-0.17611053221229445,0.532684865743833,0.11982048966670107,-0.0519861583077886,0.27183294112990597,-0.11338464126334705,0.22044835283863562,0.18175378128055952,0.21507230996456794,-0.11110494277211024,0.3924486791878392,0.2295099569039927,-0.25196316607160346,-0.05078018175580146
520,0.02582216832870876,0.10159629500858154,0.02285161943960793,0.007793924365852867,-0.09554214890318367,0.17101591016823178,0.1958943861923911,0.19659120888368425,0.0682533575974299,0.17317355494762385,-0.17423414406398183,-0.17888375096808656,0.08116888373365817,-0.015658216600592058,0.46151196219940505,0.4561894607607333,-0.4307036263075145,0.33404209236252513,-0.017315794149796837,-0.07556915478493191,-0.15398007638351432,0.1511533282653379,0.40902791458143434,0.3099970298175544,0.471489611372563,-0.22685151173680398,-0.03410554351064948,-0.026979094668769906,0.21026955100633232,0.3594575830872452,0.10738292971034552,0.1268252869070336
521,0.10304113458430038,0.07360110385407279,0.15670911251286973,0.45003162645293465,0.16110004426294264,0.045895226796395086,-0.06052322043582949,0.4507323785553294,-0.0691774432698838,0.2709843384910566,-0.11948577717296034,0.22477882403469934,0.15412082330316929,0.1598372675145959,0.0706787807519289,0.10415277268582958,0.2735431170666892,0.06625407688356992,-0.34376971549729113,0.31053865854267393,0.23395754267823185,-0.08417891571780703,-0.19567178073345584,0.048418260223786674,0.12787983090555988,0.09892670391507088,0.4281962975475891,0.18876158217694772,0.12025697212036957,0.3552151175162411,0.3004909622472764,0.044637696916542596
522,0.1915060377599846,-0.10391341217997091,0.3301924189647566,-0.1306468068111148,0.36493975362810666,0.1618681250337736,0.10981308189934724,0.4255352370150269,0.25980627869946177,0.028878761909011532,0.11490988181373216,0.04703410538990216,0.023224159920207973,0.3484169306665826,0.38464041570040863,0.08256728264784874,-0.11495180160911317,0.36064203219538704,0.1673903322242667,-0.09284999744819501,0.3101946871467882,-0.16972559312542665,0.3638470451044476,0.20503724985454205,0.1459981126354451,-0.09139857051369302,0.3563536013904831,0.2492544554621723,-0.1378062638889054,-0.2005062652564799,0.18019128493810643,0.2685197814770018
523,0.4019389235070164,0.08865320947212052,0.11316297154198258,0.46291758814384293,0.2387995848553981,0.03761959736561409,0.18756622566533648,-0.0032170019832001968,0.05780403347831227,0.08945759497947195,0.13484381164054374,0.14901686786802,0.06131121467129291,0.20880832158794416,0.11021351393836613,0.4090476609505036,0.17224841861994322,0.064972871506301,0.25375125815818755,0.02226975501848725,0.184785809834214,0.18973197792153806,0.14118158550631343,0.064420931619945,0.17813747119959616,0.11153480932866984,-0.2919755150128051,0.25194362687045424,0.18447934488472806,-0.03735439473461763,-0.17974141893035753,-0.045429781649620936
524,-0.01760761135922154,0.013769183121238256,0.3351624358998726,-0.14469081953720858,0.08939889071784639,0.14222625457533922,0.05859179600019127,0.2379115657403104,-0.03126694167154654,-0.29950853302676367,0.2704078672093213,0.267162624321814,0.12187058334242151,0.27546427786962585,0.061031905252357535,0.05848757429557536,-0.07720539751091571,0.010435914587602436,0.4970868953748266,0.0443270845504133,0.2086211161338412,0.3854280947760623,0.3481189339598148,-0.046633282251753776,0.28704697470443025,-0.23376505563265904,0.25903415533466395,0.07843309873801411,-0.23376505563265904,0.25903415533466395,0.05353362786240616,0.27552939681922384
525,-0.12319514448977624,-0.06574295470794776,0.34385555108441634,0.18533780760642687,0.08349745439089365,-0.033804194159752304,0.22917825142282022,0.37562684311726585,0.43329493229864297,-0.3915575391071216,0.1991874509102764,-0.16436390704998038,0.4455944499953284,0.18910737920788256,0.11496552590834287,0.1509781412018274,0.21715120410033667,0.1598372675145959,0.0706787807519289,0.10415277268582958,0.2735431170666892,0.06625407688356992,-0.34376971549729113,0.31053865854267393,0.23395754267823185,-0.08417891571780703,-0.19567178073345584,-0.1257959299635396,-0.06487001071552723,0.022974105712554253,0.04205130832165293,0.3890877324073698
526,-0.05078018175580146,0.2269836513911627,0.21109509114465294,-0.25122925263422324,-0.31389127431207686,0.39595271167737006,0.2477901823414091,0.11239773235496053,0.14034718129468007,0.07531665293909175,0.14223356297833722,-0.021651786553036286,0.12079119269608964,0.2824571418874076,0.04509906066466046,0.31997096866254743,0.27166200964144344,0.061634111965513244,0.22032608542910156,0.21689918467645036,-0.19131993763789917,0.25762659116874836,0.007214392162444229,0.19637910122862356,0.5323290908947901,0.11239025342580698,0.019519458325689406,-0.024104684871840008,0.41000486829468213,-0.054332979629034356,0.19955843128181666,-0.154784423703279
527,0.13242407727825622,0.12389941991210354,-0.06701563151637725,0.2211385741886123,0.1901250685257231,0.18141069148365815,-0.01872348367883698,0.1602399761215795,0.18812549775877,-0.18329904817335113,0.03510975496160437,0.24519022089989018,0.04521427973100914,-0.18844126538241282,-0.1530571398391794,0.2893326305696375,0.0598365955185277,0.08329014142793219,0.18442346306946247,0.1817130829618477,0.0835486894223549,0.2539780118352947,0.46291758814384293,0.2387995848553981,0.03761959736561409,0.18756622566533648,-0.0032170019832001968,0.05780403347831227,0.08945759497947195,0.13484381164054374,0.14901686786802,0.049277123846901444
528,0.2587212667043487,-0.14639799594510308,0.3286452837434767,0.21153885924695115,0.1163015082677053,-0.07607939841636727,0.4408191314993718,0.1944108882314549,-0.17628742224102106,-0.13205735314625608,0.1970317131241627,0.21112320288276687,-0.053256080531068464,-0.41024474767980984,0.2704078672093213,0.267162624321814,0.12187058334242151,0.27546427786962585,0.061031905252357535,0.05848757429557536,-0.07720539751091571,0.010435914587602436,0.4970868953748266,0.0443270845504133,0.2086211161338412,0.3854280947760623,0.3481189339598148,-0.046633282251753776,0.2400454935488453,0.07004406608160774,0.05316462727074893,0.5077589261353112
529,0.007282743814128762,0.020612343586763032,-0.016019177985158884,0.02271247292045064,0.29107111576143124,0.1045071141541918,0.12488891724892921,0.20435731266315316,-0.18873985973198337,0.06244038517316735,0.205696934332813,-0.06894471559741094,-0.21754472327174948,0.11712542482710067,0.13726845392845502,0.10477893452726418,0.154525193891985,0.12234390728662362,0.014770973447222226,0.16841010577103913,-0.17184534665718618,0.5705404810089426,0.0008958314648755303,0.23630351086435855,0.4555579162737879,0.17135287181476105,-0.005335817680394406,0.27501372788438055,0.20689829639105578,-0.18868606439129984,0.1938649078891614,0.11596495767376316
530,0.5690449243076188,0.21717996938913814,0.3279502886094016,0.09451606649497561,-0.1767098477946617,0.04486876508389453,-0.029810975371668404,0.36698137508616957,0.28390600937395283,0.06077700494192656,-0.03348926380060616,0.3121144711635626,0.49930541624730584,0.09661674508426206,-0.04247753767970497,0.111002564726116,0.32466681415976595,-0.054898688296048936,0.22432644828488973,-0.1232149241758918,0.3643824546740465,0.1615687764851244,-0.037857040474989806,0.16967044100176074,0.26818940340972797,0.1513353793055481,0.1525483543928927,0.05451036815254353,0.10581675702611819,0.21836952852283753,-0.1975496083240688,0.06599459167266276
531,0.1093603113504988,0.29244900495504983,0.07156915212888351,-0.08319473949824753,-0.02073871481096764,-0.029680462238063903,0.14956677270984858,0.3599731363146606,0.1693893827989283,0.11021291834797739,-0.01051268262747767,0.44645725699367006,0.34622605703385295,0.022435968176076956,0.20004137972598807,0.36206636083348,0.018964750924899278,0.22176350952506277,0.0976938196030565,-0.1011372261993832,0.23834739187748413,0.10055952344967481,0.23386430015327572,0.022736716960153926,0.20677149441364567,0.05235944102725745,0.015779282541251688,0.17031371682818988,0.0383714803928995,-0.0341945571464552,0.1063634492370031,0.1962990495609203
532,0.10159629500858154,0.02285161943960793,0.007793924365852867,-0.09554214890318367,-0.09122096688196836,0.0077741013978389175,0.04641076076847641,-0.12295444257606764,0.39770783469686205,0.08172071414989064,0.24383857054727498,0.12692743882989452,-0.09579475570179191,-0.37215607382295773,0.42858710956831947,0.169608015722371,-0.08047575649163148,0.16236333567151778,0.17047529049149088,0.07176664141241576,-0.05498110129799243,0.15183112240756858,0.10787259292306504,0.01840890062904963,-0.0995598219957391,0.4821384641347985,-0.10720510281794955,-0.0682217868516179,0.16212723952415709,0.10247846737264223,0.21692267376731647,0.19989817570442997
533,0.08939889071784639,0.14222625457533922,0.09454735228493921,0.2455881403904545,0.22417321000734797,0.3377246363120925,-0.25067496534820216,-0.33049876626994434,-0.49479408873313274,1.6947701193814022,-0.20577899822194573,0.20485280725032834,0.5710140729030543,0.09919251932906349,-0.27453754616669024,-0.07896928497537498,0.03606607937215022,0.11905401693134181,-0.17504131225752168,0.5690449243076188,0.21717996938913814,0.3279502886094016,0.09451606649497561,-0.1767098477946617,0.04486876508389453,-0.029810975371668404,0.36698137508616957,0.28390600937395283,0.06077700494192656,-0.03348926380060616,0.3121144711635626,0.49930541624730584
534,0.3924486791878392,0.2295099569039927,-0.25196316607160346,0.0066334317262653816,0.18447934488472806,-0.03735439473461763,-0.17974141893035753,-0.045429781649620936,0.1992759304480005,0.07407198980981192,0.17323991061961344,0.13672065948977402,-0.014606105836460213,0.19820898945179852,-0.1228961939348214,0.46117402403887836,0.010629951960803224,0.2329295694666118,0.32888540658403514,-0.017093960217367823,0.20446229175264322,0.077208066716257,-0.03473222436348715,0.2269899149422962,0.1513353793055481,0.1525483543928927,0.05451036815254353,0.10581675702611819,0.21836952852283753,-0.1975496083240688,0.06599459167266276,0.2140158170798685
535,-0.2093333395469959,-0.3086869045626521,-0.45859624206429583,-0.047575521504536526,-0.15881599178038797,0.874523150438384,-0.0030598719334408316,0.39096949337005593,0.5105758017641661,-0.3718423771208559,0.18668007377330023,0.005169852410660244,-0.04538704312831413,-0.09714475970879345,0.12100351014911725,0.10323363556716901,0.37562684311726585,0.43329493229864297,-0.3915575391071216,0.1991874509102764,-0.16436390704998038,0.25845740358022284,0.3923522683435107,0.06574911402424904,0.11982381637853495,-0.0036322028767203193,0.5154484502995313,0.2044492602416065,0.04163234839464616,-0.09945040258569912,0.46110913685599997,0.03434420395290914
536,-0.02431958698577717,-0.014774917010754571,0.30790953094728557,0.026633443720634878,-0.10502185721591453,0.16212723952415709,0.10247846737264223,0.21692267376731647,0.19989817570442997,0.4592312571483904,-0.16129594391123622,-0.2057051867824583,-0.535203756815677,0.2174486780872428,-0.07556915478493191,-0.15398007638351432,0.1511533282653379,0.40902791458143434,0.3099970298175544,0.471489611372563,-0.22685151173680398,-0.03410554351064948,-0.026979094668769906,0.21026955100633232,0.3594575830872452,0.10738292971034552,0.14321069112507417,0.13870999513948015,0.052111479316268625,0.2025166266354563,0.1351603730070635,-0.08747270326604926
537,-0.024104684871840008,0.41000486829468213,-0.054332979629034356,0.19955843128181666,-0.154784423703279,0.3022190377547206,0.1947513444538738,0.06255089963037826,0.14128623717498243,0.16458087537784533,0.23046833214655307,-0.04177403759466122,-0.30418711666720355,0.13230839410350537,0.05272393126356598,0.22506923505064735,0.10261484021232775,-0.21198150695143764,-0.19771289689077395,0.32661083949314984,0.10384331692069787,0.07711382871774942,0.20992472947069074,0.4890910191676534,0.21717996938913814,0.3279502886094016,0.09451606649497561,-0.1767098477946617,0.04486876508389453,-0.029810975371668404,0.36698137508616957,0.28390600937395283
538,-0.054898688296048936,0.22432644828488973,-0.1232149241758918,0.2686244753741979,0.15454741133606334,0.11838573542352976,-0.038603364347782866,0.04905131213059377,-0.09945040258569912,0.46110913685599997,0.03434420395290914,0.08108865698436285,0.1615687764851244,-0.037857040474989806,0.16967044100176074,0.20436905870817954,0.20064497471212211,-0.03419642558318104,0.22503561746781034,0.23051347462592298,-0.2674087357689618,0.05272393126356598,0.22506923505064735,0.10261484021232775,-0.21198150695143764,-0.19771289689077395,0.32661083949314984,0.10384331692069787,0.07711382871774942,0.20992472947069074,0.08617134357782268,0.07831120315928315
539,-0.49163582428543307,0.021414579109772094,1.2345642521917752,-0.2390661515095062,0.7216726934662775,0.37887817736150176,-0.4375915754722766,0.17850557601239259,0.04049002125523098,-0.0759962967737919,-0.07588574258395304,0.2146160329797934,0.30387177201667565,0.3066306355625916,0.5546419203281793,-0.26978020481639686,-0.09744491478413504,0.029835882608371077,0.23244847910803215,0.3923522683435107,0.049489935051207946,-0.18868606439129984,0.1938649078891614,0.11596495767376316,0.23218720665753584,0.05513546681446052,0.16570867460275632,0.18981378883331407,0.16929565744747385,0.016130026589419835,0.13604560052272469,-0.018288587728737135
540,0.0598365955185277,0.08329014142793219,0.18442346306946247,0.08528067838339004,0.10619021298001333,-0.07427673148701162,0.2817765778115769,0.18876158217694772,0.12025697212036957,0.3552151175162411,0.3004909622472764,0.044637696916542596,0.1491258597087924,0.10443331001532027,-0.012240582376639745,0.13886281909376522,0.0663289995961218,0.2459899734113378,-0.014562473930395762,-0.2179931898463199,-0.31389127431207686,0.39595271167737006,0.2477901823414091,0.11239773235496053,0.14034718129468007,0.07531665293909175,0.14223356297833722,-0.021651786553036286,0.12079119269608964,0.2824571418874076,0.04509906066466046,0.31997096866254743
541,-0.04538704312831413,-0.09714475970879345,0.024406105133026493,0.355073964073535,0.3305091004000071,0.5569329242264648,-0.246023278873846,-0.02073871481096764,-0.029680462238063903,0.14956677270984858,0.3599731363146606,0.1693893827989283,0.11021291834797739,-0.01051268262747767,0.44645725699367006,0.34622605703385295,0.023401847563298758,-0.11233793060977981,0.3873237836404128,0.14370153652087095,-0.06519178307126122,0.31264062742987014,-0.10219671826133284,0.20037398764353218,0.20497716776757982,0.17400369564042703,-0.09436305739060516,0.33469231135482114,0.32166518950735806,-0.2270480455207728,-0.14535264944239704,0.1636217548875396
542,0.23046833214655307,-0.04177403759466122,-0.30418711666720355,0.3528982149432685,0.205696934332813,-0.06894471559741094,-0.05006936554986506,-0.10391341217997091,0.3301924189647566,-0.1618510743330633,0.11571104830416722,0.19148059584239505,0.10402791108409856,0.23091537737709414,0.06650813331778027,0.0688545810301372,0.06682974592404096,-0.16034808885176957,0.582480184304969,-0.0372312195994652,-0.060469852378163214,0.03521232712560007,0.31260451285604524,0.31800420099521304,-0.005335817680394406,0.27501372788438055,0.20689829639105578,-0.18868606439129984,0.1938649078891614,0.11596495767376316,0.23218720665753584,0.05513546681446052
543,0.39770783469686205,0.08172071414989064,0.24383857054727498,0.12692743882989452,-0.12672018269484242,-0.13205735314625608,0.1970317131241627,0.21112320288276687,-0.053256080531068464,-0.41024474767980984,0.2704078672093213,0.17331956995381853,0.048418260223786674,0.12787983090555988,0.09892670391507088,0.19799846171187263,0.08817550672737952,0.016104682807028897,0.19820898945179852,-0.1228961939348214,0.46117402403887836,0.010629951960803224,0.1857699711284829,0.25711824639023834,0.27166200964144344,0.061634111965513244,0.18807204914658165,0.02226975501848725,0.184785809834214,0.16588222747740497,0.17018348502593558,0.027595165892406535
544,0.010435914587602436,0.4970868953748266,0.0443270845504133,0.2086211161338412,0.3854280947760623,0.4076929177225436,0.4507323785553294,-0.0691774432698838,0.2709843384910566,-0.11948577717296034,0.22477882403469934,0.15412082330316929,0.1598372675145959,-0.018291576308624057,0.23218720665753584,0.05513546681446052,0.16570867460275632,0.18981378883331407,0.16929565744747385,0.1904783495749308,0.10308527413401705,0.17846779112789968,0.22208583212672164,0.10912076590162222,0.08387223257892588,0.007282743814128762,0.020612343586763032,-0.016019177985158884,0.02271247292045064,0.29107111576143124,0.1045071141541918,0.048559178955229786
545,0.010747444669999833,-0.04684048839730427,0.3445276958741689,0.2670168397207595,0.11999193592579707,0.025195000573940488,0.2525280799707006,0.46609603032039665,0.12547576951623374,-0.014864298582347406,0.02672968558008701,0.3808117223227501,-0.09823658655877998,0.2407284347887408,-0.12405508083124386,0.22599906281655174,0.042566402171658364,0.111002564726116,0.32466681415976595,0.005457503983037541,0.31997096866254743,0.27166200964144344,0.061634111965513244,0.22032608542910156,0.21689918467645036,-0.19131993763789917,0.25762659116874836,0.064972871506301,0.25375125815818755,0.05972794301026688,0.24568803290532493,0.004656571040100282
546,0.12569717207255016,0.08359265059376635,0.33876510586308256,0.02582216832870876,0.10159629500858154,0.02285161943960793,0.2590776726826567,0.37945256073396405,0.2729517301749195,-0.36177025976917787,0.04824253836004144,-0.154784423703279,0.3022190377547206,0.1255727244267183,0.27685820958904017,-0.238454914255154,0.1622885154367558,0.27244070008152355,0.18024771828081165,-0.17504131225752168,0.5690449243076188,0.21717996938913814,0.3279502886094016,0.09451606649497561,-0.1767098477946617,0.04486876508389453,-0.029810975371668404,0.36698137508616957,0.28390600937395283,0.06077700494192656,-0.03348926380060616,0.3121144711635626
547,0.17654672439733954,0.2249866210402155,0.22417321000734797,0.3377246363120925,-0.25067496534820216,-0.33049876626994434,-0.49479408873313274,1.2506888914384577,-0.16999080995714083,0.24400616256787622,0.6145468467126224,0.182811459615623,-0.27451396654390714,-0.037243909461088076,-0.08742949038525093,0.17124113491377574,-0.20272806045545047,0.15340887391075933,-0.04633283163100682,0.2136761375202918,0.07494596567037431,0.25010784662062324,0.3523436055521462,0.16449856261676135,-0.06575779966302676,-0.23076970125100707,-0.06092265305807112,-0.07420667902913211,0.4772627981074588,-0.017093960217367823,0.20446229175264322,0.077208066716257
548,0.03606607937215022,0.11905401693134181,-0.17504131225752168,0.5690449243076188,0.21717996938913814,0.3279502886094016,0.09451606649497561,-0.1767098477946617,0.04486876508389453,-0.029810975371668404,0.36698137508616957,0.28390600937395283,0.06077700494192656,-0.03348926380060616,0.3121144711635626,0.49930541624730584,0.09661674508426206,-0.04247753767970497,0.111002564726116,0.21687732510698066,-0.0519861583077886,0.27183294112990597,-0.11338464126334705,0.22044835283863562,0.18175378128055952,0.21507230996456794,-0.11110494277211024,0.3924486791878392,0.2295099569039927,-0.25196316607160346,-0.05078018175580146,0.2269836513911627
549,-0.2837244130358797,-0.05933768281964149,-0.0158205855430532,0.10766783526534249,-0.15136662886912727,0.732439073067299,0.16811112115875754,0.3065383859292377,0.3339580943966088,-0.23869831601725638,-0.1228961939348214,0.46117402403887836,0.010629951960803224,0.2329295694666118,0.43160144306355575,0.23386430015327572,0.022736716960153926,0.20677149441364567,0.05235944102725745,0.015779282541251688,0.07778099345810575,0.14475962330811473,0.09344969447153727,0.2709843384910566,-0.11948577717296034,-0.20390164373752231,0.6237727862359442,-0.0034213682837081223,-0.10107599037759238,0.18931492100556252,0.026950214585079065,0.19559624078764845
550,-0.026167537045574178,0.3188360004878918,0.23658143447529667,-0.054658024990498495,0.5979804251199937,0.2526440820179429,0.030295772611395898,-0.08145189805244248,0.2407284347887408,-0.12405508083124386,0.22599906281655174,0.2296552800988911,0.07187542666856812,0.09364824897947188,0.26063328665288116,0.13490246113837479,-0.10690798536618025,-0.3956324623444238,0.40979557006932316,0.23961717018966824,-0.05766107861356521,0.14954493181396358,0.16384677242970036,0.06412993674654287,-0.07754603495020393,0.19927450157206136,0.22382878195307498,-0.09401895570000028,0.10799564566925353,0.14738116301118354,0.09492199006514247,-0.09869715727879487
551,-0.1228961939348214,0.46117402403887836,0.010629951960803224,0.2329295694666118,0.43160144306355575,0.23386430015327572,0.022736716960153926,0.20677149441364567,0.05235944102725745,0.015779282541251688,0.07778099345810575,0.14475962330811473,0.36349515286490497,-0.07857167594071549,0.2854839681489928,-0.1286611337248143,0.13799062650487542,0.049220828979773264,0.2691318726029984,0.10583636003401536,0.0911876490090115,0.11016030936506847,-0.15973124005822276,-0.13205735314625608,0.1970317131241627,0.21112320288276687,-0.053256080531068464,-0.41024474767980984,0.2704078672093213,0.267162624321814,0.12187058334242151,0.27546427786962585
552,0.2686244753741979,0.15454741133606334,0.11838573542352976,-0.038603364347782866,0.3807558613147009,0.17224841861994322,-0.09851033897345973,-0.1994683328230255,0.23980010892210227,0.24982258900136312,-0.11600447725845392,-0.322697042332726,0.20051624388285613,0.21910904649794555,0.1093603113504988,0.29244900495504983,0.07156915212888351,0.03981403283697342,0.001220357624790931,-0.07007502669067454,0.4895214773529827,0.0637917868463912,0.21208714275880025,0.4495007379400005,0.2933092651678347,-0.07857167594071549,0.2854839681489928,-0.1286611337248143,0.13799062650487542,0.049220828979773264,0.2691318726029984,0.10583636003401536
553,0.008586848590673934,-0.11958844677906617,-0.13877172979130742,0.28392816400072096,0.17315845339267563,0.05824213470011352,-0.05307296768324391,0.15659419328815105,0.10901691378591169,-0.06287418633695564,0.020789453641837097,0.4234865458933099,-0.1161805714536689,-0.04633283163100682,0.2136761375202918,0.07494596567037431,0.25010784662062324,0.3523436055521462,0.16449856261676135,-0.06575779966302676,-0.4633805460079044,-0.6296462555508103,2.322443244981363,0.016820628608099946,-0.12210513461064502,0.7425967423056713,0.26569395997574946,-0.48211955771040454,0.31856934468977854,-0.1471160322989946,0.13224843227692928,-0.13744108689493145
554,-0.08047575649163148,0.16236333567151778,0.17047529049149088,0.07176664141241576,-0.05498110129799243,0.15183112240756858,0.10787259292306504,0.37562684311726585,0.43329493229864297,-0.3915575391071216,0.1991874509102764,-0.16436390704998038,0.4455944499953284,0.21781015800967046,0.10304113458430038,0.07360110385407279,0.10837736180198708,0.1900673974285291,0.14118158550631343,0.064420931619945,0.17813747119959616,0.11153480932866984,-0.2919755150128051,0.25194362687045424,0.18447934488472806,-0.03735439473461763,-0.17974141893035753,-0.045429781649620936,0.1992759304480005,0.07407198980981192,0.17323991061961344,0.13672065948977402
555,0.18187890191990846,-0.018412927239126024,0.08651782774696389,0.27957828264201523,0.07241198467246238,-0.0009804569413706596,0.019828243580542443,0.21838582797646872,-0.026929355196783866,0.08118586580494987,0.0029661854615968316,0.34595842949403505,-0.21248517639154826,0.045107140934606355,0.28875087664909865,0.14815850872667752,0.16282803887473282,0.3842572887052237,-0.00910825187333178,-0.3009925401089623,0.19972618028101427,-0.16999080995714083,0.24400616256787622,0.6145468467126224,0.182811459615623,-0.27451396654390714,-0.037243909461088076,-0.16829982829436937,0.15659419328815105,0.10901691378591169,-0.06287418633695564,0.020789453641837097
556,0.021414579109772094,1.2345642521917752,-0.2390661515095062,0.7216726934662775,0.37887817736150176,-0.4375915754722766,0.17850557601239259,0.04049002125523098,-0.0759962967737919,-0.07588574258395304,0.2146160329797934,0.30387177201667565,0.0901953076271097,-0.09945040258569912,0.46110913685599997,0.03434420395290914,0.08108865698436285,0.1615687764851244,-0.037857040474989806,0.1866371607838281,0.2295099569039927,-0.25196316607160346,-0.05078018175580146,0.2269836513911627,0.21109509114465294,-0.25122925263422324,-0.31389127431207686,0.39595271167737006,0.2477901823414091,0.11239773235496053,0.14034718129468007,0.07531665293909175
557,0.18006443606999176,0.03226528517847111,-0.44078944845124995,0.3380206448902753,0.12849141162106129,-0.025839607220092212,0.12045898537141242,0.286877200722593,0.06552001088711226,-0.01222018030071071,0.05668940185689197,0.20093656574037363,-0.034300721465717984,0.09335134699302704,0.10120720781703763,0.14286338928645506,-0.10502185721591453,0.16212723952415709,0.10247846737264223,0.21692267376731647,0.2606327794977197,0.003142846329034149,-0.40042171646973945,0.30944710287579563,0.17593608521602916,-0.10071744145415372,0.16218366883225244,0.2723849429441483,0.0383714803928995,-0.0341945571464552,0.1063634492370031,0.1962990495609203
558,-0.03410554351064948,-0.026979094668769906,0.21026955100633232,0.3594575830872452,0.10738292971034552,0.1268252869070336,-0.054658024990498495,0.5979804251199937,0.2526440820179429,0.08317014294220157,-0.07093347373910476,0.47495421114848513,-0.02891246359369347,0.16584384218019113,0.22340053763778864,-0.12970311589905045,0.27501372788438055,0.20689829639105578,-0.18868606439129984,0.1938649078891614,0.11596495767376316,0.23218720665753584,0.05513546681446052,0.16570867460275632,0.18981378883331407,0.16929565744747385,0.016130026589419835,0.13604560052272469,-0.018288587728737135,0.021704303877180964,-0.08041617316659964,-0.21754472327174948
559,0.08359265059376635,0.33876510586308256,0.2524335837121981,0.12547576951623374,-0.014864298582347406,0.02672968558008701,0.3808117223227501,-0.09823658655877998,0.2407284347887408,-0.12405508083124386,0.22599906281655174,0.2296552800988911,0.07187542666856812,0.191745980953529,0.2686244753741979,0.15454741133606334,0.11838573542352976,-0.038603364347782866,0.3807558613147009,0.17224841861994322,-0.09851033897345973,-0.1994683328230255,0.23980010892210227,0.24982258900136312,-0.11600447725845392,-0.322697042332726,0.20051624388285613,0.21910904649794555,0.1093603113504988,0.29244900495504983,0.07156915212888351,0.03981403283697342
560,0.4510220067914173,0.15244082736729989,0.07288885104996093,0.1748984588804126,0.003142846329034149,0.0067783010966998595,0.04509906066466046,0.31997096866254743,0.27166200964144344,0.061634111965513244,0.22032608542910156,0.21689918467645036,-0.19131993763789917,0.25762659116874836,0.064972871506301,0.25375125815818755,0.02226975501848725,0.184785809834214,0.16588222747740497,0.17018348502593558,0.027595165892406535,0.1692395764517847,-0.016804451873613534,0.004656571040100282,-0.11958844677906617,0.4510220067914173,0.15244082736729989,0.07288885104996093,0.1748984588804126,0.003142846329034149,-0.40042171646973945,0.30944710287579563
561,-0.016019177985158884,0.02271247292045064,0.29107111576143124,0.1045071141541918,0.12488891724892921,0.20435731266315316,-0.18873985973198337,-0.2630977126021474,0.15538551639601741,0.29502436812259675,-0.07973305727102308,0.19799789212246702,0.22952809153640188,-0.12169415188144998,-0.11306592133363663,0.2017013585807754,-0.18049387029567956,0.05969298311436966,-0.12444320203172575,0.5611453632897837,0.1869335896853636,0.4006017258170882,-0.10347017542090149,-0.06487001071552723,0.022974105712554253,0.04205130832165293,0.3890877324073698,0.23355982518621926,0.029024701733186827,0.12138915964424636,0.20497716776757982,0.17400369564042703
562,0.22032608542910156,0.21689918467645036,-0.19131993763789917,0.25762659116874836,0.064972871506301,0.25375125815818755,0.02226975501848725,0.184785809834214,0.16588222747740497,0.17018348502593558,0.027595165892406535,0.1692395764517847,-0.016804451873613534,0.004656571040100282,-0.11958844677906617,0.4510220067914173,0.15244082736729989,0.07288885104996093,0.1748984588804126,0.2766154683246685,0.11496552590834287,0.1509781412018274,0.21715120410033667,-0.11088653938316373,-0.3298778796407805,0.19739197841878328,0.2574074511740544,-0.1363443429204539,0.28392816400072096,0.17315845339267563,0.05824213470011352,-0.05307296768324391
563,0.37887817736150176,-0.4375915754722766,0.17850557601239259,0.04049002125523098,-0.0759962967737919,-0.07588574258395304,0.2146160329797934,0.30387177201667565,0.3066306355625916,0.5546419203281793,-0.26978020481639686,-0.09744491478413504,0.029835882608371077,0.23244847910803215,0.3923522683435107,0.06574911402424904,0.11982381637853495,-0.0036322028767203193,0.5154484502995313,0.2044492602416065,0.04163234839464616,-0.09945040258569912,0.46110913685599997,0.03434420395290914,0.08108865698436285,0.1615687764851244,-0.037857040474989806,0.16967044100176074,0.20436905870817954,0.20064497471212211,-0.03419642558318104,0.22503561746781034
564,-0.0481804193300597,0.15012172490551431,0.11914993570351617,-0.013910993924571376,-0.17796770742789422,0.6237727862359442,-0.0034213682837081223,-0.10107599037759238,0.18931492100556252,0.026950214585079065,0.18096547976886537,0.39861970155369486,0.3322918405849832,-0.0730539224471404,-0.3276340921767554,-0.560709760652686,0.014662593894547743,1.4080315384750042,-0.3211366212088857,1.0994415746910717,0.3631106194833644,-0.5872769092188762,0.3343738849909891,0.2335672723395901,-0.11006995253884413,-0.15640318226972538,0.5826515229678326,0.11316297154198258,0.46291758814384293,0.2387995848553981,0.03761959736561409,0.18756622566533648
565,0.12045898537141242,0.286877200722593,0.06552001088711226,-0.01222018030071071,0.05668940185689197,0.07005297469378108,0.2574074511740544,-0.1363443429204539,0.28392816400072096,0.17315845339267563,0.05824213470011352,-0.05307296768324391,0.15659419328815105,0.10901691378591169,-0.06287418633695564,0.020789453641837097,0.4234865458933099,-0.008351269130392108,-0.2895737635617525,0.11571104830416722,0.19148059584239505,0.10402791108409856,0.23091537737709414,0.06650813331778027,0.0688545810301372,0.06682974592404096,-0.16034808885176957,0.582480184304969,-0.026167537045574178,0.3188360004878918,0.3648744076231162,0.34342646217838496
566,-0.37003291712239705,-0.223661762095613,0.05668940185689197,0.23085794460906844,0.07176664141241576,-0.05498110129799243,0.15183112240756858,0.10787259292306504,0.01840890062904963,-0.0995598219957391,0.4821384641347985,0.017844359621399557,0.22506923505064735,0.10261484021232775,-0.21198150695143764,-0.19771289689077395,0.32661083949314984,0.10384331692069787,0.07711382871774942,0.20992472947069074,0.08617134357782268,0.07831120315928315,-0.036381717160680845,0.1918282357010622,0.2566953352236003,0.09440814158715664,0.25877643221949886,0.36206636083348,0.018964750924899278,0.22176350952506277,0.0976938196030565,-0.1011372261993832
567,0.1594097460088622,0.003986715639722211,-0.10353847396758291,-0.08273860521489726,0.36219842017178827,0.11896513781542807,0.11239773235496053,0.14034718129468007,0.07531665293909175,0.14223356297833722,-0.021651786553036286,0.12079119269608964,0.2824571418874076,0.04509906066466046,0.31997096866254743,0.27166200964144344,0.061634111965513244,0.22032608542910156,0.21689918467645036,-0.19131993763789917,0.25762659116874836,0.064972871506301,0.25375125815818755,0.02226975501848725,0.184785809834214,0.16588222747740497,0.17018348502593558,0.027595165892406535,-0.31255730054492464,0.19739197841878328,0.2574074511740544,-0.1363443429204539
568,0.3438782254724192,-0.22430789111493196,-0.13216215275703985,0.04131191411989849,0.29312924637770893,0.36431095447616657,0.051655846724557176,0.147015137047838,0.0024338063128608364,0.5425282188367668,0.2102334860700648,-0.023462072827558623,-0.08357893242046706,0.5100102620576359,0.015971134607805734,0.13242407727825622,0.12389941991210354,-0.06701563151637725,0.2211385741886123,0.1901250685257231,0.18141069148365815,-0.01872348367883698,0.27588490193661475,0.17136904462667607,0.1900673974285291,0.14118158550631343,0.064420931619945,0.17813747119959616,0.11153480932866984,-0.2919755150128051,0.25194362687045424,0.18447934488472806
569,0.037986730406579156,0.42630163816159206,-0.2131146307468916,-0.22820094866907836,-0.4077636285835352,-0.15881599178038797,0.874523150438384,-0.0030598719334408316,0.39096949337005593,0.5105758017641661,-0.3718423771208559,-0.15640318226972538,0.5826515229678326,0.15623469052714475,0.27640262933912124,0.47201011607596016,-0.28281767262770263,-0.0037568732807429827,-0.006068095610988907,0.22353226918003677,0.31634318939043543,0.1452137764050096,0.07004406608160774,0.05316462727074893,0.5077589261353112,0.27800976640018904,-0.06092265305807112,0.11982048966670107,-0.0519861583077886,0.27183294112990597,-0.11338464126334705,0.22044835283863562
570,-0.018288587728737135,0.021704303877180964,-0.05845547641045337,0.3308041747258856,0.164257142074729,0.09676305399739243,0.18006443606999176,0.03226528517847111,-0.44078944845124995,0.3380206448902753,0.12849141162106129,-0.025839607220092212,0.12045898537141242,0.286877200722593,0.06552001088711226,-0.01222018030071071,0.05668940185689197,0.22813868431449977,0.05668940185689197,0.20093656574037363,-0.034300721465717984,0.09335134699302704,0.10120720781703763,0.12159871753958068,0.16458087537784533,0.14222625457533922,0.09454735228493921,0.2455881403904545,0.22417321000734797,0.3377246363120925,-0.25067496534820216,-0.33049876626994434
571,0.23769099596891313,0.43358726407530823,-0.18009620301785492,-0.2833807162011421,-0.49163582428543307,0.021414579109772094,1.2345642521917752,-0.2390661515095062,0.7216726934662775,0.032341283750817365,-0.07588574258395304,0.2146160329797934,0.30387177201667565,0.3066306355625916,0.5546419203281793,-0.26978020481639686,-0.09744491478413504,0.029835882608371077,0.23244847910803215,0.3923522683435107,0.06574911402424904,0.11982381637853495,-0.0036322028767203193,0.5154484502995313,0.2044492602416065,0.04163234839464616,-0.09945040258569912,0.46110913685599997,0.03434420395290914,0.08108865698436285,0.1615687764851244,-0.037857040474989806
572,-0.10630698036584084,0.1470775585761181,0.02369429402154779,0.042335755006554183,0.11969849148818573,0.15101489071696825,-0.19871529312115233,0.16387788756728414,0.12461655134544304,0.17041386042389656,0.2758894441198532,0.38565678848867624,-0.2093333395469959,-0.3086869045626521,-0.45859624206429583,0.01881267170159937,0.014662593894547637,0.9213821360251874,0.49315061237793023,-0.03735439473461763,-0.17974141893035753,-0.045429781649620936,0.1992759304480005,0.07407198980981192,0.17323991061961344,0.13672065948977402,-0.059372907008158365,0.28230669455910706,-0.10897268141169947,0.4019389235070164,0.08865320947212052,0.11316297154198258
573,0.4895214773529827,0.34834191081492416,0.40137010870007506,-0.35215411572254657,0.08641717028161186,-0.05935848768228961,0.33385057687905584,0.3111346555032771,0.03374797111609373,0.10221199436568572,0.11086305524430831,0.5085612625617385,0.2358186269665527,-0.0354215967745066,-0.07093347373910476,0.47495421114848513,-0.06981461482759276,0.2501629573434221,-0.007193016796767877,0.01653442423168513,-0.037857040474989806,0.16967044100176074,0.20436905870817954,0.20064497471212211,-0.03419642558318104,0.2287431724552077,0.1378193687751203,0.032519541821476844,0.005804140740080759,0.15562454509034235,0.09398115298271544,-0.01760761135922154
574,0.33404209236252513,-0.017315794149796837,-0.07556915478493191,-0.15398007638351432,0.1511533282653379,0.40902791458143434,0.3099970298175544,0.471489611372563,-0.22685151173680398,-0.06432579398783611,0.04205130832165293,0.3890877324073698,0.23355982518621926,0.029024701733186827,-0.023190079283785647,0.41946818135912745,0.396950895585359,0.05722556129495675,-0.05963657763210757,0.24747498490240735,0.1906227232740485,-0.06664940695669395,0.2587212667043487,-0.14639799594510308,0.3286452837434767,0.21153885924695115,0.1163015082677053,0.15580456726503084,0.04487858645134652,0.029272201147996082,0.03195666987309589,-0.04923300073592117
575,-0.032007325327046816,0.09425897787719907,0.18704035057159146,0.1166120799555511,0.10308527413401705,0.17846779112789968,0.22208583212672164,0.10912076590162222,0.08387223257892588,0.007282743814128762,0.020612343586763032,-0.016019177985158884,0.02271247292045064,0.29107111576143124,0.1045071141541918,0.12488891724892921,0.20435731266315316,-0.18873985973198337,-0.2630977126021474,0.15538551639601741,0.29502436812259675,-0.07973305727102308,0.19799789212246702,0.22952809153640188,0.011717367533914707,-0.04143608295393437,0.18036848701180638,0.08872221642612875,0.008975541836774844,-0.025516086913291845,0.38806089204959493,-0.20156309491583888
576,0.40590190644829777,-0.04712027514696706,0.09999394778949644,0.22146573820555276,0.07314429710685592,-0.1271890839969909,0.22798368323536836,0.14083053914836333,-0.02431958698577717,-0.014774917010754571,0.30790953094728557,0.026633443720634878,-0.10502185721591453,0.16212723952415709,0.10247846737264223,0.005813468981947837,-0.0341945571464552,0.1063634492370031,0.1962990495609203,-0.13145164010685437,0.23843065633277077,0.11969849148818573,0.15101489071696825,-0.19871529312115233,0.16387788756728414,0.12461655134544304,0.17041386042389656,0.2758894441198532,0.38565678848867624,-0.2093333395469959,-0.3086869045626521,-0.45859624206429583
577,-0.45930796864318557,0.08435528278984028,0.4794833804839934,-0.09284003963689724,0.26295154864488435,0.5642227911150639,-0.12169415188144998,-0.11306592133363663,0.2017013585807754,-0.18049387029567956,0.05969298311436966,-0.12444320203172575,0.5611453632897837,0.1869335896853636,0.4006017258170882,-0.10347017542090149,-0.06487001071552723,0.022974105712554253,0.07970255172915298,0.06412993674654287,-0.07754603495020393,0.36387010580157675,0.45003162645293465,0.16110004426294264,0.045895226796395086,-0.11319202431069042,0.20435731266315316,-0.18873985973198337,-0.2630977126021474,0.15538551639601741,0.29502436812259675,-0.07973305727102308
578,0.42630163816159206,-0.2131146307468916,-0.22820094866907836,-0.4077636285835352,-0.15881599178038797,0.874523150438384,-0.0030598719334408316,0.39096949337005593,0.5105758017641661,-0.3718423771208559,0.18668007377330023,0.005169852410660244,-0.04538704312831413,-0.09714475970879345,0.024406105133026493,0.39011374878111016,0.19206526361875487,0.4763690489011428,-0.1670048053309648,-0.017998435792932244,0.06031076097975645,0.02182100849886886,0.32235892296680474,0.21043433282753074,0.04703410538990216,0.023224159920207973,0.3484169306665826,0.38464041570040863,0.08256728264784874,-0.11495180160911317,0.36064203219538704,0.1673903322242667
579,0.05627475275433264,0.2517869468536827,-0.18873985973198337,-0.2630977126021474,0.15538551639601741,0.29502436812259675,-0.07973305727102308,0.19799789212246702,0.22952809153640188,0.011717367533914707,-0.04143608295393437,0.18036848701180638,0.08872221642612875,0.008975541836774844,-0.025516086913291845,0.38806089204959493,-0.20156309491583888,-0.07239290247894276,-0.19771289689077395,0.32661083949314984,0.10384331692069787,0.07711382871774942,0.20992472947069074,0.08617134357782268,0.07831120315928315,-0.036381717160680845,-0.04133713847639581,0.10477893452726418,0.154525193891985,0.12234390728662362,0.014770973447222226,0.16841010577103913
580,0.2685197814770018,-0.053115559140665666,-0.37717238805262293,0.3049110816946138,0.016104682807028897,0.19820898945179852,-0.1228961939348214,0.46117402403887836,0.010629951960803224,0.2329295694666118,0.43160144306355575,0.23386430015327572,0.022736716960153926,0.20677149441364567,0.05235944102725745,0.015779282541251688,0.07778099345810575,0.14475962330811473,0.1313550547189986,0.07443711931806851,0.2013810585084282,0.16537104813962505,-0.1149707259068066,-0.14536143896619835,0.04333727706415184,0.1220174870673977,0.06129942909837034,0.19601231956388124,0.20596975380684593,-0.057684741153323484,0.07384757606653194,0.14480516428365917
581,-0.018288587728737135,0.021704303877180964,-0.05845547641045337,0.3308041747258856,0.164257142074729,0.09676305399739243,0.18006443606999176,0.03226528517847111,-0.44078944845124995,0.3380206448902753,0.12849141162106129,-0.025839607220092212,0.41252904670659885,0.38464041570040863,0.08256728264784874,-0.11495180160911317,0.11130357750559794,0.19762225597500324,-0.4670878436986174,0.17850557601239259,0.04049002125523098,-0.0759962967737919,-0.07588574258395304,0.2146160329797934,0.30387177201667565,0.3066306355625916,0.5546419203281793,-0.26978020481639686,-0.06040898080603731,-0.0037568732807429827,-0.006068095610988907,0.22353226918003677
582,0.16570867460275632,0.18981378883331407,0.16929565744747385,0.016130026589419835,0.13604560052272469,-0.018288587728737135,0.021704303877180964,-0.05845547641045337,0.3308041747258856,0.164257142074729,0.09676305399739243,0.18006443606999176,0.03226528517847111,-0.44078944845124995,0.3380206448902753,0.12849141162106129,-0.025839607220092212,0.12045898537141242,0.286877200722593,0.06552001088711226,-0.01222018030071071,0.05668940185689197,0.20093656574037363,-0.03592516485054761,-0.03735439473461763,-0.17974141893035753,-0.045429781649620936,0.1992759304480005,0.07407198980981192,0.17323991061961344,0.13672065948977402,-0.059372907008158365
583,-0.06574295470794776,0.34385555108441634,0.18533780760642687,0.16500535895414353,0.11298577658039052,0.1593491945626654,-0.2832162412671828,0.0020805530387531996,0.09813566285711402,-0.09435177912274093,0.22363286922109724,0.2243299273245574,0.09929767896570325,-0.05055300144419804,0.11493399400923741,0.16398023443426096,0.08641616074491512,-0.030744876890875142,0.03995236746348638,0.27685820958904017,0.31130439700092466,0.049220828979773264,0.2691318726029984,0.10404458807029886,0.14738116301118354,0.09492199006514247,-0.09869715727879487,0.0835486894223549,0.15840175868133813,0.18145219611393124,0.23769099596891313,0.3665833300467795
584,0.3924486791878392,0.2295099569039927,-0.25196316607160346,-0.05078018175580146,0.2269836513911627,0.21109509114465294,-0.2433526082794081,0.31053865854267393,0.23395754267823185,-0.08417891571780703,-0.19567178073345584,0.048418260223786674,0.12787983090555988,0.09892670391507088,0.19799846171187263,0.08817550672737952,0.016104682807028897,0.19820898945179852,-0.1228961939348214,0.46117402403887836,0.010629951960803224,0.2329295694666118,0.1891467471347529,0.053940931330225546,0.09562393978438231,0.14760436881813735,0.2727758936309948,0.3854280947760623,0.3481189339598148,-0.011467541668353098,0.006508261054583925,0.19637910122862356
585,0.09425897787719907,0.18704035057159146,0.15317620954339542,0.23051347462592298,-0.2674087357689618,0.05272393126356598,0.22506923505064735,0.10261484021232775,-0.21198150695143764,-0.19771289689077395,0.32661083949314984,0.10384331692069787,0.07711382871774942,0.20992472947069074,0.08617134357782268,0.07831120315928315,-0.036381717160680845,0.1918282357010622,0.2566953352236003,0.09440814158715664,0.25877643221949886,0.36206636083348,0.018964750924899278,0.22176350952506277,0.0976938196030565,-0.1011372261993832,0.23834739187748413,0.05627475275433264,0.2851260409760982,0.17429534874748348,0.2011047102573123,-0.05911225422027029
586,0.3066306355625916,0.5546419203281793,-0.26978020481639686,-0.09744491478413504,0.029835882608371077,0.23244847910803215,0.3923522683435107,0.06574911402424904,0.11982381637853495,-0.0036322028767203193,0.5154484502995313,0.2044492602416065,0.04163234839464616,-0.09945040258569912,0.46110913685599997,0.03434420395290914,0.08108865698436285,0.1615687764851244,-0.037857040474989806,0.16967044100176074,0.20436905870817954,0.20064497471212211,-0.03419642558318104,0.22503561746781034,0.23051347462592298,-0.2674087357689618,0.05272393126356598,0.22506923505064735,0.10261484021232775,-0.21198150695143764,-0.19771289689077395,0.32661083949314984
587,0.07991964893101931,0.14910613995433913,0.13870999513948015,0.2317327935826364,0.2032151590447185,-0.20300578487782478,0.2829097843134919,0.036318137954573296,0.2968939267958973,0.07580716838731938,0.08567346237233235,0.21727382971370257,0.17813747119959616,0.11153480932866984,-0.2919755150128051,0.25194362687045424,0.18447934488472806,-0.03735439473461763,-0.17974141893035753,-0.045429781649620936,0.1992759304480005,0.07407198980981192,0.17323991061961344,0.13672065948977402,-0.059372907008158365,0.28230669455910706,-0.10897268141169947,0.4019389235070164,0.08865320947212052,0.11316297154198258,0.46291758814384293,0.3063387119139908
588,-0.58788795971382,-0.020598924745046793,0.08435528278984028,0.4794833804839934,-0.28768819404152074,0.3343738849909891,0.2335672723395901,-0.27656274546612886,0.13224843227692928,-0.13744108689493145,0.17052670266369924,0.2477901823414091,0.11239773235496053,0.14034718129468007,0.07531665293909175,0.14223356297833722,-0.021651786553036286,0.12079119269608964,0.2824571418874076,0.04509906066466046,0.31997096866254743,0.27166200964144344,0.07632375023016226,0.3121144711635626,0.49930541624730584,0.09661674508426206,-0.04247753767970497,0.111002564726116,0.32466681415976595,-0.11158186152897691,-0.06519178307126122,0.31264062742987014
589,-0.036381717160680845,0.1918282357010622,0.2566953352236003,0.09440814158715664,0.25877643221949886,0.36206636083348,0.018964750924899278,0.22176350952506277,0.0976938196030565,-0.1011372261993832,0.23834739187748413,0.05627475275433264,0.2851260409760982,-0.04093780864936718,0.22340053763778864,0.17654672439733954,0.13598333473215593,0.03048863895714203,0.12638483116916358,0.056999667600075014,-0.03415029254685713,-0.24961260677701513,0.3563536013904831,0.2492544554621723,-0.1378062638889054,-0.2005062652564799,0.18019128493810643,0.2685197814770018,-0.053115559140665666,-0.37717238805262293,0.2565974639919755,0.1570198042576097
590,0.26569395997574946,-0.48211955771040454,0.31856934468977854,-0.1471160322989946,0.13224843227692928,-0.13744108689493145,0.7512025272323432,0.10323363556716901,0.37562684311726585,0.43329493229864297,-0.3915575391071216,0.1991874509102764,-0.25220727153145067,-0.1767098477946617,0.04486876508389453,-0.029810975371668404,0.36698137508616957,0.28390600937395283,0.06077700494192656,-0.03348926380060616,0.3121144711635626,0.49930541624730584,0.34385555108441634,0.18533780760642687,0.16500535895414353,0.11298577658039052,0.1593491945626654,-0.2832162412671828,0.0020805530387531996,0.09813566285711402,-0.09435177912274093,0.22363286922109724
591,0.044637696916542596,0.1583332189651776,0.14475962330811473,0.1313550547189986,0.025832384969303245,0.02226975501848725,0.184785809834214,0.16588222747740497,0.17018348502593558,0.027595165892406535,0.1692395764517847,-0.016804451873613534,0.004656571040100282,-0.11958844677906617,0.4510220067914173,0.15244082736729989,0.07288885104996093,0.1748984588804126,0.003142846329034149,-0.40042171646973945,0.30944710287579563,0.23163539731230617,-0.20272806045545047,0.5714173973408444,0.21369508916669722,0.2864317522176922,0.2649233174487815,-0.22582008661066053,0.010747444669999833,-0.04684048839730427,0.3445276958741689,0.2670168397207595
592,0.03434420395290914,0.08108865698436285,0.1615687764851244,-0.037857040474989806,0.16967044100176074,0.20436905870817954,0.20064497471212211,-0.03419642558318104,0.22503561746781034,0.23051347462592298,-0.2674087357689618,0.05272393126356598,0.22506923505064735,0.10261484021232775,0.00375597021814983,0.12461655134544304,0.17041386042389656,0.2758894441198532,0.38565678848867624,-0.2093333395469959,-0.3086869045626521,-0.45859624206429583,0.01881267170159937,0.9213821360251874,-0.015658216600592058,0.46151196219940505,0.4561894607607333,-0.4307036263075145,0.33404209236252513,-0.017315794149796837,-0.07556915478493191,-0.15398007638351432
593,0.044637696916542596,0.09778406709954617,-0.07093347373910476,0.47495421114848513,-0.06981461482759276,0.2501629573434221,-0.007193016796767877,0.08783646987625998,-0.04762798432197649,0.1512351673111633,0.0687471240577064,0.025303337699693184,0.07991964893101931,0.14910613995433913,0.13870999513948015,0.052111479316268625,0.2025166266354563,0.13030374742807277,0.28667888938837066,-0.06951352474562462,0.16592700289521067,-0.07066784706132076,0.11293875088477945,-0.20535274008458249,0.5793427173608218,0.09004305927638333,0.1776169526838241,0.11019210973415139,-0.10629703423484374,-0.4260345743094281,0.5984436178614774,0.15948649245452387
594,0.08567346237233235,0.1659339689806515,0.22725753124748785,-0.033804194159752304,0.17615938980224977,0.03444382036243173,-0.08424507459956743,-0.05323316428520335,0.38394456914269876,0.12494821353405587,0.11626296745509843,0.1967032816729059,0.13604608051457204,-0.4410086830701572,0.20521445648280787,0.14614934835456256,-0.018412927239126024,0.08651782774696389,0.27957828264201523,0.07241198467246238,-0.0009804569413706596,0.03885953790276,-0.13145164010685437,0.23843065633277077,0.11969849148818573,0.07304990860985612,0.18096547976886537,0.39861970155369486,0.3322918405849832,-0.0730539224471404,-0.3276340921767554,-0.560709760652686
595,-0.05911225422027029,0.1470775585761181,0.02369429402154779,0.005683677347195281,-0.1564723056670849,0.5746193857681196,0.11730632153435483,0.11996356155954901,0.1278373443948156,0.35719247451033315,-0.2333565673052771,-0.30008190849311206,0.3332262163068803,0.15339784011706106,0.17350277886178694,0.14443373400405532,0.06937373250251755,0.1938846693083236,-0.020397626293515884,0.056241500047262236,0.31501257601781585,0.03521232712560007,0.31260451285604524,0.31800420099521304,-0.005335817680394406,0.26098418646666716,-0.18868606439129984,0.1938649078891614,0.11596495767376316,0.23218720665753584,0.05513546681446052,0.16570867460275632
596,0.2566705868769431,0.05332100360012209,0.1334798000593729,0.1915060377599846,-0.03880802948444437,0.19820898945179852,-0.1228961939348214,0.46117402403887836,0.010629951960803224,0.15510621958154996,0.3279502886094016,0.09451606649497561,-0.1767098477946617,0.04486876508389453,-0.029810975371668404,0.36698137508616957,0.28390600937395283,0.06077700494192656,-0.03348926380060616,0.3121144711635626,0.49930541624730584,0.09661674508426206,-0.04247753767970497,0.111002564726116,0.3820286367764673,0.1673903322242667,-0.09284999744819501,0.3101946871467882,-0.16972559312542665,0.3638470451044476,0.20503724985454205,0.1459981126354451
597,-0.27684410127456854,0.93613725027831,0.36905839115702316,-0.42191937147693376,0.1594097460088622,0.003986715639722211,-0.10353847396758291,0.35377937173539326,0.07156915212888351,0.03981403283697342,0.001220357624790931,-0.07007502669067454,0.4895214773529827,0.0637917868463912,0.21208714275880025,0.4495007379400005,0.2933092651678347,-0.07857167594071549,0.2854839681489928,-0.1286611337248143,0.13799062650487542,0.12179271414387939,-0.04093780864936718,0.22340053763778864,0.17654672439733954,0.13598333473215593,0.03048863895714203,0.12638483116916358,0.056999667600075014,-0.03415029254685713,-0.1361437516837773,0.5126401164044888
598,-0.20577899822194573,0.20485280725032834,0.5710140729030543,0.09919251932906349,-0.27453754616669024,-0.07896928497537498,0.1120374695396649,0.6145468467126224,0.182811459615623,-0.27451396654390714,-0.037243909461088076,-0.08742949038525093,0.17124113491377574,-0.20272806045545047,0.5714173973408444,0.21369508916669722,0.2864317522176922,0.2649233174487815,-0.22582008661066053,0.010747444669999833,-0.04684048839730427,0.3445276958741689,0.2670168397207595,0.11999193592579707,0.025195000573940488,0.2525280799707006,0.46609603032039665,0.12547576951623374,-0.0031483659922278058,0.21364801688882992,0.17429534874748348,0.2011047102573123
599,0.5690449243076188,0.21717996938913814,0.3279502886094016,0.09451606649497561,-0.1767098477946617,0.04486876508389453,-0.029810975371668404,0.36698137508616957,0.28390600937395283,0.06077700494192656,-0.03348926380060616,0.3121144711635626,0.49930541624730584,0.09661674508426206,-0.04247753767970497,0.111002564726116,0.32466681415976595,-0.054898688296048936,0.22432644828488973,-0.1232149241758918,0.2686244753741979,0.15454741133606334,0.11838573542352976,-0.038603364347782866,0.3807558613147009,0.17224841861994322,-0.09851033897345973,-0.1994683328230255,0.23980010892210227,0.24982258900136312,-0.11600447725845392,-0.322697042332726
600,0.11239025342580698,0.019519458325689406,-0.024104684871840008,0.13996692631150137,0.4772627981074588,-0.042572026385678,0.532684865743833,0.11982048966670107,-0.0519861583077886,0.27183294112990597,-0.11338464126334705,0.22044835283863562,0.18175378128055952,0.21507230996456794,-0.11110494277211024,0.3696485393143997,0.06625407688356992,-0.34376971549729113,0.31053865854267393,0.23395754267823185,-0.08417891571780703,-0.19567178073345584,0.048418260223786674,0.12787983090555988,0.09892670391507088,0.19799846171187263,0.08817550672737952,0.016104682807028897,0.19820898945179852,-0.1228961939348214,0.46117402403887836,0.010629951960803224
601,0.24823346342850847,0.42630163816159206,-0.2131146307468916,-0.22820094866907836,-0.4077636285835352,-0.15881599178038797,0.874523150438384,-0.07846368960818656,0.011717367533914707,-0.04143608295393437,0.18036848701180638,0.08872221642612875,0.008975541836774844,-0.025516086913291845,0.38806089204959493,0.09156062972582202,0.30387177201667565,0.3066306355625916,0.5546419203281793,-0.26978020481639686,-0.09744491478413504,0.029835882608371077,0.23244847910803215,0.3923522683435107,0.06574911402424904,0.11982381637853495,-0.0036322028767203193,0.5154484502995313,0.2044492602416065,0.04163234839464616,-0.09945040258569912,0.46110913685599997
602,-0.2688525390751869,-0.23497703259441213,-0.6818950630676603,2.775715655692279,-0.12641861897147907,-0.071568525291851,0.651068744545621,0.17517207832310983,-0.2837244130358797,0.25866926663239914,0.2433730585524286,-0.1129297441565549,0.09892670391507088,0.19799846171187263,0.08817550672737952,0.016104682807028897,0.19820898945179852,-0.1228961939348214,0.46117402403887836,0.010629951960803224,-0.051071279578425374,-0.1994683328230255,0.23980010892210227,0.24982258900136312,-0.11600447725845392,-0.322697042332726,0.20051624388285613,0.21910904649794555,0.1093603113504988,0.29244900495504983,0.07156915212888351,0.03981403283697342
603,-0.2056916248099073,-0.09977122531837382,0.2566705868769431,0.05332100360012209,0.1334798000593729,0.1915060377599846,-0.10391341217997091,0.3301924189647566,-0.1306468068111148,0.36493975362810666,0.1618681250337736,0.10981308189934724,0.4255352370150269,0.25980627869946177,0.028878761909011532,0.1512351673111633,0.0687471240577064,0.025303337699693184,0.07991964893101931,0.14910613995433913,0.13870999513948015,0.052111479316268625,0.2025166266354563,0.13030374742807277,0.28667888938837066,-0.06951352474562462,0.16592700289521067,-0.07066784706132076,0.0909669851625323,0.13604608051457204,-0.4410086830701572,0.20521445648280787
604,0.33404209236252513,-0.017315794149796837,-0.07556915478493191,-0.15398007638351432,0.1511533282653379,0.40902791458143434,0.3099970298175544,0.471489611372563,-0.22685151173680398,-0.03410554351064948,-0.026979094668769906,0.21026955100633232,0.3594575830872452,0.10738292971034552,0.1268252869070336,-0.054658024990498495,0.5979804251199937,0.2526440820179429,0.030295772611395898,-0.17611053221229445,0.532684865743833,0.11982048966670107,-0.0519861583077886,0.27183294112990597,-0.11338464126334705,0.22044835283863562,0.18175378128055952,0.21507230996456794,-0.11110494277211024,0.3924486791878392,0.2295099569039927,-0.21852076627042577
605,-0.11338464126334705,0.22521923549928416,0.027595165892406535,0.1692395764517847,-0.016804451873613534,0.004656571040100282,-0.11958844677906617,0.4510220067914173,0.15244082736729989,0.07288885104996093,0.1748984588804126,0.003142846329034149,0.03628170128773756,-0.025839607220092212,0.12045898537141242,0.286877200722593,0.06552001088711226,-0.01222018030071071,0.05668940185689197,0.20093656574037363,-0.034300721465717984,0.09335134699302704,0.10120720781703763,0.15852576202856808,-0.1261693407012891,0.05257179403844993,0.24495845199737368,0.1101646675136064,0.24823346342850847,0.42630163816159206,-0.2131146307468916,-0.22820094866907836
606,-0.11338464126334705,0.5254828549562404,0.25980627869946177,0.028878761909011532,0.1512351673111633,0.0687471240577064,0.025303337699693184,0.07991964893101931,0.14910613995433913,0.13870999513948015,0.052111479316268625,0.2025166266354563,0.13030374742807277,0.28667888938837066,-0.06951352474562462,0.16592700289521067,-0.07066784706132076,0.11293875088477945,-0.20535274008458249,0.5793427173608218,0.09004305927638333,0.1776169526838241,0.11019210973415139,-0.10629703423484374,-0.4260345743094281,0.5984436178614774,0.15948649245452387,-0.038225245979315856,0.12200883569907046,0.1942458485822597,0.05373657295280298,-0.0481804193300597
607,0.05668940185689197,0.20093656574037363,-0.034300721465717984,0.09335134699302704,0.10120720781703763,0.15852576202856808,-0.1261693407012891,0.05257179403844993,0.24495845199737368,0.1101646675136064,0.24823346342850847,0.42630163816159206,-0.2131146307468916,-0.22820094866907836,-0.4077636285835352,-0.15881599178038797,0.874523150438384,-0.0030598719334408316,0.39096949337005593,0.5105758017641661,-0.3718423771208559,0.18668007377330023,0.005169852410660244,-0.04538704312831413,-0.09714475970879345,0.024406105133026493,0.355073964073535,0.3305091004000071,0.5569329242264648,-0.246023278873846,-0.02073871481096764,-0.029680462238063903
608,-0.026979094668769906,0.21026955100633232,0.3594575830872452,0.10738292971034552,0.1268252869070336,-0.054658024990498495,0.5979804251199937,0.2568795792472403,0.020789453641837097,0.4234865458933099,-0.1161805714536689,-0.04633283163100682,0.2136761375202918,-0.0761301267348735,0.532684865743833,0.11982048966670107,-0.0519861583077886,0.27183294112990597,-0.11338464126334705,0.22044835283863562,0.18175378128055952,0.21507230996456794,-0.11110494277211024,0.22284702334362383,0.16458087537784533,0.23046833214655307,-0.04177403759466122,-0.30418711666720355,0.3528982149432685,0.205696934332813,-0.06894471559741094,-0.21754472327174948
609,-0.05055300144419804,0.11493399400923741,0.16398023443426096,0.08641616074491512,-0.030744876890875142,0.03995236746348638,0.27685820958904017,-0.238454914255154,-0.16034808885176957,0.582480184304969,-0.026167537045574178,0.3188360004878918,0.3648744076231162,0.34342646217838496,-0.01628559255808749,0.22344916562290068,-0.0022649620560798393,0.00023042973591467987,0.07425954369573716,0.1967581543584978,0.11716303057832608,0.12569717207255016,0.08359265059376635,0.33876510586308256,0.02582216832870876,0.10159629500858154,0.02285161943960793,0.007793924365852867,-0.218745982825035,-0.41024474767980984,0.2704078672093213,0.267162624321814
610,0.16110004426294264,0.045895226796395086,-0.13374856608223182,0.33876510586308256,0.02582216832870876,0.10159629500858154,0.02285161943960793,0.007793924365852867,-0.09554214890318367,0.17101591016823178,0.1958943861923911,0.25868648102313474,0.1942458485822597,0.05373657295280298,-0.0481804193300597,0.15012172490551431,0.11914993570351617,-0.013910993924571376,-0.17796770742789422,0.6237727862359442,-0.0034213682837081223,-0.056313906860984794,-0.1228961939348214,0.46117402403887836,0.010629951960803224,0.2329295694666118,0.43160144306355575,0.23386430015327572,0.022736716960153926,0.20677149441364567,0.05235944102725745,0.015779282541251688
611,0.1273673621854455,0.12302980186260518,0.2983918938792556,-0.12952072144717805,0.22342416318361763,0.07008561531728158,0.1649773268484631,0.17813747119959616,0.11153480932866984,-0.2919755150128051,0.25194362687045424,0.18447934488472806,-0.03735439473461763,-0.17974141893035753,-0.2384507041833408,0.1938846693083236,-0.11212353424204455,0.3332262163068803,0.15339784011706106,0.17350277886178694,0.14443373400405532,0.06937373250251755,-0.013529173757080841,0.1918282357010622,0.2566953352236003,0.09440814158715664,0.25877643221949886,0.36206636083348,0.018964750924899278,0.22176350952506277,0.0976938196030565,-0.1011372261993832
612,0.06599459167266276,0.2140158170798685,0.032016070946640766,-0.2056916248099073,-0.09977122531837382,0.2566705868769431,0.05332100360012209,0.1334798000593729,0.1915060377599846,-0.10391341217997091,0.3301924189647566,-0.1306468068111148,0.36493975362810666,0.1618681250337736,0.10981308189934724,0.4255352370150269,0.25980627869946177,0.028878761909011532,0.1512351673111633,0.0687471240577064,0.025303337699693184,0.07991964893101931,0.14910613995433913,0.13870999513948015,0.052111479316268625,0.2025166266354563,0.13030374742807277,0.28667888938837066,-0.06951352474562462,0.16592700289521067,-0.07066784706132076,0.11293875088477945
613,0.11168107498567888,0.4323114787719322,0.40137010870007506,-0.35215411572254657,0.08641717028161186,-0.05935848768228961,0.33385057687905584,0.3111346555032771,0.21427696188968498,0.34342646217838496,-0.05897922894540537,0.14118158550631343,0.064420931619945,0.17813747119959616,0.11153480932866984,-0.2919755150128051,0.25194362687045424,0.18447934488472806,-0.03735439473461763,-0.17974141893035753,-0.045429781649620936,0.1992759304480005,0.07407198980981192,0.17323991061961344,0.12257255996042841,-0.1530571398391794,0.2893326305696375,0.0598365955185277,0.08329014142793219,0.18442346306946247,0.08528067838339004,0.10619021298001333
614,0.3924486791878392,0.2295099569039927,-0.25196316607160346,-0.05078018175580146,0.2269836513911627,0.21109509114465294,-0.25122925263422324,-0.31389127431207686,0.39595271167737006,0.2477901823414091,0.11239773235496053,0.14034718129468007,0.07531665293909175,0.14223356297833722,-0.021651786553036286,0.12079119269608964,0.2824571418874076,0.04509906066466046,0.31997096866254743,0.27166200964144344,0.061634111965513244,0.22032608542910156,0.21689918467645036,-0.19131993763789917,0.38461713079891996,0.044637696916542596,0.1491258597087924,0.10443331001532027,-0.012240582376639745,0.13886281909376522,0.0663289995961218,0.2459899734113378
615,0.5642227911150639,-0.12169415188144998,-0.11306592133363663,0.2017013585807754,-0.18049387029567956,0.05969298311436966,-0.12444320203172575,0.024406105133026493,0.355073964073535,0.3305091004000071,0.5569329242264648,-0.246023278873846,-0.02073871481096764,-0.029680462238063903,0.14956677270984858,0.3599731363146606,0.1693893827989283,0.11021291834797739,-0.01051268262747767,0.44645725699367006,0.34622605703385295,0.023401847563298758,-0.11233793060977981,0.3873237836404128,0.14370153652087095,-0.06519178307126122,0.31264062742987014,-0.10219671826133284,0.20037398764353218,0.20497716776757982,0.17400369564042703,-0.09436305739060516
616,0.05451036815254353,0.10581675702611819,0.21836952852283753,-0.1975496083240688,0.06599459167266276,0.2140158170798685,0.032016070946640766,-0.2056916248099073,-0.09977122531837382,0.2566705868769431,0.05332100360012209,0.1334798000593729,0.1915060377599846,-0.10391341217997091,0.31302945596899795,-0.1228961939348214,0.46117402403887836,0.010629951960803224,0.2329295694666118,0.43160144306355575,0.23386430015327572,0.022736716960153926,0.20677149441364567,0.05235944102725745,0.015779282541251688,0.07778099345810575,0.14475962330811473,0.1313550547189986,0.07443711931806851,0.2013810585084282,0.16537104813962505,0.16944948516711295
617,-0.07420667902913211,0.4772627981074588,-0.017093960217367823,0.20446229175264322,0.077208066716257,-0.03473222436348715,0.2269899149422962,0.1513353793055481,0.1525483543928927,0.05451036815254353,0.10581675702611819,0.21836952852283753,-0.1975496083240688,0.06599459167266276,0.2140158170798685,0.032016070946640766,-0.2056916248099073,-0.10503870758176066,0.014770973447222226,0.16841010577103913,-0.17184534665718618,0.5705404810089426,0.0008958314648755303,0.23630351086435855,0.4555579162737879,0.246515426242668,0.01770617465262488,0.15591559768791044,0.06181623550682581,-0.032007325327046816,0.09425897787719907,0.18704035057159146
618,0.0020805530387531996,0.13357219796243652,0.42858710956831947,0.169608015722371,-0.08047575649163148,0.16236333567151778,0.17047529049149088,0.07176664141241576,-0.05498110129799243,0.15183112240756858,0.10787259292306504,0.01840890062904963,-0.0995598219957391,0.4821384641347985,-0.10720510281794955,-0.02327093882632231,0.13330989518342076,0.06458116259471598,0.2819858073684284,0.37945256073396405,0.2729517301749195,-0.12099987263672833,-0.39104435029717977,-0.58788795971382,0.8825455177838787,0.5486551716555055,-0.23240833069389197,0.7000941381334126,0.3710274399415613,-0.46653684425022923,0.1554728609437766,0.24264684577496107
619,0.08108865698436285,0.1615687764851244,0.02473336962486779,-0.22685151173680398,-0.03410554351064948,-0.026979094668769906,0.21026955100633232,0.3594575830872452,0.10738292971034552,0.1268252869070336,-0.054658024990498495,0.5979804251199937,0.2526440820179429,0.030295772611395898,-0.17611053221229445,0.532684865743833,0.11982048966670107,-0.0519861583077886,0.27183294112990597,-0.09123347578350213,-0.12295444257606764,0.39770783469686205,0.08172071414989064,0.24383857054727498,0.12692743882989452,-0.09579475570179191,-0.37215607382295773,0.5443618262833582,0.39096949337005593,0.5105758017641661,-0.3718423771208559,0.18668007377330023
620,-0.14535264944239704,0.1636217548875396,0.3461298946903398,-0.2333565673052771,-0.30008190849311206,0.3332262163068803,0.15339784011706106,0.17350277886178694,0.14443373400405532,0.06937373250251755,0.1938846693083236,-0.020397626293515884,0.056241500047262236,0.31501257601781585,0.03521232712560007,0.31260451285604524,0.31800420099521304,-0.005335817680394406,0.27501372788438055,0.20689829639105578,-0.18868606439129984,0.1938649078891614,0.11596495767376316,0.23218720665753584,0.10766307841848069,0.14901686786802,0.06131121467129291,0.20880832158794416,0.11021351393836613,0.2811349847358627,0.0014623392565319142,0.04784244341978576
621,-0.25122925263422324,-0.31389127431207686,0.39595271167737006,0.2477901823414091,0.11239773235496053,0.14034718129468007,0.07531665293909175,0.14223356297833722,-0.021651786553036286,0.12079119269608964,0.2824571418874076,0.04509906066466046,0.31997096866254743,0.27166200964144344,0.061634111965513244,0.22032608542910156,0.21689918467645036,-0.19131993763789917,0.25762659116874836,0.064972871506301,0.25375125815818755,0.02226975501848725,0.22500172536186225,-0.0036322028767203193,0.5154484502995313,0.2044492602416065,0.04163234839464616,-0.09945040258569912,0.46110913685599997,0.03434420395290914,0.08108865698436285,0.1615687764851244
622,-0.10219671826133284,0.19463647709900125,0.013769183121238256,0.3351624358998726,-0.14469081953720858,0.08939889071784639,0.14222625457533922,0.09454735228493921,0.2455881403904545,0.22417321000734797,0.3377246363120925,-0.25067496534820216,-0.33049876626994434,-0.49479408873313274,1.2506888914384577,-0.16999080995714083,0.24400616256787622,0.6145468467126224,0.182811459615623,-0.27451396654390714,-0.037243909461088076,-0.08742949038525093,0.17124113491377574,-0.20272806045545047,0.5714173973408444,0.21369508916669722,0.2864317522176922,0.2649233174487815,-0.22582008661066053,0.010747444669999833,-0.04684048839730427,0.3445276958741689
623,-0.07896928497537498,0.03606607937215022,0.11905401693134181,-0.17504131225752168,0.5690449243076188,0.21717996938913814,0.3279502886094016,0.09451606649497561,-0.1767098477946617,-0.12508919830690965,-0.045429781649620936,0.1992759304480005,0.07407198980981192,0.17323991061961344,0.13672065948977402,-0.059372907008158365,0.28230669455910706,-0.10897268141169947,0.4019389235070164,0.08865320947212052,0.11316297154198258,0.46291758814384293,0.2387995848553981,0.03761959736561409,0.18756622566533648,-0.0032170019832001968,0.125239833430893,0.2691318726029984,0.07122610371598063,0.07580716838731938,0.08567346237233235,0.2172606281834414
624,-0.37215607382295773,0.42858710956831947,0.169608015722371,-0.08047575649163148,0.16236333567151778,0.17047529049149088,0.07176664141241576,-0.05498110129799243,0.15183112240756858,0.10787259292306504,0.01840890062904963,-0.0995598219957391,0.4821384641347985,-0.10720510281794955,-0.02327093882632231,0.13330989518342076,0.06458116259471598,0.2819858073684284,0.37945256073396405,0.2729517301749195,-0.12099987263672833,-0.39104435029717977,-0.58788795971382,0.8825455177838787,0.5486551716555055,-0.23240833069389197,0.7000941381334126,0.3710274399415613,-0.46653684425022923,0.1554728609437766,0.24264684577496107,-0.17251053863600152
625,0.16150134876585814,-0.03801256075218081,0.1081466919612358,0.23315219493351433,0.2759889856284672,0.3334386814242376,-0.2930011245453141,-0.3323103623367577,-0.21119585311806702,0.6359536634803336,-0.20577899822194573,0.20485280725032834,0.5710140729030543,0.09919251932906349,-0.27453754616669024,-0.07896928497537498,0.03606607937215022,0.11905401693134181,-0.17504131225752168,-0.16989313382736637,0.0020805530387531996,0.09813566285711402,-0.09435177912274093,0.22363286922109724,0.2243299273245574,0.09929767896570325,-0.05055300144419804,0.11493399400923741,0.16398023443426096,0.08641616074491512,-0.030744876890875142,0.03995236746348638
626,0.2387995848553981,0.03761959736561409,0.18756622566533648,-0.0032170019832001968,0.01836973294643036,0.2032151590447185,-0.20300578487782478,0.2829097843134919,0.036318137954573296,0.2968939267958973,0.12859794100808733,0.2492544554621723,-0.1378062638889054,-0.2005062652564799,0.2282002950413238,0.03048863895714203,0.12638483116916358,0.056999667600075014,-0.03415029254685713,-0.1361437516837773,0.5126401164044888,0.10727375240522918,0.14836359842633548,0.00813602246109072,-0.46653684425022923,0.6396803983451482,0.4561894607607333,-0.4307036263075145,0.15017973335441417,0.019828243580542443,0.21838582797646872,-0.026929355196783866
627,0.07008561531728158,-0.12319514448977624,-0.06574295470794776,0.34385555108441634,0.18533780760642687,-0.42191937147693376,0.1594097460088622,0.003986715639722211,-0.10353847396758291,-0.08273860521489726,0.36219842017178827,0.20395349412622332,0.39656667760254666,0.3438782254724192,-0.22430789111493196,-0.13216215275703985,0.04131191411989849,0.29312924637770893,0.36431095447616657,0.051655846724557176,0.147015137047838,0.0024338063128608364,0.5425282188367668,0.2102334860700648,0.0863798706095769,0.0799497909674738,0.1273673621854455,0.12302980186260518,0.2983918938792556,-0.12952072144717805,0.22342416318361763,0.07008561531728158
628,-0.10629703423484374,-0.4260345743094281,0.5984436178614774,0.15948649245452387,-0.038225245979315856,0.12200883569907046,0.1942458485822597,0.05373657295280298,0.04936743806335487,0.20393985988063199,0.054108945930185164,-0.11411752537832029,-0.07300140090705133,0.015029837611797933,0.44060350728358616,0.19206526361875487,0.4624245466377027,0.0682533575974299,0.17317355494762385,-0.17423414406398183,-0.17888375096808656,0.3671399944271488,-0.03126694167154654,-0.2895737635617525,0.11571104830416722,0.19148059584239505,0.10402791108409856,0.23091537737709414,0.06650813331778027,0.0688545810301372,0.06682974592404096,-0.16034808885176957
629,0.1220174870673977,0.06129942909837034,0.19601231956388124,0.20596975380684593,-0.057684741153323484,0.07384757606653194,0.14480516428365917,0.11473011258612666,-0.06087256733651791,0.10219365132836339,0.2688678171440595,-0.04923300073592117,0.28884407459477013,-0.27453754616669024,-0.07896928497537498,0.03606607937215022,0.11905401693134181,0.08566486926860561,-0.05430886755852945,0.05310248474394906,0.3607471428065565,0.06233658555976345,0.25202439925764925,0.3540554860126552,0.054753129013971114,0.22470285204137724,0.2032151590447185,-0.20300578487782478,0.2829097843134919,0.036318137954573296,0.2968939267958973,0.07580716838731938
630,0.2565974639919755,0.1570198042576097,0.15967623071216216,0.12066502910544308,0.3607471428065565,0.06233658555976345,0.25202439925764925,0.3540554860126552,0.054753129013971114,0.22470285204137724,0.2032151590447185,-0.20300578487782478,0.2829097843134919,0.036318137954573296,0.2968939267958973,0.07580716838731938,0.08567346237233235,0.1659339689806515,0.22725753124748785,0.23702074683626176,0.17136904462667607,0.1900673974285291,0.14118158550631343,0.064420931619945,0.17813747119959616,0.11153480932866984,-0.2919755150128051,0.25194362687045424,0.18447934488472806,-0.03735439473461763,-0.17974141893035753,-0.045429781649620936
631,0.061634111965513244,0.22032608542910156,0.21689918467645036,-0.19131993763789917,0.25762659116874836,0.064972871506301,0.25375125815818755,0.02226975501848725,0.184785809834214,0.16588222747740497,0.17018348502593558,0.027595165892406535,0.1692395764517847,-0.016804451873613534,0.004656571040100282,-0.11958844677906617,0.4510220067914173,0.15244082736729989,0.07288885104996093,0.1748984588804126,0.003142846329034149,-0.40042171646973945,0.30944710287579563,0.17593608521602916,-0.10071744145415372,0.16218366883225244,0.2723849429441483,0.0383714803928995,-0.0341945571464552,0.1063634492370031,0.1962990495609203,-0.13145164010685437
632,-0.01222018030071071,0.07725941877185125,0.11473011258612666,-0.06087256733651791,0.10219365132836339,0.28494249186332077,-0.19871529312115233,0.16387788756728414,0.12461655134544304,0.17041386042389656,0.2758894441198532,0.38565678848867624,-0.2093333395469959,-0.3086869045626521,-0.45859624206429583,0.01881267170159937,0.9213821360251874,-0.015658216600592058,0.46151196219940505,0.4561894607607333,-0.4307036263075145,0.33404209236252513,-0.017315794149796837,-0.07556915478493191,-0.15398007638351432,0.1511533282653379,0.40902791458143434,0.3099970298175544,0.471489611372563,-0.22685151173680398,-0.03410554351064948,-0.026979094668769906
633,0.28884407459477013,0.11838573542352976,-0.038603364347782866,0.3807558613147009,0.17224841861994322,-0.09851033897345973,-0.1994683328230255,0.23980010892210227,0.24982258900136312,-0.11600447725845392,-0.322697042332726,0.20051624388285613,0.21910904649794555,0.1093603113504988,0.29244900495504983,0.07156915212888351,0.03981403283697342,0.001220357624790931,-0.07007502669067454,0.4895214773529827,0.0637917868463912,0.21208714275880025,0.4495007379400005,0.2933092651678347,-0.07857167594071549,0.2854839681489928,-0.1286611337248143,0.13799062650487542,0.049220828979773264,0.2691318726029984,0.10583636003401536,0.0911876490090115
634,-0.0730539224471404,-0.3276340921767554,-0.560709760652686,0.014662593894547743,1.4080315384750042,-0.3211366212088857,1.0994415746910717,0.3631106194833644,-0.5872769092188762,0.3343738849909891,0.2335672723395901,-0.11006995253884413,-0.15640318226972538,0.5826515229678326,0.15623469052714475,0.27640262933912124,0.47201011607596016,-0.28281767262770263,-0.0037568732807429827,-0.017960783255840662,0.1958943861923911,0.19659120888368425,0.15740508170493592,-0.18873985973198337,-0.2630977126021474,0.15538551639601741,0.29502436812259675,-0.07973305727102308,0.19799789212246702,0.22952809153640188,0.011717367533914707,-0.04143608295393437
635,-0.4410086830701572,0.20521445648280787,0.18187890191990846,-0.018412927239126024,0.08651782774696389,0.27957828264201523,0.07241198467246238,-0.0009804569413706596,0.019828243580542443,0.21838582797646872,-0.026929355196783866,0.08118586580494987,0.0029661854615968316,0.3790770817616399,0.2758894441198532,0.38565678848867624,-0.2093333395469959,-0.3086869045626521,-0.45859624206429583,0.01881267170159937,0.9213821360251874,-0.015658216600592058,0.46151196219940505,0.4561894607607333,-0.4307036263075145,0.33404209236252513,-0.017315794149796837,-0.07556915478493191,0.11575511061115777,0.16212723952415709,0.10247846737264223,0.21692267376731647
636,0.16811112115875754,0.3065383859292377,0.3339580943966088,-0.3258809547938212,0.13330811200126508,-0.16700246707206481,0.35905073798042664,0.3251171430968418,0.18006443606999176,0.03226528517847111,-0.44078944845124995,0.3380206448902753,0.12849141162106129,-0.025839607220092212,0.12045898537141242,0.286877200722593,0.06552001088711226,-0.01222018030071071,0.05668940185689197,0.20093656574037363,-0.034300721465717984,0.09335134699302704,0.10120720781703763,0.15852576202856808,-0.1261693407012891,0.05257179403844993,0.24495845199737368,0.06754989060653133,-0.09401895570000028,0.10799564566925353,0.14738116301118354,0.09492199006514247
637,0.20093656574037363,-0.034300721465717984,0.09335134699302704,0.10120720781703763,0.15852576202856808,-0.1261693407012891,0.05257179403844993,0.24495845199737368,0.1101646675136064,0.24823346342850847,0.42630163816159206,0.06845447702521013,0.18141069148365815,-0.01872348367883698,0.1602399761215795,0.18812549775877,-0.18329904817335113,0.03510975496160437,0.24519022089989018,0.04521427973100914,-0.18844126538241282,-0.1530571398391794,0.2893326305696375,0.0598365955185277,0.08329014142793219,0.18442346306946247,0.08528067838339004,0.10619021298001333,-0.07427673148701162,0.2817765778115769,0.18876158217694772,0.21520796136437131
638,0.2587212667043487,0.1399107212525063,0.18175378128055952,0.21507230996456794,-0.11110494277211024,0.3924486791878392,0.2295099569039927,-0.25196316607160346,-0.05078018175580146,0.2269836513911627,0.21109509114465294,-0.25122925263422324,-0.31389127431207686,0.39595271167737006,0.2477901823414091,0.11239773235496053,0.14034718129468007,0.07531665293909175,0.14223356297833722,-0.021651786553036286,0.12079119269608964,0.2824571418874076,0.04509906066466046,0.31997096866254743,0.27166200964144344,0.061634111965513244,0.22032608542910156,0.21689918467645036,-0.19131993763789917,0.25762659116874836,0.10860897383381861,0.11153480932866984
639,-0.33049876626994434,-0.49479408873313274,1.2506888914384577,-0.16999080995714083,0.24400616256787622,0.6145468467126224,0.4031208036502332,0.164257142074729,0.09676305399739243,0.18006443606999176,0.03226528517847111,-0.44078944845124995,0.3380206448902753,0.0891359809257264,0.17047529049149088,-0.3868144107847578,0.11608570550439605,0.054108945930185164,-0.17066752945750796,0.03606607937215022,0.11905401693134181,-0.17504131225752168,0.5690449243076188,0.21717996938913814,0.3279502886094016,0.09451606649497561,-0.1767098477946617,0.04486876508389453,-0.029810975371668404,0.36698137508616957,0.28390600937395283,0.06077700494192656
640,-0.0730539224471404,-0.3276340921767554,-0.560709760652686,0.014662593894547743,1.5665906191533503,0.2670168397207595,0.11999193592579707,0.025195000573940488,0.2525280799707006,0.46609603032039665,0.12547576951623374,-0.014864298582347406,0.02672968558008701,0.3808117223227501,0.11100234393559452,0.21471052174039773,0.2032151590447185,-0.20300578487782478,0.2829097843134919,0.036318137954573296,0.2968939267958973,0.07580716838731938,0.1889507291955781,0.11982048966670107,-0.0519861583077886,0.27183294112990597,-0.11338464126334705,0.22044835283863562,0.18175378128055952,0.21507230996456794,-0.11110494277211024,0.3924486791878392
641,0.2933092651678347,-0.07857167594071549,0.2854839681489928,-0.1286611337248143,0.13799062650487542,0.05205490943995144,-0.03348926380060616,0.3121144711635626,0.49930541624730584,0.09661674508426206,-0.04247753767970497,0.111002564726116,0.32466681415976595,-0.18632768929910803,-0.1994683328230255,0.2821995610026018,0.2758894441198532,0.38565678848867624,-0.2093333395469959,-0.3086869045626521,-0.45859624206429583,0.01881267170159937,0.9213821360251874,-0.015658216600592058,0.46151196219940505,0.4561894607607333,-0.4307036263075145,0.33404209236252513,-0.017315794149796837,-0.07556915478493191,-0.15398007638351432,0.1511533282653379
642,-0.071568525291851,0.651068744545621,0.17517207832310983,-0.2837244130358797,0.25998134734600065,0.2433730585524286,-0.04712027514696706,0.09999394778949644,0.22146573820555276,0.07314429710685592,-0.1271890839969909,0.22798368323536836,0.14083053914836333,-0.03453453984877311,-0.12319514448977624,-0.06574295470794776,0.056388548478534375,0.23630351086435855,0.4555579162737879,0.246515426242668,0.01770617465262488,0.15591559768791044,0.06181623550682581,-0.032007325327046816,0.09425897787719907,0.18704035057159146,0.1166120799555511,0.10308527413401705,0.17846779112789968,0.22208583212672164,0.10912076590162222,0.08387223257892588
643,-0.21754472327174948,0.11712542482710067,-0.142074691783058,0.20485280725032834,0.5710140729030543,0.09919251932906349,-0.27453754616669024,-0.07896928497537498,0.03606607937215022,0.11905401693134181,-0.17504131225752168,0.5592456290391918,0.14956677270984858,0.3599731363146606,0.1693893827989283,0.11021291834797739,-0.01051268262747767,0.44645725699367006,0.34622605703385295,0.023401847563298758,-0.11233793060977981,0.3873237836404128,0.14370153652087095,-0.06519178307126122,0.31264062742987014,-0.10219671826133284,0.20037398764353218,0.20497716776757982,0.17400369564042703,-0.09436305739060516,0.33469231135482114,0.32166518950735806
644,0.23834739187748413,0.05627475275433264,0.2851260409760982,-0.04093780864936718,0.22340053763778864,0.17654672439733954,0.13598333473215593,0.03048863895714203,0.12638483116916358,0.056999667600075014,-0.03415029254685713,0.015244623490206442,-0.10502185721591453,0.16212723952415709,0.10247846737264223,0.21692267376731647,0.19989817570442997,0.4592312571483904,-0.16129594391123622,-0.2057051867824583,-0.535203756815677,-0.18224044766622266,1.631133135384752,-0.27684410127456854,0.93613725027831,0.36905839115702316,-0.42191937147693376,0.14954493181396358,0.37281603040919475,0.5642227911150639,-0.12169415188144998,-0.10465010238160379
645,0.016130026589419835,0.2877670271542953,0.47201011607596016,-0.28281767262770263,-0.0037568732807429827,-0.006068095610988907,0.26491874482578665,0.3594575830872452,0.09224524233487587,0.20689829639105578,-0.18868606439129984,0.1938649078891614,0.11596495767376316,0.23218720665753584,0.0696797017353103,0.32166518950735806,-0.2270480455207728,-0.14535264944239704,0.1636217548875396,0.3461298946903398,-0.2333565673052771,-0.30008190849311206,0.3332262163068803,0.15339784011706106,0.17350277886178694,0.14443373400405532,0.06937373250251755,0.1938846693083236,-0.020397626293515884,0.056241500047262236,0.31501257601781585,0.03521232712560007
646,-0.0036322028767203193,0.5154484502995313,0.2044492602416065,0.04163234839464616,-0.09945040258569912,0.46110913685599997,0.03434420395290914,0.08108865698436285,0.1615687764851244,-0.037857040474989806,0.16967044100176074,0.20436905870817954,0.22643906756319154,-0.10248309887142547,-0.06487001071552723,0.022974105712554253,0.04205130832165293,0.3890877324073698,0.23355982518621926,0.029024701733186827,-0.023190079283785647,0.41946818135912745,0.396950895585359,0.10235223238006354,0.1166120799555511,0.10308527413401705,0.17846779112789968,0.22208583212672164,0.10912076590162222,0.08387223257892588,0.007282743814128762,0.020612343586763032
647,0.07384757606653194,0.14480516428365917,0.11473011258612666,-0.06087256733651791,0.10219365132836339,0.2904398373272532,-0.191413963210553,0.0962711095927171,0.19762225597500324,0.1081466919612358,0.23315219493351433,0.2759889856284672,0.3334386814242376,-0.45258569284406064,-0.45930796864318557,0.08435528278984028,0.7241675991841428,-0.015658216600592058,0.46151196219940505,0.34494421992805463,0.23046833214655307,-0.04177403759466122,-0.30418711666720355,0.3528982149432685,0.205696934332813,-0.06894471559741094,-0.21754472327174948,0.11712542482710067,0.13726845392845502,0.10477893452726418,0.154525193891985,0.12234390728662362
648,-0.2131146307468916,-0.22820094866907836,-0.4077636285835352,-0.15881599178038797,0.874523150438384,-0.0030598719334408316,0.06504544989171787,0.08651782774696389,0.27957828264201523,0.07241198467246238,-0.0009804569413706596,0.0629622452474685,0.18036848701180638,0.08872221642612875,0.008975541836774844,-0.025516086913291845,0.38806089204959493,-0.20156309491583888,0.12789596366752015,0.1503937044621789,0.11340700597604,0.17947034930705658,0.2564809375436427,0.2379115657403104,-0.03126694167154654,-0.2895737635617525,0.11571104830416722,0.19148059584239505,0.10402791108409856,0.23091537737709414,0.06650813331778027,0.0688545810301372
649,0.19927450157206136,0.22382878195307498,-0.09401895570000028,0.03361559840629191,0.032519541821476844,0.005804140740080759,0.15562454509034235,0.09398115298271544,-0.09265333953569191,-0.06287418633695564,0.020789453641837097,0.4234865458933099,-0.1161805714536689,-0.04633283163100682,0.2136761375202918,0.07494596567037431,0.25010784662062324,0.3523436055521462,0.16449856261676135,-0.06575779966302676,-0.4633805460079044,-0.6296462555508103,2.322443244981363,0.016820628608099946,-0.12210513461064502,0.7425967423056713,0.26569395997574946,-0.48211955771040454,0.31856934468977854,-0.1471160322989946,0.13224843227692928,-0.13744108689493145
650,0.18518734134368978,0.03957451191768845,0.1932733614432001,-0.05430886755852945,0.05310248474394906,0.3607471428065565,0.06233658555976345,0.25202439925764925,0.3540554860126552,0.054753129013971114,0.22470285204137724,0.2032151590447185,-0.20300578487782478,-0.03415029254685713,-0.1361437516837773,0.5126401164044888,0.10727375240522918,0.14836359842633548,0.14084473078919998,-0.02148657484953709,-0.09654062999712708,0.3607471428065565,0.06233658555976345,0.25202439925764925,0.3540554860126552,0.054753129013971114,0.22470285204137724,0.2032151590447185,-0.20300578487782478,0.2829097843134919,0.036318137954573296,0.2968939267958973
651,0.08359265059376635,0.33876510586308256,0.02582216832870876,0.10159629500858154,0.02285161943960793,0.007793924365852867,-0.09554214890318367,0.17101591016823178,0.1958943861923911,0.19659120888368425,0.0682533575974299,0.17317355494762385,-0.17423414406398183,-0.17888375096808656,0.14457497153757373,0.16150134876585814,-0.04888249344416614,0.2574598457233434,0.2758894441198532,0.38565678848867624,-0.2093333395469959,-0.3086869045626521,-0.45859624206429583,0.01881267170159937,0.9213821360251874,-0.015658216600592058,0.46151196219940505,0.4561894607607333,-0.4307036263075145,0.33404209236252513,-0.017315794149796837,-0.07556915478493191
652,0.011717367533914707,-0.04143608295393437,0.11111471412019423,0.19799789212246702,0.22952809153640188,-0.043896504451198415,0.005804140740080759,0.15562454509034235,0.09398115298271544,0.12409857093066969,0.13484381164054374,0.14901686786802,0.06131121467129291,0.20880832158794416,0.11021351393836613,0.2811349847358627,0.0014623392565319142,0.04784244341978576,0.0077741013978389175,0.04641076076847641,-0.12295444257606764,0.39770783469686205,0.08172071414989064,0.24383857054727498,0.12692743882989452,-0.09579475570179191,-0.37215607382295773,0.42858710956831947,0.169608015722371,-0.08047575649163148,0.16236333567151778,0.17047529049149088
653,-0.036381717160680845,0.1918282357010622,0.2566953352236003,0.09440814158715664,0.25877643221949886,0.36206636083348,-0.033337844150699736,0.036318137954573296,0.2968939267958973,0.07580716838731938,0.08567346237233235,0.1659339689806515,0.22725753124748785,-0.033804194159752304,0.17615938980224977,0.03444382036243173,-0.08424507459956743,-0.05323316428520335,0.38394456914269876,0.12494821353405587,0.11626296745509843,0.1967032816729059,0.13604608051457204,-0.4410086830701572,0.20521445648280787,0.18187890191990846,-0.018412927239126024,0.08651782774696389,0.27957828264201523,0.07241198467246238,-0.0009804569413706596,0.019828243580542443
654,0.010629951960803224,0.2329295694666118,0.43160144306355575,0.23386430015327572,0.022736716960153926,0.20677149441364567,0.05235944102725745,0.015779282541251688,0.07778099345810575,0.14475962330811473,0.1313550547189986,0.07443711931806851,0.2013810585084282,0.16537104813962505,0.16944948516711295,0.024987697732263607,0.04487858645134652,0.029272201147996082,0.03195666987309589,-0.04923300073592117,0.28884407459477013,0.11496552590834287,0.1509781412018274,0.21715120410033667,0.1958943861923911,0.19659120888368425,0.0682533575974299,0.17317355494762385,-0.17423414406398183,-0.17888375096808656,0.14457497153757373,0.16150134876585814
655,0.19603204200615487,0.3004909622472764,0.044637696916542596,0.1491258597087924,0.10443331001532027,-0.012240582376639745,0.13886281909376522,0.0663289995961218,0.2459899734113378,-0.014562473930395762,0.21364801688882992,0.17429534874748348,0.2011047102573123,-0.05911225422027029,0.1470775585761181,0.02369429402154779,0.005683677347195281,-0.1564723056670849,0.5746193857681196,0.11730632153435483,-0.02629810712716633,0.3121144711635626,0.49930541624730584,0.09661674508426206,-0.04247753767970497,0.111002564726116,0.32466681415976595,-0.054898688296048936,0.22432644828488973,-0.1232149241758918,0.2686244753741979,0.15454741133606334
656,0.1970317131241627,0.21112320288276687,-0.053256080531068464,-0.41024474767980984,0.2704078672093213,0.267162624321814,0.12187058334242151,0.27546427786962585,0.061031905252357535,0.05848757429557536,-0.07720539751091571,0.010435914587602436,0.4970868953748266,0.0443270845504133,0.2086211161338412,0.3854280947760623,0.3481189339598148,-0.046633282251753776,0.28704697470443025,-0.23376505563265904,0.18872427595081712,0.30319516394741775,0.05627475275433264,0.2851260409760982,-0.04093780864936718,0.22340053763778864,0.17654672439733954,0.13598333473215593,0.03048863895714203,0.12638483116916358,0.056999667600075014,-0.03415029254685713
657,0.15218442678035976,0.3924486791878392,0.2295099569039927,0.325236831357615,0.11982048966670107,-0.0519861583077886,0.27183294112990597,-0.11338464126334705,0.22044835283863562,0.18175378128055952,0.21507230996456794,-0.11110494277211024,0.3924486791878392,0.2295099569039927,-0.25196316607160346,-0.05078018175580146,0.2269836513911627,0.21109509114465294,-0.25122925263422324,-0.31389127431207686,0.39595271167737006,0.2477901823414091,0.11239773235496053,0.14034718129468007,0.07531665293909175,0.14223356297833722,-0.021651786553036286,0.12079119269608964,0.2824571418874076,0.04509906066466046,0.31997096866254743,0.27166200964144344
658,0.007282743814128762,0.020612343586763032,-0.016019177985158884,0.02271247292045064,0.29107111576143124,0.1045071141541918,0.12488891724892921,0.20435731266315316,-0.18873985973198337,-0.2630977126021474,0.15538551639601741,0.29502436812259675,-0.07973305727102308,0.19799789212246702,0.22952809153640188,0.011717367533914707,-0.04143608295393437,0.15366120595170318,-0.09435177912274093,0.3272924119533683,0.31800420099521304,0.16574179316019652,-0.34376971549729113,0.31053865854267393,0.23395754267823185,-0.08417891571780703,-0.19567178073345584,0.048418260223786674,0.12787983090555988,0.09892670391507088,0.19799846171187263,0.08817550672737952
659,0.36219842017178827,0.20395349412622332,0.39656667760254666,0.3438782254724192,-0.22430789111493196,-0.13216215275703985,0.04131191411989849,0.29312924637770893,0.36431095447616657,0.051655846724557176,0.147015137047838,0.0024338063128608364,0.5425282188367668,0.2102334860700648,-0.023462072827558623,-0.08357893242046706,0.5100102620576359,0.015971134607805734,0.13242407727825622,0.12389941991210354,-0.06701563151637725,0.2211385741886123,0.1901250685257231,0.18141069148365815,-0.01872348367883698,0.1602399761215795,0.18812549775877,-0.18329904817335113,0.03510975496160437,0.24519022089989018,0.04521427973100914,-0.18844126538241282
660,-0.20535274008458249,0.5793427173608218,0.20684927582932539,0.31605517367239877,0.31626446930358326,-0.2688525390751869,-0.23497703259441213,-0.6818950630676603,2.775715655692279,-0.12641861897147907,-0.071568525291851,0.651068744545621,0.17517207832310983,-0.2837244130358797,-0.05933768281964149,-0.0158205855430532,0.10766783526534249,-0.15136662886912727,0.732439073067299,0.16811112115875754,0.3065383859292377,0.3339580943966088,-0.3258809547938212,0.13330811200126508,-0.16700246707206481,0.35905073798042664,0.2503177717232147,0.19920890419656892,0.006508261054583925,0.19637910122862356,0.5323290908947901,0.11239025342580698
661,0.08595079027684539,0.07711382871774942,0.20992472947069074,0.08617134357782268,0.07831120315928315,-0.036381717160680845,0.1918282357010622,0.2566953352236003,0.09440814158715664,0.25877643221949886,0.36206636083348,0.018964750924899278,0.22176350952506277,0.0976938196030565,-0.1011372261993832,0.23834739187748413,-0.017042485016252194,0.14475962330811473,0.1313550547189986,0.07443711931806851,0.2013810585084282,0.16537104813962505,0.16944948516711295,0.024987697732263607,0.04487858645134652,0.029272201147996082,0.03195666987309589,-0.04923300073592117,0.28884407459477013,0.11496552590834287,0.1509781412018274,0.21715120410033667
662,0.08108865698436285,0.1615687764851244,-0.037857040474989806,0.16967044100176074,0.20436905870817954,0.20064497471212211,-0.03419642558318104,0.22503561746781034,0.23051347462592298,-0.2674087357689618,0.05272393126356598,0.22506923505064735,0.10261484021232775,-0.21198150695143764,-0.19771289689077395,0.32661083949314984,0.07839655941719417,0.19762225597500324,0.1081466919612358,0.23315219493351433,0.2759889856284672,0.3334386814242376,-0.2930011245453141,-0.3323103623367577,-0.21119585311806702,0.6359536634803336,-0.20577899822194573,0.20485280725032834,0.5710140729030543,0.09919251932906349,-0.27453754616669024,-0.07896928497537498
663,0.4019389235070164,0.08865320947212052,0.11316297154198258,-0.4410086830701572,0.20521445648280787,0.18187890191990846,-0.018412927239126024,0.08651782774696389,0.27957828264201523,0.07241198467246238,-0.0009804569413706596,0.019828243580542443,0.21838582797646872,-0.026929355196783866,0.08118586580494987,0.0029661854615968316,0.34595842949403505,-0.21248517639154826,0.045107140934606355,0.28875087664909865,0.14815850872667752,0.16282803887473282,0.3842572887052237,0.07228909228872414,-0.535203756815677,-0.20175062856207043,0.014662593894547743,1.4080315384750042,-0.3211366212088857,1.0994415746910717,0.3631106194833644,-0.5872769092188762
664,0.6780850513706412,-0.08600545858317245,0.12045898537141242,0.286877200722593,0.06552001088711226,-0.01222018030071071,0.05668940185689197,0.11418232997969897,-0.06287418633695564,0.020789453641837097,0.4234865458933099,-0.1161805714536689,-0.04633283163100682,0.2136761375202918,0.07494596567037431,0.25010784662062324,0.3523436055521462,0.16449856261676135,-0.06575779966302676,-0.4633805460079044,-0.6296462555508103,2.322443244981363,0.016820628608099946,-0.12210513461064502,0.7425967423056713,0.3729825999231851,0.04509906066466046,0.31997096866254743,0.27166200964144344,0.061634111965513244,0.22032608542910156,0.21689918467645036
665,0.11016030936506847,0.2678296268354956,-0.11044697195648515,0.29822181701699224,0.06963025852130174,-0.04415721420156436,-0.08021739414216453,0.21015504769464924,0.16078174031700854,0.18936452476172624,0.09562393978438231,0.14760436881813735,-0.17392707701365767,-0.14536143896619835,0.239470124936455,0.11340700597604,0.1662950431666319,0.31605517367239877,0.31626446930358326,-0.2688525390751869,-0.23497703259441213,-0.6818950630676603,2.775715655692279,-0.12641861897147907,-0.071568525291851,0.651068744545621,0.17517207832310983,-0.2837244130358797,0.10295236448386291,-0.18049387029567956,0.05969298311436966,-0.12444320203172575
666,-0.05845547641045337,0.3308041747258856,0.164257142074729,0.09676305399739243,0.18006443606999176,0.03226528517847111,-0.44078944845124995,0.3380206448902753,0.12849141162106129,-0.025839607220092212,0.12045898537141242,0.5922410528109764,0.565946646773559,-0.27387320345155214,0.11608570550439605,0.054108945930185164,-0.11411752537832029,-0.07300140090705133,0.015029837611797933,0.44060350728358616,0.19206526361875487,0.4763690489011428,-0.1670048053309648,-0.017998435792932244,0.06031076097975645,0.02182100849886886,0.32235892296680474,0.21043433282753074,0.04703410538990216,0.023224159920207973,0.3484169306665826,0.38464041570040863
667,0.20093656574037363,-0.034300721465717984,0.09335134699302704,0.10120720781703763,0.15852576202856808,-0.1261693407012891,0.05257179403844993,0.24495845199737368,0.11278941491241422,0.3322918405849832,-0.0730539224471404,-0.3276340921767554,-0.560709760652686,0.014662593894547743,1.4080315384750042,-0.3211366212088857,0.7793629412140853,0.34595842949403505,-0.21248517639154826,0.045107140934606355,0.28875087664909865,0.14815850872667752,0.16282803887473282,0.3842572887052237,-0.00910825187333178,-0.3009925401089623,-0.3557798169054311,-0.17575267886142004,0.576090306976329,-0.006011173839405014,0.407556646171246,0.565946646773559
668,-0.054658024990498495,0.5979804251199937,0.2526440820179429,0.030295772611395898,-0.17611053221229445,0.532684865743833,-0.06406742122876595,0.20037398764353218,0.20497716776757982,0.17400369564042703,-0.09436305739060516,0.33469231135482114,0.32166518950735806,-0.2270480455207728,-0.14535264944239704,0.1636217548875396,0.3461298946903398,-0.2333565673052771,-0.30008190849311206,0.3332262163068803,0.15339784011706106,0.17350277886178694,0.14443373400405532,0.06937373250251755,0.1938846693083236,-0.020397626293515884,0.056241500047262236,0.18224581889899796,0.17041386042389656,0.2758894441198532,0.38565678848867624,-0.2093333395469959
669,-0.20535274008458249,0.5793427173608218,0.09004305927638333,0.1776169526838241,0.11019210973415139,-0.10629703423484374,-0.4260345743094281,0.5984436178614774,0.18145219611393124,0.23769099596891313,0.43358726407530823,-0.18009620301785492,-0.2833807162011421,-0.49163582428543307,0.021414579109772094,1.2345642521917752,-0.2390661515095062,0.7216726934662775,0.37887817736150176,-0.4375915754722766,0.17850557601239259,0.04049002125523098,-0.0759962967737919,-0.07588574258395304,0.2146160329797934,0.3163929280565138,0.21717996938913814,0.3279502886094016,0.09451606649497561,-0.1767098477946617,-0.10439716652304593,0.010435914587602436
670,-0.11088653938316373,-0.148064560972247,0.4323114787719322,0.40137010870007506,-0.35215411572254657,0.08641717028161186,-0.05935848768228961,0.33385057687905584,0.3111346555032771,0.03374797111609373,0.10221199436568572,0.11086305524430831,0.5085612625617385,0.2358186269665527,-0.0354215967745066,-0.07093347373910476,0.47495421114848513,-0.06981461482759276,0.2501629573434221,-0.007193016796767877,0.08783646987625998,-0.010116324552917774,0.44645725699367006,0.43240127246234644,-0.11958844677906617,0.4510220067914173,0.15244082736729989,0.07288885104996093,0.1748984588804126,0.003142846329034149,-0.40042171646973945,0.30944710287579563
671,0.007944420515341881,0.14223356297833722,-0.021651786553036286,0.12079119269608964,0.2824571418874076,0.04509906066466046,0.31997096866254743,0.27166200964144344,0.061634111965513244,0.22032608542910156,0.21689918467645036,-0.19131993763789917,0.25762659116874836,0.064972871506301,0.25375125815818755,0.02226975501848725,0.184785809834214,0.16588222747740497,0.17018348502593558,-0.28231756593106816,-0.010451953943186447,0.16384677242970036,0.06412993674654287,0.02359710218921049,0.15183112240756858,0.10787259292306504,0.01840890062904963,-0.0995598219957391,0.4821384641347985,-0.10720510281794955,-0.02327093882632231,0.13330989518342076
672,-0.22582008661066053,0.010747444669999833,-0.04684048839730427,0.3445276958741689,0.2670168397207595,0.11999193592579707,0.025195000573940488,0.2525280799707006,0.46609603032039665,0.12547576951623374,-0.014864298582347406,-0.08424507459956743,-0.05323316428520335,0.38394456914269876,0.12494821353405587,0.11626296745509843,0.1967032816729059,0.13604608051457204,-0.4410086830701572,0.20521445648280787,0.18187890191990846,-0.018412927239126024,0.08651782774696389,0.27957828264201523,0.2685736170907709,0.2759889856284672,0.3334386814242376,-0.2930011245453141,-0.3323103623367577,-0.21119585311806702,0.6359536634803336,-0.20577899822194573
673,-0.029680462238063903,0.14956677270984858,0.3599731363146606,0.1693893827989283,0.11021291834797739,-0.01051268262747767,0.35081521654064435,-0.2688525390751869,-0.23497703259441213,-0.6818950630676603,2.775715655692279,-0.12641861897147907,-0.071568525291851,0.651068744545621,0.17517207832310983,-0.2837244130358797,-0.05933768281964149,-0.0158205855430532,0.10766783526534249,-0.15136662886912727,0.732439073067299,0.16811112115875754,0.3065383859292377,0.3339580943966088,-0.3258809547938212,0.13330811200126508,-0.16700246707206481,0.35905073798042664,0.2503177717232147,0.19920890419656892,0.006508261054583925,0.19637910122862356
674,-0.04415721420156436,-0.08021739414216453,0.21015504769464924,0.16078174031700854,0.18936452476172624,0.07237610315499185,-0.44078944845124995,0.3380206448902753,0.12849141162106129,-0.025839607220092212,0.12045898537141242,0.286877200722593,0.06552001088711226,-0.01222018030071071,0.05668940185689197,0.17517207832310983,-0.2837244130358797,-0.05933768281964149,-0.0158205855430532,0.10766783526534249,-0.15136662886912727,0.732439073067299,0.16811112115875754,0.3065383859292377,0.3339580943966088,-0.3258809547938212,0.13330811200126508,-0.16700246707206481,0.35905073798042664,0.2503177717232147,0.19920890419656892,0.08513021582222177
675,0.532684865743833,0.11982048966670107,-0.0519861583077886,0.27183294112990597,-0.11338464126334705,0.22044835283863562,0.18175378128055952,0.21507230996456794,-0.11110494277211024,0.3924486791878392,0.2295099569039927,-0.25196316607160346,-0.05078018175580146,0.2269836513911627,0.21109509114465294,-0.25122925263422324,-0.31389127431207686,0.39595271167737006,0.2477901823414091,0.11239773235496053,0.14034718129468007,0.07531665293909175,0.14223356297833722,-0.021651786553036286,0.12079119269608964,0.2824571418874076,-0.012419409904441093,-0.07420667902913211,0.4772627981074588,-0.017093960217367823,0.20446229175264322,0.077208066716257
676,-0.4268141196430951,0.40979557006932316,0.23961717018966824,-0.05766107861356521,0.14954493181396358,0.16384677242970036,0.06412993674654287,-0.07754603495020393,0.19927450157206136,0.22382878195307498,-0.09401895570000028,0.10799564566925353,0.14738116301118354,0.09492199006514247,-0.09869715727879487,0.0835486894223549,0.15840175868133813,0.18145219611393124,0.23769099596891313,0.43358726407530823,-0.18009620301785492,-0.2833807162011421,-0.49163582428543307,0.021414579109772094,1.2345642521917752,-0.2390661515095062,0.7216726934662775,0.37887817736150176,-0.4375915754722766,0.2781252821624136,-0.07973305727102308,0.19799789212246702
677,-0.053256080531068464,-0.11125463183351925,-0.006068095610988907,0.22353226918003677,0.31634318939043543,-0.33021394212040767,0.39595271167737006,0.2477901823414091,0.11239773235496053,0.14034718129468007,0.03401912749794323,0.23244847910803215,-0.3894901647747064,0.5622280081444593,-0.06092265305807112,-0.07420667902913211,-0.14241568356771478,-0.06487001071552723,0.022974105712554253,0.04205130832165293,0.3890877324073698,0.23355982518621926,0.029024701733186827,-0.023190079283785647,0.41946818135912745,0.396950895585359,0.09451606649497561,-0.1767098477946617,0.04486876508389453,0.09243518951254985,0.0014623392565319142,0.04784244341978576
678,-0.37717238805262293,0.2565974639919755,0.1570198042576097,0.15967623071216216,0.18518734134368978,0.03957451191768845,0.1932733614432001,-0.05430886755852945,0.05310248474394906,0.3607471428065565,0.06233658555976345,0.25202439925764925,0.3540554860126552,0.3264491630511701,0.25877643221949886,0.36206636083348,0.018964750924899278,0.22176350952506277,0.0976938196030565,-0.1011372261993832,0.23834739187748413,0.05627475275433264,0.2851260409760982,-0.04093780864936718,0.22340053763778864,0.17654672439733954,0.13598333473215593,0.03048863895714203,0.12638483116916358,0.056999667600075014,-0.03415029254685713,-0.1361437516837773
679,0.14954493181396358,0.16384677242970036,0.06412993674654287,-0.07754603495020393,0.19927450157206136,0.22382878195307498,-0.09401895570000028,0.10799564566925353,0.14738116301118354,0.09492199006514247,-0.07348337490622069,0.2136761375202918,0.07494596567037431,0.25010784662062324,0.3523436055521462,0.16449856261676135,-0.06575779966302676,-0.40036645608296356,-0.23497703259441213,-0.6818950630676603,2.775715655692279,-0.12641861897147907,-0.071568525291851,0.651068744545621,0.17517207832310983,-0.2837244130358797,-0.05933768281964149,0.2733603622590755,0.4763690489011428,-0.1670048053309648,-0.017998435792932244,-0.3115981353311873
680,0.15852576202856808,-0.1261693407012891,0.05257179403844993,0.24495845199737368,0.1101646675136064,0.24823346342850847,0.42630163816159206,-0.2131146307468916,-0.22820094866907836,-0.4077636285835352,-0.5043122707417214,0.021414579109772094,1.2345642521917752,-0.2390661515095062,0.7216726934662775,0.37887817736150176,-0.4375915754722766,0.17850557601239259,0.04049002125523098,-0.0759962967737919,-0.07588574258395304,0.2146160329797934,0.30387177201667565,0.3066306355625916,0.5546419203281793,-0.26978020481639686,-0.09744491478413504,0.029835882608371077,0.23244847910803215,0.3923522683435107,0.06574911402424904,0.11982381637853495
681,0.28875087664909865,0.14815850872667752,0.16282803887473282,0.3842572887052237,-0.00910825187333178,-0.3009925401089623,-0.3557798169054311,-0.32982784200435367,0.6359536634803336,-0.20577899822194573,0.20485280725032834,0.5710140729030543,0.09919251932906349,-0.27453754616669024,-0.07896928497537498,0.03606607937215022,0.11905401693134181,-0.17504131225752168,0.5690449243076188,0.21717996938913814,0.3279502886094016,0.09451606649497561,-0.1767098477946617,0.04486876508389453,-0.029810975371668404,0.36698137508616957,0.28390600937395283,0.06077700494192656,0.07552553107963966,-0.03419642558318104,0.22503561746781034,-0.04584013177810821
682,0.11021291834797739,-0.01051268262747767,0.44645725699367006,0.34622605703385295,0.023401847563298758,-0.11233793060977981,0.3873237836404128,0.14370153652087095,-0.06519178307126122,0.31264062742987014,-0.10219671826133284,0.20037398764353218,0.20497716776757982,0.17400369564042703,-0.09436305739060516,0.33469231135482114,0.32166518950735806,-0.2270480455207728,-0.14535264944239704,0.1636217548875396,0.3461298946903398,-0.1828442978248636,0.46151196219940505,0.4561894607607333,-0.4307036263075145,0.33404209236252513,-0.017315794149796837,-0.07556915478493191,0.11065531207653122,0.13604608051457204,-0.4410086830701572,0.20521445648280787
683,-0.10391341217997091,0.3301924189647566,-0.1306468068111148,0.36493975362810666,0.1618681250337736,0.10981308189934724,0.4255352370150269,0.25980627869946177,0.028878761909011532,0.1512351673111633,0.0687471240577064,0.025303337699693184,0.07991964893101931,0.14910613995433913,0.19164556746646988,-0.1232149241758918,0.2686244753741979,0.15454741133606334,0.11838573542352976,-0.038603364347782866,0.3807558613147009,0.17224841861994322,-0.09851033897345973,-0.1994683328230255,-0.2005062652564799,0.18019128493810643,0.2685197814770018,-0.10539726797133586,0.19148059584239505,0.10402791108409856,0.23091537737709414,0.06650813331778027
684,-0.4268141196430951,0.40979557006932316,0.23961717018966824,-0.05766107861356521,0.14954493181396358,0.16384677242970036,0.06412993674654287,-0.05006081401652463,-0.17392707701365767,-0.14536143896619835,0.04333727706415184,0.1220174870673977,0.06129942909837034,0.19601231956388124,0.20596975380684593,-0.057684741153323484,0.07384757606653194,0.14480516428365917,0.11473011258612666,-0.06087256733651791,0.10219365132836339,0.2904398373272532,-0.191413963210553,0.0962711095927171,0.19762225597500324,0.1081466919612358,0.23315219493351433,0.2759889856284672,0.3334386814242376,-0.2930011245453141,-0.3323103623367577,-0.21119585311806702
685,0.23630351086435855,0.4555579162737879,0.246515426242668,0.01770617465262488,0.15591559768791044,0.06181623550682581,-0.032007325327046816,0.09425897787719907,0.18704035057159146,0.1166120799555511,0.10308527413401705,0.17846779112789968,0.22208583212672164,0.10912076590162222,0.08387223257892588,0.007282743814128762,0.020612343586763032,-0.016019177985158884,0.02271247292045064,0.29107111576143124,0.1045071141541918,0.12488891724892921,0.20435731266315316,-0.18873985973198337,-0.2630977126021474,0.15538551639601741,0.29502436812259675,-0.10015934709791346,-0.026929355196783866,0.08118586580494987,-0.25919138487775595,-0.05933768281964149
686,-0.016804451873613534,0.004656571040100282,-0.11958844677906617,0.4510220067914173,0.15244082736729989,0.07288885104996093,0.1748984588804126,0.003142846329034149,-0.40042171646973945,0.30944710287579563,0.17593608521602916,-0.10071744145415372,0.16218366883225244,0.2723849429441483,0.0383714803928995,-0.0341945571464552,0.1063634492370031,0.1962990495609203,-0.13145164010685437,0.11010865612719507,0.27183294112990597,-0.11338464126334705,0.22044835283863562,0.18175378128055952,0.21507230996456794,-0.11110494277211024,0.3924486791878392,0.2295099569039927,-0.25196316607160346,-0.05078018175580146,0.2269836513911627,0.21109509114465294
687,0.12200883569907046,0.1942458485822597,0.05373657295280298,-0.0481804193300597,0.15012172490551431,0.11914993570351617,-0.013910993924571376,-0.17796770742789422,0.6237727862359442,-0.0034213682837081223,-0.10107599037759238,0.18931492100556252,0.026950214585079065,0.18096547976886537,0.39861970155369486,0.3322918405849832,-0.0730539224471404,-0.3276340921767554,-0.560709760652686,0.47613752840354595,0.20776629628629834,-0.07588574258395304,0.2146160329797934,0.30387177201667565,0.3066306355625916,0.5546419203281793,0.017421805384965686,0.01810342690887054,0.04333727706415184,0.1220174870673977,0.06129942909837034,0.19601231956388124
688,0.1776169526838241,0.11019210973415139,-0.10629703423484374,0.23032693891866182,0.10261484021232775,-0.21198150695143764,-0.19771289689077395,0.32661083949314984,0.10384331692069787,0.07711382871774942,0.20992472947069074,0.08617134357782268,0.07831120315928315,-0.036381717160680845,0.1918282357010622,0.2566953352236003,0.09440814158715664,0.25877643221949886,0.36206636083348,-0.03092379455246062,0.051655846724557176,0.24191744630635095,0.10738292971034552,0.1268252869070336,-0.054658024990498495,0.5979804251199937,0.2526440820179429,0.030295772611395898,0.3121144711635626,0.49930541624730584,0.09661674508426206,-0.04247753767970497
689,-0.09977122531837382,0.2566705868769431,-0.0545143766982602,-0.17796770742789422,0.6237727862359442,-0.0034213682837081223,-0.10107599037759238,0.18931492100556252,0.026950214585079065,0.18096547976886537,0.39861970155369486,0.3322918405849832,-0.0730539224471404,-0.3276340921767554,-0.560709760652686,0.014662593894547743,1.4080315384750042,-0.3211366212088857,1.0994415746910717,0.3631106194833644,-0.5872769092188762,0.3343738849909891,0.2335672723395901,-0.11006995253884413,-0.15640318226972538,0.5826515229678326,0.15623469052714475,0.27640262933912124,0.47201011607596016,-0.28281767262770263,-0.0037568732807429827,-0.006068095610988907
690,0.22798368323536836,0.2092366450547034,-0.09401895570000028,0.10799564566925353,0.14738116301118354,0.09492199006514247,-0.09869715727879487,0.0835486894223549,0.15840175868133813,0.18145219611393124,0.23769099596891313,0.43358726407530823,-0.18009620301785492,-0.2833807162011421,-0.49163582428543307,0.021414579109772094,1.2345642521917752,-0.2390661515095062,0.7216726934662775,0.37887817736150176,-0.4375915754722766,0.17850557601239259,0.04049002125523098,-0.0759962967737919,-0.07588574258395304,0.2146160329797934,0.30387177201667565,0.3066306355625916,0.5546419203281793,-0.26978020481639686,-0.09744491478413504,0.029835882608371077
691,0.10981308189934724,0.4255352370150269,0.1615687764851244,-0.037857040474989806,0.16967044100176074,0.20436905870817954,0.20064497471212211,-0.03419642558318104,0.22503561746781034,0.23051347462592298,-0.2674087357689618,-0.04116129561213387,0.16212723952415709,0.05064041624303702,0.23630351086435855,0.44214755094293107,0.2011047102573123,-0.05911225422027029,0.1470775585761181,0.02369429402154779,0.005683677347195281,-0.1564723056670849,0.5746193857681196,0.11730632153435483,0.11996356155954901,0.1278373443948156,-0.08747270326604926,-0.4820010422294675,0.6345265610190949,0.2433730585524286,-0.01808458860988423,0.39656667760254666
692,-0.19131993763789917,0.25762659116874836,0.064972871506301,0.25375125815818755,0.02226975501848725,0.184785809834214,0.16588222747740497,0.17018348502593558,0.027595165892406535,0.1692395764517847,-0.016804451873613534,0.004656571040100282,-0.11958844677906617,0.4510220067914173,0.15244082736729989,0.07288885104996093,0.39861970155369486,0.16275248553492822,-0.37003291712239705,-0.45930796864318557,0.08435528278984028,0.4794833804839934,-0.09284003963689724,0.26295154864488435,0.5642227911150639,-0.12169415188144998,-0.11306592133363663,0.2017013585807754,-0.18049387029567956,0.05969298311436966,-0.12444320203172575,0.5611453632897837
693,0.14118158550631343,0.064420931619945,0.10410205721447416,0.052111479316268625,0.2025166266354563,0.13030374742807277,0.27603280178207557,0.006508261054583925,0.19637910122862356,0.5323290908947901,0.11239025342580698,0.019519458325689406,-0.024104684871840008,0.41000486829468213,-0.054332979629034356,0.19955843128181666,-0.154784423703279,0.3022190377547206,0.1947513444538738,0.06255089963037826,0.14128623717498243,0.16458087537784533,0.23046833214655307,-0.04177403759466122,-0.30418711666720355,0.3528982149432685,0.205696934332813,-0.06894471559741094,-0.21754472327174948,0.11712542482710067,0.07763371109065413,-0.12654439591486835
694,-0.12444320203172575,0.5611453632897837,0.1869335896853636,0.4006017258170882,-0.10347017542090149,-0.08148573527369679,-0.1306468068111148,0.36493975362810666,0.1618681250337736,0.10981308189934724,0.4255352370150269,0.25980627869946177,0.40628763131922097,-0.017093960217367823,0.20446229175264322,0.077208066716257,-0.03473222436348715,0.2269899149422962,0.1513353793055481,0.1525483543928927,0.05451036815254353,0.10581675702611819,0.21836952852283753,-0.1975496083240688,0.06599459167266276,0.2140158170798685,0.032016070946640766,-0.2056916248099073,-0.09977122531837382,0.2566705868769431,0.05332100360012209,0.1334798000593729
695,0.2295099569039927,-0.25196316607160346,-0.07902573694313833,0.14457497153757373,0.16150134876585814,-0.04888249344416614,0.25742689993318923,0.1378193687751203,0.032519541821476844,0.005804140740080759,0.15562454509034235,0.09398115298271544,-0.01760761135922154,0.013769183121238256,0.3351624358998726,-0.14469081953720858,0.08939889071784639,0.14222625457533922,0.09454735228493921,0.2455881403904545,0.22417321000734797,0.31652710622528313,0.024987697732263607,0.04487858645134652,0.029272201147996082,0.03195666987309589,-0.04923300073592117,0.28884407459477013,0.11496552590834287,0.1509781412018274,0.21715120410033667,-0.11088653938316373
696,0.04509906066466046,0.31997096866254743,0.27166200964144344,0.061634111965513244,0.22032608542910156,0.21689918467645036,-0.19131993763789917,0.25762659116874836,0.064972871506301,0.5367332542087379,0.045998575915262546,0.23218720665753584,0.05513546681446052,0.16570867460275632,0.18981378883331407,0.32679623745854147,0.31626446930358326,-0.2688525390751869,-0.28713840610944763,0.3377246363120925,-0.25067496534820216,-0.33049876626994434,-0.49479408873313274,1.2506888914384577,-0.16999080995714083,0.24400616256787622,0.6145468467126224,0.182811459615623,-0.27451396654390714,-0.037243909461088076,-0.08742949038525093,0.17124113491377574
697,-0.1286611337248143,0.13799062650487542,-0.09579475570179191,-0.37215607382295773,0.42858710956831947,0.169608015722371,-0.08047575649163148,0.16236333567151778,0.17047529049149088,0.07176664141241576,-0.05498110129799243,0.15183112240756858,0.10787259292306504,0.01840890062904963,-0.0995598219957391,0.4821384641347985,-0.10720510281794955,-0.02327093882632231,0.17073472797202882,0.23769099596891313,0.43358726407530823,0.08991248127407392,0.030295772611395898,-0.17611053221229445,0.532684865743833,0.11982048966670107,-0.0519861583077886,0.27183294112990597,-0.11338464126334705,0.22044835283863562,0.18175378128055952,0.21507230996456794
698,0.023224159920207973,0.3484169306665826,0.38464041570040863,0.08256728264784874,-0.11495180160911317,0.36064203219538704,0.1673903322242667,-0.09284999744819501,0.3101946871467882,-0.16972559312542665,0.3638470451044476,0.20503724985454205,0.1459981126354451,-0.09139857051369302,0.3563536013904831,0.2492544554621723,-0.1378062638889054,-0.2005062652564799,0.18019128493810643,0.2685197814770018,-0.053115559140665666,-0.37717238805262293,0.2565974639919755,0.1570198042576097,0.15967623071216216,0.18518734134368978,0.2565974639919755,0.1570198042576097,0.15967623071216216,0.18518734134368978,0.03957451191768845,0.1932733614432001
699,-0.27941822214122913,0.2686244753741979,0.15454741133606334,0.11838573542352976,-0.038603364347782866,0.3807558613147009,0.17224841861994322,-0.09851033897345973,-0.1994683328230255,0.23980010892210227,0.24982258900136312,-0.11600447725845392,-0.322697042332726,0.03831415728966865,-0.05430886755852945,0.05310248474394906,0.3607471428065565,0.06233658555976345,0.25202439925764925,0.3540554860126552,0.054753129013971114,0.22470285204137724,0.19686404215780592,-0.024104684871840008,0.41000486829468213,-0.07143912140464923,0.2501629573434221,0.05693172882006892,-0.07008241052704768,-0.08357893242046706,0.5100102620576359,0.015971134607805734
700,-0.09823658655877998,0.2407284347887408,-0.12405508083124386,0.22599906281655174,0.2296552800988911,0.07187542666856812,0.09364824897947188,0.26063328665288116,0.13490246113837479,-0.20300578487782478,-0.020724496454415733,0.0020805530387531996,0.09813566285711402,-0.09435177912274093,0.22363286922109724,0.2243299273245574,0.09929767896570325,-0.05055300144419804,0.11493399400923741,0.16398023443426096,0.08641616074491512,-0.030744876890875142,0.03995236746348638,0.335354921722742,-0.191413963210553,0.0962711095927171,0.19762225597500324,0.1081466919612358,0.23315219493351433,0.2759889856284672,0.3334386814242376,-0.2930011245453141
701,-0.04888249344416614,0.25742689993318923,0.1378193687751203,0.032519541821476844,0.005804140740080759,0.15562454509034235,0.09398115298271544,-0.01760761135922154,0.013769183121238256,0.3351624358998726,-0.14469081953720858,0.08939889071784639,0.14222625457533922,0.09454735228493921,0.2455881403904545,0.22417321000734797,0.3377246363120925,-0.25067496534820216,-0.33049876626994434,-0.49479408873313274,1.2506888914384577,-0.16999080995714083,0.24400616256787622,0.6145468467126224,0.182811459615623,-0.23657389129871906,-0.05766107861356521,0.14954493181396358,0.16384677242970036,0.06412993674654287,-0.07754603495020393,0.19927450157206136
702,0.03048863895714203,0.12638483116916358,0.056999667600075014,-0.03415029254685713,-0.1361437516837773,0.5126401164044888,0.10727375240522918,0.14836359842633548,0.14084473078919998,-0.07991486120750843,-0.4268141196430951,0.40979557006932316,0.23961717018966824,-0.05766107861356521,0.14954493181396358,0.16384677242970036,0.06412993674654287,-0.07754603495020393,0.19927450157206136,0.22382878195307498,0.18646524502943432,0.565946646773559,-0.27387320345155214,0.11608570550439605,0.054108945930185164,0.004673895617763423,0.024987697732263607,0.04487858645134652,0.029272201147996082,0.03195666987309589,-0.04923300073592117,0.28884407459477013
703,0.17018348502593558,0.027595165892406535,0.1692395764517847,-0.016804451873613534,0.004656571040100282,-0.11958844677906617,0.4510220067914173,0.15244082736729989,0.07288885104996093,0.1748984588804126,0.003142846329034149,-0.40042171646973945,0.30944710287579563,0.17593608521602916,-0.10071744145415372,0.16218366883225244,0.2723849429441483,0.0383714803928995,-0.0341945571464552,0.3332674864548991,-0.14469081953720858,0.08939889071784639,0.14222625457533922,0.09454735228493921,0.2455881403904545,0.22417321000734797,0.3377246363120925,-0.25067496534820216,0.04705696456053096,0.3484169306665826,0.38464041570040863,0.08256728264784874
704,0.21015504769464924,-0.13862201971695803,0.6237727862359442,-0.0034213682837081223,-0.10107599037759238,0.18931492100556252,0.46113206869733736,0.5105758017641661,0.10221199436568572,0.11086305524430831,0.5085612625617385,0.2358186269665527,-0.0354215967745066,-0.07093347373910476,0.47495421114848513,-0.06981461482759276,0.2501629573434221,-0.007193016796767877,0.08783646987625998,0.17136904462667607,0.1900673974285291,0.14118158550631343,0.064420931619945,0.17813747119959616,0.11153480932866984,-0.2919755150128051,0.25194362687045424,0.18447934488472806,-0.03735439473461763,-0.17974141893035753,-0.045429781649620936,0.1992759304480005
705,0.14901686786802,0.06131121467129291,0.1567121086966752,0.14475962330811473,0.24570448931410976,0.11496552590834287,0.1509781412018274,0.21715120410033667,-0.11088653938316373,-0.3298778796407805,0.19739197841878328,0.2574074511740544,-0.1363443429204539,0.28392816400072096,0.17315845339267563,0.05824213470011352,-0.05307296768324391,0.15659419328815105,0.10901691378591169,-0.06287418633695564,0.020789453641837097,0.4234865458933099,-0.1161805714536689,-0.04633283163100682,0.2136761375202918,0.07494596567037431,0.25010784662062324,0.3523436055521462,0.16449856261676135,-0.06575779966302676,-0.4633805460079044,-0.6296462555508103
706,0.10581675702611819,0.21836952852283753,-0.1975496083240688,0.06599459167266276,0.2140158170798685,0.032016070946640766,-0.2056916248099073,-0.09977122531837382,0.2566705868769431,0.05332100360012209,0.1334798000593729,0.1915060377599846,-0.10391341217997091,0.3301924189647566,-0.1306468068111148,0.36493975362810666,0.1618681250337736,0.10981308189934724,0.4255352370150269,0.25980627869946177,0.028878761909011532,0.1512351673111633,0.24658753446650564,-0.01628559255808749,0.22344916562290068,-0.0022649620560798393,0.00023042973591467987,0.07425954369573716,0.1967581543584978,0.11716303057832608,0.12569717207255016,0.08359265059376635
707,0.08641616074491512,-0.030744876890875142,0.03995236746348638,0.27685820958904017,-0.238454914255154,0.1622885154367558,0.3471611542363119,-0.13566882174536724,0.46151196219940505,0.4561894607607333,-0.4307036263075145,0.33404209236252513,-0.017315794149796837,-0.07556915478493191,-0.15398007638351432,0.1511533282653379,0.40902791458143434,0.3099970298175544,0.471489611372563,0.3736062732147427,0.09004305927638333,0.1776169526838241,-0.08310851511102821,0.22470285204137724,0.2032151590447185,-0.20300578487782478,0.2829097843134919,0.036318137954573296,0.2968939267958973,0.07580716838731938,0.08567346237233235,0.1659339689806515
708,0.1748984588804126,0.003142846329034149,-0.40042171646973945,0.30944710287579563,0.17593608521602916,-0.10071744145415372,0.16218366883225244,0.2723849429441483,0.0383714803928995,0.06550747571992133,0.15183112240756858,0.10787259292306504,0.01840890062904963,-0.1526316733944589,-0.4820010422294675,0.6345265610190949,0.2433730585524286,-0.04712027514696706,0.09999394778949644,0.22146573820555276,0.08154046899728418,0.14480516428365917,0.11473011258612666,-0.06087256733651791,0.10219365132836339,0.2904398373272532,-0.191413963210553,0.0962711095927171,0.19762225597500324,0.1081466919612358,0.23315219493351433,0.2759889856284672
709,-0.17974141893035753,-0.045429781649620936,0.1992759304480005,0.07407198980981192,0.17323991061961344,0.13672065948977402,-0.059372907008158365,0.28230669455910706,-0.10897268141169947,0.4019389235070164,0.08865320947212052,0.11316297154198258,0.46291758814384293,0.2387995848553981,0.03761959736561409,0.18756622566533648,-0.0032170019832001968,0.05780403347831227,0.08945759497947195,0.13484381164054374,0.14901686786802,0.06131121467129291,0.20880832158794416,0.11021351393836613,0.2811349847358627,0.0014623392565319142,0.04784244341978576,0.0077741013978389175,0.04641076076847641,-0.12295444257606764,0.39770783469686205,0.08172071414989064
710,0.08108865698436285,0.1615687764851244,-0.037857040474989806,0.16967044100176074,0.3040763315954788,-0.0022649620560798393,0.00023042973591467987,0.07425954369573716,0.15576100992284223,0.0911876490090115,0.11016030936506847,0.2678296268354956,-0.11044697195648515,0.29822181701699224,0.06963025852130174,-0.04415721420156436,-0.08021739414216453,0.21015504769464924,0.16078174031700854,0.18936452476172624,0.09562393978438231,0.14760436881813735,-0.17392707701365767,-0.14536143896619835,0.1718986218347756,-0.013910993924571376,-0.17796770742789422,0.6237727862359442,-0.0034213682837081223,-0.10107599037759238,0.18931492100556252,0.026950214585079065
711,0.12692743882989452,-0.09579475570179191,0.16981845928534323,0.10247846737264223,0.21692267376731647,0.20245462949259468,0.1504854741801716,0.1525483543928927,-0.0041072059571159196,0.045895226796395086,-0.06052322043582949,0.4507323785553294,-0.0691774432698838,0.2709843384910566,-0.11948577717296034,0.22477882403469934,0.15412082330316929,0.25756886157929315,-0.1161805714536689,-0.04633283163100682,0.2136761375202918,0.07494596567037431,0.25010784662062324,0.3523436055521462,0.23768321023087913,-0.4633805460079044,-0.6296462555508103,2.322443244981363,0.016820628608099946,-0.12210513461064502,0.7425967423056713,0.26569395997574946
712,0.15967623071216216,0.18518734134368978,0.03957451191768845,0.1932733614432001,-0.05430886755852945,0.05310248474394906,0.3607471428065565,0.06233658555976345,0.25202439925764925,0.3540554860126552,0.054753129013971114,0.22470285204137724,0.2032151590447185,-0.20300578487782478,0.2829097843134919,0.036318137954573296,0.2968939267958973,0.07580716838731938,0.08567346237233235,0.3854280947760623,0.3481189339598148,-0.046633282251753776,0.28704697470443025,-0.23376505563265904,0.25903415533466395,0.05353362786240616,0.27552939681922384,0.0799497909674738,0.1273673621854455,0.12302980186260518,0.2983918938792556,-0.12952072144717805
713,-0.014864298582347406,-0.013165290015288897,0.13490246113837479,-0.10690798536618025,-0.20091983663120586,0.2564809375436427,0.2379115657403104,-0.03126694167154654,-0.2895737635617525,0.11571104830416722,0.19148059584239505,0.10402791108409856,0.23091537737709414,0.06650813331778027,0.0688545810301372,0.06682974592404096,-0.16034808885176957,0.582480184304969,-0.026167537045574178,0.3188360004878918,0.3648744076231162,0.34342646217838496,-0.07844860856505612,0.05235944102725745,0.015779282541251688,0.13498268050782794,0.5154484502995313,0.2044492602416065,0.04163234839464616,-0.09945040258569912,0.46110913685599997,0.03434420395290914
714,0.22353226918003677,0.4474188716564607,0.051655846724557176,0.147015137047838,0.0024338063128608364,0.5425282188367668,0.2102334860700648,-0.023462072827558623,-0.08357893242046706,0.5100102620576359,0.015971134607805734,0.1876960555470864,0.15591559768791044,0.06181623550682581,-0.032007325327046816,0.09425897787719907,0.18704035057159146,0.1166120799555511,0.10308527413401705,0.17846779112789968,0.22208583212672164,0.09148127248199237,0.1755970712916913,-0.03211790873357961,0.17047529049149088,0.07176664141241576,-0.05498110129799243,0.15183112240756858,0.10787259292306504,0.01840890062904963,-0.0995598219957391,0.4821384641347985
715,-0.18009620301785492,-0.2833807162011421,-0.5735241472283585,0.014662593894547743,1.4080315384750042,-0.3211366212088857,1.0994415746910717,0.3631106194833644,-0.5872769092188762,0.3343738849909891,0.2335672723395901,-0.11006995253884413,-0.15640318226972538,0.5826515229678326,0.15623469052714475,0.17664525013713572,0.18175378128055952,0.21507230996456794,-0.11110494277211024,0.3924486791878392,0.2295099569039927,-0.25196316607160346,-0.05078018175580146,0.2269836513911627,0.21109509114465294,-0.25122925263422324,-0.31389127431207686,0.39595271167737006,0.2477901823414091,0.11239773235496053,0.14034718129468007,0.07531665293909175
716,0.40902791458143434,0.3099970298175544,0.471489611372563,-0.22685151173680398,-0.03410554351064948,-0.026979094668769906,0.21026955100633232,0.3594575830872452,0.10738292971034552,0.1268252869070336,-0.054658024990498495,0.5979804251199937,0.2526440820179429,0.030295772611395898,0.2196722372706765,0.25980627869946177,0.028878761909011532,0.1512351673111633,0.0687471240577064,0.025303337699693184,0.07991964893101931,0.14910613995433913,0.13870999513948015,0.052111479316268625,0.2025166266354563,0.13030374742807277,0.28667888938837066,-0.06951352474562462,0.16592700289521067,-0.07066784706132076,0.11293875088477945,-0.20535274008458249
717,0.015971134607805734,0.13242407727825622,0.12389941991210354,-0.06701563151637725,0.2211385741886123,0.1901250685257231,0.18141069148365815,-0.01872348367883698,0.1602399761215795,0.18812549775877,-0.18329904817335113,0.03510975496160437,0.24519022089989018,0.04521427973100914,-0.18844126538241282,-0.1530571398391794,0.2893326305696375,0.0946852198864982,0.010629951960803224,0.2329295694666118,0.43160144306355575,0.23386430015327572,0.022736716960153926,0.20677149441364567,0.05235944102725745,0.015779282541251688,0.07778099345810575,0.14475962330811473,0.1313550547189986,0.07443711931806851,0.2013810585084282,0.16537104813962505
718,0.11168107498567888,0.4323114787719322,0.40137010870007506,-0.35215411572254657,0.08641717028161186,-0.05935848768228961,0.33385057687905584,0.3111346555032771,0.03374797111609373,0.10221199436568572,0.11086305524430831,0.5085612625617385,0.2358186269665527,-0.0354215967745066,-0.07093347373910476,0.47495421114848513,-0.06981461482759276,0.2501629573434221,-0.007193016796767877,0.08783646987625998,0.17136904462667607,0.1900673974285291,0.14118158550631343,0.064420931619945,0.17813747119959616,0.11153480932866984,-0.2919755150128051,0.25194362687045424,0.18447934488472806,-0.03735439473461763,-0.17974141893035753,-0.045429781649620936
719,-0.25067496534820216,-0.33049876626994434,-0.49479408873313274,1.2506888914384577,0.017257021238034447,0.4970868953748266,0.0443270845504133,0.2086211161338412,0.3854280947760623,0.3481189339598148,-0.046633282251753776,0.28704697470443025,-0.23376505563265904,0.25903415533466395,0.05353362786240616,0.27552939681922384,0.0799497909674738,0.1273673621854455,0.12302980186260518,0.2983918938792556,-0.12952072144717805,0.22342416318361763,0.2665976730192276,0.10261484021232775,-0.21198150695143764,-0.19771289689077395,0.32661083949314984,0.10384331692069787,0.07711382871774942,0.20992472947069074,0.08617134357782268,0.07831120315928315
720,-0.12405508083124386,0.22599906281655174,0.23783767778349438,0.47201011607596016,-0.28281767262770263,-0.0037568732807429827,-0.006068095610988907,0.22353226918003677,0.31634318939043543,0.1452137764050096,0.12625973126116033,0.13604608051457204,-0.4410086830701572,0.20521445648280787,0.18187890191990846,-0.018412927239126024,0.08651782774696389,0.27957828264201523,0.07241198467246238,-0.0009804569413706596,0.019828243580542443,0.21838582797646872,0.11124579938785202,0.09004305927638333,0.1776169526838241,0.11019210973415139,-0.10629703423484374,-0.3735712477591205,-0.09714475970879345,0.024406105133026493,0.355073964073535,0.3305091004000071
721,0.27244070008152355,0.11639784455030472,0.24558940996994993,0.2716166448893086,0.23132011143789816,-0.37003291712239705,-0.45930796864318557,0.08435528278984028,0.4794833804839934,-0.09284003963689724,0.26295154864488435,0.5642227911150639,-0.12169415188144998,-0.11306592133363663,0.2017013585807754,-0.18049387029567956,0.05969298311436966,-0.12444320203172575,0.5611453632897837,0.1869335896853636,0.4006017258170882,-0.10347017542090149,-0.06487001071552723,-0.308498531372775,0.2565974639919755,0.1570198042576097,0.12187058334242157,0.15967623071216216,0.18518734134368978,0.03957451191768845,0.1932733614432001,-0.05430886755852945
722,-0.05845547641045337,0.3308041747258856,0.164257142074729,0.09676305399739243,0.18412801593131567,0.06937373250251755,0.1938846693083236,-0.020397626293515884,0.056241500047262236,0.31501257601781585,0.03521232712560007,0.31260451285604524,0.31800420099521304,-0.005335817680394406,0.27501372788438055,0.2670397684550231,0.23046833214655307,-0.04177403759466122,-0.30418711666720355,0.3528982149432685,0.20037398764353218,0.20497716776757982,0.17400369564042703,-0.09436305739060516,0.33469231135482114,0.32166518950735806,-0.2270480455207728,-0.14535264944239704,0.1636217548875396,0.3461298946903398,-0.2333565673052771,-0.30008190849311206
723,0.049220828979773264,0.2691318726029984,0.10583636003401536,0.0911876490090115,0.11016030936506847,0.2678296268354956,-0.11044697195648515,0.29822181701699224,0.02135461389568065,0.19659120888368425,0.0682533575974299,0.17317355494762385,-0.17423414406398183,-0.17888375096808656,0.14457497153757373,0.16150134876585814,-0.04888249344416614,0.25742689993318923,0.1378193687751203,0.032519541821476844,0.005804140740080759,0.15562454509034235,0.09398115298271544,-0.01760761135922154,0.013769183121238256,0.3351624358998726,0.13653427325710196,-0.1261693407012891,0.05257179403844993,0.24495845199737368,0.1101646675136064,0.24823346342850847
724,0.4234865458933099,-0.1161805714536689,-0.04633283163100682,0.2136761375202918,0.07494596567037431,0.25010784662062324,0.3523436055521462,0.16449856261676135,-0.06575779966302676,-0.4633805460079044,-0.6296462555508103,2.322443244981363,0.016820628608099946,-0.12210513461064502,0.7425967423056713,0.26569395997574946,-0.48211955771040454,0.31856934468977854,-0.1471160322989946,0.13224843227692928,-0.13744108689493145,0.7512025272323432,0.10323363556716901,0.37562684311726585,0.43329493229864297,-0.3915575391071216,0.04486876508389453,-0.029810975371668404,0.36698137508616957,0.28390600937395283,0.06077700494192656,-0.03348926380060616
725,-0.0341945571464552,0.1063634492370031,0.1962990495609203,-0.13145164010685437,0.23843065633277077,0.11969849148818573,0.15101489071696825,-0.19871529312115233,0.16387788756728414,0.12461655134544304,0.17041386042389656,0.19932137584811066,0.20037398764353218,0.20497716776757982,0.17400369564042703,-0.09436305739060516,0.33469231135482114,0.09928702024411164,-0.2919755150128051,0.25194362687045424,0.18447934488472806,-0.03735439473461763,-0.17974141893035753,-0.045429781649620936,0.1992759304480005,0.07407198980981192,0.17323991061961344,0.13672065948977402,-0.059372907008158365,0.28230669455910706,-0.10897268141169947,0.4019389235070164
726,0.17850557601239259,0.04049002125523098,-0.0759962967737919,-0.07588574258395304,0.2146160329797934,0.30387177201667565,0.3066306355625916,0.5546419203281793,-0.26978020481639686,-0.09744491478413504,0.029835882608371077,0.23244847910803215,0.3923522683435107,0.06574911402424904,0.11982381637853495,-0.0036322028767203193,0.11019210973415139,-0.10629703423484374,-0.4260345743094281,0.5984436178614774,0.15948649245452387,-0.038225245979315856,0.12200883569907046,0.1942458485822597,0.05373657295280298,-0.0481804193300597,0.12849141162106129,-0.025839607220092212,0.12045898537141242,0.286877200722593,0.06552001088711226,-0.01222018030071071
727,-0.020397626293515884,0.056241500047262236,0.31501257601781585,0.03521232712560007,0.31260451285604524,0.07778099345810575,0.14475962330811473,0.1313550547189986,0.07443711931806851,0.2013810585084282,0.16537104813962505,0.16944948516711295,0.024987697732263607,0.04487858645134652,0.029272201147996082,0.03195666987309589,-0.04923300073592117,0.28884407459477013,0.11496552590834287,0.1509781412018274,0.21715120410033667,-0.11088653938316373,-0.3298778796407805,0.19739197841878328,0.07021436605411348,0.14954493181396358,0.16384677242970036,0.06412993674654287,-0.07754603495020393,0.19927450157206136,0.22382878195307498,-0.09401895570000028
728,0.37562684311726585,0.43329493229864297,-0.3915575391071216,0.1991874509102764,-0.16436390704998038,0.4455944499953284,0.21781015800967046,0.10304113458430038,0.07360110385407279,0.15670911251286973,0.45003162645293465,0.16110004426294264,0.045895226796395086,-0.06052322043582949,0.4507323785553294,-0.0691774432698838,0.2709843384910566,-0.11948577717296034,0.22477882403469934,0.15412082330316929,0.1598372675145959,0.0706787807519289,0.10415277268582958,0.2735431170666892,0.06625407688356992,-0.34376971549729113,0.31053865854267393,0.1535036802334557,-0.03126694167154654,-0.2895737635617525,0.11571104830416722,0.19148059584239505
729,0.15967623071216216,0.18518734134368978,0.03957451191768845,0.1932733614432001,-0.05430886755852945,0.05310248474394906,0.3607471428065565,0.06233658555976345,0.25202439925764925,0.3540554860126552,0.054753129013971114,0.22470285204137724,0.2032151590447185,-0.20300578487782478,0.2829097843134919,0.036318137954573296,0.2968939267958973,0.07580716838731938,0.08567346237233235,0.1659339689806515,0.22725753124748785,-0.033804194159752304,0.17615938980224977,0.03444382036243173,-0.08424507459956743,-0.05323316428520335,0.38394456914269876,0.12494821353405587,0.11626296745509843,0.1967032816729059,0.13604608051457204,-0.4410086830701572
730,0.22432644828488973,-0.1232149241758918,0.2686244753741979,0.15454741133606334,0.11838573542352976,-0.038603364347782866,0.3807558613147009,0.17224841861994322,0.35838587378146364,0.14910613995433913,0.13870999513948015,0.052111479316268625,0.2025166266354563,0.13030374742807277,0.28667888938837066,-0.06951352474562462,0.16592700289521067,-0.07066784706132076,0.11293875088477945,-0.20535274008458249,0.5793427173608218,0.09004305927638333,0.1776169526838241,0.11019210973415139,-0.10629703423484374,-0.4260345743094281,0.5984436178614774,0.15948649245452387,-0.030824848640316486,0.06412993674654287,-0.07754603495020393,0.19927450157206136
731,0.5984436178614774,0.15948649245452387,-0.038225245979315856,0.12200883569907046,0.01613255303624672,0.06129942909837034,0.19601231956388124,0.20596975380684593,-0.057684741153323484,0.07384757606653194,0.14480516428365917,0.11473011258612666,-0.06087256733651791,0.10219365132836339,0.2904398373272532,-0.191413963210553,0.0962711095927171,0.1723567399441786,-0.0481804193300597,0.15012172490551431,0.11914993570351617,-0.013910993924571376,-0.17796770742789422,0.6237727862359442,-0.0034213682837081223,-0.10107599037759238,0.18931492100556252,0.026950214585079065,0.18096547976886537,0.39861970155369486,0.3322918405849832,-0.0730539224471404
732,0.40902791458143434,0.3099970298175544,0.471489611372563,-0.22685151173680398,0.1373716831599403,0.2893326305696375,0.0598365955185277,0.08329014142793219,0.18442346306946247,0.08528067838339004,0.10619021298001333,-0.07427673148701162,0.2817765778115769,0.18876158217694772,0.03774135061221383,0.2811349847358627,0.0014623392565319142,0.04784244341978576,0.0077741013978389175,0.04641076076847641,-0.12295444257606764,0.39770783469686205,0.08172071414989064,0.24383857054727498,0.12692743882989452,-0.09579475570179191,-0.37215607382295773,0.42858710956831947,0.169608015722371,-0.08047575649163148,0.16236333567151778,0.17047529049149088
733,0.37621889211516396,0.11473011258612666,-0.06087256733651791,-0.11901603931556916,0.93613725027831,0.36905839115702316,-0.42191937147693376,0.1594097460088622,-0.1079774287487122,0.22342416318361763,0.07008561531728158,-0.12319514448977624,-0.06574295470794776,0.34385555108441634,0.18533780760642687,0.16500535895414353,0.11298577658039052,0.1593491945626654,-0.2832162412671828,0.0020805530387531996,0.09813566285711402,-0.09435177912274093,0.22363286922109724,0.2243299273245574,0.09929767896570325,-0.05055300144419804,0.11493399400923741,0.10457022898180424,-0.0009804569413706596,0.019828243580542443,0.21838582797646872,-0.026929355196783866
734,0.03434420395290914,0.08108865698436285,0.1615687764851244,-0.037857040474989806,0.16967044100176074,0.11016030936506847,0.2678296268354956,-0.11044697195648515,0.29822181701699224,0.06963025852130174,-0.04415721420156436,-0.08021739414216453,0.21015504769464924,0.2661600858390384,0.5154484502995313,0.2044492602416065,0.04163234839464616,-0.09945040258569912,0.46110913685599997,0.03434420395290914,0.08108865698436285,0.1615687764851244,-0.037857040474989806,0.16967044100176074,0.20436905870817954,0.20064497471212211,-0.03419642558318104,0.0060029105167923305,0.4507323785553294,-0.0691774432698838,0.2709843384910566,-0.11948577717296034
735,0.3438782254724192,-0.22430789111493196,-0.13216215275703985,0.04131191411989849,0.29312924637770893,0.36431095447616657,0.051655846724557176,0.147015137047838,0.0024338063128608364,0.5425282188367668,0.2102334860700648,-0.023462072827558623,-0.08357893242046706,0.5100102620576359,0.1108516234812836,-0.09284999744819501,0.3101946871467882,-0.16972559312542665,0.3638470451044476,0.20503724985454205,0.1459981126354451,-0.09139857051369302,0.3563536013904831,0.2492544554621723,-0.1378062638889054,-0.2005062652564799,0.18019128493810643,0.2685197814770018,-0.053115559140665666,-0.37717238805262293,0.2565974639919755,0.1570198042576097
736,0.44645725699367006,0.34622605703385295,0.023401847563298758,0.24743238385667185,0.052111479316268625,0.2025166266354563,0.13030374742807277,0.28667888938837066,-0.06951352474562462,0.16592700289521067,-0.07066784706132076,0.11293875088477945,-0.20535274008458249,0.5793427173608218,0.09004305927638333,0.178217860012099,0.24823346342850847,0.42630163816159206,-0.2131146307468916,0.4527679128809458,0.2044492602416065,0.04163234839464616,-0.09945040258569912,0.46110913685599997,0.03434420395290914,0.08108865698436285,0.1615687764851244,-0.037857040474989806,0.16967044100176074,0.20436905870817954,0.20064497471212211,-0.03419642558318104
737,-0.31389127431207686,0.39595271167737006,0.2477901823414091,0.11239773235496053,0.14034718129468007,0.012941607266011642,0.04486876508389453,-0.029810975371668404,0.36698137508616957,0.28390600937395283,0.06077700494192656,0.11627774824947158,0.10308527413401705,0.17846779112789968,0.22208583212672164,0.10912076590162222,0.08387223257892588,0.007282743814128762,0.00837604352382468,0.17136904462667607,0.1900673974285291,0.14118158550631343,0.064420931619945,0.17813747119959616,0.11153480932866984,-0.2919755150128051,0.25194362687045424,0.18447934488472806,-0.03735439473461763,-0.17974141893035753,-0.045429781649620936,0.2845318547034318
738,0.2933092651678347,-0.07857167594071549,0.2854839681489928,-0.1286611337248143,0.13799062650487542,0.049220828979773264,0.2691318726029984,0.10583636003401536,0.0911876490090115,0.11016030936506847,0.2678296268354956,0.049471352659253016,0.111002564726116,0.32466681415976595,-0.054898688296048936,0.22432644828488973,-0.1232149241758918,0.2686244753741979,0.15454741133606334,0.11838573542352976,-0.038603364347782866,0.3807558613147009,0.17224841861994322,-0.09851033897345973,-0.1994683328230255,0.23980010892210227,0.24982258900136312,-0.11600447725845392,-0.322697042332726,0.20051624388285613,0.21910904649794555,0.1093603113504988
739,0.1622885154367558,0.27244070008152355,0.11639784455030472,-0.06609015426954037,0.020789453641837097,0.37710388887645674,0.286877200722593,0.06552001088711226,-0.01222018030071071,0.05668940185689197,0.20093656574037363,-0.034300721465717984,0.09335134699302704,0.10120720781703763,0.15852576202856808,-0.1261693407012891,0.05257179403844993,0.24063544238725573,0.42630163816159206,-0.2131146307468916,-0.22820094866907836,-0.4077636285835352,-0.15881599178038797,0.874523150438384,-0.0030598719334408316,0.39096949337005593,0.5105758017641661,-0.3718423771208559,0.18668007377330023,0.005169852410660244,-0.04538704312831413,-0.09714475970879345
740,0.15454741133606334,0.11838573542352976,-0.038603364347782866,0.3807558613147009,0.17224841861994322,-0.09851033897345973,-0.1994683328230255,0.23980010892210227,0.24982258900136312,0.00896313647289011,-0.07093347373910476,0.47495421114848513,-0.06981461482759276,0.2501629573434221,-0.007193016796767877,0.08783646987625998,-0.031076612256601983,0.17101591016823178,0.1958943861923911,0.19659120888368425,0.0682533575974299,0.17317355494762385,-0.17423414406398183,-0.17888375096808656,0.14457497153757373,0.16150134876585814,-0.04888249344416614,0.25742689993318923,0.1378193687751203,0.032519541821476844,0.005804140740080759,0.15562454509034235
741,0.2566953352236003,0.09440814158715664,0.25877643221949886,0.36206636083348,0.018964750924899278,0.22176350952506277,0.0976938196030565,-0.1011372261993832,0.23834739187748413,0.05627475275433264,0.2851260409760982,-0.04093780864936718,0.22340053763778864,0.17654672439733954,0.13598333473215593,0.03048863895714203,0.12638483116916358,0.056999667600075014,-0.03415029254685713,-0.1361437516837773,0.5126401164044888,0.10727375240522918,0.14836359842633548,0.14084473078919998,-0.07991486120750843,-0.4268141196430951,0.40979557006932316,0.23961717018966824,-0.05766107861356521,0.14954493181396358,0.16384677242970036,-0.333441212454216
742,0.164257142074729,0.09676305399739243,0.18006443606999176,0.03226528517847111,-0.44078944845124995,0.3380206448902753,0.12849141162106129,-0.025839607220092212,0.12045898537141242,0.286877200722593,0.06552001088711226,-0.01222018030071071,0.05668940185689197,0.20093656574037363,-0.034300721465717984,0.09335134699302704,0.10120720781703763,0.15852576202856808,-0.1261693407012891,0.05257179403844993,0.24495845199737368,0.1101646675136064,0.18844225696890887,0.37562684311726585,0.43329493229864297,-0.3915575391071216,-0.13030951081839862,-0.045429781649620936,0.1992759304480005,0.07407198980981192,-0.201178288711778,1.0994415746910717
743,-0.0158205855430532,0.10766783526534249,-0.15136662886912727,0.2246100770217558,-0.029810975371668404,0.36698137508616957,0.28390600937395283,0.06077700494192656,-0.03348926380060616,0.3121144711635626,0.49930541624730584,0.09661674508426206,-0.04247753767970497,0.111002564726116,0.32466681415976595,-0.054898688296048936,0.22432644828488973,0.17312339658842935,-0.054658024990498495,0.5979804251199937,0.2526440820179429,0.030295772611395898,-0.17611053221229445,0.532684865743833,0.12480381595866197,-0.05033289360585808,-0.10629703423484374,-0.4260345743094281,0.5984436178614774,0.15948649245452387,-0.038225245979315856,0.09983482360697213
744,0.03374797111609373,0.10221199436568572,0.11086305524430831,0.5085612625617385,0.2358186269665527,-0.10164084766753897,0.19637910122862356,0.5323290908947901,0.11239025342580698,0.019519458325689406,-0.024104684871840008,0.41000486829468213,-0.054332979629034356,0.19955843128181666,0.08266516452060109,-0.07607939841636727,0.4408191314993718,0.14803043361311832,0.1369502270398417,0.05513546681446052,0.16570867460275632,0.18981378883331407,0.16929565744747385,0.016130026589419835,0.13604560052272469,-0.018288587728737135,0.021704303877180964,-0.05845547641045337,0.3308041747258856,0.164257142074729,0.09676305399739243,0.18006443606999176
745,0.18145219611393124,0.23769099596891313,0.43358726407530823,-0.18009620301785492,-0.2833807162011421,-0.49163582428543307,0.021414579109772094,1.2345642521917752,-0.2390661515095062,0.7216726934662775,0.37887817736150176,-0.4375915754722766,0.27405119519007304,0.08641616074491512,-0.030744876890875142,0.03995236746348638,0.27685820958904017,-0.238454914255154,0.25467527511467447,0.2759889856284672,0.24318071347427872,0.02369429402154779,0.005683677347195281,-0.1564723056670849,0.5746193857681196,0.11730632153435483,0.11996356155954901,0.1278373443948156,-0.08747270326604926,-0.4820010422294675,0.6345265610190949,0.2433730585524286
746,0.4019389235070164,0.08865320947212052,0.11316297154198258,0.46291758814384293,0.2387995848553981,0.03761959736561409,0.18756622566533648,-0.0032170019832001968,0.05780403347831227,0.08945759497947195,0.13484381164054374,0.14901686786802,0.06131121467129291,0.20880832158794416,0.11021351393836613,0.2811349847358627,0.0014623392565319142,0.04784244341978576,0.0077741013978389175,0.04641076076847641,-0.12295444257606764,0.39770783469686205,0.08172071414989064,0.24383857054727498,0.12692743882989452,-0.09579475570179191,-0.37215607382295773,0.42858710956831947,0.169608015722371,-0.08047575649163148,0.16236333567151778,0.17047529049149088
747,0.4821384641347985,-0.10720510281794955,-0.02327093882632231,0.13330989518342076,0.06458116259471598,0.2819858073684284,0.37945256073396405,0.2729517301749195,-0.12099987263672833,-0.39104435029717977,-0.58788795971382,0.8825455177838787,0.5486551716555055,-0.23240833069389197,0.7000941381334126,0.3710274399415613,-0.46653684425022923,0.1554728609437766,0.24264684577496107,-0.17251053863600152,-0.14542367560108146,0.6780850513706412,0.11168107498567888,0.4323114787719322,0.40137010870007506,-0.35215411572254657,0.08641717028161186,-0.05935848768228961,0.33385057687905584,0.3111346555032771,0.03374797111609373,0.10221199436568572
748,0.11905401693134181,-0.17504131225752168,0.5690449243076188,0.21717996938913814,0.3279502886094016,0.09451606649497561,-0.1767098477946617,-0.0013172222166330074,-0.04684048839730427,0.3445276958741689,0.2670168397207595,0.11999193592579707,0.025195000573940488,0.2525280799707006,0.46609603032039665,0.12547576951623374,-0.014864298582347406,0.02672968558008701,0.3808117223227501,-0.09823658655877998,0.2407284347887408,-0.12405508083124386,0.22599906281655174,0.2296552800988911,0.07187542666856812,0.09364824897947188,0.26063328665288116,0.13490246113837479,-0.10690798536618025,-0.20091983663120586,0.2564809375436427,0.2379115657403104
749,0.18019128493810643,0.2685197814770018,-0.053115559140665666,-0.37717238805262293,0.2565974639919755,0.1570198042576097,0.15967623071216216,0.18518734134368978,0.03957451191768845,0.1932733614432001,-0.05430886755852945,0.05310248474394906,0.3607471428065565,0.06233658555976345,0.25202439925764925,0.3540554860126552,0.054753129013971114,0.22470285204137724,0.2032151590447185,-0.20300578487782478,0.2829097843134919,0.036318137954573296,0.2968939267958973,0.07580716838731938,0.08567346237233235,0.1659339689806515,0.22725753124748785,-0.033804194159752304,0.17615938980224977,0.03444382036243173,-0.08424507459956743,-0.05323316428520335
750,-0.02327093882632231,0.13330989518342076,0.06458116259471598,0.2819858073684284,0.3437202045154012,-0.014864298582347406,0.02672968558008701,0.3808117223227501,-0.09823658655877998,0.2407284347887408,-0.12405508083124386,0.22599906281655174,0.2296552800988911,0.07187542666856812,0.09364824897947188,0.26063328665288116,0.13490246113837479,-0.10690798536618025,-0.20091983663120586,0.2564809375436427,0.2379115657403104,-0.03126694167154654,-0.2895737635617525,0.11571104830416722,0.19148059584239505,0.10402791108409856,0.23091537737709414,0.06650813331778027,0.0688545810301372,0.06682974592404096,-0.16034808885176957,0.582480184304969
751,0.38806089204959493,-0.20156309491583888,0.12789596366752015,0.1503937044621789,0.11340700597604,0.1662950431666319,0.31605517367239877,0.31626446930358326,-0.2688525390751869,-0.23497703259441213,-0.6818950630676603,2.775715655692279,-0.12641861897147907,-0.071568525291851,0.7507669421251956,0.3192966724783039,0.3594575830872452,0.10738292971034552,0.1268252869070336,-0.054658024990498495,0.5979804251199937,0.2526440820179429,0.030295772611395898,-0.17611053221229445,0.4702296819537799,-0.0519861583077886,0.27183294112990597,-0.33155249208902104,0.22342416318361763,0.07008561531728158,-0.12319514448977624,-0.06574295470794776
752,0.14815850872667752,0.16282803887473282,0.3842572887052237,-0.00910825187333178,0.059548722519976935,0.0029661854615968316,0.34595842949403505,-0.21248517639154826,0.045107140934606355,0.28875087664909865,0.14815850872667752,0.16282803887473282,0.3842572887052237,-0.00910825187333178,-0.3009925401089623,-0.3557798169054311,-0.17575267886142004,0.576090306976329,-0.006011173839405014,0.407556646171246,0.565946646773559,-0.27387320345155214,0.11608570550439605,0.054108945930185164,-0.11411752537832029,-0.07300140090705133,0.015029837611797933,0.44060350728358616,0.19206526361875487,0.4763690489011428,-0.1670048053309648,-0.017998435792932244
753,0.0799497909674738,0.1273673621854455,0.12302980186260518,0.2983918938792556,-0.12952072144717805,0.22342416318361763,0.07008561531728158,-0.12319514448977624,-0.06574295470794776,-0.008814927156414524,-0.37215607382295773,0.42858710956831947,0.169608015722371,-0.08047575649163148,0.16236333567151778,0.17047529049149088,0.04894778025320304,0.01840890062904963,-0.0995598219957391,0.4821384641347985,-0.10720510281794955,-0.02327093882632231,0.13330989518342076,0.06458116259471598,0.2819858073684284,0.37945256073396405,0.2729517301749195,-0.12099987263672833,-0.39104435029717977,-0.58788795971382,0.8825455177838787,0.5486551716555055
754,-0.15136662886912727,0.6705020436429513,-0.48211955771040454,0.31856934468977854,-0.1471160322989946,0.13224843227692928,-0.13744108689493145,0.7512025272323432,0.10323363556716901,0.37562684311726585,0.43329493229864297,-0.3915575391071216,0.1991874509102764,-0.16436390704998038,0.4455944499953284,0.21781015800967046,0.10304113458430038,0.07360110385407279,0.15670911251286973,0.45003162645293465,0.16110004426294264,0.045895226796395086,-0.06052322043582949,0.4507323785553294,-0.0691774432698838,0.2709843384910566,-0.11948577717296034,0.22477882403469934,0.15412082330316929,0.1598372675145959,0.0706787807519289,0.10415277268582958
755,0.30944710287579563,0.17593608521602916,-0.10071744145415372,0.16218366883225244,0.2723849429441483,0.09238399186552206,0.24383857054727498,0.12692743882989452,-0.09579475570179191,-0.37215607382295773,0.42858710956831947,0.169608015722371,-0.08047575649163148,0.16236333567151778,0.17047529049149088,0.07176664141241576,-0.05498110129799243,0.15183112240756858,0.10787259292306504,0.01840890062904963,-0.0995598219957391,0.4821384641347985,-0.10720510281794955,0.024176760348825942,-0.20858251397147723,0.12789596366752015,0.1503937044621789,0.11340700597604,-0.4681444868396833,0.6345265610190949,0.2433730585524286,-0.04712027514696706
756,-0.20577899822194573,0.20485280725032834,0.5710140729030543,0.09919251932906349,-0.27453754616669024,-0.07896928497537498,0.03606607937215022,0.11905401693134181,-0.17504131225752168,0.6915923642558195,0.16212723952415709,0.10247846737264223,0.21692267376731647,0.19989817570442997,0.4592312571483904,-0.16129594391123622,0.017834905570381757,0.23132011143789816,-0.37003291712239705,-0.45930796864318557,0.08435528278984028,0.4794833804839934,-0.09284003963689724,0.26295154864488435,0.5642227911150639,-0.12169415188144998,-0.11306592133363663,0.2017013585807754,-0.18049387029567956,0.05969298311436966,-0.12444320203172575,0.5611453632897837
757,0.03957451191768845,0.1932733614432001,-0.05430886755852945,0.05310248474394906,0.3607471428065565,0.3591014495914853,0.1906227232740485,-0.06664940695669395,0.2587212667043487,-0.14639799594510308,0.3286452837434767,0.21153885924695115,0.1163015082677053,0.2711102881971592,-0.154784423703279,0.3022190377547206,0.1947513444538738,0.06255089963037826,0.14128623717498243,0.16458087537784533,0.23046833214655307,-0.04177403759466122,-0.30418711666720355,0.3528982149432685,0.205696934332813,-0.06894471559741094,-0.21754472327174948,0.11712542482710067,0.13726845392845502,0.10477893452726418,0.0945626459563986,0.14034718129468007
758,0.0799497909674738,0.1273673621854455,0.12302980186260518,0.2983918938792556,-0.12952072144717805,0.22342416318361763,0.07008561531728158,-0.12319514448977624,-0.06574295470794776,0.34385555108441634,0.18533780760642687,0.16500535895414353,0.11298577658039052,0.1593491945626654,-0.2832162412671828,0.0020805530387531996,0.09813566285711402,-0.09435177912274093,0.05250416207124433,0.16218366883225244,0.2723849429441483,0.0383714803928995,-0.0341945571464552,0.1063634492370031,0.1962990495609203,-0.13145164010685437,0.23843065633277077,0.11969849148818573,0.15101489071696825,-0.19871529312115233,0.16387788756728414,0.021758825606819802
759,0.11596495767376316,0.4085647732251212,0.34342646217838496,-0.01628559255808749,0.22344916562290068,0.05114603588562891,-0.2270480455207728,-0.14535264944239704,0.1636217548875396,0.3461298946903398,-0.2333565673052771,-0.30008190849311206,0.3332262163068803,0.15339784011706106,0.17350277886178694,0.14443373400405532,0.06937373250251755,0.1938846693083236,-0.020397626293515884,0.056241500047262236,0.31501257601781585,0.03521232712560007,0.31260451285604524,0.31800420099521304,-0.005335817680394406,0.27342170688354295,0.15670911251286973,0.45003162645293465,0.16110004426294264,0.045895226796395086,-0.06052322043582949,0.4507323785553294
760,-0.4307036263075145,0.33404209236252513,-0.017315794149796837,-0.07556915478493191,-0.15398007638351432,0.1511533282653379,0.40902791458143434,0.5031139857715359,0.15101489071696825,-0.19871529312115233,0.16387788756728414,0.12461655134544304,0.22581573228800444,0.2729517301749195,-0.12099987263672833,-0.39104435029717977,-0.58788795971382,0.8825455177838787,0.5486551716555055,-0.23240833069389197,0.7000941381334126,0.3710274399415613,-0.46653684425022923,0.1554728609437766,0.6768794073578805,0.14457497153757373,0.16150134876585814,-0.04888249344416614,0.25742689993318923,0.1378193687751203,0.032519541821476844,0.005804140740080759
761,-0.0022649620560798393,0.00023042973591467987,0.07425954369573716,0.1967581543584978,0.11716303057832608,0.12569717207255016,0.08359265059376635,0.33876510586308256,0.02582216832870876,0.10159629500858154,0.02285161943960793,0.007793924365852867,-0.09554214890318367,0.17101591016823178,0.1958943861923911,-0.018903134382409915,-0.05323316428520335,0.38394456914269876,0.12494821353405587,0.11626296745509843,0.1967032816729059,0.13604608051457204,-0.4410086830701572,0.20521445648280787,0.18187890191990846,-0.018412927239126024,0.08651782774696389,0.27957828264201523,0.07241198467246238,-0.0009804569413706596,0.019828243580542443,0.39490702003078876
762,0.4507323785553294,-0.0691774432698838,0.2709843384910566,-0.11948577717296034,0.22477882403469934,0.15412082330316929,0.1598372675145959,0.0706787807519289,0.10415277268582958,0.2735431170666892,0.06625407688356992,-0.34376971549729113,0.31053865854267393,0.23395754267823185,-0.08417891571780703,-0.19567178073345584,0.048418260223786674,0.12787983090555988,0.09892670391507088,0.19799846171187263,0.08817550672737952,0.016104682807028897,0.19820898945179852,-0.1228961939348214,0.46117402403887836,0.010629951960803224,0.2329295694666118,0.43160144306355575,0.23386430015327572,0.022736716960153926,0.20677149441364567,0.05235944102725745
763,0.0443270845504133,0.2086211161338412,0.3854280947760623,0.3481189339598148,-0.046633282251753776,0.28704697470443025,-0.23376505563265904,0.25903415533466395,0.05353362786240616,0.27552939681922384,0.0799497909674738,0.1273673621854455,0.12302980186260518,0.2983918938792556,-0.12952072144717805,0.22342416318361763,0.07008561531728158,-0.12319514448977624,-0.06574295470794776,0.2182421165501407,0.5207302250465752,-0.35215411572254657,0.08641717028161186,-0.05935848768228961,0.33385057687905584,0.3111346555032771,0.03374797111609373,0.10221199436568572,0.11086305524430831,0.5085612625617385,0.2358186269665527,0.09050164056222156
764,0.005169852410660244,-0.04538704312831413,-0.09714475970879345,0.024406105133026493,0.355073964073535,0.3305091004000071,0.5569329242264648,-0.246023278873846,-0.02073871481096764,-0.029680462238063903,0.14956677270984858,0.3599731363146606,0.1693893827989283,0.11021291834797739,-0.0023624303269277583,0.16255838488327867,-0.18873985973198337,-0.2630977126021474,0.15538551639601741,0.29502436812259675,-0.07973305727102308,0.19799789212246702,0.22952809153640188,0.011717367533914707,-0.04143608295393437,0.2135729092885674,0.1081466919612358,0.23315219493351433,0.2759889856284672,0.3334386814242376,-0.2930011245453141,-0.3323103623367577
765,0.11608570550439605,0.054108945930185164,-0.11411752537832029,-0.07300140090705133,0.015029837611797933,0.2726532440201684,-0.071568525291851,0.651068744545621,0.17517207832310983,-0.3623511490976599,-0.1471160322989946,0.13224843227692928,-0.06163362895795429,0.32661083949314984,-0.23621824987009474,-0.09744491478413504,0.029835882608371077,0.23244847910803215,0.3923522683435107,0.06574911402424904,0.11982381637853495,-0.0036322028767203193,0.5154484502995313,0.2044492602416065,0.04163234839464616,-0.09945040258569912,0.46110913685599997,0.03434420395290914,0.08108865698436285,0.044637696916542596,0.1491258597087924,0.10443331001532027
766,0.064972871506301,0.25375125815818755,0.02226975501848725,0.184785809834214,0.16588222747740497,0.17018348502593558,0.027595165892406535,0.1692395764517847,-0.016804451873613534,0.004656571040100282,-0.11958844677906617,0.4510220067914173,0.15244082736729989,0.07288885104996093,0.1748984588804126,0.003142846329034149,-0.40042171646973945,0.30944710287579563,0.17593608521602916,-0.10071744145415372,0.16218366883225244,0.2723849429441483,0.0383714803928995,-0.0341945571464552,0.1063634492370031,0.1962990495609203,-0.13145164010685437,0.23843065633277077,0.11969849148818573,0.15101489071696825,-0.19871529312115233,0.16387788756728414
767,0.6237727862359442,-0.0034213682837081223,-0.10107599037759238,0.18931492100556252,0.026950214585079065,0.18096547976886537,0.39861970155369486,0.3322918405849832,-0.0730539224471404,-0.3276340921767554,-0.560709760652686,0.014662593894547743,1.4080315384750042,-0.3211366212088857,1.0994415746910717,0.37038704666885913,0.23324952696800372,0.27335738034971796,0.28884407459477013,0.11496552590834287,0.1509781412018274,0.21715120410033667,-0.11088653938316373,-0.20402784539251714,0.15591559768791044,0.06181623550682581,-0.032007325327046816,0.09425897787719907,0.18704035057159146,0.1166120799555511,0.10308527413401705,0.17846779112789968
768,-0.2895737635617525,0.11571104830416722,0.19148059584239505,0.10402791108409856,0.2091602970822667,0.08617134357782268,0.07831120315928315,-0.036381717160680845,0.1918282357010622,0.2566953352236003,0.09440814158715664,0.25877643221949886,0.36206636083348,0.018964750924899278,0.2396349458168483,0.18981378883331407,0.16929565744747385,0.016130026589419835,0.13604560052272469,-0.018288587728737135,0.021704303877180964,-0.05845547641045337,0.3308041747258856,0.164257142074729,0.09676305399739243,0.18006443606999176,0.03226528517847111,-0.44078944845124995,0.3380206448902753,0.12849141162106129,-0.025839607220092212,0.12045898537141242
769,-0.053256080531068464,-0.41024474767980984,0.2704078672093213,0.267162624321814,0.12187058334242151,0.27546427786962585,0.061031905252357535,0.05848757429557536,-0.07720539751091571,0.19895527152655001,0.07407198980981192,0.17323991061961344,0.13672065948977402,-0.059372907008158365,0.28230669455910706,-0.10897268141169947,0.32276458168490946,0.2723849429441483,0.0383714803928995,-0.0341945571464552,0.1063634492370031,0.1962990495609203,-0.13145164010685437,0.23843065633277077,0.11969849148818573,0.15101489071696825,-0.19871529312115233,0.16387788756728414,0.12461655134544304,-0.07586851604398588,-0.27453754616669024,-0.07896928497537498
770,-0.04177403759466122,-0.30418711666720355,0.3528982149432685,0.205696934332813,-0.06894471559741094,-0.21754472327174948,0.11712542482710067,0.045107140934606355,0.28875087664909865,0.14815850872667752,0.16282803887473282,0.3842572887052237,-0.00910825187333178,-0.3009925401089623,-0.3557798169054311,-0.17575267886142004,0.576090306976329,-0.006011173839405014,0.407556646171246,0.565946646773559,-0.27387320345155214,0.11608570550439605,0.054108945930185164,-0.11411752537832029,-0.07300140090705133,0.015029837611797933,0.44060350728358616,0.19206526361875487,0.4763690489011428,0.2896253677996214,-0.03419642558318104,0.22503561746781034
771,0.5793427173608218,0.09004305927638333,0.1776169526838241,0.11019210973415139,-0.10629703423484374,-0.4260345743094281,0.5984436178614774,0.15948649245452387,-0.038225245979315856,0.12200883569907046,0.1942458485822597,0.06798048891760666,0.2243299273245574,0.09929767896570325,0.2502904651940263,0.11340700597604,0.1662950431666319,0.31605517367239877,0.31626446930358326,-0.18898492475000414,0.04328281335283511,0.11838573542352976,-0.038603364347782866,0.41770592828406655,-0.35215411572254657,0.08641717028161186,-0.05935848768228961,0.33385057687905584,0.3111346555032771,0.09727974625014331,-0.06287418633695564,0.020789453641837097
772,0.022736716960153926,-0.13346078379084436,0.3807558613147009,0.17224841861994322,-0.09851033897345973,-0.1994683328230255,0.23980010892210227,0.24982258900136312,0.22342416318361763,0.07008561531728158,-0.12319514448977624,-0.06574295470794776,0.34385555108441634,0.18533780760642687,0.16500535895414353,0.11298577658039052,0.1593491945626654,-0.2832162412671828,0.0020805530387531996,0.09813566285711402,-0.09435177912274093,0.22363286922109724,0.2243299273245574,0.09929767896570325,-0.05055300144419804,0.11493399400923741,0.16398023443426096,0.08641616074491512,-0.030744876890875142,0.03995236746348638,0.27685820958904017,-0.238454914255154
773,0.04163234839464616,-0.09945040258569912,0.46110913685599997,0.03434420395290914,0.08108865698436285,0.1615687764851244,-0.037857040474989806,0.16967044100176074,0.20436905870817954,0.20064497471212211,-0.03419642558318104,0.22503561746781034,0.23051347462592298,-0.2674087357689618,-0.18780810990367552,0.12789596366752015,0.1503937044621789,0.11340700597604,0.1662950431666319,0.31605517367239877,0.31626446930358326,-0.2688525390751869,-0.23497703259441213,-0.6818950630676603,2.775715655692279,-0.12641861897147907,-0.071568525291851,0.651068744545621,0.17517207832310983,-0.2837244130358797,-0.05933768281964149,-0.0158205855430532
774,0.2806902514017833,0.05848757429557536,-0.07720539751091571,0.010435914587602436,0.40464776584275775,-0.13744108689493145,0.7512025272323432,0.07380286909185475,0.23769099596891313,0.43358726407530823,-0.18009620301785492,-0.2833807162011421,-0.49163582428543307,0.021414579109772094,1.2345642521917752,-0.2390661515095062,0.7216726934662775,0.37887817736150176,-0.4375915754722766,0.17850557601239259,0.04049002125523098,-0.0759962967737919,-0.07588574258395304,0.2146160329797934,0.30387177201667565,0.3066306355625916,0.5546419203281793,-0.26978020481639686,-0.09744491478413504,0.029835882608371077,0.23244847910803215,0.3923522683435107
775,0.03444382036243173,-0.08424507459956743,-0.05323316428520335,0.38394456914269876,0.17950338113938263,-0.23944941888619578,-0.31389127431207686,0.39595271167737006,0.2477901823414091,0.11239773235496053,0.14034718129468007,0.07531665293909175,0.14223356297833722,-0.021651786553036286,0.12079119269608964,0.24348565421913473,0.286877200722593,0.06552001088711226,-0.01222018030071071,0.05668940185689197,0.20093656574037363,-0.034300721465717984,0.09335134699302704,0.10120720781703763,0.15852576202856808,-0.1261693407012891,0.05257179403844993,0.39041297425774596,0.3607471428065565,0.06233658555976345,0.25202439925764925,0.3540554860126552
776,0.1659339689806515,0.22725753124748785,0.13362033724066227,0.22725753124748785,-0.033804194159752304,0.17615938980224977,0.03444382036243173,-0.08424507459956743,-0.05323316428520335,0.38394456914269876,0.12494821353405587,0.11626296745509843,0.1967032816729059,-0.00142699171585483,0.23843065633277077,0.11969849148818573,0.15101489071696825,-0.19871529312115233,0.16387788756728414,0.12461655134544304,0.17041386042389656,0.2758894441198532,0.38565678848867624,-0.2093333395469959,-0.3086869045626521,-0.45859624206429583,0.01881267170159937,0.9213821360251874,-0.015658216600592058,0.46151196219940505,0.4561894607607333,-0.4307036263075145
777,0.1967581543584978,0.11716303057832608,0.12569717207255016,0.08359265059376635,0.33876510586308256,0.02582216832870876,0.10159629500858154,0.02285161943960793,0.007793924365852867,-0.09554214890318367,0.17101591016823178,0.1958943861923911,0.19659120888368425,0.0682533575974299,0.095687245675357,-0.10502185721591453,0.16212723952415709,0.10247846737264223,0.21692267376731647,0.19989817570442997,0.4842741249872302,0.1901250685257231,0.18141069148365815,-0.01872348367883698,0.1602399761215795,0.18812549775877,-0.18329904817335113,0.02580827605393118,0.04521427973100914,-0.18844126538241282,-0.1530571398391794,0.2893326305696375
778,-0.06052322043582949,0.19592342369930613,0.16570867460275632,0.18981378883331407,0.30077421380726294,-0.01872348367883698,0.1602399761215795,0.18812549775877,-0.18329904817335113,0.03510975496160437,0.24519022089989018,0.04521427973100914,-0.13279636739242107,0.09999394778949644,0.22146573820555276,0.07314429710685592,-0.09509654144113656,0.020789453641837097,0.4234865458933099,-0.1161805714536689,-0.04633283163100682,0.2136761375202918,0.07494596567037431,0.25010784662062324,0.3523436055521462,0.16449856261676135,-0.06575779966302676,-0.4633805460079044,-0.6296462555508103,2.322443244981363,0.016820628608099946,-0.12210513461064502
779,-0.17423414406398183,-0.17888375096808656,0.14457497153757373,0.16150134876585814,0.12327049043142489,0.28119594337997955,0.34265949762257436,0.13604560052272469,-0.018288587728737135,0.021704303877180964,-0.05845547641045337,0.3308041747258856,0.164257142074729,0.09676305399739243,0.1445090439030637,-0.2919755150128051,0.25194362687045424,0.18447934488472806,-0.03735439473461763,0.16709837430902627,0.09440814158715664,0.25877643221949886,0.36206636083348,0.018964750924899278,0.2402180083511852,-0.1564723056670849,0.5746193857681196,0.11730632153435483,0.11996356155954901,0.1278373443948156,-0.08747270326604926,-0.4820010422294675
780,0.16387788756728414,0.12461655134544304,0.17041386042389656,0.2758894441198532,0.38565678848867624,-0.2093333395469959,-0.3086869045626521,-0.45859624206429583,0.01881267170159937,0.9213821360251874,-0.015658216600592058,0.46151196219940505,0.4561894607607333,-0.4307036263075145,0.33404209236252513,-0.017315794149796837,-0.07556915478493191,0.10537723562628284,0.11239773235496053,0.14034718129468007,0.07531665293909175,0.14223356297833722,-0.021651786553036286,0.12079119269608964,0.2824571418874076,0.0918954946739402,0.17224841861994322,-0.09851033897345973,0.03510975496160437,0.24519022089989018,0.04521427973100914,-0.18844126538241282
781,0.2854839681489928,-0.1286611337248143,0.13799062650487542,0.049220828979773264,0.2691318726029984,0.10583636003401536,0.0911876490090115,0.11016030936506847,0.2678296268354956,-0.11044697195648515,0.29822181701699224,0.06963025852130174,-0.04415721420156436,-0.08021739414216453,0.21015504769464924,0.16078174031700854,0.18936452476172624,0.09562393978438231,0.14760436881813735,0.23843065633277077,0.11969849148818573,0.15101489071696825,-0.19871529312115233,0.16387788756728414,0.12461655134544304,0.17041386042389656,0.2758894441198532,0.38565678848867624,-0.2093333395469959,-0.3086869045626521,-0.45859624206429583,0.01881267170159937
782,0.1278373443948156,-0.08747270326604926,-0.4820010422294675,0.6345265610190949,0.2433730585524286,-0.04712027514696706,0.09999394778949644,0.22146573820555276,0.07314429710685592,-0.1271890839969909,0.22798368323536836,0.14083053914836333,-0.02431958698577717,-0.014774917010754571,0.30790953094728557,0.026633443720634878,-0.10502185721591453,0.16212723952415709,0.10247846737264223,0.21692267376731647,0.19989817570442997,0.5320319770099001,0.471489611372563,-0.22685151173680398,-0.03410554351064948,-0.026979094668769906,0.13680323961251686,0.09661674508426206,-0.04247753767970497,0.111002564726116,0.32466681415976595,-0.054898688296048936
783,0.16929565744747385,0.016130026589419835,0.13604560052272469,-0.018288587728737135,0.021704303877180964,-0.05845547641045337,0.3308041747258856,0.164257142074729,0.09676305399739243,0.18006443606999176,0.03226528517847111,-0.44078944845124995,0.3380206448902753,0.12849141162106129,-0.025839607220092212,0.31202842120420554,0.29107111576143124,0.1045071141541918,0.12488891724892921,0.20435731266315316,-0.18873985973198337,0.10220191503796841,0.24519022089989018,0.04521427973100914,-0.18844126538241282,-0.1530571398391794,0.2893326305696375,0.0598365955185277,0.08329014142793219,0.18442346306946247,0.08528067838339004,0.04680746826916785
784,0.40902791458143434,0.3099970298175544,0.471489611372563,-0.22685151173680398,-0.03410554351064948,-0.026979094668769906,0.21026955100633232,0.3594575830872452,0.10738292971034552,0.1268252869070336,-0.054658024990498495,0.5979804251199937,0.2526440820179429,0.030295772611395898,-0.17611053221229445,0.532684865743833,0.11982048966670107,-0.0519861583077886,0.27183294112990597,-0.11338464126334705,0.060456168458473236,0.13604560052272469,-0.018288587728737135,0.021704303877180964,-0.05845547641045337,0.3308041747258856,0.164257142074729,0.09676305399739243,0.18006443606999176,0.03226528517847111,-0.44078944845124995,0.3380206448902753
785,-0.4268141196430951,0.48271484148601623,0.15562454509034235,0.09398115298271544,-0.01760761135922154,0.013769183121238256,0.3351624358998726,-0.14469081953720858,0.08939889071784639,0.14222625457533922,0.09454735228493921,0.2455881403904545,0.22417321000734797,0.3377246363120925,-0.25067496534820216,-0.33049876626994434,-0.5251374925674707,0.8825455177838787,0.6750035671543411,0.2503177717232147,0.19920890419656892,0.006508261054583925,0.19637910122862356,0.5323290908947901,0.11239025342580698,0.019519458325689406,-0.024104684871840008,0.41000486829468213,-0.054332979629034356,0.19955843128181666,-0.154784423703279,0.3022190377547206
786,0.001220357624790931,-0.07007502669067454,0.4895214773529827,0.0637917868463912,0.21208714275880025,0.4495007379400005,0.2933092651678347,-0.07857167594071549,0.2854839681489928,-0.1286611337248143,0.13799062650487542,0.049220828979773264,0.2691318726029984,0.10583636003401536,0.0911876490090115,0.11016030936506847,0.2678296268354956,0.23629286780325787,0.5546419203281793,-0.26978020481639686,-0.09744491478413504,0.029835882608371077,0.23244847910803215,0.3923522683435107,0.06574911402424904,0.11982381637853495,-0.0036322028767203193,0.5154484502995313,0.2044492602416065,0.04163234839464616,-0.09945040258569912,0.46110913685599997
787,-0.025516086913291845,0.38806089204959493,-0.20156309491583888,0.12789596366752015,0.1503937044621789,0.11340700597604,0.23621395648245488,0.5085612625617385,0.2358186269665527,-0.0354215967745066,-0.07093347373910476,0.47495421114848513,-0.06981461482759276,0.2501629573434221,-0.007193016796767877,0.08783646987625998,0.17136904462667607,0.1900673974285291,0.14118158550631343,0.064420931619945,0.17813747119959616,0.11153480932866984,-0.15869385117300372,-0.1378062638889054,-0.2005062652564799,0.18019128493810643,0.2685197814770018,-0.053115559140665666,-0.37717238805262293,0.4493982210577992,0.2566705868769431,0.05332100360012209
788,0.04486876508389453,-0.029810975371668404,0.36698137508616957,0.28390600937395283,0.06077700494192656,-0.03348926380060616,0.3121144711635626,0.49930541624730584,0.09661674508426206,-0.04247753767970497,0.111002564726116,0.32466681415976595,-0.054898688296048936,0.22432644828488973,-0.1232149241758918,0.04041652106444924,0.3377246363120925,-0.25067496534820216,-0.33049876626994434,-0.49479408873313274,1.2506888914384577,-0.16999080995714083,0.26966567641305045,0.0443270845504133,0.2086211161338412,0.3854280947760623,0.3481189339598148,-0.046633282251753776,0.28704697470443025,-0.23376505563265904,0.25903415533466395,0.05353362786240616
789,0.2829097843134919,0.036318137954573296,0.2968939267958973,0.07580716838731938,0.08567346237233235,0.1659339689806515,0.22725753124748785,-0.033804194159752304,0.17615938980224977,0.03444382036243173,-0.08424507459956743,-0.05323316428520335,0.38394456914269876,0.12494821353405587,0.11626296745509843,0.1967032816729059,0.13604608051457204,-0.03925041284018508,0.23091537737709414,0.06650813331778027,0.01993475927600888,-0.07007502669067454,0.4895214773529827,0.0637917868463912,0.21208714275880025,0.3431083199861104,0.17846779112789968,0.22208583212672164,0.10912076590162222,0.08387223257892588,0.007282743814128762,0.020612343586763032
790,0.06650813331778027,0.0688545810301372,0.06682974592404096,-0.16034808885176957,0.582480184304969,-0.026167537045574178,0.3188360004878918,0.3648744076231162,0.34342646217838496,-0.01628559255808749,0.22344916562290068,-0.0022649620560798393,0.00023042973591467987,0.30535219901710936,-0.033804194159752304,0.17615938980224977,0.03444382036243173,-0.08424507459956743,-0.05323316428520335,0.38394456914269876,0.12494821353405587,0.11626296745509843,0.1967032816729059,0.13604608051457204,-0.4410086830701572,0.20521445648280787,-0.09022733848343198,0.19927450157206136,0.22382878195307498,-0.09401895570000028,0.10799564566925353,0.14738116301118354
791,0.18812549775877,-0.18329904817335113,0.03510975496160437,0.24519022089989018,0.04521427973100914,-0.18844126538241282,-0.1530571398391794,0.2893326305696375,0.0598365955185277,0.08329014142793219,0.18442346306946247,0.08528067838339004,0.10619021298001333,-0.07427673148701162,0.2817765778115769,0.18876158217694772,0.12025697212036957,0.3552151175162411,0.3004909622472764,0.044637696916542596,0.1491258597087924,0.10443331001532027,-0.012240582376639745,0.21060949718553074,0.05513546681446052,0.16570867460275632,0.18981378883331407,0.16929565744747385,0.016130026589419835,0.13604560052272469,-0.018288587728737135,0.021704303877180964
792,0.23218720665753584,0.155666481872407,0.17136904462667607,0.1900673974285291,0.14118158550631343,0.064420931619945,0.17813747119959616,0.11153480932866984,-0.2919755150128051,0.25194362687045424,0.18447934488472806,-0.03735439473461763,-0.17974141893035753,-0.045429781649620936,0.1992759304480005,0.07407198980981192,0.17323991061961344,0.13672065948977402,-0.059372907008158365,0.28230669455910706,-0.10897268141169947,0.4019389235070164,0.08865320947212052,0.11316297154198258,0.46291758814384293,0.2387995848553981,0.03761959736561409,0.18756622566533648,-0.0032170019832001968,-0.16985310472369325,-0.18329904817335113,0.03510975496160437
793,0.024987697732263607,0.04487858645134652,0.029272201147996082,0.03195666987309589,-0.04923300073592117,0.28884407459477013,0.11496552590834287,0.1509781412018274,0.21715120410033667,-0.11088653938316373,-0.1434573853795889,-0.19613801256314614,0.12789596366752015,-0.026361010870380057,0.15538551639601741,0.29502436812259675,-0.11734027433917003,0.2243299273245574,0.09929767896570325,-0.05055300144419804,0.11493399400923741,0.16398023443426096,0.08641616074491512,-0.030744876890875142,0.03995236746348638,0.27685820958904017,-0.238454914255154,0.1622885154367558,0.27244070008152355,0.11639784455030472,0.24558940996994993,0.2716166448893086
794,-0.07007502669067454,0.4895214773529827,0.0637917868463912,0.21208714275880025,0.4495007379400005,-0.2579851559869849,-0.3086869045626521,-0.45859624206429583,0.01881267170159937,0.9213821360251874,-0.015658216600592058,0.46151196219940505,0.4561894607607333,-0.4307036263075145,0.33404209236252513,-0.017315794149796837,-0.07556915478493191,-0.15398007638351432,0.1511533282653379,0.40902791458143434,0.3099970298175544,0.471489611372563,-0.22685151173680398,-0.03410554351064948,-0.026979094668769906,0.21026955100633232,0.3594575830872452,0.10738292971034552,0.1268252869070336,-0.054658024990498495,0.5979804251199937,0.2526440820179429
795,0.24558940996994993,0.2716166448893086,0.23132011143789816,-0.37003291712239705,-0.45930796864318557,0.08435528278984028,0.4794833804839934,-0.09284003963689724,0.26295154864488435,0.47063600111747983,-0.038225245979315856,0.12200883569907046,0.1942458485822597,0.05373657295280298,-0.0481804193300597,0.15012172490551431,0.11914993570351617,-0.013910993924571376,-0.17796770742789422,0.6237727862359442,-0.0034213682837081223,-0.10107599037759238,0.18931492100556252,0.026950214585079065,0.18096547976886537,0.39861970155369486,0.3322918405849832,-0.0730539224471404,-0.3276340921767554,-0.560709760652686,0.014662593894547743,1.4080315384750042
796,0.16500535895414353,0.11298577658039052,0.1593491945626654,-0.2832162412671828,0.0020805530387531996,0.09813566285711402,-0.09435177912274093,0.22363286922109724,0.2243299273245574,0.09929767896570325,-0.05055300144419804,0.11493399400923741,0.16239511410747612,0.15562454509034235,0.09398115298271544,-0.01760761135922154,0.013769183121238256,0.3351624358998726,-0.14469081953720858,0.08939889071784639,0.14222625457533922,-0.06479845398335095,0.29822181701699224,0.021525024055710152,-0.238454914255154,0.1622885154367558,0.27244070008152355,0.11639784455030472,0.24558940996994993,0.2716166448893086,0.5349820663370699,0.38464041570040863
797,0.04131191411989849,0.29312924637770893,-0.016236492876821693,0.5979804251199937,0.2526440820179429,0.030295772611395898,-0.17611053221229445,0.532684865743833,0.11982048966670107,-0.0519861583077886,0.27183294112990597,-0.11338464126334705,0.22044835283863562,0.18175378128055952,0.21507230996456794,-0.11110494277211024,0.3924486791878392,0.2295099569039927,-0.25196316607160346,0.13293108903148879,0.39861970155369486,0.3322918405849832,-0.0730539224471404,-0.3276340921767554,-0.560709760652686,0.014662593894547743,1.4080315384750042,-0.3211366212088857,1.0994415746910717,0.3631106194833644,-0.5872769092188762,0.3343738849909891
798,0.3461298946903398,-0.2333565673052771,-0.30008190849311206,0.3332262163068803,0.15339784011706106,0.17350277886178694,0.14443373400405532,0.06937373250251755,0.1938846693083236,-0.020397626293515884,0.056241500047262236,0.31501257601781585,0.03521232712560007,0.31260451285604524,0.31800420099521304,-0.005335817680394406,0.6089162082635614,0.25980627869946177,0.028878761909011532,0.1512351673111633,0.0687471240577064,0.025303337699693184,0.07991964893101931,0.15498236603004695,-0.03419642558318104,0.22503561746781034,0.23051347462592298,-0.2674087357689618,0.05272393126356598,0.22506923505064735,0.09851427988134238,0.5746193857681196
799,0.08651782774696389,0.27957828264201523,0.07241198467246238,-0.0009804569413706596,0.019828243580542443,0.21838582797646872,-0.026929355196783866,0.08118586580494987,0.0029661854615968316,0.34595842949403505,0.1093603113504988,0.29244900495504983,0.07156915212888351,0.03981403283697342,0.001220357624790931,-0.07007502669067454,0.4895214773529827,0.0637917868463912,0.1301115113487513,0.06131121467129291,0.20880832158794416,0.11021351393836613,0.2811349847358627,0.0014623392565319142,0.04784244341978576,0.0077741013978389175,0.04641076076847641,-0.12295444257606764,0.39770783469686205,0.08172071414989064,0.24383857054727498,0.12692743882989452
800,0.39656667760254666,0.09727466650972547,-0.037857040474989806,0.16967044100176074,0.20436905870817954,0.20064497471212211,-0.03419642558318104,0.22503561746781034,0.23051347462592298,-0.2674087357689618,0.05272393126356598,0.22506923505064735,0.10261484021232775,-0.21198150695143764,-0.19771289689077395,0.32661083949314984,0.10384331692069787,0.07711382871774942,0.20992472947069074,0.08617134357782268,0.07831120315928315,-0.036381717160680845,0.1918282357010622,0.2566953352236003,0.09440814158715664,0.25877643221949886,0.36206636083348,0.018964750924899278,0.34603123617341336,0.19383821369074036,0.18533780760642687,0.16500535895414353
801,0.04333727706415184,0.1220174870673977,0.06129942909837034,0.19601231956388124,0.20596975380684593,-0.057684741153323484,0.07384757606653194,0.14480516428365917,0.11473011258612666,0.18808310930485855,-0.4375915754722766,0.17850557601239259,0.04049002125523098,-0.0759962967737919,-0.07588574258395304,-0.04103852475126933,0.1992759304480005,0.07407198980981192,0.17323991061961344,0.13672065948977402,-0.059372907008158365,0.28230669455910706,-0.10897268141169947,0.4019389235070164,0.08865320947212052,0.11316297154198258,0.46291758814384293,0.2387995848553981,0.03761959736561409,0.18756622566533648,-0.0032170019832001968,0.05780403347831227
802,0.06181623550682581,-0.11286833929063517,0.17654672439733954,0.13598333473215593,0.03048863895714203,0.12638483116916358,0.056999667600075014,-0.03415029254685713,-0.1361437516837773,0.5126401164044888,0.10727375240522918,0.21586011215151696,0.29107111576143124,0.1045071141541918,0.12488891724892921,0.20435731266315316,-0.18873985973198337,-0.2630977126021474,0.15538551639601741,0.29502436812259675,-0.07973305727102308,0.19799789212246702,0.22952809153640188,0.011717367533914707,-0.04143608295393437,0.18036848701180638,0.08872221642612875,0.008975541836774844,-0.025516086913291845,0.38806089204959493,-0.20156309491583888,0.12789596366752015
803,0.07176664141241576,-0.05498110129799243,0.15183112240756858,0.2956866927212986,0.18187890191990846,-0.018412927239126024,0.08651782774696389,0.27957828264201523,0.07241198467246238,-0.0009804569413706596,-0.11775984686778547,-0.3323103623367577,-0.21119585311806702,0.6359536634803336,-0.20577899822194573,0.20485280725032834,0.5710140729030543,0.09919251932906349,-0.27453754616669024,-0.07896928497537498,0.03606607937215022,0.11905401693134181,-0.17504131225752168,0.5690449243076188,0.21717996938913814,0.3279502886094016,0.09451606649497561,-0.1767098477946617,0.04486876508389453,-0.029810975371668404,0.36698137508616957,0.28390600937395283
804,0.2686244753741979,0.15454741133606334,0.11838573542352976,-0.038603364347782866,0.3807558613147009,0.17224841861994322,-0.09851033897345973,-0.1994683328230255,0.23980010892210227,0.24982258900136312,-0.11600447725845392,-0.07966616147614808,0.36493975362810666,0.1618681250337736,0.10981308189934724,0.4255352370150269,0.25980627869946177,0.028878761909011532,0.1494704074192104,0.14475962330811473,0.1313550547189986,0.07443711931806851,0.2013810585084282,0.13908790624400186,0.13484381164054374,0.14901686786802,0.10977349914638627,0.2851260409760982,0.1475114138419273,-0.07857167594071549,0.2854839681489928,-0.1286611337248143
805,-0.054658024990498495,0.5979804251199937,-0.004847390266739315,0.3101946871467882,-0.16972559312542665,0.3638470451044476,0.20503724985454205,0.1459981126354451,-0.09139857051369302,0.3563536013904831,0.2492544554621723,-0.1378062638889054,-0.2005062652564799,0.18019128493810643,0.2685197814770018,-0.053115559140665666,-0.37717238805262293,0.4464642139118501,0.010629951960803224,0.2329295694666118,0.43160144306355575,0.23386430015327572,0.022736716960153926,0.20677149441364567,0.07759284497070361,0.2086211161338412,0.3854280947760623,0.3481189339598148,-0.046633282251753776,0.28704697470443025,-0.23376505563265904,0.25903415533466395
806,-0.1361437516837773,0.5126401164044888,0.10727375240522918,0.19040810397555563,0.2451578621634348,0.2295099569039927,-0.25196316607160346,-0.05078018175580146,0.2269836513911627,0.21109509114465294,-0.07690301219527314,0.1970317131241627,0.21112320288276687,-0.053256080531068464,-0.41024474767980984,0.2704078672093213,0.267162624321814,0.12187058334242151,0.27546427786962585,0.061031905252357535,0.05848757429557536,-0.07720539751091571,0.010435914587602436,0.4970868953748266,0.0443270845504133,0.2086211161338412,0.3854280947760623,-0.11948577717296034,0.22477882403469934,0.15412082330316929,0.1598372675145959,0.0706787807519289
807,0.35905073798042664,0.2503177717232147,0.1920978139922073,0.025195000573940488,0.2525280799707006,0.46609603032039665,0.12547576951623374,-0.014864298582347406,0.02672968558008701,0.3808117223227501,-0.09823658655877998,0.24081974333325362,0.17429534874748348,0.2011047102573123,-0.05911225422027029,0.1470775585761181,0.02369429402154779,0.005683677347195281,-0.1564723056670849,0.6118125626070454,-0.35215411572254657,0.08641717028161186,-0.05935848768228961,0.33385057687905584,0.3111346555032771,0.03374797111609373,0.10221199436568572,0.11086305524430831,0.5085612625617385,0.2358186269665527,-0.0354215967745066,-0.07093347373910476
808,-0.12792652650528574,-0.08424507459956743,-0.05323316428520335,0.38394456914269876,0.12494821353405587,0.11626296745509843,0.1967032816729059,0.13604608051457204,-0.06765394359659074,-0.09435177912274093,0.22363286922109724,0.2243299273245574,-0.18873985973198337,-0.2630977126021474,0.15538551639601741,0.29502436812259675,-0.40042171646973945,-0.10415449330137505,0.14083053914836333,-0.02431958698577717,-0.014774917010754571,0.30790953094728557,0.026633443720634878,-0.10502185721591453,0.16212723952415709,0.10247846737264223,0.21692267376731647,0.19989817570442997,0.4592312571483904,-0.03512133388477377,0.5154484502995313,0.2044492602416065
809,0.3445276958741689,0.2670168397207595,0.11999193592579707,0.025195000573940488,0.2525280799707006,0.46609603032039665,0.12547576951623374,-0.014864298582347406,0.02672968558008701,0.3808117223227501,-0.09823658655877998,0.2407284347887408,-0.12405508083124386,0.22599906281655174,0.2296552800988911,0.07187542666856812,0.16078174031700854,0.18936452476172624,0.09562393978438231,0.14760436881813735,-0.17392707701365767,-0.14536143896619835,0.04333727706415184,0.1220174870673977,0.06129942909837034,0.19601231956388124,0.20596975380684593,-0.057684741153323484,0.07384757606653194,0.14480516428365917,0.11473011258612666,0.03404580293895377
810,0.3461298946903398,-0.2333565673052771,-0.30008190849311206,0.3332262163068803,0.15339784011706106,0.17350277886178694,0.14443373400405532,0.06937373250251755,0.1938846693083236,-0.020397626293515884,0.056241500047262236,0.31501257601781585,-0.2704386270326885,-0.03410554351064948,-0.026979094668769906,0.21026955100633232,0.3594575830872452,0.10738292971034552,0.42944022753766814,0.17315845339267563,-0.18064007212092242,0.5126401164044888,0.10727375240522918,0.14836359842633548,0.14084473078919998,-0.07991486120750843,-0.4268141196430951,0.40979557006932316,0.23961717018966824,-0.05766107861356521,0.14954493181396358,0.16384677242970036
811,0.05627475275433264,0.2851260409760982,-0.04093780864936718,0.22340053763778864,0.17654672439733954,0.13598333473215593,0.03048863895714203,0.12638483116916358,0.056999667600075014,-0.03415029254685713,-0.1361437516837773,0.5126401164044888,0.0741770424713964,-0.05911225422027029,0.1470775585761181,0.02369429402154779,0.005683677347195281,-0.1564723056670849,0.5746193857681196,0.11730632153435483,0.11996356155954901,0.1278373443948156,-0.08747270326604926,-0.4820010422294675,0.6345265610190949,0.2433730585524286,-0.04712027514696706,0.09999394778949644,0.22146573820555276,0.23050922731224097,0.4234865458933099,-0.1161805714536689
812,-0.4410086830701572,0.20521445648280787,0.18187890191990846,-0.018412927239126024,0.08651782774696389,0.13448936366144015,0.11626296745509843,0.1967032816729059,0.13604608051457204,-0.4410086830701572,0.20521445648280787,0.18187890191990846,-0.018412927239126024,0.08651782774696389,0.27539737226988037,0.15821251111086007,0.21109509114465294,-0.25122925263422324,-0.31389127431207686,0.39595271167737006,0.2477901823414091,0.11239773235496053,-0.045718570496070345,-0.05078018175580146,0.2269836513911627,0.21109509114465294,-0.25122925263422324,-0.31389127431207686,0.39595271167737006,0.2477901823414091,0.11239773235496053,0.14034718129468007
813,0.13451072506577624,-0.15136662886912727,0.732439073067299,0.16811112115875754,0.3065383859292377,0.3339580943966088,-0.3258809547938212,0.13330811200126508,-0.16700246707206481,0.42678125555741603,0.5085612625617385,0.2358186269665527,-0.0354215967745066,-0.07093347373910476,0.47495421114848513,-0.06981461482759276,0.2501629573434221,-0.03926513813950424,0.11293875088477945,-0.20535274008458249,0.5793427173608218,0.06552001088711226,0.06513343410819886,-0.27387320345155214,-0.06911863635519952,0.12849141162106129,-0.025839607220092212,0.12045898537141242,0.286877200722593,0.06552001088711226,-0.01222018030071071,0.05668940185689197
814,0.27546427786962585,0.061031905252357535,0.05848757429557536,-0.07720539751091571,0.010435914587602436,0.4970868953748266,0.0443270845504133,0.2086211161338412,0.3854280947760623,0.3481189339598148,0.14743130737128063,0.07778099345810575,0.14475962330811473,0.1313550547189986,0.07443711931806851,0.2013810585084282,0.16537104813962505,0.16944948516711295,0.024987697732263607,0.07483694009591348,0.052111479316268625,0.2025166266354563,0.13030374742807277,0.28667888938837066,-0.06951352474562462,0.16592700289521067,-0.07066784706132076,0.11293875088477945,-0.20535274008458249,0.5793427173608218,0.09004305927638333,0.1776169526838241
815,0.2685197814770018,-0.053115559140665666,-0.37717238805262293,0.2565974639919755,0.2609288922076278,0.07531665293909175,0.14223356297833722,-0.021651786553036286,0.12079119269608964,0.2824571418874076,0.04509906066466046,0.31997096866254743,0.27166200964144344,0.061634111965513244,0.22032608542910156,0.21689918467645036,-0.19131993763789917,0.25762659116874836,0.064972871506301,0.25375125815818755,0.02226975501848725,0.184785809834214,0.16588222747740497,0.17018348502593558,0.027595165892406535,0.1692395764517847,-0.016804451873613534,0.004656571040100282,-0.11958844677906617,0.4510220067914173,0.15244082736729989,0.07288885104996093
816,0.12488891724892921,0.3066508402305604,0.164257142074729,0.09676305399739243,0.2502099946282203,0.02285161943960793,0.007793924365852867,-0.09554214890318367,0.17101591016823178,0.1958943861923911,0.19659120888368425,0.0682533575974299,0.17317355494762385,-0.17423414406398183,-0.17888375096808656,0.14457497153757373,0.16150134876585814,-0.04888249344416614,0.25742689993318923,0.1378193687751203,0.032519541821476844,0.005804140740080759,0.15562454509034235,0.09398115298271544,-0.01760761135922154,0.013769183121238256,0.3351624358998726,-0.14469081953720858,0.01482042694476324,0.07831120315928315,-0.036381717160680845,0.1918282357010622
817,-0.20300578487782478,0.2829097843134919,0.036318137954573296,0.2968939267958973,-0.1047373121151815,0.21015504769464924,0.16078174031700854,0.18936452476172624,0.09562393978438231,0.14760436881813735,-0.17392707701365767,-0.14536143896619835,0.04333727706415184,0.1220174870673977,0.06129942909837034,0.19601231956388124,0.20596975380684593,-0.057684741153323484,0.07384757606653194,0.14480516428365917,0.11473011258612666,-0.06087256733651791,0.10219365132836339,0.2904398373272532,-0.191413963210553,0.0962711095927171,0.19762225597500324,0.1081466919612358,0.23315219493351433,0.2759889856284672,0.3334386814242376,-0.2930011245453141
818,0.24747498490240735,0.1906227232740485,-0.06664940695669395,0.2587212667043487,-0.14639799594510308,0.3286452837434767,0.21153885924695115,0.1163015082677053,-0.07607939841636727,0.4408191314993718,0.1944108882314549,-0.17628742224102106,-0.13205735314625608,0.1970317131241627,0.21112320288276687,-0.053256080531068464,-0.41024474767980984,0.2704078672093213,0.267162624321814,0.12187058334242151,0.27546427786962585,-0.0071367610277108615,0.07831120315928315,-0.05012625611600635,0.029835882608371077,0.23244847910803215,0.3923522683435107,0.06574911402424904,0.11982381637853495,-0.0036322028767203193,0.5154484502995313,0.2044492602416065
819,0.11000837810446776,-0.13145164010685437,0.23843065633277077,0.11969849148818573,0.15637666597516328,0.0835486894223549,0.15840175868133813,0.18145219611393124,0.23769099596891313,0.13668030977245832,0.054753129013971114,0.22470285204137724,0.2032151590447185,-0.20300578487782478,0.2587899656345559,0.11838573542352976,-0.038603364347782866,0.3807558613147009,0.17224841861994322,-0.09851033897345973,-0.1994683328230255,-0.02185613954577536,-0.1530571398391794,0.2893326305696375,0.0598365955185277,0.08329014142793219,0.18442346306946247,0.08528067838339004,0.10619021298001333,-0.07427673148701162,0.2817765778115769,0.18876158217694772
820,0.08359265059376635,-0.0363537858034549,0.22342416318361763,0.07008561531728158,-0.12319514448977624,-0.11287145545903088,0.5126401164044888,0.10727375240522918,0.14836359842633548,0.14084473078919998,-0.07991486120750843,-0.4268141196430951,0.40979557006932316,0.23961717018966824,-0.05766107861356521,0.14954493181396358,0.16384677242970036,0.06412993674654287,0.22140048292775902,0.12849141162106129,-0.025839607220092212,0.12045898537141242,0.286877200722593,0.06552001088711226,-0.01222018030071071,0.05668940185689197,0.20093656574037363,-0.034300721465717984,0.09335134699302704,0.10120720781703763,0.15852576202856808,-0.1261693407012891
821,0.028878761909011532,0.1512351673111633,0.0687471240577064,0.025303337699693184,0.07991964893101931,0.14910613995433913,0.2270483370135963,0.044637696916542596,0.1491258597087924,0.13923581449377093,0.25877643221949886,0.36206636083348,0.018964750924899278,0.22176350952506277,0.0976938196030565,-0.1011372261993832,0.23834739187748413,0.05627475275433264,0.2851260409760982,-0.04093780864936718,0.22340053763778864,0.17654672439733954,0.13598333473215593,0.03048863895714203,0.12638483116916358,0.056999667600075014,-0.03415029254685713,-0.1361437516837773,0.5126401164044888,0.10727375240522918,0.14836359842633548,0.14084473078919998
822,0.08266597171170713,0.06552001088711226,-0.01222018030071071,0.05668940185689197,0.20093656574037363,-0.034300721465717984,0.09335134699302704,0.10120720781703763,0.15852576202856808,-0.1261693407012891,0.16706274469634502,0.11639784455030472,0.24558940996994993,0.2716166448893086,0.20985173324870482,0.3286452837434767,0.21153885924695115,0.1163015082677053,-0.07607939841636727,0.4408191314993718,0.1944108882314549,-0.17628742224102106,0.2348279106325448,0.16944948516711295,0.024987697732263607,0.04487858645134652,0.029272201147996082,0.0495009639358055,-0.191413963210553,-0.0973999024150988,0.4895214773529827,-0.001505172655225392
823,0.007282743814128762,0.020612343586763032,-0.016019177985158884,0.02271247292045064,0.29107111576143124,0.1045071141541918,0.12488891724892921,0.20435731266315316,-0.18873985973198337,-0.2630977126021474,0.15538551639601741,0.29502436812259675,-0.07973305727102308,0.19799789212246702,0.22952809153640188,0.011717367533914707,-0.04143608295393437,0.18036848701180638,0.08872221642612875,0.008975541836774844,-0.025516086913291845,0.38806089204959493,-0.20156309491583888,0.12789596366752015,0.1503937044621789,0.11340700597604,0.1662950431666319,0.31605517367239877,0.37782190379495384,0.1513256843309454,0.026633443720634878,-0.10502185721591453
824,0.0688545810301372,0.06682974592404096,0.049008706206688554,-0.16436390704998038,0.4455944499953284,0.21781015800967046,0.10304113458430038,0.07360110385407279,0.15670911251286973,0.45003162645293465,0.16110004426294264,0.045895226796395086,-0.06052322043582949,0.4507323785553294,-0.0691774432698838,0.2709843384910566,-0.11948577717296034,0.22477882403469934,0.15412082330316929,0.1598372675145959,0.0706787807519289,0.10415277268582958,0.2735431170666892,0.06625407688356992,-0.34376971549729113,0.31053865854267393,0.23395754267823185,-0.08417891571780703,-0.19103798138604774,0.4019389235070164,0.08865320947212052,0.11316297154198258
825,-0.3915575391071216,0.1991874509102764,-0.16436390704998038,0.4455944499953284,0.21781015800967046,0.10304113458430038,0.07360110385407279,0.15670911251286973,0.45003162645293465,0.16110004426294264,0.17294980029700863,0.07288885104996093,0.1748984588804126,0.003142846329034149,-0.40042171646973945,0.30944710287579563,0.17593608521602916,-0.10071744145415372,0.16218366883225244,0.2723849429441483,0.0383714803928995,0.2885593441502346,0.5546419203281793,-0.26978020481639686,-0.09744491478413504,0.029835882608371077,0.27734721455381917,0.3594575830872452,0.10738292971034552,0.1268252869070336,-0.054658024990498495,0.5979804251199937
826,0.21112320288276687,-0.053256080531068464,-0.41024474767980984,0.2704078672093213,0.267162624321814,0.12187058334242151,0.27546427786962585,0.061031905252357535,0.05848757429557536,-0.07720539751091571,0.010435914587602436,0.4970868953748266,0.0443270845504133,0.2086211161338412,0.33024174494588493,-0.09945040258569912,0.46110913685599997,0.03434420395290914,0.08108865698436285,0.1615687764851244,-0.037857040474989806,0.16967044100176074,0.20436905870817954,0.20064497471212211,-0.03419642558318104,0.22503561746781034,0.23051347462592298,-0.2674087357689618,0.05272393126356598,0.22506923505064735,0.10261484021232775,-0.21198150695143764
827,0.17846779112789968,0.22208583212672164,0.09451606649497561,-0.1767098477946617,0.04486876508389453,-0.029810975371668404,0.36698137508616957,0.013927518482497792,0.03510975496160437,0.24519022089989018,0.04521427973100914,-0.18844126538241282,-0.1530571398391794,0.2893326305696375,0.0598365955185277,0.08329014142793219,0.18442346306946247,0.08528067838339004,0.10619021298001333,-0.07427673148701162,0.2817765778115769,0.18876158217694772,0.12025697212036957,0.3552151175162411,0.27127054018376734,0.11838573542352976,-0.038603364347782866,0.3807558613147009,0.17224841861994322,-0.09851033897345973,-0.1994683328230255,0.23980010892210227
828,-0.58788795971382,0.8825455177838787,0.5486551716555055,-0.23240833069389197,0.7000941381334126,0.3710274399415613,-0.46653684425022923,0.1554728609437766,0.6393656002282471,0.003986715639722211,-0.10353847396758291,-0.08273860521489726,0.36219842017178827,0.20395349412622332,0.39656667760254666,0.3438782254724192,-0.22430789111493196,-0.13216215275703985,0.04131191411989849,0.29312924637770893,0.36431095447616657,0.051655846724557176,0.147015137047838,0.0024338063128608364,0.5425282188367668,0.2102334860700648,-0.023462072827558623,-0.08357893242046706,0.5100102620576359,0.015971134607805734,0.13242407727825622,0.12389941991210354
829,0.07156915212888351,0.03981403283697342,0.001220357624790931,-0.07007502669067454,0.4895214773529827,0.0637917868463912,0.21208714275880025,0.4495007379400005,0.2933092651678347,-0.07857167594071549,0.17738682994962646,0.1509781412018274,0.21715120410033667,-0.11088653938316373,-0.3298778796407805,0.19739197841878328,0.2574074511740544,-0.1363443429204539,0.28392816400072096,0.17315845339267563,0.05824213470011352,-0.05307296768324391,0.15659419328815105,0.10901691378591169,-0.06287418633695564,0.020789453641837097,0.4234865458933099,-0.1161805714536689,-0.04633283163100682,0.2136761375202918,0.07494596567037431,0.25010784662062324
830,-0.09435177912274093,0.22363286922109724,0.2243299273245574,0.09929767896570325,-0.05055300144419804,0.11493399400923741,0.16398023443426096,0.08641616074491512,-0.030744876890875142,0.03995236746348638,0.3638194599396228,0.09562393978438231,0.14760436881813735,-0.17392707701365767,-0.14536143896619835,0.04333727706415184,0.1220174870673977,0.06129942909837034,0.19601231956388124,0.20596975380684593,-0.057684741153323484,0.07384757606653194,0.14480516428365917,0.11473011258612666,-0.06087256733651791,0.10219365132836339,0.2904398373272532,-0.191413963210553,0.0962711095927171,0.19762225597500324,0.1081466919612358,0.23315219493351433
831,-0.08273860521489726,0.36219842017178827,0.20395349412622332,0.39656667760254666,0.3438782254724192,-0.22430789111493196,-0.13216215275703985,0.04131191411989849,0.29312924637770893,0.36431095447616657,0.051655846724557176,0.147015137047838,0.0024338063128608364,0.5425282188367668,0.2102334860700648,-0.023462072827558623,-0.08357893242046706,0.20712535099294735,0.09676305399739243,0.18006443606999176,0.03226528517847111,-0.44078944845124995,0.3380206448902753,0.12849141162106129,-0.025839607220092212,0.12045898537141242,0.286877200722593,0.06552001088711226,0.0368317003320695,0.5126401164044888,0.10727375240522918,0.14836359842633548
832,-0.10071744145415372,0.16218366883225244,0.2723849429441483,0.0383714803928995,-0.0341945571464552,0.1063634492370031,0.1962990495609203,-0.13145164010685437,0.23843065633277077,0.11969849148818573,0.15101489071696825,-0.19871529312115233,0.16387788756728414,0.12461655134544304,0.17041386042389656,0.2758894441198532,0.38565678848867624,-0.2093333395469959,-0.3086869045626521,-0.45859624206429583,0.01881267170159937,0.9213821360251874,-0.015658216600592058,0.05375925727991392,0.20093656574037363,-0.034300721465717984,0.09335134699302704,0.10120720781703763,0.15852576202856808,-0.1261693407012891,0.17575954949908318,0.05235944102725745
833,0.17350277886178694,0.14443373400405532,0.06937373250251755,0.1938846693083236,-0.020397626293515884,0.056241500047262236,0.31501257601781585,0.03521232712560007,0.31260451285604524,0.31800420099521304,-0.005335817680394406,0.27501372788438055,0.20689829639105578,-0.18868606439129984,0.1938649078891614,0.11596495767376316,0.23218720665753584,0.05513546681446052,0.16570867460275632,0.18981378883331407,0.16929565744747385,0.016130026589419835,0.13604560052272469,-0.018288587728737135,0.021704303877180964,-0.05845547641045337,0.3308041747258856,0.164257142074729,0.08366507769554733,0.1693893827989283,0.11021291834797739,-0.01051268262747767
834,0.09335134699302704,0.10120720781703763,0.06819274936818978,-0.05078018175580146,0.2269836513911627,0.21109509114465294,-0.35878977482002106,0.30944710287579563,0.17593608521602916,-0.10071744145415372,0.16218366883225244,0.2723849429441483,0.0383714803928995,-0.0341945571464552,0.1063634492370031,0.1962990495609203,-0.13145164010685437,0.23843065633277077,0.11969849148818573,0.15101489071696825,-0.25920363568551175,0.36219842017178827,0.20395349412622332,0.39656667760254666,0.3438782254724192,-0.22430789111493196,-0.13216215275703985,0.04131191411989849,0.29312924637770893,0.36431095447616657,0.051655846724557176,0.147015137047838
835,-0.017298731068627646,0.18019128493810643,0.2685197814770018,-0.053115559140665666,-0.37717238805262293,0.2565974639919755,0.1570198042576097,0.15967623071216216,0.18518734134368978,0.03957451191768845,0.1932733614432001,-0.05430886755852945,0.05310248474394906,0.3607471428065565,0.06233658555976345,0.25202439925764925,0.3540554860126552,0.054753129013971114,0.22470285204137724,0.1870563319637629,-0.2674087357689618,0.05272393126356598,0.22506923505064735,0.10261484021232775,-0.21198150695143764,-0.19771289689077395,0.32661083949314984,0.10384331692069787,0.07711382871774942,0.20992472947069074,0.14467613640794874,-0.04654007001934978
836,0.03510975496160437,0.24519022089989018,0.04521427973100914,-0.18844126538241282,-0.1530571398391794,0.2374741415742272,0.030962513281617553,0.2136761375202918,0.07494596567037431,0.25010784662062324,0.3523436055521462,0.16449856261676135,-0.06575779966302676,-0.4633805460079044,-0.6296462555508103,2.322443244981363,0.016820628608099946,-0.12210513461064502,0.7425967423056713,0.26569395997574946,-0.48211955771040454,0.31856934468977854,-0.1471160322989946,0.13224843227692928,-0.13744108689493145,0.7512025272323432,0.10323363556716901,0.37562684311726585,0.43329493229864297,-0.3915575391071216,0.1991874509102764,-0.053520128583550305
837,0.10901691378591169,-0.06287418633695564,0.020789453641837097,0.4234865458933099,-0.1161805714536689,-0.04633283163100682,0.2136761375202918,0.10521578425735686,-0.01222018030071071,0.05668940185689197,0.20093656574037363,-0.034300721465717984,0.09335134699302704,0.10120720781703763,0.3418486415552765,0.5085612625617385,0.2358186269665527,-0.0354215967745066,-0.07093347373910476,0.47495421114848513,-0.06981461482759276,0.2501629573434221,-0.007193016796767877,0.08783646987625998,0.17136904462667607,0.1900673974285291,0.14118158550631343,0.064420931619945,0.17813747119959616,0.11153480932866984,-0.2919755150128051,0.25194362687045424
838,0.29502436812259675,-0.07973305727102308,0.19799789212246702,0.22952809153640188,0.011717367533914707,-0.04143608295393437,0.18036848701180638,0.08872221642612875,0.008975541836774844,-0.025516086913291845,0.38806089204959493,-0.20156309491583888,0.12789596366752015,0.1503937044621789,0.11340700597604,0.1662950431666319,0.31605517367239877,-0.1914394113665471,-0.06487001071552723,0.07382401302042452,0.44060350728358616,0.1727535224475368,0.10120720781703763,0.15852576202856808,-0.1261693407012891,0.05257179403844993,0.24495845199737368,0.1101646675136064,0.24823346342850847,0.42630163816159206,-0.2131146307468916,-0.22820094866907836
839,0.13933336611690395,0.0663289995961218,0.2459899734113378,-0.014562473930395762,0.21364801688882992,0.17429534874748348,0.2011047102573123,-0.05911225422027029,0.2489669030591257,-0.23376505563265904,0.3526985501443365,0.23395754267823185,-0.08417891571780703,-0.19567178073345584,0.048418260223786674,0.12787983090555988,0.09892670391507088,0.19799846171187263,0.08817550672737952,0.016104682807028897,0.19820898945179852,-0.1228961939348214,0.46117402403887836,0.010629951960803224,0.2536993286647359,-0.13176200153809164,0.164257142074729,0.09676305399739243,0.18006443606999176,0.03226528517847111,-0.44078944845124995,0.3380206448902753
840,0.03510975496160437,0.24519022089989018,0.04521427973100914,-0.18844126538241282,-0.3439481171945985,0.010747444669999833,-0.04684048839730427,0.3445276958741689,0.2670168397207595,0.11999193592579707,0.4222020521632184,0.13607126767627759,-0.0341945571464552,0.1063634492370031,0.1962990495609203,-0.13145164010685437,0.23843065633277077,0.11969849148818573,0.15101489071696825,-0.19871529312115233,0.16387788756728414,0.12461655134544304,0.17041386042389656,0.17071716334228426,-0.14975037417323125,0.4510220067914173,0.15244082736729989,0.07288885104996093,0.1748984588804126,0.003142846329034149,-0.40042171646973945,0.30944710287579563
841,0.12461655134544304,0.17041386042389656,0.2758894441198532,0.38565678848867624,-0.2093333395469959,-0.3086869045626521,-0.45859624206429583,0.01881267170159937,0.9213821360251874,-0.015658216600592058,0.46151196219940505,0.4561894607607333,-0.4307036263075145,0.33404209236252513,-0.017315794149796837,-0.07556915478493191,-0.15398007638351432,0.1511533282653379,0.40902791458143434,0.3099970298175544,0.471489611372563,-0.22685151173680398,-0.07427673148701162,0.2817765778115769,0.2531004053471109,0.14901686786802,0.06131121467129291,0.20880832158794416,0.11021351393836613,0.2811349847358627,0.0014623392565319142,0.04784244341978576
842,0.7425967423056713,0.26569395997574946,-0.2718376308062998,0.02222600824960639,0.13672065948977402,-0.059372907008158365,0.28230669455910706,-0.10897268141169947,0.4019389235070164,0.08865320947212052,0.11316297154198258,0.46291758814384293,0.2387995848553981,0.03761959736561409,0.18756622566533648,-0.0032170019832001968,0.05780403347831227,0.08945759497947195,0.13484381164054374,0.14901686786802,0.06131121467129291,0.20880832158794416,0.11021351393836613,0.2811349847358627,-0.24673863554749464,0.4234865458933099,-0.1273770437713957,-0.14535264944239704,0.1636217548875396,0.3461298946903398,-0.2333565673052771,-0.30008190849311206
843,0.12234390728662362,0.014770973447222226,0.16841010577103913,-0.17184534665718618,0.5705404810089426,0.0008958314648755303,0.23630351086435855,0.4555579162737879,0.246515426242668,0.01770617465262488,0.03401337538284965,0.184785809834214,0.16588222747740497,0.17018348502593558,0.027595165892406535,0.1692395764517847,-0.055367294137727945,0.21364801688882992,0.17429534874748348,0.2011047102573123,-0.05911225422027029,0.1470775585761181,0.02369429402154779,0.005683677347195281,-0.07580254458971233,0.37562684311726585,0.43329493229864297,-0.3915575391071216,0.1991874509102764,-0.16436390704998038,0.4455944499953284,0.21781015800967046
844,0.4794833804839934,-0.09284003963689724,0.26295154864488435,0.5642227911150639,-0.12169415188144998,-0.11306592133363663,0.2017013585807754,-0.18049387029567956,0.05969298311436966,-0.12444320203172575,0.5611453632897837,0.1869335896853636,0.4006017258170882,-0.10347017542090149,-0.06487001071552723,0.022974105712554253,0.04205130832165293,0.3890877324073698,0.23355982518621926,0.029024701733186827,-0.023190079283785647,0.41946818135912745,0.396950895585359,0.08530606255975395,0.16570867460275632,0.18981378883331407,0.16929565744747385,0.016130026589419835,0.13604560052272469,-0.018288587728737135,0.021704303877180964,-0.05845547641045337
845,0.27501372788438055,0.24185056985325032,-0.26089292338106373,0.31053865854267393,0.23395754267823185,-0.08417891571780703,-0.19567178073345584,0.048418260223786674,0.12787983090555988,0.09892670391507088,0.19799846171187263,-0.04693068281012394,0.4455944499953284,0.21781015800967046,0.10304113458430038,0.07360110385407279,0.15670911251286973,0.45003162645293465,0.06131121467129291,0.04021007767895179,0.532684865743833,0.11982048966670107,-0.0519861583077886,0.27183294112990597,-0.11338464126334705,0.22044835283863562,0.18175378128055952,0.21507230996456794,-0.11110494277211024,0.3924486791878392,0.2295099569039927,-0.25196316607160346
846,0.874523150438384,-0.0030598719334408316,0.39096949337005593,0.5105758017641661,-0.3718423771208559,0.18668007377330023,0.005169852410660244,-0.04538704312831413,-0.09714475970879345,0.024406105133026493,0.355073964073535,0.3305091004000071,0.5569329242264648,-0.246023278873846,-0.02073871481096764,-0.029680462238063903,0.14956677270984858,0.3599731363146606,0.1693893827989283,0.11021291834797739,-0.01051268262747767,0.44645725699367006,0.34622605703385295,0.023401847563298758,-0.11233793060977981,0.3873237836404128,0.14370153652087095,-0.06519178307126122,0.31264062742987014,-0.10219671826133284,0.20037398764353218,0.20497716776757982
847,0.5100102620576359,0.015971134607805734,0.13242407727825622,0.12389941991210354,-0.06701563151637725,0.2211385741886123,0.1901250685257231,0.18141069148365815,-0.01872348367883698,0.1602399761215795,0.1882176526900472,0.09562393978438231,0.14760436881813735,-0.17392707701365767,-0.14536143896619835,0.04333727706415184,0.1220174870673977,0.06129942909837034,0.19601231956388124,0.20596975380684593,-0.057684741153323484,0.07384757606653194,0.14480516428365917,0.11473011258612666,-0.06087256733651791,0.10219365132836339,0.2904398373272532,-0.191413963210553,0.0962711095927171,0.19762225597500324,0.1081466919612358,0.23315219493351433
848,0.3648744076231162,0.34342646217838496,-0.01628559255808749,0.1015943185971812,0.13030374742807277,0.28667888938837066,-0.06951352474562462,0.16592700289521067,-0.07066784706132076,0.11293875088477945,-0.20535274008458249,0.5793427173608218,0.09004305927638333,0.1776169526838241,0.11019210973415139,-0.10629703423484374,-0.4260345743094281,0.5984436178614774,0.15948649245452387,-0.038225245979315856,0.12200883569907046,0.1942458485822597,0.05373657295280298,-0.0481804193300597,0.15012172490551431,0.11914993570351617,-0.013910993924571376,-0.17796770742789422,0.6237727862359442,-0.0034213682837081223,-0.10107599037759238,0.18931492100556252
849,-0.246023278873846,-0.02073871481096764,0.18996023334588819,0.07004406608160774,-0.16418689752345075,0.38394456914269876,0.11240187413895551,-0.10779696429328764,0.22342416318361763,0.07008561531728158,-0.12319514448977624,-0.06574295470794776,0.34385555108441634,0.18533780760642687,0.16500535895414353,0.11298577658039052,0.1593491945626654,-0.07696664177534296,0.2140158170798685,0.032016070946640766,-0.2056916248099073,-0.09977122531837382,0.2566705868769431,0.05332100360012209,0.1334798000593729,0.1915060377599846,-0.10391341217997091,0.3301924189647566,-0.18332418705521158,-0.02327093882632231,0.13330989518342076,0.06458116259471598
850,0.22353226918003677,0.31634318939043543,0.1452137764050096,0.07004406608160774,0.05316462727074893,0.5077589261353112,0.27800976640018904,-0.06092265305807112,-0.07420667902913211,0.4772627981074588,-0.017093960217367823,0.20446229175264322,0.077208066716257,-0.03473222436348715,0.2269899149422962,0.1513353793055481,0.1525483543928927,0.05451036815254353,0.10581675702611819,0.21836952852283753,-0.1975496083240688,0.06599459167266276,0.31605517367239877,0.31626446930358326,-0.2688525390751869,-0.23497703259441213,-0.6818950630676603,2.775715655692279,-0.12641861897147907,-0.071568525291851,0.651068744545621,0.17517207832310983
851,0.16458087537784533,0.23046833214655307,0.1815822837569488,0.21715120410033667,0.013151992617316002,0.10443331001532027,0.03270878193238107,0.31800420099521304,-0.005335817680394406,0.27501372788438055,0.20689829639105578,-0.18868606439129984,0.1938649078891614,0.11596495767376316,0.23218720665753584,0.05513546681446052,0.16570867460275632,0.26772795140153005,0.12302980186260518,0.2983918938792556,-0.12952072144717805,0.22342416318361763,0.07008561531728158,-0.12319514448977624,-0.06574295470794776,0.34385555108441634,0.18533780760642687,0.16500535895414353,0.11298577658039052,0.1593491945626654,-0.2832162412671828,0.0020805530387531996
852,0.09440814158715664,0.25877643221949886,0.36206636083348,0.018964750924899278,0.22176350952506277,0.13553027194575726,-0.07420667902913211,0.4772627981074588,-0.017093960217367823,0.1431585524739657,0.12389941991210354,-0.06701563151637725,0.2211385741886123,0.1901250685257231,0.18141069148365815,-0.01872348367883698,0.1602399761215795,0.18812549775877,-0.18329904817335113,0.03510975496160437,0.24519022089989018,0.04521427973100914,-0.18844126538241282,-0.1530571398391794,0.7631198357554582,0.16811112115875754,0.3065383859292377,0.3339580943966088,-0.22390999782968746,-0.05430886755852945,0.05310248474394906,0.3607471428065565
853,-0.10629703423484374,-0.4260345743094281,0.5984436178614774,0.15948649245452387,-0.038225245979315856,0.12200883569907046,0.1942458485822597,0.05373657295280298,-0.0481804193300597,0.15012172490551431,0.11914993570351617,-0.013910993924571376,-0.17796770742789422,0.6237727862359442,-0.0034213682837081223,-0.10107599037759238,0.18931492100556252,0.026950214585079065,0.18096547976886537,0.39861970155369486,0.3322918405849832,-0.0730539224471404,-0.3276340921767554,-0.560709760652686,0.014662593894547743,1.4080315384750042,-0.3211366212088857,1.0994415746910717,0.3631106194833644,-0.5872769092188762,0.3343738849909891,0.2335672723395901
854,0.23218720665753584,0.05513546681446052,0.16570867460275632,0.18981378883331407,0.16929565744747385,0.016130026589419835,0.13604560052272469,-0.018288587728737135,0.021704303877180964,-0.05845547641045337,0.3308041747258856,0.164257142074729,0.09676305399739243,0.18006443606999176,0.03226528517847111,-0.44078944845124995,0.3380206448902753,0.115328814847288,0.024406105133026493,0.355073964073535,0.3305091004000071,0.5569329242264648,-0.246023278873846,-0.02073871481096764,-0.022670650825759562,-0.49778054773125363,0.31856934468977854,-0.1471160322989946,0.13224843227692928,-0.13744108689493145,0.2720105015451853,0.0598365955185277
855,-0.22820094866907836,-0.4077636285835352,-0.15881599178038797,0.874523150438384,-0.0030598719334408316,0.39096949337005593,0.5105758017641661,-0.3718423771208559,0.18668007377330023,0.005169852410660244,-0.04538704312831413,-0.09714475970879345,0.024406105133026493,0.355073964073535,0.3305091004000071,0.5569329242264648,-0.246023278873846,-0.02073871481096764,-0.029680462238063903,0.14956677270984858,0.3594575830872452,0.10738292971034552,0.1268252869070336,-0.1012589841531152,0.3873237836404128,0.14370153652087095,-0.06519178307126122,0.31264062742987014,-0.10219671826133284,0.20037398764353218,0.20497716776757982,0.17400369564042703
856,0.3631106194833644,-0.5872769092188762,0.3343738849909891,0.2335672723395901,-0.11006995253884413,-0.15640318226972538,0.5826515229678326,0.15623469052714475,-0.22338827283087184,-0.535203756815677,-0.18224044766622266,1.631133135384752,-0.27684410127456854,0.93613725027831,0.36905839115702316,-0.42191937147693376,0.1594097460088622,0.003986715639722211,-0.10353847396758291,-0.08273860521489726,0.36219842017178827,0.20395349412622332,0.39656667760254666,0.3438782254724192,-0.22430789111493196,-0.13216215275703985,0.04131191411989849,0.29312924637770893,0.36431095447616657,0.051655846724557176,0.147015137047838,0.0024338063128608364
857,0.10308527413401705,0.17846779112789968,0.22208583212672164,0.10912076590162222,0.08387223257892588,0.007282743814128762,0.020612343586763032,-0.016019177985158884,0.02271247292045064,0.29107111576143124,0.1045071141541918,0.12488891724892921,-0.011185790250671488,-0.37215607382295773,0.42858710956831947,0.169608015722371,-0.08047575649163148,0.16236333567151778,0.17047529049149088,0.07176664141241576,-0.05498110129799243,0.1009788949338441,0.17041386042389656,0.2758894441198532,0.38565678848867624,-0.2093333395469959,-0.3086869045626521,-0.45859624206429583,0.01881267170159937,0.9213821360251874,-0.015658216600592058,0.46151196219940505
858,0.4323114787719322,0.40137010870007506,-0.28641930958826917,-0.07427673148701162,0.2817765778115769,0.18876158217694772,0.12025697212036957,0.3552151175162411,0.3004909622472764,0.1085302253529222,0.184785809834214,0.16588222747740497,0.17018348502593558,0.027595165892406535,0.1692395764517847,-0.016804451873613534,0.004656571040100282,-0.11958844677906617,0.4510220067914173,0.15244082736729989,0.07288885104996093,0.1748984588804126,0.003142846329034149,-0.40042171646973945,0.30944710287579563,0.022468842142746956,0.11914993570351617,-0.013910993924571376,-0.17796770742789422,0.6237727862359442,-0.0034213682837081223,-0.10107599037759238
859,0.3638470451044476,0.20503724985454205,0.1459981126354451,-0.09139857051369302,0.3563536013904831,0.2492544554621723,-0.1378062638889054,-0.2005062652564799,0.18019128493810643,0.2685197814770018,-0.053115559140665666,-0.37717238805262293,0.2565974639919755,0.1570198042576097,0.15967623071216216,0.18518734134368978,0.03957451191768845,0.1932733614432001,-0.05430886755852945,0.05310248474394906,0.3607471428065565,0.06233658555976345,0.25202439925764925,0.3540554860126552,0.054753129013971114,0.22470285204137724,0.2032151590447185,-0.20300578487782478,0.2829097843134919,0.036318137954573296,0.2968939267958973,0.07580716838731938
860,0.5826515229678326,0.15623469052714475,0.19920011461103831,0.054753129013971114,0.22470285204137724,0.2032151590447185,-0.20300578487782478,0.2829097843134919,0.17218260461239776,0.5077589261353112,0.27800976640018904,-0.06092265305807112,-0.07420667902913211,0.4772627981074588,-0.017093960217367823,0.20446229175264322,0.077208066716257,-0.03473222436348715,0.2269899149422962,0.1513353793055481,0.1525483543928927,0.05451036815254353,0.10581675702611819,0.23467066062858755,-0.2919755150128051,0.25194362687045424,0.18447934488472806,-0.03735439473461763,-0.17974141893035753,-0.045429781649620936,0.1992759304480005,0.18931492100556252
861,-0.006068095610988907,0.22353226918003677,0.31634318939043543,0.1452137764050096,0.246515426242668,0.01770617465262488,0.15591559768791044,0.06181623550682581,-0.032007325327046816,0.09425897787719907,0.08884695233171495,0.1173861637279716,0.07187542666856812,0.09364824897947188,0.26063328665288116,0.13490246113837479,-0.10690798536618025,-0.20091983663120586,0.2564809375436427,0.2379115657403104,-0.03126694167154654,-0.2895737635617525,0.11571104830416722,0.19148059584239505,0.10402791108409856,0.23091537737709414,0.06650813331778027,0.0688545810301372,0.06682974592404096,-0.16034808885176957,0.582480184304969,-0.026167537045574178
862,0.21109509114465294,-0.12014178626365916,0.1636217548875396,0.3461298946903398,-0.2333565673052771,-0.30008190849311206,0.3332262163068803,0.15339784011706106,0.17350277886178694,0.14443373400405532,0.06937373250251755,0.1938846693083236,-0.020397626293515884,0.056241500047262236,0.31501257601781585,0.11443597643552295,0.32466681415976595,-0.054898688296048936,0.23769099596891313,0.43358726407530823,-0.18009620301785492,-0.2833807162011421,-0.49163582428543307,0.021414579109772094,1.2345642521917752,-0.2390661515095062,0.7216726934662775,0.37887817736150176,-0.4375915754722766,0.17850557601239259,0.04049002125523098,-0.0759962967737919
863,0.18006443606999176,0.03226528517847111,-0.44078944845124995,0.3380206448902753,0.12849141162106129,-0.025839607220092212,0.12087353560604029,-0.06287418633695564,0.020789453641837097,0.4234865458933099,-0.1161805714536689,-0.04633283163100682,0.2136761375202918,0.07494596567037431,0.10373223403568727,0.18145219611393124,0.23769099596891313,0.43358726407530823,-0.18009620301785492,-0.2833807162011421,-0.49163582428543307,0.021414579109772094,0.8744093920070537,0.15183112240756858,0.10787259292306504,0.01840890062904963,-0.0995598219957391,0.4821384641347985,-0.10720510281794955,-0.02327093882632231,0.13330989518342076,0.06458116259471598
864,-0.013910993924571376,-0.17796770742789422,0.6237727862359442,-0.0034213682837081223,-0.10107599037759238,0.18931492100556252,0.026950214585079065,0.18096547976886537,0.39861970155369486,0.3322918405849832,-0.0730539224471404,-0.3276340921767554,-0.560709760652686,0.014662593894547743,1.4080315384750042,-0.0935952072658686,0.19799789212246702,0.22952809153640188,0.011717367533914707,-0.04143608295393437,0.18036848701180638,0.08872221642612875,0.008975541836774844,-0.025516086913291845,0.38806089204959493,-0.20156309491583888,0.12789596366752015,0.1503937044621789,0.14322178130505542,0.17041386042389656,0.2758894441198532,0.38565678848867624
865,0.07156915212888351,0.03981403283697342,0.001220357624790931,0.3276628346230497,0.019100224856819056,0.20435731266315316,-0.18873985973198337,-0.2630977126021474,0.15538551639601741,0.29502436812259675,-0.07973305727102308,0.19799789212246702,0.22952809153640188,0.1316938542687793,0.14457497153757373,0.16150134876585814,-0.06312307287399964,0.16458087537784533,0.23046833214655307,-0.04177403759466122,-0.30418711666720355,0.3528982149432685,0.205696934332813,-0.06894471559741094,-0.21754472327174948,-0.0414476249157042,-0.10391341217997091,0.3301924189647566,0.06160236404943078,0.07156915212888351,0.03981403283697342,0.001220357624790931
866,0.14738116301118354,0.15057350604539063,0.25202439925764925,0.3540554860126552,0.054753129013971114,0.22470285204137724,0.25401055696593045,-0.056558050676630466,-0.21754472327174948,0.11712542482710067,0.13726845392845502,0.02677970660595579,-0.19567178073345584,0.048418260223786674,0.12787983090555988,0.09892670391507088,0.19799846171187263,0.08817550672737952,0.016104682807028897,0.19820898945179852,-0.1228961939348214,0.46117402403887836,0.010629951960803224,0.2329295694666118,0.43160144306355575,0.23386430015327572,0.022736716960153926,0.20677149441364567,0.05235944102725745,0.015779282541251688,0.07778099345810575,0.14475962330811473
867,0.077208066716257,-0.03473222436348715,0.2269899149422962,0.1513353793055481,0.1525483543928927,0.05451036815254353,0.10581675702611819,0.21836952852283753,-0.1975496083240688,0.06599459167266276,0.2140158170798685,0.032016070946640766,-0.2056916248099073,-0.09977122531837382,0.2566705868769431,0.05332100360012209,0.1334798000593729,0.1915060377599846,-0.10391341217997091,0.3301924189647566,-0.1306468068111148,0.36493975362810666,0.1618681250337736,0.10981308189934724,0.4255352370150269,0.25980627869946177,0.028878761909011532,0.1512351673111633,0.0687471240577064,-0.29205323657246673,-0.20091983663120586,0.2564809375436427
868,0.15591559768791044,0.06181623550682581,-0.032007325327046816,0.09425897787719907,0.18704035057159146,0.1166120799555511,0.10308527413401705,0.17846779112789968,0.22208583212672164,0.10912076590162222,0.08387223257892588,0.007282743814128762,0.08272429492143678,0.4495007379400005,0.2933092651678347,-0.07857167594071549,0.2854839681489928,-0.1286611337248143,0.13799062650487542,0.049220828979773264,0.2691318726029984,0.10583636003401536,0.0911876490090115,0.11016030936506847,0.1637827761209305,0.27183294112990597,-0.11338464126334705,0.22044835283863562,0.18175378128055952,0.21507230996456794,-0.11110494277211024,0.672296884301867
869,0.14370153652087095,-0.11003190764134659,0.2587212667043487,-0.14639799594510308,0.3286452837434767,0.21153885924695115,0.1163015082677053,-0.07607939841636727,0.3738898922337414,0.1676730252380315,0.054886114612682224,-0.16170279875272162,0.16387788756728414,0.12461655134544304,0.17041386042389656,0.2758894441198532,0.38565678848867624,-0.2093333395469959,-0.3086869045626521,-0.45859624206429583,0.01881267170159937,0.9213821360251874,-0.015658216600592058,0.46151196219940505,0.3084436073057117,0.0637917868463912,0.21208714275880025,0.4495007379400005,0.2933092651678347,-0.07857167594071549,0.2854839681489928,-0.1286611337248143
870,0.2503177717232147,0.19920890419656892,0.006508261054583925,0.19637910122862356,0.5323290908947901,0.11239025342580698,0.019519458325689406,-0.024104684871840008,0.41000486829468213,-0.054332979629034356,0.19955843128181666,-0.154784423703279,0.3022190377547206,0.1947513444538738,0.06255089963037826,0.14128623717498243,0.16458087537784533,0.23046833214655307,-0.04177403759466122,-0.30418711666720355,0.3528982149432685,0.205696934332813,-0.06894471559741094,-0.21754472327174948,0.11712542482710067,0.13726845392845502,0.10477893452726418,0.154525193891985,0.12234390728662362,0.014770973447222226,0.16841010577103913,-0.17184534665718618
871,0.25010784662062324,0.3523436055521462,0.16449856261676135,-0.06575779966302676,-0.15424574469861652,0.026633443720634878,-0.10502185721591453,0.16212723952415709,0.10247846737264223,0.21692267376731647,0.19989817570442997,0.4592312571483904,0.02764366655244454,0.36698137508616957,0.15613220976197956,-0.04415721420156436,-0.08021739414216453,0.21015504769464924,0.16078174031700854,0.18936452476172624,0.09562393978438231,0.14760436881813735,-0.17392707701365767,-0.14536143896619835,0.04333727706415184,0.1220174870673977,0.06129942909837034,0.19601231956388124,0.20596975380684593,-0.057684741153323484,0.07384757606653194,0.14480516428365917
872,0.09364824897947188,0.26063328665288116,0.13490246113837479,-0.10690798536618025,-0.20091983663120586,0.2564809375436427,0.2379115657403104,-0.03126694167154654,-0.2895737635617525,0.09889311250244673,0.0688545810301372,0.06682974592404096,0.3332262163068803,0.15339784011706106,0.17350277886178694,0.14443373400405532,0.06937373250251755,0.1938846693083236,-0.020397626293515884,0.056241500047262236,0.31501257601781585,0.03521232712560007,0.31260451285604524,0.31800420099521304,-0.005335817680394406,0.27501372788438055,0.20689829639105578,-0.18868606439129984,0.1938649078891614,0.11596495767376316,0.23218720665753584,0.05513546681446052
873,-0.017315794149796837,0.15051306264681108,0.11473011258612666,-0.06087256733651791,0.10219365132836339,0.2904398373272532,-0.191413963210553,0.0962711095927171,0.19762225597500324,0.1081466919612358,0.23315219493351433,0.2759889856284672,0.3334386814242376,-0.2930011245453141,-0.3323103623367577,-0.21119585311806702,0.6359536634803336,-0.20577899822194573,0.20485280725032834,0.5710140729030543,0.09919251932906349,-0.27453754616669024,-0.07896928497537498,0.03606607937215022,0.11905401693134181,-0.17504131225752168,0.5690449243076188,0.3282679865335205,-0.22685151173680398,-0.03410554351064948,-0.026979094668769906,0.21026955100633232
874,0.25903415533466395,0.05353362786240616,0.27552939681922384,0.0799497909674738,0.1273673621854455,0.12302980186260518,0.2983918938792556,-0.12952072144717805,0.22342416318361763,0.07008561531728158,-0.12319514448977624,-0.06574295470794776,0.34385555108441634,0.18533780760642687,0.16500535895414353,0.11298577658039052,0.1593491945626654,-0.2832162412671828,0.0020805530387531996,0.09813566285711402,-0.09435177912274093,0.22363286922109724,0.2243299273245574,0.09929767896570325,-0.05055300144419804,0.11493399400923741,0.16398023443426096,0.08641616074491512,-0.030744876890875142,0.03995236746348638,0.27685820958904017,-0.238454914255154
875,0.21208714275880025,0.4495007379400005,0.2933092651678347,-0.07857167594071549,0.2854839681489928,-0.1286611337248143,0.13799062650487542,0.049220828979773264,0.2691318726029984,0.10583636003401536,0.0911876490090115,0.11016030936506847,0.2678296268354956,-0.11044697195648515,0.29822181701699224,0.06963025852130174,-0.04415721420156436,0.1858974956231071,0.23046833214655307,-0.04177403759466122,-0.30418711666720355,0.3528982149432685,0.205696934332813,-0.06894471559741094,-0.21754472327174948,0.11712542482710067,0.13726845392845502,0.10477893452726418,0.154525193891985,0.12234390728662362,0.014770973447222226,0.16841010577103913
876,-0.1975496083240688,0.06599459167266276,0.2140158170798685,0.032016070946640766,-0.2056916248099073,-0.09977122531837382,0.2566705868769431,0.05332100360012209,0.1334798000593729,0.1915060377599846,-0.10391341217997091,0.3301924189647566,-0.1306468068111148,0.36493975362810666,0.1618681250337736,0.10981308189934724,0.4255352370150269,0.25980627869946177,0.028878761909011532,0.1512351673111633,0.0687471240577064,0.025303337699693184,0.07991964893101931,0.14910613995433913,0.13870999513948015,0.052111479316268625,0.2025166266354563,0.13030374742807277,0.28667888938837066,0.4179915742887935,-0.3915575391071216,0.08806181670407934
877,-0.14535264944239704,0.1636217548875396,0.3461298946903398,-0.2333565673052771,-0.30008190849311206,0.3332262163068803,0.15339784011706106,0.17350277886178694,0.14443373400405532,0.1134226120876174,0.2893326305696375,-0.15160728170773569,-0.09977122531837382,0.2566705868769431,-0.2991477470837593,0.2704078672093213,0.267162624321814,0.12187058334242151,0.27546427786962585,0.061031905252357535,0.05848757429557536,-0.07720539751091571,0.010435914587602436,0.4970868953748266,0.0443270845504133,0.2086211161338412,0.3854280947760623,0.45003162645293465,0.16110004426294264,0.045895226796395086,-0.06052322043582949,0.4507323785553294
878,-0.07754603495020393,0.19927450157206136,0.22382878195307498,-0.09401895570000028,0.10799564566925353,-0.02735083162456417,0.07996856493842841,0.18365161018361947,-0.023190079283785647,0.41946818135912745,0.396950895585359,0.05722556129495675,-0.05963657763210757,0.24747498490240735,0.1906227232740485,-0.06664940695669395,0.2587212667043487,-0.14639799594510308,0.3286452837434767,0.21153885924695115,0.1163015082677053,-0.07607939841636727,0.4408191314993718,0.1944108882314549,-0.17628742224102106,-0.13205735314625608,0.1970317131241627,0.21112320288276687,-0.053256080531068464,-0.41024474767980984,0.2704078672093213,0.267162624321814
879,-0.0730539224471404,-0.3276340921767554,-0.560709760652686,0.014662593894547743,1.4080315384750042,-0.3211366212088857,1.0994415746910717,0.3631106194833644,-0.5872769092188762,0.3343738849909891,0.2335672723395901,-0.11006995253884413,0.20485280725032834,0.5710140729030543,0.3205669016618189,0.06625407688356992,-0.34376971549729113,0.31053865854267393,0.23395754267823185,-0.08417891571780703,-0.19567178073345584,0.048418260223786674,0.12787983090555988,0.09892670391507088,0.19799846171187263,0.08817550672737952,0.016104682807028897,0.19820898945179852,-0.1228961939348214,0.46117402403887836,0.010629951960803224,0.2329295694666118
880,-0.1361437516837773,0.5126401164044888,0.10727375240522918,0.14836359842633548,0.14084473078919998,-0.07991486120750843,-0.4268141196430951,0.40979557006932316,0.23961717018966824,-0.05766107861356521,0.14954493181396358,0.16384677242970036,0.06412993674654287,-0.07754603495020393,0.19927450157206136,0.22382878195307498,-0.09401895570000028,0.10799564566925353,0.14738116301118354,0.09492199006514247,-0.09869715727879487,0.11913736940317265,0.08817550672737952,0.016104682807028897,0.19820898945179852,-0.1228961939348214,0.4081931331278727,0.1967032816729059,0.13604608051457204,-0.4410086830701572,0.20521445648280787,0.18187890191990846
881,-0.26978020481639686,-0.09744491478413504,0.029835882608371077,0.23244847910803215,0.3923522683435107,0.06574911402424904,0.11982381637853495,-0.0036322028767203193,0.5154484502995313,0.2044492602416065,0.24597910613604348,0.15454741133606334,0.11838573542352976,-0.038603364347782866,0.3807558613147009,0.17224841861994322,-0.09851033897345973,-0.1994683328230255,0.23980010892210227,0.24982258900136312,-0.11600447725845392,-0.322697042332726,0.20051624388285613,0.21910904649794555,0.1093603113504988,0.22010321279053532,0.06650813331778027,0.0688545810301372,0.06682974592404096,-0.16034808885176957,0.582480184304969,-0.026167537045574178
882,-0.08742949038525093,0.17124113491377574,-0.20272806045545047,0.5714173973408444,0.21369508916669722,0.2864317522176922,0.2649233174487815,-0.22582008661066053,0.010747444669999833,-0.04684048839730427,0.3445276958741689,0.2670168397207595,0.11999193592579707,0.025195000573940488,0.2525280799707006,0.46609603032039665,0.12547576951623374,-0.014864298582347406,0.02672968558008701,0.3808117223227501,-0.09823658655877998,0.2407284347887408,-0.12405508083124386,0.22599906281655174,0.2296552800988911,0.07187542666856812,0.5779264565319103,0.2387995848553981,0.050878817499848815,0.015971134607805734,0.13242407727825622,0.12389941991210354
883,0.5826515229678326,0.15623469052714475,0.27640262933912124,0.47201011607596016,-0.28281767262770263,-0.0037568732807429827,-0.006068095610988907,0.22353226918003677,0.31634318939043543,0.1452137764050096,0.07004406608160774,0.05316462727074893,0.5077589261353112,0.27800976640018904,-0.06092265305807112,-0.07420667902913211,0.4772627981074588,-0.017093960217367823,0.20446229175264322,0.077208066716257,-0.03473222436348715,0.2269899149422962,0.1513353793055481,0.1525483543928927,0.05451036815254353,0.10581675702611819,0.21836952852283753,-0.1975496083240688,0.06599459167266276,0.2140158170798685,0.032016070946640766,-0.2056916248099073
884,-0.08357893242046706,0.5100102620576359,0.015971134607805734,0.13242407727825622,0.12389941991210354,-0.06701563151637725,0.2211385741886123,0.1901250685257231,0.18141069148365815,-0.01872348367883698,0.1602399761215795,0.18812549775877,-0.18329904817335113,0.03510975496160437,0.24519022089989018,0.04521427973100914,-0.18844126538241282,-0.1530571398391794,0.2893326305696375,0.0598365955185277,0.24965573182690132,0.10384331692069787,0.07711382871774942,0.1749473538297509,0.24495845199737368,0.1101646675136064,0.24823346342850847,0.42630163816159206,-0.2131146307468916,-0.22820094866907836,-0.4077636285835352,-0.15881599178038797
885,0.31626446930358326,-0.2688525390751869,-0.23497703259441213,-0.38383826658710213,0.2243299273245574,0.09929767896570325,-0.05055300144419804,0.11493399400923741,0.16398023443426096,0.08641616074491512,-0.030744876890875142,0.03995236746348638,0.40676830025246835,0.169608015722371,-0.08047575649163148,0.16236333567151778,0.17047529049149088,0.1989483838530954,-0.03419642558318104,0.22503561746781034,0.23051347462592298,-0.2674087357689618,0.05272393126356598,0.22506923505064735,0.39409232234957653,-0.26978020481639686,-0.09744491478413504,0.029835882608371077,0.23244847910803215,0.3923522683435107,0.06574911402424904,0.11982381637853495
886,0.2893326305696375,0.0598365955185277,0.08329014142793219,0.18442346306946247,0.08528067838339004,0.10619021298001333,-0.07427673148701162,0.2817765778115769,0.18876158217694772,0.12025697212036957,0.3552151175162411,0.3004909622472764,0.044637696916542596,0.1491258597087924,0.10443331001532027,-0.012240582376639745,0.2543753284338778,0.02226975501848725,0.184785809834214,0.16588222747740497,0.17018348502593558,0.027595165892406535,0.1692395764517847,-0.016804451873613534,0.004656571040100282,-0.11958844677906617,0.4510220067914173,0.15244082736729989,0.07288885104996093,-0.21198150695143764,-0.19771289689077395,0.32661083949314984
887,0.3188360004878918,0.3648744076231162,0.34342646217838496,-0.01628559255808749,0.2193844923376447,0.2032151590447185,-0.20300578487782478,0.2829097843134919,0.036318137954573296,0.2968939267958973,0.07580716838731938,0.08567346237233235,0.2380781379612254,0.1958943861923911,0.19659120888368425,0.0682533575974299,0.17317355494762385,-0.17423414406398183,-0.17888375096808656,0.14457497153757373,0.16150134876585814,-0.04888249344416614,0.25742689993318923,0.1378193687751203,0.032519541821476844,0.005804140740080759,0.15562454509034235,0.09398115298271544,-0.01760761135922154,0.013769183121238256,0.3351624358998726,-0.14469081953720858
888,0.39770783469686205,0.08172071414989064,0.24383857054727498,0.12692743882989452,-0.09579475570179191,-0.37215607382295773,0.42858710956831947,0.169608015722371,-0.08047575649163148,0.16236333567151778,0.17047529049149088,0.07176664141241576,-0.05498110129799243,0.15183112240756858,0.10787259292306504,0.01840890062904963,-0.0995598219957391,0.4821384641347985,-0.10720510281794955,-0.02327093882632231,0.13330989518342076,0.06458116259471598,0.2819858073684284,0.15357236106883257,0.39770783469686205,0.08172071414989064,0.24383857054727498,0.12692743882989452,-0.09579475570179191,-0.37215607382295773,0.42858710956831947,0.169608015722371
889,0.1693893827989283,0.11021291834797739,-0.01051268262747767,0.44645725699367006,0.34622605703385295,0.38085953998935,-0.1670048053309648,-0.017998435792932244,0.06031076097975645,0.02182100849886886,0.32235892296680474,0.21043433282753074,0.04703410538990216,0.023224159920207973,0.3484169306665826,0.38464041570040863,0.08256728264784874,-0.11495180160911317,0.36064203219538704,0.1673903322242667,-0.09284999744819501,0.3101946871467882,-0.16972559312542665,0.3638470451044476,0.20503724985454205,0.1459981126354451,-0.09139857051369302,0.3563536013904831,0.2492544554621723,-0.1378062638889054,-0.2005062652564799,0.18019128493810643
890,0.05353362786240616,0.27552939681922384,0.021526508926775694,0.10159629500858154,0.02285161943960793,0.007793924365852867,-0.09554214890318367,0.5407418820816005,0.182811459615623,-0.27451396654390714,-0.037243909461088076,-0.08742949038525093,0.17124113491377574,-0.20272806045545047,0.5714173973408444,0.21369508916669722,0.2864317522176922,0.2649233174487815,-0.22582008661066053,0.010747444669999833,-0.04684048839730427,0.3445276958741689,0.2670168397207595,0.11999193592579707,0.025195000573940488,0.2525280799707006,0.46609603032039665,0.12547576951623374,-0.014864298582347406,0.02672968558008701,0.3808117223227501,-0.09823658655877998
891,0.43329493229864297,-0.3915575391071216,0.1991874509102764,-0.16436390704998038,0.4455944499953284,0.21781015800967046,0.10304113458430038,0.07360110385407279,0.15670911251286973,0.45003162645293465,0.16110004426294264,0.045895226796395086,-0.06052322043582949,0.4507323785553294,-0.09195618708660448,0.1512351673111633,0.0687471240577064,0.025303337699693184,0.07991964893101931,0.14910613995433913,0.13870999513948015,0.052111479316268625,0.2025166266354563,0.13030374742807277,0.28667888938837066,-0.06951352474562462,0.16592700289521067,-0.07066784706132076,0.11293875088477945,-0.20535274008458249,0.5793427173608218,0.09004305927638333
892,0.05513546681446052,0.16570867460275632,0.18981378883331407,0.16929565744747385,0.016130026589419835,0.13604560052272469,-0.018288587728737135,0.021704303877180964,-0.05845547641045337,0.3308041747258856,0.164257142074729,0.09676305399739243,0.22044659817489026,0.1659339689806515,0.22725753124748785,-0.033804194159752304,0.17615938980224977,0.03444382036243173,-0.08424507459956743,-0.05323316428520335,0.38394456914269876,0.12494821353405587,0.11626296745509843,0.1967032816729059,0.13604608051457204,-0.4410086830701572,0.20521445648280787,0.18187890191990846,-0.018412927239126024,0.08651782774696389,0.24359492621084558,0.4592312571483904
893,0.1081466919612358,0.23315219493351433,0.2759889856284672,0.3334386814242376,-0.2930011245453141,-0.3323103623367577,-0.21119585311806702,0.6359536634803336,-0.20577899822194573,0.20485280725032834,0.5710140729030543,0.09919251932906349,-0.27453754616669024,-0.07896928497537498,0.03606607937215022,0.2334486448172321,-0.07973305727102308,0.19799789212246702,0.22952809153640188,0.011717367533914707,-0.04143608295393437,0.18036848701180638,0.08872221642612875,0.008975541836774844,-0.025516086913291845,0.09788615217872529,-0.2837244130358797,-0.05933768281964149,-0.0158205855430532,0.10766783526534249,-0.15136662886912727,0.732439073067299
894,-0.560709760652686,-0.1694035828481706,0.21838582797646872,-0.026929355196783866,0.08118586580494987,0.0029661854615968316,0.34595842949403505,-0.21248517639154826,0.045107140934606355,0.28875087664909865,0.14815850872667752,0.16282803887473282,0.3842572887052237,-0.00910825187333178,-0.3009925401089623,-0.3557798169054311,-0.17575267886142004,0.576090306976329,-0.006011173839405014,0.407556646171246,0.565946646773559,-0.27387320345155214,0.11608570550439605,0.054108945930185164,-0.11411752537832029,-0.07300140090705133,0.015029837611797933,0.44060350728358616,0.19206526361875487,0.4763690489011428,-0.1670048053309648,-0.017998435792932244
895,0.23218720665753584,0.05513546681446052,0.16570867460275632,0.18981378883331407,0.16929565744747385,0.016130026589419835,0.13604560052272469,-0.018288587728737135,0.021704303877180964,-0.05845547641045337,0.3308041747258856,0.164257142074729,0.09676305399739243,0.18006443606999176,0.03226528517847111,-0.44078944845124995,0.3380206448902753,0.12849141162106129,-0.025839607220092212,0.12045898537141242,0.286877200722593,0.06552001088711226,-0.01222018030071071,0.05668940185689197,0.20093656574037363,-0.034300721465717984,0.09335134699302704,0.10120720781703763,0.15852576202856808,-0.1261693407012891,0.05257179403844993,0.24495845199737368
896,0.31997096866254743,0.27166200964144344,0.061634111965513244,0.22032608542910156,0.21689918467645036,-0.19131993763789917,0.25762659116874836,0.064972871506301,0.25375125815818755,0.02226975501848725,0.184785809834214,0.16588222747740497,0.17018348502593558,0.027595165892406535,0.1692395764517847,-0.016804451873613534,0.11649771500568798,0.2492544554621723,-0.1378062638889054,-0.2005062652564799,0.18019128493810643,0.2685197814770018,-0.053115559140665666,-0.37717238805262293,0.2565974639919755,0.1570198042576097,0.15967623071216216,0.18518734134368978,0.03957451191768845,0.1932733614432001,-0.05430886755852945,0.05310248474394906
897,0.7000941381334126,0.3710274399415613,-0.46653684425022923,0.397559785779939,0.003986715639722211,0.029409305298034913,0.15659419328815105,0.10901691378591169,-0.06287418633695564,0.020789453641837097,0.4234865458933099,-0.1161805714536689,-0.04633283163100682,0.2136761375202918,0.03335412953537139,-0.05055300144419804,0.2467917653826088,0.1962990495609203,-0.13145164010685437,0.23843065633277077,0.11969849148818573,0.15101489071696825,-0.19871529312115233,0.16387788756728414,0.12461655134544304,0.17041386042389656,0.2758894441198532,0.38565678848867624,-0.2093333395469959,-0.3086869045626521,-0.45859624206429583,0.01881267170159937
898,-0.09744491478413504,0.029835882608371077,0.23244847910803215,0.3923522683435107,0.06574911402424904,0.11982381637853495,-0.0036322028767203193,0.5154484502995313,0.2044492602416065,0.04163234839464616,-0.16562873160815939,0.02672968558008701,0.3808117223227501,-0.09823658655877998,0.2407284347887408,-0.12405508083124386,0.22599906281655174,0.2296552800988911,0.07187542666856812,0.09364824897947188,0.26063328665288116,0.13490246113837479,-0.10690798536618025,-0.20091983663120586,0.2564809375436427,0.2379115657403104,-0.03126694167154654,-0.2895737635617525,0.11571104830416722,0.19148059584239505,0.10402791108409856,0.23091537737709414
899,0.2025166266354563,0.13030374742807277,0.28667888938837066,-0.06951352474562462,0.16592700289521067,-0.07066784706132076,0.11293875088477945,-0.20535274008458249,0.5793427173608218,0.06649083196793634,0.0029661854615968316,0.34595842949403505,-0.21248517639154826,0.16706769469384092,0.1334798000593729,0.1915060377599846,-0.10391341217997091,0.3301924189647566,-0.1306468068111148,0.36493975362810666,0.1618681250337736,0.10981308189934724,0.4255352370150269,0.23268025429838943,0.015971134607805734,0.13242407727825622,0.12389941991210354,-0.06701563151637725,0.2211385741886123,0.1901250685257231,0.18141069148365815,-0.01872348367883698
900,-0.20577899822194573,0.20485280725032834,0.5710140729030543,0.09919251932906349,-0.27453754616669024,-0.07896928497537498,0.03606607937215022,0.11492121862935524,0.18036848701180638,0.08872221642612875,0.008975541836774844,-0.025516086913291845,0.38806089204959493,-0.0995965442595257,-0.09246311259349532,0.12789596366752015,0.023457527975173077,-0.0995598219957391,0.4821384641347985,-0.10720510281794955,-0.02327093882632231,0.13330989518342076,0.06458116259471598,0.2819858073684284,0.20247663697552962,-0.05307296768324391,0.15659419328815105,0.38581161377212225,0.12494821353405587,0.11626296745509843,0.1967032816729059,0.13604608051457204
901,0.16967044100176074,0.20436905870817954,0.20064497471212211,-0.03419642558318104,0.22503561746781034,0.23051347462592298,-0.2674087357689618,0.05272393126356598,0.22506923505064735,0.10261484021232775,-0.21198150695143764,-0.19771289689077395,0.32661083949314984,0.10384331692069787,0.07711382871774942,0.20992472947069074,0.08617134357782268,0.07831120315928315,-0.036381717160680845,0.1918282357010622,0.2566953352236003,0.09440814158715664,0.25877643221949886,0.36206636083348,0.018964750924899278,0.22176350952506277,0.0976938196030565,-0.1011372261993832,0.23834739187748413,0.05627475275433264,0.2851260409760982,-0.04093780864936718
902,0.17593608521602916,-0.10071744145415372,0.16218366883225244,0.2723849429441483,0.0383714803928995,-0.0341945571464552,0.1063634492370031,0.1962990495609203,-0.13145164010685437,0.23843065633277077,0.11969849148818573,0.15101489071696825,-0.19871529312115233,0.16387788756728414,0.12461655134544304,0.17041386042389656,0.2758894441198532,0.38565678848867624,-0.2093333395469959,-0.3086869045626521,-0.45859624206429583,0.01881267170159937,0.9213821360251874,-0.015658216600592058,0.4234865458933099,-0.1161805714536689,-0.04633283163100682,0.2136761375202918,0.07494596567037431,0.25010784662062324,0.3523436055521462,0.16449856261676135
903,-0.07556915478493191,-0.15398007638351432,0.1511533282653379,0.40902791458143434,0.3099970298175544,0.471489611372563,-0.22685151173680398,-0.03410554351064948,-0.026979094668769906,0.21026955100633232,0.3594575830872452,0.10738292971034552,0.1268252869070336,-0.054658024990498495,0.5979804251199937,0.2526440820179429,0.030295772611395898,-0.17611053221229445,0.532684865743833,0.11982048966670107,-0.0519861583077886,0.27183294112990597,-0.11338464126334705,0.22044835283863562,0.18175378128055952,0.13921303681238037,0.2649233174487815,-0.22582008661066053,0.010747444669999833,-0.04684048839730427,0.3445276958741689,0.2670168397207595
904,0.18442346306946247,0.05625231362117489,0.4895214773529827,0.0637917868463912,0.21208714275880025,0.4495007379400005,0.2933092651678347,-0.07857167594071549,0.2854839681489928,-0.1286611337248143,0.13799062650487542,0.049220828979773264,0.2691318726029984,0.10583636003401536,0.0911876490090115,0.11016030936506847,0.2678296268354956,0.10528887182652923,0.2296552800988911,0.07187542666856812,0.09364824897947188,0.26063328665288116,0.13490246113837479,-0.10690798536618025,-0.20091983663120586,0.2564809375436427,0.2379115657403104,-0.03126694167154654,-0.2895737635617525,0.11571104830416722,0.11445058492769222,0.1570198042576097
905,-0.11233793060977981,0.3873237836404128,0.14370153652087095,-0.06519178307126122,0.31264062742987014,-0.10219671826133284,0.20037398764353218,0.20497716776757982,0.17400369564042703,-0.09436305739060516,0.33469231135482114,0.32166518950735806,-0.2270480455207728,-0.14535264944239704,0.1636217548875396,0.3461298946903398,-0.2333565673052771,-0.30008190849311206,0.3332262163068803,0.15339784011706106,0.17350277886178694,0.14443373400405532,0.06937373250251755,0.1938846693083236,-0.020397626293515884,0.056241500047262236,0.31501257601781585,0.03521232712560007,0.31260451285604524,0.31800420099521304,-0.005335817680394406,0.27501372788438055
906,0.12311636846713249,-0.0341945571464552,0.1063634492370031,0.15079183822564832,0.15562454509034235,0.09398115298271544,-0.01760761135922154,0.013769183121238256,0.3351624358998726,-0.14469081953720858,0.08939889071784639,0.14222625457533922,0.09454735228493921,0.2455881403904545,0.22417321000734797,0.3377246363120925,-0.25067496534820216,-0.27157219680312394,0.24400616256787622,0.6145468467126224,0.182811459615623,0.12692743882989452,-0.09579475570179191,-0.37215607382295773,0.42858710956831947,0.169608015722371,-0.09350286924410982,0.17517207832310983,-0.2837244130358797,-0.05933768281964149,-0.0158205855430532,0.10766783526534249
907,0.2136761375202918,0.07494596567037431,0.25010784662062324,0.3523436055521462,0.16449856261676135,-0.06575779966302676,-0.4633805460079044,-0.6296462555508103,2.322443244981363,0.016820628608099946,-0.18693704126066962,0.25742689993318923,0.1378193687751203,0.032519541821476844,0.005804140740080759,0.15562454509034235,0.09398115298271544,-0.01760761135922154,0.013769183121238256,0.3351624358998726,-0.14469081953720858,0.08939889071784639,0.14222625457533922,0.09454735228493921,0.2455881403904545,0.22417321000734797,0.3377246363120925,0.1441688118875509,0.1901250685257231,0.18141069148365815,-0.01872348367883698,0.1602399761215795
908,-0.054658024990498495,0.5979804251199937,0.2526440820179429,0.030295772611395898,-0.17611053221229445,0.532684865743833,0.11982048966670107,-0.0519861583077886,0.27183294112990597,-0.11338464126334705,0.22044835283863562,0.18175378128055952,0.21507230996456794,-0.06333955597366359,0.13604560052272469,-0.018288587728737135,0.021704303877180964,-0.05845547641045337,0.3308041747258856,0.164257142074729,0.09676305399739243,0.18006443606999176,0.03226528517847111,-0.44078944845124995,0.3380206448902753,0.12849141162106129,-0.025839607220092212,0.12045898537141242,0.286877200722593,0.06552001088711226,-0.01222018030071071,0.05668940185689197
909,-0.4633805460079044,-0.6296462555508103,2.322443244981363,0.016820628608099946,-0.12210513461064502,0.7425967423056713,0.26569395997574946,-0.48211955771040454,0.31856934468977854,-0.1471160322989946,0.13224843227692928,-0.13744108689493145,0.7512025272323432,0.10323363556716901,-0.13387565958328862,0.38394456914269876,0.12494821353405587,0.11626296745509843,0.1967032816729059,0.13604608051457204,-0.4410086830701572,0.20521445648280787,0.18187890191990846,-0.018412927239126024,0.08651782774696389,0.27957828264201523,0.07241198467246238,-0.0009804569413706596,0.019828243580542443,0.21838582797646872,-0.026929355196783866,0.08118586580494987
910,0.3842572887052237,-0.00910825187333178,-0.3009925401089623,-0.3557798169054311,-0.17575267886142004,0.7803403838714913,0.11473011258612666,-0.06087256733651791,0.10219365132836339,0.2904398373272532,-0.191413963210553,0.0962711095927171,0.19762225597500324,0.1081466919612358,0.23315219493351433,0.2759889856284672,0.3334386814242376,-0.10327542767474154,0.1900673974285291,0.14118158550631343,0.064420931619945,0.17813747119959616,0.11153480932866984,-0.2919755150128051,0.25194362687045424,0.18447934488472806,-0.03735439473461763,-0.17974141893035753,-0.045429781649620936,0.1992759304480005,0.07407198980981192,0.17323991061961344
911,0.253138698198485,0.027595165892406535,0.1692395764517847,-0.016804451873613534,0.004656571040100282,-0.11958844677906617,0.4510220067914173,0.15244082736729989,0.07288885104996093,0.1748984588804126,0.003142846329034149,-0.40042171646973945,0.30944710287579563,0.17593608521602916,-0.10071744145415372,0.16218366883225244,0.2723849429441483,0.0383714803928995,-0.0341945571464552,0.1063634492370031,0.1962990495609203,-0.13145164010685437,0.23843065633277077,0.11969849148818573,0.15101489071696825,-0.19871529312115233,0.16387788756728414,0.12461655134544304,0.17041386042389656,0.2758894441198532,0.38565678848867624,-0.2093333395469959
912,0.0682533575974299,0.17317355494762385,-0.17423414406398183,-0.17888375096808656,0.14457497153757373,0.16150134876585814,-0.04888249344416614,0.25742689993318923,0.03656766808553651,0.5746193857681196,0.11730632153435483,0.11996356155954901,0.1278373443948156,-0.08747270326604926,-0.4820010422294675,0.6345265610190949,0.2433730585524286,-0.04712027514696706,0.09999394778949644,0.22146573820555276,0.03587611600159373,-0.0341945571464552,0.1063634492370031,0.1962990495609203,-0.13145164010685437,0.23843065633277077,0.11969849148818573,0.18009370895953994,-0.1328443834468524,0.38394456914269876,0.12494821353405587,0.11626296745509843
913,-0.06490880837193544,0.015971134607805734,0.13242407727825622,0.12389941991210354,-0.06701563151637725,0.2211385741886123,0.1901250685257231,0.18141069148365815,-0.01872348367883698,0.1602399761215795,0.387262846503479,0.1615687764851244,-0.037857040474989806,0.16967044100176074,0.20436905870817954,0.20064497471212211,-0.03419642558318104,0.22503561746781034,0.23051347462592298,-0.2674087357689618,0.23270392403533993,-0.26978020481639686,-0.09744491478413504,0.029835882608371077,0.15538551639601741,0.29502436812259675,-0.07973305727102308,0.19799789212246702,0.22952809153640188,-0.06337840371087379,0.7000941381334126,0.3710274399415613
914,0.10261484021232775,-0.21198150695143764,-0.19033141237753504,0.19148059584239505,0.10402791108409856,0.23091537737709414,0.06650813331778027,0.0688545810301372,0.06682974592404096,-0.10046921506224225,0.16841010577103913,-0.17184534665718618,0.5705404810089426,0.0008958314648755303,0.23630351086435855,0.4555579162737879,0.246515426242668,0.01770617465262488,0.15591559768791044,0.06181623550682581,-0.032007325327046816,0.06949802370040575,-0.1361437516837773,0.5126401164044888,0.10727375240522918,0.14836359842633548,0.14084473078919998,-0.07991486120750843,-0.4268141196430951,0.40979557006932316,0.23961717018966824,-0.05766107861356521
915,0.22044835283863562,0.18175378128055952,0.21507230996456794,-0.11110494277211024,0.3924486791878392,0.2295099569039927,-0.25196316607160346,-0.05078018175580146,0.2269836513911627,0.21109509114465294,-0.25122925263422324,-0.31389127431207686,0.39595271167737006,0.2477901823414091,0.11239773235496053,0.14034718129468007,0.07531665293909175,0.14223356297833722,-0.021651786553036286,0.12079119269608964,0.2824571418874076,0.04509906066466046,0.31997096866254743,0.27166200964144344,0.061634111965513244,0.22032608542910156,0.21689918467645036,-0.19131993763789917,0.25762659116874836,0.064972871506301,0.25375125815818755,0.02226975501848725
916,0.12638483116916358,-0.0023098559120910537,0.0008958314648755303,0.23630351086435855,0.4555579162737879,0.246515426242668,0.21723967066998237,0.1166120799555511,0.10308527413401705,0.17846779112789968,0.22208583212672164,0.10912076590162222,0.08387223257892588,0.007282743814128762,0.020612343586763032,-0.016019177985158884,0.02271247292045064,0.29107111576143124,0.1045071141541918,0.12488891724892921,0.20435731266315316,-0.18873985973198337,-0.2630977126021474,0.15538551639601741,0.29502436812259675,-0.07973305727102308,0.19799789212246702,0.22952809153640188,0.054779875627515205,-0.20156309491583888,0.12789596366752015,0.1503937044621789
917,-0.3718423771208559,0.18668007377330023,0.005169852410660244,-0.04538704312831413,-0.09714475970879345,0.024186041253871964,0.5690449243076188,0.21717996938913814,0.3279502886094016,0.09451606649497561,-0.1767098477946617,0.04486876508389453,-0.029810975371668404,0.302128140691236,0.1693893827989283,0.11021291834797739,-0.01051268262747767,0.3685929331636683,0.06552001088711226,-0.01222018030071071,0.05668940185689197,0.20093656574037363,-0.034300721465717984,0.09335134699302704,0.10120720781703763,0.15852576202856808,-0.1261693407012891,0.05257179403844993,0.1961969060005869,0.205696934332813,-0.06894471559741094,-0.21754472327174948
918,0.36431095447616657,0.21052207256920089,0.1491258597087924,0.10443331001532027,-0.012240582376639745,0.13886281909376522,0.0663289995961218,0.2459899734113378,-0.014562473930395762,0.21364801688882992,0.17429534874748348,0.2011047102573123,-0.05911225422027029,0.1470775585761181,0.02369429402154779,0.15526760411641582,0.11791997061306286,0.1659339689806515,0.22725753124748785,-0.033804194159752304,0.17615938980224977,0.03444382036243173,-0.08424507459956743,-0.05323316428520335,0.38394456914269876,0.12494821353405587,0.11626296745509843,0.1967032816729059,0.13604608051457204,-0.4410086830701572,0.20521445648280787,0.18187890191990846
919,0.2709843384910566,-0.11948577717296034,0.0117018148791135,0.1659339689806515,0.22725753124748785,-0.033804194159752304,0.17615938980224977,0.03444382036243173,-0.08424507459956743,-0.05323316428520335,0.38394456914269876,0.12494821353405587,0.11626296745509843,0.1967032816729059,0.13604608051457204,-0.4410086830701572,0.20521445648280787,0.18187890191990846,-0.018412927239126024,0.08651782774696389,0.27957828264201523,0.07241198467246238,-0.0009804569413706596,0.019828243580542443,0.21838582797646872,-0.026929355196783866,0.08118586580494987,0.0029661854615968316,0.34595842949403505,-0.21248517639154826,0.045107140934606355,0.28875087664909865
920,0.20503724985454205,0.1459981126354451,0.17740645669401803,0.39861970155369486,0.3322918405849832,-0.0730539224471404,-0.3276340921767554,-0.560709760652686,0.014662593894547743,1.4080315384750042,-0.3211366212088857,1.0994415746910717,0.3631106194833644,-0.5872769092188762,0.3343738849909891,0.2335672723395901,-0.11006995253884413,0.08872221642612875,0.008975541836774844,-0.025516086913291845,0.38806089204959493,-0.20156309491583888,0.12789596366752015,0.1503937044621789,0.11340700597604,0.1662950431666319,0.44259567980852554,-0.12952072144717805,0.22342416318361763,0.07008561531728158,-0.12319514448977624,-0.06574295470794776
921,0.04486876508389453,-0.029810975371668404,0.36698137508616957,0.28390600937395283,0.06077700494192656,-0.03348926380060616,0.3121144711635626,0.49930541624730584,0.09661674508426206,-0.04247753767970497,0.111002564726116,0.08387223257892588,0.007282743814128762,0.020612343586763032,-0.016019177985158884,0.02271247292045064,0.29107111576143124,0.1045071141541918,0.12488891724892921,-0.019030360756018952,0.3807558613147009,0.17224841861994322,-0.09851033897345973,-0.1994683328230255,0.23980010892210227,0.24982258900136312,-0.11600447725845392,-0.322697042332726,0.20051624388285613,0.21910904649794555,0.1093603113504988,0.29244900495504983
922,-0.07720539751091571,0.010435914587602436,0.4970868953748266,0.0443270845504133,0.2086211161338412,0.3854280947760623,0.3481189339598148,-0.046633282251753776,0.28704697470443025,-0.23376505563265904,0.25903415533466395,0.05353362786240616,0.27552939681922384,0.0799497909674738,0.1273673621854455,0.12302980186260518,0.2983918938792556,-0.12952072144717805,0.22342416318361763,0.07008561531728158,-0.12319514448977624,-0.06574295470794776,0.34385555108441634,0.18533780760642687,0.16500535895414353,0.11298577658039052,0.1593491945626654,-0.2832162412671828,0.0020805530387531996,0.09813566285711402,-0.09435177912274093,0.22363286922109724
923,0.09440814158715664,0.25877643221949886,0.36206636083348,0.018964750924899278,0.22176350952506277,0.0976938196030565,-0.1011372261993832,0.23834739187748413,0.05627475275433264,-0.024104684871840008,0.41000486829468213,-0.054332979629034356,0.19955843128181666,-0.154784423703279,0.3022190377547206,-0.11903816250934877,0.16218366883225244,0.2723849429441483,0.0383714803928995,-0.0341945571464552,0.1063634492370031,0.1962990495609203,-0.13145164010685437,0.23843065633277077,0.11969849148818573,0.15101489071696825,-0.19871529312115233,0.16387788756728414,0.12461655134544304,0.17041386042389656,0.2758894441198532,0.38565678848867624
924,0.31626446930358326,-0.2688525390751869,-0.23497703259441213,-0.6818950630676603,2.775715655692279,0.0398445837701996,0.13330989518342076,0.12531691289477995,0.36905839115702316,-0.42191937147693376,0.1594097460088622,0.003986715639722211,-0.10353847396758291,-0.08273860521489726,0.36219842017178827,0.20395349412622332,0.39656667760254666,0.3438782254724192,-0.22430789111493196,-0.13216215275703985,0.04131191411989849,0.29312924637770893,0.36431095447616657,0.051655846724557176,0.10247511975575056,0.1615687764851244,-0.037857040474989806,-0.11848122248266733,0.22363286922109724,-0.11088653938316373,-0.3298778796407805,0.19739197841878328
925,-0.10391341217997091,0.3301924189647566,-0.1306468068111148,0.36493975362810666,0.1618681250337736,0.10981308189934724,0.4255352370150269,0.25980627869946177,0.028878761909011532,0.1512351673111633,0.24993057314413958,-0.2674087357689618,0.05272393126356598,0.22506923505064735,0.10261484021232775,-0.21198150695143764,-0.19771289689077395,0.32661083949314984,0.10384331692069787,0.07711382871774942,0.20992472947069074,0.08617134357782268,0.07831120315928315,-0.036381717160680845,0.1918282357010622,0.30387383031717363,-0.5872769092188762,0.3343738849909891,0.2335672723395901,-0.11006995253884413,-0.15640318226972538,0.5826515229678326
926,0.2414964810928292,0.21364801688882992,0.17429534874748348,0.2011047102573123,-0.05911225422027029,0.1470775585761181,0.02369429402154779,0.005683677347195281,-0.1564723056670849,0.5746193857681196,0.11730632153435483,0.11996356155954901,0.1278373443948156,-0.08747270326604926,-0.4820010422294675,0.6345265610190949,0.2433730585524286,-0.04712027514696706,0.09999394778949644,0.22146573820555276,0.07314429710685592,-0.1271890839969909,0.22798368323536836,0.14083053914836333,-0.02431958698577717,-0.014774917010754571,0.30790953094728557,0.026633443720634878,-0.16541160276964698,0.1622885154367558,0.27244070008152355,0.11639784455030472
927,0.36493975362810666,0.1618681250337736,0.10981308189934724,0.4255352370150269,0.25980627869946177,0.028878761909011532,0.1512351673111633,0.0687471240577064,0.025303337699693184,0.4252220093151575,0.25980627869946177,0.028878761909011532,0.1512351673111633,0.0687471240577064,0.025303337699693184,0.07991964893101931,0.0663978213436569,0.0029661854615968316,0.34595842949403505,-0.21248517639154826,0.045107140934606355,0.28875087664909865,0.14815850872667752,0.16282803887473282,0.3842572887052237,-0.00910825187333178,-0.3009925401089623,-0.3557798169054311,-0.17575267886142004,0.576090306976329,-0.006011173839405014,0.407556646171246
928,0.18019128493810643,0.2685197814770018,-0.053115559140665666,-0.37717238805262293,0.2565974639919755,0.22696128851842362,0.10477893452726418,0.154525193891985,0.12234390728662362,0.014770973447222226,0.16841010577103913,-0.17184534665718618,0.5705404810089426,0.0008958314648755303,0.23630351086435855,0.2884425100017706,0.20689829639105578,-0.18868606439129984,0.1938649078891614,0.11596495767376316,0.23218720665753584,0.05513546681446052,0.16570867460275632,0.18981378883331407,0.16929565744747385,0.016130026589419835,0.13604560052272469,-0.018288587728737135,0.021704303877180964,-0.05845547641045337,0.3308041747258856,0.164257142074729
929,0.1511533282653379,0.40902791458143434,0.3099970298175544,0.471489611372563,-0.22685151173680398,-0.03410554351064948,-0.09586710381556326,0.12079119269608964,0.2824571418874076,0.04509906066466046,0.31997096866254743,0.27166200964144344,0.061634111965513244,0.22032608542910156,0.21689918467645036,-0.19131993763789917,0.25762659116874836,0.064972871506301,0.25375125815818755,0.02226975501848725,0.184785809834214,0.16588222747740497,0.17018348502593558,0.027595165892406535,0.1692395764517847,-0.016804451873613534,0.004656571040100282,-0.11958844677906617,0.4510220067914173,0.15244082736729989,0.07288885104996093,0.1748984588804126
930,0.13886281909376522,0.0663289995961218,0.2459899734113378,-0.014562473930395762,0.21364801688882992,0.17429534874748348,0.2011047102573123,-0.05911225422027029,0.1470775585761181,0.02369429402154779,0.005683677347195281,-0.1564723056670849,0.5746193857681196,0.11730632153435483,0.11996356155954901,0.1278373443948156,-0.08747270326604926,-0.4820010422294675,0.6345265610190949,0.2433730585524286,-0.04712027514696706,0.09999394778949644,0.22146573820555276,0.07314429710685592,-0.1271890839969909,0.22798368323536836,0.14083053914836333,-0.02431958698577717,-0.014774917010754571,0.30790953094728557,0.026633443720634878,-0.10502185721591453
931,0.18981378883331407,0.16929565744747385,0.016130026589419835,0.13604560052272469,-0.018288587728737135,0.021704303877180964,-0.05845547641045337,0.3308041747258856,0.164257142074729,0.09676305399739243,0.18006443606999176,0.03226528517847111,-0.44078944845124995,0.3380206448902753,0.12849141162106129,-0.025839607220092212,0.12045898537141242,0.286877200722593,0.06552001088711226,-0.01222018030071071,0.05668940185689197,0.20093656574037363,-0.034300721465717984,0.09335134699302704,0.10120720781703763,0.15852576202856808,-0.1261693407012891,0.05257179403844993,0.24495845199737368,0.1101646675136064,-0.20426540362586118,0.22363286922109724
932,0.2433730585524286,-0.04712027514696706,0.09999394778949644,0.22146573820555276,0.07314429710685592,-0.1271890839969909,0.22798368323536836,0.14083053914836333,-0.02431958698577717,-0.014774917010754571,0.28157126445794284,0.09451606649497561,-0.1767098477946617,0.04486876508389453,-0.029810975371668404,0.36698137508616957,0.28390600937395283,0.06077700494192656,0.34385555108441634,0.18533780760642687,0.16500535895414353,0.11298577658039052,0.1593491945626654,-0.2832162412671828,0.0020805530387531996,0.09813566285711402,-0.09435177912274093,0.22363286922109724,0.2243299273245574,0.09929767896570325,-0.05055300144419804,0.11493399400923741
933,0.008975541836774844,-0.025516086913291845,0.38806089204959493,-0.20156309491583888,0.12789596366752015,0.1503937044621789,0.11340700597604,0.1662950431666319,0.31605517367239877,0.31626446930358326,-0.2688525390751869,-0.23497703259441213,-0.6818950630676603,-0.058445098780436334,0.21715120410033667,-0.11088653938316373,-0.3298778796407805,0.22493143080845693,0.08329014142793219,0.18442346306946247,0.08528067838339004,0.10619021298001333,-0.07427673148701162,0.2817765778115769,0.18876158217694772,0.12025697212036957,0.3552151175162411,0.1151844063809766,0.11086305524430831,0.5085612625617385,0.2358186269665527,-0.0354215967745066
934,0.07425954369573716,0.1967581543584978,0.11716303057832608,0.12569717207255016,0.08359265059376635,0.33876510586308256,0.02582216832870876,0.10159629500858154,0.02285161943960793,0.007793924365852867,-0.09554214890318367,0.17101591016823178,0.1958943861923911,0.19659120888368425,0.0682533575974299,0.17317355494762385,-0.17423414406398183,-0.17888375096808656,0.14457497153757373,0.16150134876585814,-0.04888249344416614,0.25742689993318923,0.1378193687751203,0.032519541821476844,0.005804140740080759,0.15562454509034235,0.09398115298271544,-0.01760761135922154,0.013769183121238256,0.3351624358998726,-0.14469081953720858,0.08939889071784639
935,0.184785809834214,0.16588222747740497,0.17018348502593558,0.027595165892406535,0.1692395764517847,-0.016804451873613534,0.004656571040100282,-0.11958844677906617,0.4510220067914173,0.15244082736729989,0.07288885104996093,0.1748984588804126,0.003142846329034149,-0.40042171646973945,-0.13517747139623287,0.2017013585807754,-0.18049387029567956,0.05969298311436966,-0.12444320203172575,0.5611453632897837,0.1869335896853636,0.4006017258170882,-0.10347017542090149,-0.06487001071552723,0.022974105712554253,0.04205130832165293,0.3890877324073698,0.23355982518621926,0.029024701733186827,-0.023190079283785647,0.41946818135912745,0.18175378128055952
936,0.09919251932906349,-0.27453754616669024,-0.07896928497537498,0.03606607937215022,0.11905401693134181,-0.17504131225752168,0.3726010297751639,-0.04633283163100682,0.2136761375202918,0.12132453432499744,-0.013910993924571376,-0.17796770742789422,0.6237727862359442,-0.0034213682837081223,-0.10107599037759238,0.18931492100556252,0.026950214585079065,0.21689590056423907,0.28667888938837066,-0.06951352474562462,0.16592700289521067,-0.07066784706132076,0.11293875088477945,-0.20535274008458249,0.5793427173608218,0.09004305927638333,0.1776169526838241,0.11019210973415139,-0.10629703423484374,-0.4260345743094281,0.5984436178614774,0.005069876563580284
937,0.3923522683435107,0.06574911402424904,0.11982381637853495,-0.0036322028767203193,0.4741126295278808,0.38464041570040863,0.08256728264784874,-0.11495180160911317,0.36064203219538704,0.1673903322242667,-0.09284999744819501,0.3101946871467882,-0.16972559312542665,0.3638470451044476,0.20503724985454205,0.1459981126354451,-0.09139857051369302,0.3563536013904831,0.2492544554621723,-0.1378062638889054,-0.2005062652564799,0.18019128493810643,0.2685197814770018,-0.053115559140665666,-0.37717238805262293,0.31076166217367207,0.06682974592404096,-0.16034808885176957,0.582480184304969,-0.026167537045574178,0.3188360004878918,0.3648744076231162
938,0.11239025342580698,0.019519458325689406,-0.024104684871840008,0.2981820578904246,0.2709843384910566,-0.11948577717296034,0.22477882403469934,0.15412082330316929,0.1598372675145959,0.0706787807519289,0.10415277268582958,0.2735431170666892,0.06625407688356992,-0.34376971549729113,0.31053865854267393,0.023520018355082696,0.07711382871774942,0.20992472947069074,0.09475202673611285,0.06682974592404096,-0.16034808885176957,0.582480184304969,-0.026167537045574178,0.3188360004878918,0.3648744076231162,0.34342646217838496,-0.01628559255808749,0.22344916562290068,-0.0022649620560798393,0.00023042973591467987,0.07425954369573716,0.1967581543584978
939,-0.2093333395469959,-0.3086869045626521,-0.45859624206429583,0.01881267170159937,0.9213821360251874,0.06702448381521711,0.08118586580494987,0.0029661854615968316,0.34595842949403505,-0.21248517639154826,0.045107140934606355,0.28875087664909865,0.14815850872667752,0.16282803887473282,0.3842572887052237,-0.00910825187333178,-0.11853896373783857,0.182811459615623,-0.27451396654390714,-0.037243909461088076,-0.08742949038525093,0.2929836380792157,0.11730632153435483,0.11996356155954901,0.1278373443948156,-0.08747270326604926,-0.4820010422294675,0.6345265610190949,0.2433730585524286,-0.04712027514696706,0.09999394778949644,0.22146573820555276
940,-0.16700246707206481,0.35905073798042664,0.4376210393970419,0.14954493181396358,0.16384677242970036,0.06412993674654287,-0.07754603495020393,0.25978601845830523,0.2649233174487815,-0.22582008661066053,0.010747444669999833,0.19138390204391736,-0.04415721420156436,-0.08021739414216453,0.21015504769464924,0.1652285456145751,0.17123616016067425,-0.051082133938020816,0.29312924637770893,0.36431095447616657,-0.32256168915198347,0.04205130832165293,0.3890877324073698,0.23355982518621926,0.029024701733186827,-0.055422538270481506,0.17615938980224977,0.03444382036243173,-0.08424507459956743,-0.05323316428520335,0.38394456914269876,0.12494821353405587
941,0.007282743814128762,0.020612343586763032,-0.016019177985158884,0.02271247292045064,0.29107111576143124,0.1045071141541918,0.12488891724892921,0.20435731266315316,0.18104979222234135,0.23051347462592298,-0.2674087357689618,0.05272393126356598,0.22506923505064735,0.10261484021232775,-0.21198150695143764,-0.19771289689077395,0.32661083949314984,0.0769337346059038,0.20992472947069074,0.08617134357782268,0.07831120315928315,-0.036381717160680845,0.1918282357010622,0.2566953352236003,0.09440814158715664,0.25877643221949886,0.36206636083348,0.018964750924899278,0.22176350952506277,0.0976938196030565,-0.1011372261993832,0.23834739187748413
942,0.29312924637770893,0.36431095447616657,0.051655846724557176,0.147015137047838,-0.18934540940689296,0.22342416318361763,0.07008561531728158,-0.12319514448977624,-0.06574295470794776,0.34385555108441634,0.18533780760642687,0.16500535895414353,0.11298577658039052,0.1593491945626654,-0.2832162412671828,0.0020805530387531996,0.09813566285711402,-0.09435177912274093,0.22363286922109724,0.2243299273245574,0.09929767896570325,-0.05055300144419804,0.11493399400923741,0.16398023443426096,0.08641616074491512,-0.030744876890875142,0.03995236746348638,0.27685820958904017,-0.238454914255154,0.2814310419839968,-0.18586722788542434,0.06650813331778027
943,-0.09851033897345973,-0.1994683328230255,0.23980010892210227,0.24982258900136312,-0.11600447725845392,-0.322697042332726,0.20051624388285613,0.21910904649794555,0.1093603113504988,0.29244900495504983,0.07156915212888351,0.03981403283697342,0.001220357624790931,0.0688545810301372,0.06682974592404096,-0.16034808885176957,0.582480184304969,-0.026167537045574178,0.3188360004878918,0.3648744076231162,0.34342646217838496,-0.01628559255808749,0.22344916562290068,-0.0022649620560798393,0.00023042973591467987,0.07425954369573716,0.1967581543584978,0.11716303057832608,0.12569717207255016,0.08359265059376635,0.33876510586308256,0.02582216832870876
944,0.0706787807519289,0.10415277268582958,0.2735431170666892,0.06625407688356992,-0.34376971549729113,0.31053865854267393,0.23395754267823185,-0.08417891571780703,0.15600357542197085,0.15623469052714475,0.22009143544650459,0.2864317522176922,0.2649233174487815,-0.12999407434684562,0.08867840426064012,0.44060350728358616,0.19206526361875487,0.4763690489011428,-0.1670048053309648,-0.017998435792932244,0.06031076097975645,0.02182100849886886,0.32235892296680474,0.21043433282753074,0.04703410538990216,0.023224159920207973,0.3484169306665826,0.38464041570040863,0.08256728264784874,-0.11495180160911317,0.36064203219538704,0.1673903322242667
945,0.25980627869946177,0.028878761909011532,0.1512351673111633,0.0687471240577064,0.025303337699693184,0.07991964893101931,0.14910613995433913,0.18994000948947012,0.2013810585084282,0.16537104813962505,0.16944948516711295,0.024987697732263607,0.04487858645134652,0.029272201147996082,0.03195666987309589,-0.04923300073592117,0.28884407459477013,0.18235707599354492,0.2269899149422962,0.1513353793055481,0.1525483543928927,0.05451036815254353,0.10581675702611819,0.21836952852283753,-0.1975496083240688,0.06599459167266276,0.2140158170798685,0.032016070946640766,-0.2056916248099073,-0.09977122531837382,0.2566705868769431,0.05332100360012209
946,0.09661674508426206,-0.04247753767970497,-0.14695254237182984,0.22176350952506277,0.0976938196030565,-0.1011372261993832,0.35213401508741266,0.23051347462592298,-0.2674087357689618,0.05272393126356598,0.22506923505064735,0.10261484021232775,-0.21198150695143764,-0.19771289689077395,0.32661083949314984,0.10384331692069787,0.07711382871774942,0.20992472947069074,0.08617134357782268,0.07831120315928315,0.04584079673775155,0.056241500047262236,0.31501257601781585,0.03521232712560007,0.31260451285604524,0.31800420099521304,-0.005335817680394406,0.27501372788438055,0.20689829639105578,-0.18868606439129984,0.1938649078891614,0.11596495767376316
947,0.41554899284961727,0.13490246113837479,0.3153729969288157,-0.23376505563265904,0.25903415533466395,0.05353362786240616,0.24662652179664313,-0.06894471559741094,-0.21754472327174948,0.11712542482710067,0.13726845392845502,0.10477893452726418,0.154525193891985,0.12234390728662362,0.014770973447222226,0.17118248713957185,-0.036381717160680845,0.1918282357010622,0.2566953352236003,0.09440814158715664,0.25877643221949886,0.36206636083348,0.018964750924899278,0.22176350952506277,0.0976938196030565,-0.1011372261993832,0.23834739187748413,0.05627475275433264,0.2851260409760982,-0.04093780864936718,0.22340053763778864,0.17654672439733954
948,-0.04888249344416614,0.25742689993318923,0.1378193687751203,-0.19051349776102805,0.2805331199261269,-0.238454914255154,0.1622885154367558,0.27244070008152355,0.11639784455030472,0.24558940996994993,0.2716166448893086,0.23132011143789816,-0.37003291712239705,-0.45930796864318557,0.08435528278984028,0.4794833804839934,-0.09284003963689724,0.26295154864488435,0.5642227911150639,-0.12169415188144998,-0.11306592133363663,0.2017013585807754,-0.18049387029567956,0.05969298311436966,-0.12444320203172575,0.5611453632897837,0.1869335896853636,0.4006017258170882,-0.10347017542090149,-0.06487001071552723,0.022974105712554253,0.04205130832165293
949,0.2146160329797934,0.30387177201667565,0.22290673968445343,-0.191413963210553,0.0962711095927171,0.19762225597500324,0.1081466919612358,0.23315219493351433,0.2759889856284672,0.3334386814242376,-0.2930011245453141,-0.3323103623367577,-0.21119585311806702,0.6359536634803336,-0.20577899822194573,0.20485280725032834,0.5710140729030543,0.09919251932906349,-0.27453754616669024,-0.07896928497537498,0.03606607937215022,0.16071228855113986,0.1839791818966408,-0.01051268262747767,0.44645725699367006,0.34622605703385295,0.023401847563298758,-0.11233793060977981,0.3873237836404128,0.14370153652087095,-0.06519178307126122,0.142681180527403
950,0.1938846693083236,-0.020397626293515884,0.056241500047262236,0.31501257601781585,0.03521232712560007,0.31260451285604524,0.31800420099521304,-0.005335817680394406,0.27501372788438055,0.20689829639105578,-0.18868606439129984,0.1938649078891614,0.11596495767376316,0.23218720665753584,0.05513546681446052,0.16570867460275632,0.4444125897754004,0.21790772511895595,-0.038603364347782866,0.3807558613147009,0.17224841861994322,-0.09851033897345973,-0.1994683328230255,0.23980010892210227,0.24982258900136312,-0.11600447725845392,-0.322697042332726,0.20051624388285613,0.21910904649794555,0.1093603113504988,-0.071568525291851,0.651068744545621
951,0.11969849148818573,0.15101489071696825,-0.19871529312115233,0.16387788756728414,0.17237217372169733,0.39656667760254666,0.3438782254724192,-0.22430789111493196,-0.13216215275703985,0.04131191411989849,0.29312924637770893,0.36431095447616657,0.051655846724557176,0.147015137047838,0.0024338063128608364,0.5425282188367668,0.2102334860700648,-0.023462072827558623,-0.08357893242046706,0.5100102620576359,0.015971134607805734,0.02700207117079008,0.06255089963037826,0.14128623717498243,0.16458087537784533,0.23046833214655307,-0.04177403759466122,-0.30418711666720355,0.3528982149432685,0.205696934332813,-0.06894471559741094,-0.21754472327174948
952,0.2864317522176922,0.2649233174487815,-0.22582008661066053,0.010747444669999833,-0.04684048839730427,0.3445276958741689,0.2670168397207595,0.13299242626979144,0.31997096866254743,0.27166200964144344,0.061634111965513244,0.16733974345929897,0.2025166266354563,0.13030374742807277,0.28667888938837066,-0.06951352474562462,0.16592700289521067,-0.07066784706132076,0.11293875088477945,-0.20535274008458249,0.5793427173608218,0.09004305927638333,0.1776169526838241,0.11019210973415139,-0.10629703423484374,-0.4260345743094281,0.5984436178614774,0.15948649245452387,-0.038225245979315856,0.12200883569907046,0.1942458485822597,0.05373657295280298
953,0.5642227911150639,-0.12169415188144998,-0.11306592133363663,0.2017013585807754,-0.18049387029567956,0.05969298311436966,-0.12444320203172575,0.5611453632897837,0.1869335896853636,0.4006017258170882,-0.10347017542090149,-0.06487001071552723,0.022974105712554253,0.04205130832165293,0.3890877324073698,0.23355982518621926,0.029024701733186827,-0.023190079283785647,0.41946818135912745,0.396950895585359,0.05722556129495675,-0.05963657763210757,-0.05832221251129429,0.029272201147996082,0.03195666987309589,-0.04923300073592117,0.28884407459477013,0.11496552590834287,0.1509781412018274,0.21715120410033667,-0.11088653938316373,-0.3298778796407805
954,-0.2833807162011421,-0.49163582428543307,0.021414579109772094,1.2345642521917752,-0.2390661515095062,0.7216726934662775,0.03317364433765729,0.16150134876585814,-0.04888249344416614,0.25742689993318923,0.1378193687751203,0.032519541821476844,0.005804140740080759,0.15562454509034235,0.09398115298271544,0.3648744076231162,0.34342646217838496,-0.01628559255808749,0.22344916562290068,-0.0022649620560798393,0.00023042973591467987,0.07425954369573716,0.1967581543584978,-0.035551973953863183,0.3873237836404128,0.14370153652087095,-0.06519178307126122,0.31264062742987014,-0.10219671826133284,0.20037398764353218,0.3012799423066226,0.0014623392565319142
955,-0.016019177985158884,0.02271247292045064,0.29107111576143124,0.1045071141541918,0.12488891724892921,0.2050401964863179,-0.4260345743094281,0.5984436178614774,0.07099277088180843,-0.25122925263422324,-0.31389127431207686,0.39595271167737006,0.2477901823414091,0.11239773235496053,0.14034718129468007,0.12941479947088136,0.2477901823414091,-0.1453459119504091,0.0962711095927171,0.19762225597500324,0.1081466919612358,0.23315219493351433,0.2759889856284672,0.3334386814242376,-0.03559476834908763,0.27800976640018904,-0.06092265305807112,-0.07420667902913211,0.4772627981074588,-0.017093960217367823,0.20446229175264322,0.077208066716257
956,0.32235892296680474,0.21043433282753074,0.04703410538990216,0.023224159920207973,0.3484169306665826,0.38464041570040863,0.08256728264784874,-0.11495180160911317,0.36064203219538704,0.1673903322242667,-0.09284999744819501,0.3101946871467882,-0.16972559312542665,0.3638470451044476,0.20503724985454205,0.1459981126354451,-0.09139857051369302,0.3563536013904831,0.2492544554621723,-0.1378062638889054,-0.2005062652564799,0.18019128493810643,0.2685197814770018,-0.053115559140665666,-0.37717238805262293,0.2565974639919755,0.1570198042576097,0.15967623071216216,0.18518734134368978,0.03957451191768845,0.1932733614432001,-0.05430886755852945
957,0.41000486829468213,-0.054332979629034356,0.19955843128181666,-0.154784423703279,0.3022190377547206,0.1947513444538738,0.06255089963037826,0.14128623717498243,0.16458087537784533,0.23046833214655307,-0.04177403759466122,-0.30418711666720355,0.3528982149432685,0.205696934332813,0.058286174455816624,0.16811112115875754,0.3065383859292377,0.3339580943966088,-0.3258809547938212,0.13330811200126508,-0.16700246707206481,0.35905073798042664,0.2503177717232147,0.19920890419656892,0.2777921539144742,0.022736716960153926,0.20677149441364567,0.05235944102725745,0.015779282541251688,0.07778099345810575,0.14475962330811473,0.14016420689528605
958,-0.021651786553036286,0.12079119269608964,0.2824571418874076,0.04509906066466046,0.31997096866254743,0.27166200964144344,0.061634111965513244,0.22032608542910156,0.21689918467645036,-0.19131993763789917,0.25762659116874836,0.064972871506301,0.25375125815818755,0.02226975501848725,0.184785809834214,0.16588222747740497,0.17018348502593558,0.027595165892406535,0.1692395764517847,-0.016804451873613534,0.21048947211520685,0.14118158550631343,0.019469404661981216,0.10581675702611819,0.21836952852283753,-0.1975496083240688,0.06599459167266276,0.2140158170798685,0.032016070946640766,-0.2056916248099073,-0.10410519594586863,0.1570198042576097
959,0.005683677347195281,-0.1564723056670849,0.5746193857681196,0.25135261124896086,0.45003162645293465,0.16110004426294264,0.045895226796395086,-0.06052322043582949,0.4507323785553294,-0.0691774432698838,0.2709843384910566,-0.11948577717296034,0.22477882403469934,0.15412082330316929,0.1598372675145959,0.0706787807519289,0.10415277268582958,0.2735431170666892,0.06625407688356992,-0.34376971549729113,0.31053865854267393,0.23395754267823185,-0.08417891571780703,-0.19567178073345584,0.048418260223786674,0.12787983090555988,0.09892670391507088,0.19799846171187263,0.08817550672737952,0.016104682807028897,0.19820898945179852,-0.1228961939348214
960,0.2477901823414091,0.11239773235496053,0.14034718129468007,0.07531665293909175,0.14223356297833722,-0.021651786553036286,0.12079119269608964,0.2824571418874076,0.04509906066466046,0.31997096866254743,0.27166200964144344,0.061634111965513244,0.22032608542910156,0.21689918467645036,-0.19131993763789917,0.25762659116874836,0.064972871506301,0.25375125815818755,0.02226975501848725,0.184785809834214,0.16588222747740497,0.17018348502593558,0.027595165892406535,0.1692395764517847,-0.016804451873613534,0.004656571040100282,-0.11958844677906617,0.4510220067914173,0.15244082736729989,0.07288885104996093,0.1748984588804126,0.003142846329034149
961,-0.11958844677906617,0.4510220067914173,0.15244082736729989,0.07288885104996093,0.1748984588804126,0.003142846329034149,-0.40042171646973945,0.30944710287579563,0.17593608521602916,-0.10071744145415372,0.16218366883225244,0.2723849429441483,0.0383714803928995,-0.0341945571464552,0.1063634492370031,0.1962990495609203,-0.13145164010685437,0.23843065633277077,0.11969849148818573,0.15101489071696825,-0.19871529312115233,0.16387788756728414,0.12461655134544304,0.17041386042389656,0.2758894441198532,0.38565678848867624,0.13748403786038382,0.09014905969106073,0.15412082330316929,0.1598372675145959,0.0706787807519289,0.10415277268582958
962,-0.1011372261993832,0.23834739187748413,0.05627475275433264,0.2851260409760982,-0.04093780864936718,0.22340053763778864,0.17654672439733954,0.13598333473215593,0.03048863895714203,0.12638483116916358,0.056999667600075014,-0.03415029254685713,-0.1361437516837773,0.5126401164044888,0.10727375240522918,0.14836359842633548,0.14084473078919998,-0.07991486120750843,-0.4268141196430951,0.40979557006932316,0.23961717018966824,-0.05766107861356521,0.14954493181396358,0.16384677242970036,0.06412993674654287,-0.07754603495020393,0.19927450157206136,0.22382878195307498,-0.09401895570000028,0.10799564566925353,0.14738116301118354,0.09492199006514247
963,-0.0759962967737919,-0.07588574258395304,0.2146160329797934,0.30387177201667565,0.3066306355625916,0.5546419203281793,-0.26978020481639686,-0.09744491478413504,0.029835882608371077,0.23244847910803215,0.3923522683435107,0.06574911402424904,0.11982381637853495,-0.0036322028767203193,0.5154484502995313,0.2044492602416065,0.04163234839464616,-0.09945040258569912,0.46110913685599997,0.03434420395290914,0.08108865698436285,0.1615687764851244,-0.037857040474989806,0.16967044100176074,0.20436905870817954,0.20064497471212211,-0.03419642558318104,0.22503561746781034,0.23051347462592298,-0.2674087357689618,0.05272393126356598,0.22506923505064735
964,-0.46653684425022923,0.1554728609437766,0.24264684577496107,-0.17251053863600152,-0.14542367560108146,0.6780850513706412,0.11168107498567888,0.4323114787719322,0.40137010870007506,-0.35215411572254657,0.08641717028161186,-0.05935848768228961,0.33385057687905584,0.3111346555032771,0.03374797111609373,0.10221199436568572,0.11086305524430831,0.42975016130638827,-0.1232149241758918,0.2686244753741979,0.15454741133606334,0.11838573542352976,-0.038603364347782866,0.3807558613147009,0.19876003258816835,-0.12952072144717805,0.22342416318361763,0.07008561531728158,-0.12319514448977624,-0.06574295470794776,0.40307742064665497,-0.4375915754722766
965,0.08641616074491512,-0.030744876890875142,0.03995236746348638,0.27685820958904017,-0.238454914255154,0.1622885154367558,0.27244070008152355,0.11639784455030472,0.3081742472726529,0.31626446930358326,-0.2688525390751869,-0.23497703259441213,-0.6818950630676603,2.775715655692279,-0.12641861897147907,-0.071568525291851,0.651068744545621,0.17517207832310983,-0.2837244130358797,-0.018216058884236618,0.09398115298271544,-0.01760761135922154,0.013769183121238256,0.3351624358998726,-0.14469081953720858,0.08939889071784639,0.14222625457533922,0.09454735228493921,0.3633312677466643,0.23315219493351433,0.2759889856284672,0.3334386814242376
966,-0.08047575649163148,0.16236333567151778,0.17047529049149088,0.07176664141241576,-0.05498110129799243,0.15183112240756858,0.10787259292306504,0.01840890062904963,-0.0995598219957391,0.4821384641347985,-0.10720510281794955,-0.02327093882632231,0.13330989518342076,0.06458116259471598,0.2819858073684284,0.37945256073396405,0.2729517301749195,-0.12099987263672833,-0.39104435029717977,-0.58788795971382,0.8825455177838787,0.5486551716555055,-0.23240833069389197,0.7000941381334126,0.3710274399415613,-0.46653684425022923,0.1554728609437766,0.24264684577496107,-0.17251053863600152,-0.14542367560108146,0.6780850513706412,0.11168107498567888
967,-0.17796770742789422,0.6237727862359442,-0.0034213682837081223,-0.10107599037759238,0.18931492100556252,0.11064015631713513,0.07176664141241576,0.3527595112314826,0.40137010870007506,-0.35215411572254657,0.15363796810574562,-0.1228961939348214,0.46117402403887836,0.010629951960803224,0.2329295694666118,0.43160144306355575,0.23386430015327572,0.022736716960153926,0.20677149441364567,0.05235944102725745,0.015779282541251688,0.07778099345810575,0.040938596974632833,-0.10690798536618025,-0.20091983663120586,0.2564809375436427,0.2379115657403104,-0.03126694167154654,-0.2895737635617525,0.06178635519373047,0.13726845392845502,0.10477893452726418
968,0.2564809375436427,0.2379115657403104,-0.03126694167154654,-0.2895737635617525,0.11571104830416722,0.19148059584239505,0.10402791108409856,0.23091537737709414,0.06650813331778027,0.0688545810301372,0.06682974592404096,-0.16034808885176957,0.582480184304969,-0.026167537045574178,0.3188360004878918,0.3648744076231162,0.34342646217838496,-0.01628559255808749,0.22344916562290068,-0.0022649620560798393,0.00023042973591467987,0.07425954369573716,0.1967581543584978,0.11716303057832608,0.12569717207255016,0.08359265059376635,0.33876510586308256,0.02582216832870876,0.10159629500858154,0.02285161943960793,0.007793924365852867,-0.09554214890318367
969,0.08641717028161186,-0.05935848768228961,0.33385057687905584,0.3111346555032771,0.03374797111609373,0.124676687771142,0.19637910122862356,0.5323290908947901,0.11239025342580698,0.019519458325689406,-0.024104684871840008,0.41000486829468213,-0.054332979629034356,0.19955843128181666,-0.154784423703279,0.3022190377547206,0.1947513444538738,0.06255089963037826,0.14128623717498243,0.16458087537784533,0.23046833214655307,-0.04177403759466122,-0.30418711666720355,0.3528982149432685,0.205696934332813,-0.06894471559741094,-0.17785297036796796,0.21369508916669722,0.2864317522176922,0.2649233174487815,-0.22582008661066053,0.010747444669999833
970,0.06574911402424904,0.11982381637853495,-0.0036322028767203193,0.5154484502995313,-0.016542151250784603,-0.3276340921767554,-0.560709760652686,0.014662593894547743,1.4080315384750042,-0.3211366212088857,1.0994415746910717,0.3631106194833644,-0.5872769092188762,0.3343738849909891,0.2335672723395901,-0.02660880146226607,0.36698137508616957,0.28390600937395283,0.06077700494192656,-0.03348926380060616,0.3121144711635626,0.49930541624730584,0.09661674508426206,-0.04247753767970497,0.111002564726116,0.32466681415976595,-0.04034252640934807,0.184785809834214,0.1509437597317457,0.11316297154198258,0.46291758814384293,0.2387995848553981
971,0.4510220067914173,0.15244082736729989,0.07288885104996093,0.1748984588804126,0.003142846329034149,-0.40042171646973945,0.30944710287579563,0.17593608521602916,-0.10071744145415372,0.11807856195588105,-0.05307296768324391,0.15659419328815105,0.10901691378591169,-0.06287418633695564,-0.14941016876084715,-0.0759962967737919,-0.07588574258395304,0.2146160329797934,0.30387177201667565,0.3066306355625916,0.5546419203281793,-0.26978020481639686,-0.09744491478413504,0.029835882608371077,0.23244847910803215,0.3923522683435107,0.06574911402424904,0.11982381637853495,-0.0036322028767203193,0.5154484502995313,0.2044492602416065,0.04163234839464616
972,0.22353226918003677,0.31634318939043543,0.1452137764050096,0.07004406608160774,0.05316462727074893,0.0522701123824246,-0.025516086913291845,0.38806089204959493,-0.20156309491583888,0.12789596366752015,0.1503937044621789,0.11340700597604,0.1662950431666319,0.31605517367239877,0.31626446930358326,-0.2688525390751869,-0.23497703259441213,-0.6818950630676603,2.775715655692279,-0.12641861897147907,0.20521445648280787,0.18187890191990846,-0.018412927239126024,0.08651782774696389,0.27957828264201523,0.07241198467246238,-0.0009804569413706596,0.019828243580542443,0.21838582797646872,-0.026929355196783866,0.08118586580494987,0.0029661854615968316
973,0.2893326305696375,0.0598365955185277,0.08329014142793219,0.18442346306946247,0.08528067838339004,-0.04073696094751338,0.08641717028161186,-0.05935848768228961,0.33385057687905584,0.3111346555032771,0.03374797111609373,0.10221199436568572,0.11086305524430831,0.5085612625617385,0.2358186269665527,-0.0354215967745066,-0.07093347373910476,0.47495421114848513,-0.06981461482759276,0.2501629573434221,-0.007193016796767877,0.08783646987625998,0.17136904462667607,0.1900673974285291,0.14118158550631343,0.327160782817714,-0.22685151173680398,-0.03410554351064948,-0.026979094668769906,0.21026955100633232,0.27498733863226266,-0.06575779966302676
974,0.08528067838339004,0.10619021298001333,-0.07427673148701162,0.2817765778115769,0.18876158217694772,0.12025697212036957,0.3552151175162411,0.3004909622472764,0.044637696916542596,0.1491258597087924,0.10443331001532027,-0.012240582376639745,0.13886281909376522,0.0663289995961218,0.2459899734113378,-0.014562473930395762,0.21364801688882992,0.17429534874748348,0.2011047102573123,-0.05911225422027029,0.1916579262824653,-0.2832162412671828,0.0020805530387531996,0.09813566285711402,-0.09435177912274093,0.22363286922109724,0.2243299273245574,0.09929767896570325,-0.05055300144419804,0.11493399400923741,0.16398023443426096,0.08641616074491512
975,0.04333727706415184,0.1220174870673977,0.06129942909837034,0.19601231956388124,0.20596975380684593,-0.057684741153323484,0.07384757606653194,0.14480516428365917,0.11473011258612666,-0.06087256733651791,0.10219365132836339,0.2904398373272532,-0.191413963210553,0.0962711095927171,0.19762225597500324,0.1081466919612358,0.23315219493351433,0.2759889856284672,0.3334386814242376,-0.2930011245453141,-0.3323103623367577,-0.21119585311806702,0.6359536634803336,-0.20577899822194573,0.20485280725032834,0.5710140729030543,0.09919251932906349,-0.27453754616669024,-0.07896928497537498,0.03606607937215022,0.1921584708917562,0.5710140729030543
976,0.2379115657403104,-0.03126694167154654,-0.2895737635617525,0.11571104830416722,0.19148059584239505,0.10402791108409856,0.03974053972167562,-0.059372907008158365,0.28230669455910706,-0.10897268141169947,0.4019389235070164,0.08865320947212052,0.11316297154198258,0.46291758814384293,0.2387995848553981,0.03761959736561409,0.18756622566533648,-0.0032170019832001968,0.05780403347831227,0.08945759497947195,0.13484381164054374,0.14901686786802,0.06131121467129291,0.20880832158794416,0.11021351393836613,0.2811349847358627,0.0014623392565319142,0.04784244341978576,0.0077741013978389175,0.04641076076847641,-0.12295444257606764,0.39770783469686205
977,0.06682974592404096,-0.16034808885176957,0.582480184304969,0.0713440617939045,-0.28046772428989536,-0.3086869045626521,-0.45859624206429583,0.01881267170159937,0.9213821360251874,-0.015658216600592058,0.46151196219940505,0.4561894607607333,-0.4307036263075145,0.33404209236252513,-0.017315794149796837,-0.07556915478493191,-0.15398007638351432,0.1511533282653379,0.40902791458143434,0.3099970298175544,0.471489611372563,-0.22685151173680398,-0.03410554351064948,-0.026979094668769906,0.21026955100633232,0.207148732626317,-0.07607939841636727,0.4408191314993718,0.1944108882314549,-0.17628742224102106,-0.13205735314625608,0.1970317131241627
978,0.3121144711635626,0.008305659337532132,0.22599906281655174,0.2296552800988911,0.07187542666856812,0.09364824897947188,0.26063328665288116,0.13490246113837479,-0.10690798536618025,-0.20091983663120586,0.2564809375436427,0.2379115657403104,-0.03126694167154654,-0.2895737635617525,0.11571104830416722,0.19148059584239505,0.10402791108409856,0.23091537737709414,0.06650813331778027,0.0688545810301372,0.06682974592404096,-0.16034808885176957,0.582480184304969,-0.026167537045574178,0.3188360004878918,0.3648744076231162,0.34342646217838496,-0.01628559255808749,0.22344916562290068,-0.0022649620560798393,0.00023042973591467987,0.07425954369573716
979,-0.0759962967737919,-0.07588574258395304,0.2146160329797934,0.30387177201667565,0.3066306355625916,0.5546419203281793,-0.26978020481639686,-0.09744491478413504,0.029835882608371077,0.23244847910803215,0.3923522683435107,0.06574911402424904,0.11982381637853495,-0.0036322028767203193,0.5154484502995313,0.18712880277775137,-0.025516086913291845,0.38806089204959493,-0.20156309491583888,0.12789596366752015,0.1503937044621789,0.11340700597604,0.1662950431666319,0.31605517367239877,0.31626446930358326,-0.2688525390751869,-0.23497703259441213,-0.6818950630676603,2.775715655692279,-0.12641861897147907,-0.071568525291851,0.651068744545621
980,0.49930541624730584,0.09661674508426206,-0.04247753767970497,0.111002564726116,0.32466681415976595,-0.054898688296048936,0.22432644828488973,0.269937597403126,0.17136904462667607,0.1900673974285291,0.14118158550631343,0.064420931619945,0.17813747119959616,0.11153480932866984,-0.2919755150128051,0.25194362687045424,0.18447934488472806,-0.03735439473461763,-0.17974141893035753,-0.045429781649620936,0.1992759304480005,0.07407198980981192,0.17323991061961344,0.13672065948977402,-0.059372907008158365,0.28230669455910706,-0.10897268141169947,0.4019389235070164,0.08865320947212052,0.11316297154198258,0.46291758814384293,0.2387995848553981
981,0.14760436881813735,-0.17392707701365767,-0.14536143896619835,0.04863111894663422,0.19601231956388124,0.20596975380684593,-0.057684741153323484,0.07384757606653194,-0.01222018030071071,0.05668940185689197,0.20093656574037363,-0.034300721465717984,0.09335134699302704,0.10120720781703763,0.15852576202856808,-0.1261693407012891,0.05257179403844993,0.24495845199737368,0.1101646675136064,0.24823346342850847,0.42630163816159206,-0.2131146307468916,-0.22820094866907836,-0.4077636285835352,-0.15881599178038797,0.874523150438384,-0.0030598719334408316,0.39096949337005593,0.5105758017641661,-0.3718423771208559,0.18668007377330023,0.005169852410660244
982,-0.08747270326604926,-0.4820010422294675,0.6345265610190949,0.18232183537172228,0.14815850872667752,0.16282803887473282,0.3842572887052237,-0.00910825187333178,-0.3009925401089623,-0.3557798169054311,-0.17575267886142004,0.576090306976329,-0.006011173839405014,0.407556646171246,0.565946646773559,-0.27387320345155214,0.11608570550439605,0.054108945930185164,-0.11411752537832029,0.11980932190985041,-0.12210513461064502,0.7425967423056713,0.26569395997574946,-0.48211955771040454,0.31856934468977854,-0.1471160322989946,0.13224843227692928,-0.13744108689493145,0.7512025272323432,0.10323363556716901,0.37562684311726585,0.43329493229864297
983,0.27957828264201523,0.07241198467246238,-0.0009804569413706596,0.019828243580542443,0.21838582797646872,-0.026929355196783866,0.08118586580494987,0.0029661854615968316,0.34595842949403505,-0.21248517639154826,0.059192426426094964,-0.4820010422294675,0.6345265610190949,0.2433730585524286,-0.04712027514696706,0.09999394778949644,0.22146573820555276,0.07314429710685592,-0.1271890839969909,0.22798368323536836,0.14083053914836333,-0.02431958698577717,-0.014774917010754571,0.30790953094728557,0.026633443720634878,-0.10502185721591453,0.16212723952415709,0.10247846737264223,0.11155836207313276,0.07008561531728158,-0.12319514448977624,-0.06574295470794776
984,-0.07066784706132076,0.11293875088477945,-0.20535274008458249,0.5793427173608218,0.09004305927638333,0.1776169526838241,-0.09373677395901428,-0.06574295470794776,0.34385555108441634,0.18533780760642687,0.41282309084281155,0.2729517301749195,-0.12099987263672833,-0.39104435029717977,-0.58788795971382,0.8825455177838787,0.5486551716555055,-0.23240833069389197,0.7000941381334126,0.3710274399415613,-0.46653684425022923,0.1554728609437766,0.1607376808251284,0.35522981467356085,0.14222625457533922,0.09454735228493921,0.2455881403904545,0.22417321000734797,0.3377246363120925,0.5471368938922263,0.27800976640018904,-0.06092265305807112
985,0.17224841861994322,0.1403648213721468,0.025303337699693184,0.07991964893101931,0.14910613995433913,0.13870999513948015,0.052111479316268625,0.2025166266354563,0.13030374742807277,0.28667888938837066,-0.06951352474562462,0.16592700289521067,-0.07066784706132076,0.07571412180321557,0.18212355196577734,0.11730632153435483,0.11996356155954901,0.1278373443948156,-0.08747270326604926,-0.4820010422294675,0.6345265610190949,0.2433730585524286,-0.04712027514696706,0.09999394778949644,0.16074242404536251,0.05373657295280298,-0.0481804193300597,0.2732326259271169,0.12849141162106129,-0.025839607220092212,0.12045898537141242,0.286877200722593
986,0.5077589261353112,0.27800976640018904,-0.06092265305807112,-0.07420667902913211,0.4772627981074588,-0.017093960217367823,0.20446229175264322,0.077208066716257,-0.03473222436348715,0.2269899149422962,0.1513353793055481,0.1525483543928927,0.05451036815254353,0.10581675702611819,0.21836952852283753,-0.1975496083240688,0.06599459167266276,0.2140158170798685,0.032016070946640766,-0.2056916248099073,-0.09977122531837382,0.2566705868769431,0.05332100360012209,0.1334798000593729,0.1915060377599846,-0.10391341217997091,0.12787983090555988,0.09892670391507088,0.19799846171187263,0.08817550672737952,0.016104682807028897,0.19820898945179852
987,0.07531665293909175,0.14223356297833722,-0.021651786553036286,0.12079119269608964,0.2824571418874076,0.011675767425995243,-0.07420667902913211,0.4772627981074588,-0.017093960217367823,0.20446229175264322,0.077208066716257,-0.03473222436348715,0.2269899149422962,0.1513353793055481,0.1525483543928927,0.05451036815254353,0.10581675702611819,0.21836952852283753,-0.1975496083240688,0.06599459167266276,-0.031785055682277207,-0.17796770742789422,0.6237727862359442,-0.0034213682837081223,-0.10107599037759238,0.18931492100556252,0.026950214585079065,0.18096547976886537,0.39861970155369486,0.3322918405849832,-0.0730539224471404,-0.3276340921767554
988,-0.0354215967745066,-0.0360278185332138,0.11086305524430831,0.5085612625617385,0.2358186269665527,-0.0354215967745066,-0.07093347373910476,0.47495421114848513,-0.06981461482759276,0.2501629573434221,-0.007193016796767877,0.08783646987625998,0.17136904462667607,0.1900673974285291,0.14118158550631343,0.064420931619945,0.17813747119959616,0.11153480932866984,-0.2919755150128051,0.25194362687045424,0.18447934488472806,-0.03735439473461763,-0.17974141893035753,-0.045429781649620936,0.13726845392845502,0.10477893452726418,0.154525193891985,0.12234390728662362,0.014770973447222226,0.16841010577103913,-0.17184534665718618,0.5705404810089426
989,0.10581675702611819,0.21836952852283753,-0.1975496083240688,0.06599459167266276,0.08818283434411574,0.24383857054727498,0.12692743882989452,-0.09579475570179191,-0.37215607382295773,0.42858710956831947,0.04782065669643067,0.16282803887473282,0.3842572887052237,-0.00910825187333178,-0.3009925401089623,-0.3557798169054311,-0.17575267886142004,0.576090306976329,-0.006011173839405014,0.407556646171246,0.565946646773559,-0.27387320345155214,0.11608570550439605,0.054108945930185164,-0.11411752537832029,-0.07300140090705133,0.015029837611797933,0.44060350728358616,0.19206526361875487,0.4763690489011428,0.26243637927602115,-0.2056916248099073
990,0.43358726407530823,-0.18009620301785492,-0.43227090115804795,-0.006011173839405014,0.407556646171246,0.565946646773559,-0.27387320345155214,0.11608570550439605,0.054108945930185164,-0.04489658970631963,0.008975541836774844,-0.025516086913291845,0.38806089204959493,-0.20156309491583888,0.12789596366752015,0.1503937044621789,0.11340700597604,0.1662950431666319,0.31605517367239877,0.31626446930358326,-0.2688525390751869,-0.23497703259441213,-0.6818950630676603,2.775715655692279,-0.12641861897147907,-0.071568525291851,0.651068744545621,0.6194774584768993,0.164257142074729,0.09676305399739243,0.18006443606999176,0.03226528517847111
991,0.0818799413215967,0.19148059584239505,0.10402791108409856,-0.00588174631149148,0.05272393126356598,0.22506923505064735,0.10261484021232775,-0.21198150695143764,-0.19771289689077395,0.32661083949314984,0.10384331692069787,0.22303847711582717,0.2566953352236003,0.09440814158715664,0.25877643221949886,0.36206636083348,0.018964750924899278,0.22176350952506277,0.0976938196030565,-0.1011372261993832,0.23834739187748413,0.05627475275433264,0.2851260409760982,-0.04093780864936718,0.22340053763778864,0.17654672439733954,0.13598333473215593,0.03048863895714203,0.12638483116916358,0.056999667600075014,-0.03415029254685713,-0.1361437516837773
992,0.09892670391507088,0.19799846171187263,0.17067878476621298,0.07831120315928315,-0.036381717160680845,0.1918282357010622,0.2566953352236003,0.06819322230432975,-0.09139857051369302,0.3563536013904831,0.2492544554621723,-0.1378062638889054,-0.2005062652564799,0.18019128493810643,0.2685197814770018,-0.053115559140665666,-0.37717238805262293,0.2565974639919755,0.1570198042576097,0.6482068918054679,0.010629951960803224,0.2329295694666118,0.43160144306355575,0.23386430015327572,0.022736716960153926,0.20677149441364567,0.05235944102725745,0.015779282541251688,0.07778099345810575,0.14475962330811473,0.1313550547189986,0.07443711931806851
993,0.15591559768791044,0.06181623550682581,-0.00033506103149334287,0.015779282541251688,0.07778099345810575,0.14475962330811473,0.048162323407152124,-0.19567178073345584,0.048418260223786674,0.12787983090555988,0.09892670391507088,0.19799846171187263,0.08817550672737952,0.016104682807028897,0.19820898945179852,-0.1228961939348214,0.46117402403887836,0.010629951960803224,0.2329295694666118,0.43160144306355575,0.23386430015327572,0.10896382097200842,0.3004909622472764,0.044637696916542596,0.1491258597087924,0.10443331001532027,-0.012240582376639745,0.13886281909376522,0.0663289995961218,0.2459899734113378,-0.012637520381362646,-0.04923300073592117
994,0.14222625457533922,0.09454735228493921,0.2455881403904545,0.22417321000734797,0.3377246363120925,-0.25067496534820216,-0.33049876626994434,-0.49479408873313274,1.2506888914384577,-0.16999080995714083,0.24400616256787622,0.6145468467126224,0.182811459615623,-0.27451396654390714,-0.037243909461088076,-0.08742949038525093,0.07505843153991831,0.27546427786962585,0.061031905252357535,0.05848757429557536,-0.07720539751091571,0.010435914587602436,0.4970868953748266,0.0443270845504133,0.2086211161338412,0.3854280947760623,0.3481189339598148,-0.046633282251753776,0.28704697470443025,-0.23376505563265904,0.25903415533466395,0.05353362786240616
995,0.1900673974285291,0.14118158550631343,0.064420931619945,0.17813747119959616,0.11153480932866984,-0.2919755150128051,0.25194362687045424,0.18447934488472806,-0.03735439473461763,-0.17974141893035753,-0.045429781649620936,0.1992759304480005,0.07407198980981192,0.17323991061961344,0.13672065948977402,-0.059372907008158365,0.28230669455910706,-0.10897268141169947,0.4019389235070164,0.08865320947212052,0.11316297154198258,0.46291758814384293,0.2387995848553981,0.03761959736561409,0.18756622566533648,-0.0032170019832001968,0.05780403347831227,0.08945759497947195,0.13484381164054374,0.14901686786802,0.06131121467129291,0.20880832158794416
996,0.14836359842633548,0.14084473078919998,-0.07991486120750843,-0.4268141196430951,0.40979557006932316,0.23961717018966824,-0.05766107861356521,0.14954493181396358,0.16384677242970036,0.06412993674654287,-0.07754603495020393,0.19927450157206136,0.22382878195307498,-0.09401895570000028,0.10799564566925353,0.14738116301118354,0.09492199006514247,-0.055870468259501496,-0.14050280504456134,0.23980010892210227,0.24982258900136312,-0.11600447725845392,-0.322697042332726,0.20051624388285613,-0.045429781649620936,0.1992759304480005,0.07407198980981192,0.17323991061961344,0.13672065948977402,-0.059372907008158365,0.28230669455910706,-0.10897268141169947
997,0.06181623550682581,-0.032007325327046816,0.09425897787719907,0.18704035057159146,0.1166120799555511,0.10308527413401705,0.17846779112789968,0.22208583212672164,0.10912076590162222,0.08387223257892588,0.007282743814128762,0.05349575636552451,-0.06052322043582949,0.4507323785553294,-0.0691774432698838,0.2709843384910566,-0.11948577717296034,0.22477882403469934,0.15412082330316929,0.1598372675145959,0.0706787807519289,0.10415277268582958,0.2735431170666892,0.06625407688356992,-0.34376971549729113,0.31053865854267393,0.23395754267823185,-0.08417891571780703,-0.19567178073345584,0.048418260223786674,0.12787983090555988,0.09892670391507088
998,0.1967581543584978,0.11716303057832608,0.12569717207255016,0.08359265059376635,0.33876510586308256,0.02582216832870876,0.10159629500858154,0.02285161943960793,0.007793924365852867,-0.09554214890318367,0.17101591016823178,0.1958943861923911,0.19659120888368425,0.0682533575974299,0.17317355494762385,-0.17423414406398183,-0.17888375096808656,0.14457497153757373,0.16150134876585814,-0.04888249344416614,0.25742689993318923,0.1378193687751203,0.032519541821476844,0.005804140740080759,0.15562454509034235,0.09398115298271544,-0.01760761135922154,0.013769183121238256,0.3351624358998726,-0.14469081953720858,0.08939889071784639,0.14222625457533922
999,-0.0036322028767203193,0.5154484502995313,0.2044492602416065,0.04163234839464616,-0.09945040258569912,0.46110913685599997,0.03434420395290914,0.08108865698436285,0.1615687764851244,-0.037857040474989806,0.16967044100176074,0.20436905870817954,0.20064497471212211,-0.03419642558318104,0.22503561746781034,0.23051347462592298,-0.2674087357689618,0.05272393126356598,0.22506923505064735,0.10261484021232775,0.14328603052708033,0.21043433282753074,0.04703410538990216,0.023224159920207973,0.3484169306665826,0.38464041570040863,0.08256728264784874,-0.11495180160911317,0.21577137177085542,0.16588222747740497,0.17018348502593558,0.027595165892406535
