sim_id,year_1,year_2,year_3,year_4,year_5,year_6,year_7,year_8
0,0.052863968380306686,0.042413614625101466,-0.009200394809037693,0.004299657044073789,-0.01473198548039481,0.0033751049213474834,0.011213727722435705,0.05239773835289581
1,-0.05045483875978517,-0.08296368035457874,-0.12481355296141478,0.2341697026224454,0.11449748966614386,0.04721335484869471,0.1864918273196731,0.1912402838473926
2,-5.8338600625194406e-05,-0.010248523690522197,-0.15567643467981396,-0.05578242451271492,0.0027414211450370565,0.025628320800981142,-0.08823696391282364,0.002721033292247158
3,-0.10338315238127574,-0.05509488366834008,0.011611238192971548,0.23950488532678857,0.04837086616455555,0.1043825189063411,0.1442516967700536,0.12849048001054955
4,0.02344835378555335,0.11196063535886654,0.09036745043547073,0.20817411967213192,0.009591104411358879,0.05631413212158116,0.042268457879275786,0.005827663009140014
5,0.004842037492388549,-0.03719091389142518,-0.022830988391619886,0.06797811455886198,0.07420012214525842,-0.02068948773455074,-0.08974303515891574,0.017527314762775668
6,-0.011679526504085241,0.007461879601311705,0.0031790701162829277,-0.004489316240323887,-0.008127589068975276,-0.00505393398592306,0.027342220336279893,0.032401305533269247
7,-0.04962330899281994,0.02692700917244224,-0.019069577522530502,-0.059344447409009064,-0.0976602067509475,-0.0557556817700381,-0.03205603826024159,0.2526262616941449
8,0.06692223099929095,0.005262864003230632,-0.04889617861396572,-0.056947025472608256,-0.08296368035457874,-0.12481355296141478,0.2341697026224454,0.11449748966614386
9,0.06719771983644916,0.03592628127818669,0.041034435089818105,0.012210156230299331,-0.05196133780222694,0.0028742228637099495,0.07942804085490669,0.03591066926944299
10,0.0634970250320656,0.04812106459312323,0.017461980216704025,-0.027010873579979045,-0.014730314040599294,0.02826162078001348,0.04939081639495947,0.012204001535472821
11,-0.09028939417877037,-0.02844027685948375,-0.08772596864057779,-0.042448068992912216,0.057498151475025974,-0.03099676014357284,-0.056746431009554614,-0.002423868950951307
12,0.020907862155915197,-0.028446372447748804,0.012365818491159804,0.004842037492388549,-0.03719091389142518,-0.022830988391619886,0.06797811455886198,0.07420012214525842
13,0.017461980216704025,-0.027010873579979045,-0.014730314040599294,0.02826162078001348,0.04939081639495947,0.012204001535472821,0.043707444721036194,0.04349646456222365
14,0.09456087618775416,0.1442680668719345,0.09036745043547073,0.20817411967213192,0.009591104411358879,0.05631413212158116,0.042268457879275786,0.005827663009140014
15,-0.005133491311685329,0.04220342435102671,0.00888128311780124,-0.003576996288077466,-0.017420439501306575,0.03930624981704534,-0.03268418807681166,0.05813555917784697
16,0.09849201751450516,0.01685672166555747,0.025860773477762753,0.01870527823515234,-0.009681890320329786,0.05112307606913304,0.023963976708823272,0.05674287905853458
17,-0.0004640594308981007,0.06575677282832645,-0.014169577538660988,-0.017246124246697962,-0.021319727455457294,0.025455493242960484,-0.01650675505206109,0.09376043479837523
18,-0.011378475219155786,-0.0810228182142374,0.005199332304599804,0.03239325159703908,-0.056947025472608256,-0.08296368035457874,-0.12481355296141478,0.2341697026224454
19,0.10692926466615334,0.052818503065756854,0.01695484128659917,-0.037715375123555536,-0.05917818288180227,0.008367286199831514,0.07633428797990718,-0.04962330899281994
20,-0.009936918659731264,0.029728891762537946,0.04405507131998533,0.036452961892731166,0.063505960378669,0.039632328378430816,-0.0027070038742869756,0.07406778941808727
21,-0.08889000711334612,0.008442502072560752,-0.03322227229726265,0.06547859457587751,0.012552498632147085,-0.0005763305691675266,-0.039406788034806274,0.06748800444979743
22,-0.028446372447748804,0.012365818491159804,0.004842037492388549,-0.03719091389142518,-0.022830988391619886,0.06797811455886198,0.07420012214525842,-0.02068948773455074
23,0.02740464613057831,-0.022181734731348293,0.03302551187024177,-0.033401786587522055,0.0011471072145716112,-0.05562886314565989,0.11104851877539362,-0.024984417014047168
24,-0.0063949693526819855,-0.02155405246506647,0.07772641030097946,0.031176078979686366,0.03779158738155633,0.00851847444375363,0.021435570978467603,0.03339560384599197
25,0.07633428797990718,-0.04962330899281994,-0.05073514033788832,-0.081205586329834,-0.07649533509282554,0.004887389884845521,0.24334785007519066,0.03483200682607578
26,-0.011346396815389154,0.00966076592308283,-0.015260808365570344,-0.07311732007286383,-0.09889894590370596,-0.07716690882936779,0.05481731158778569,-0.005529137560678465
27,-0.02942832466642877,0.03845109691278335,0.012275326094953992,0.10652074418392923,0.15471591201636187,0.1195536119516561,0.16077321134488992,0.0059681337722265965
28,0.0010835265497321734,0.030169365189279703,0.05954689270225735,0.02699928247404044,0.05454706420919959,0.08976295191255872,0.042288990324287054,-0.009681890320329786
29,0.040829540244036434,-0.015009469703147637,-0.0033481605894797144,0.012649918105789538,0.003923268694962706,-0.013534918400980867,-0.026853141604926915,0.04509197743886771
30,0.11178376376371055,0.23686636505316352,0.05075880985350582,0.02759643671691845,-0.005297334717018741,0.054950776773823706,0.06351461633079457,0.06771129635265376
31,0.05102624206575158,0.020933622671211866,0.04590908523343384,0.05961348252391238,0.031214668156433666,0.002996970439633211,0.07365042419861502,0.05846382627014092
32,-0.12253989570409915,-0.07290450683104488,0.058365230668770134,-0.013287997462302109,-0.05387380003170251,-0.02616373777776799,-0.0004640594308981007,0.06575677282832645
33,-0.09492778842213713,0.014249098444838066,0.013552328782214544,0.016249939377331123,0.019290237091062958,0.0007713046167454211,0.015126061979743104,-0.02792503850162619
34,0.04028733948383551,-0.045389581123573476,-0.043472820294300434,-0.03166469678688542,-0.1329047130515534,0.08950145097867729,0.20527086862786997,-0.02177030502227734
35,0.04237123697766942,0.034037086276389676,-0.049407531129056194,-0.1434132833015306,-0.009326092852967406,0.05522655912088008,0.011257117079635537,0.009885871632892783
36,0.01041279437881343,0.046225217964285595,-0.0034178765959546687,-0.02871232318376256,-0.016800826856763127,0.019385155276800098,0.017930268681566067,0.010578799310315386
37,-0.04056938058421847,-0.005637525045480252,-0.025838511639785726,0.11886890957762948,0.005320447429078421,-0.011443240120825341,-0.06504903210521822,-0.011188332158927672
38,-0.013754734367317636,-0.007547991372525836,-0.004042477083777581,0.020435228983264355,0.006297766455834597,-0.01669743734389148,-0.0253224956421449,0.04237123697766942
39,-0.0162462464960763,0.06081204173790412,0.0012446836373436378,-0.007829901167596347,-0.02712704838623795,0.05550996276826985,-0.042678964071087205,0.023634010206012964
40,0.24334785007519066,0.03483200682607578,0.09687186759712554,0.15927582686149339,0.13331833453538028,0.005168656270110838,0.01860029890708141,0.06669800285182495
41,-0.04677990554653519,-0.06866753903744134,0.010675079839919726,0.04982300929955519,-0.009062060943608743,0.040276012846963534,-0.013287997462302109,-0.05387380003170251
42,0.04490965294620502,-0.04938033602649569,-0.05318883424782888,0.008718766633751039,0.024648367639700457,0.03451567945184562,-0.01021194743165507,-0.009774094354617697
43,0.07772641030097946,0.031176078979686366,0.03779158738155633,0.00851847444375363,0.021435570978467603,0.04948194874224675,0.00022826238394464397,0.07698443952173475
44,0.05750007864095875,0.029486966374752895,0.008080301731063687,0.06736312926851827,0.04490472173897989,0.13498531885131013,0.12926506844514737,0.15170152090831238
45,0.026508189548699945,0.06438663738759,0.022578594132397916,0.09140733834896966,0.044948861138336606,0.050512162209031305,-0.029910882190410843,0.09395215948939031
46,0.04154225173810074,-0.06581065085683803,-0.03651943588496546,0.008475104952900851,0.02765786528493706,0.021182684662227964,0.06509170871596559,0.011257117079635537
47,-0.07716690882936779,0.05481731158778569,-0.005529137560678465,-0.06566738679306296,-0.020389869958670415,0.0017092297775827784,0.05977963840371972,-0.01375974830781866
48,-0.005133491311685329,0.04220342435102671,0.00888128311780124,-0.003576996288077466,-0.04388965059227629,0.01970623765645272,0.06570940764382426,0.04614115426521307
49,0.0049317270532911505,0.007477942352647772,0.006612771198706547,-0.010420765207966178,0.021515981298733042,0.007974038851990953,-0.017751195343342213,0.027513738163283858
50,0.003923268694962706,-0.013534918400980867,-0.026853141604926915,0.03177406639494155,0.03764176433914727,0.08734846799044324,0.03790628799489715,0.022684370018144242
51,0.00906408850801866,-0.017449686457939966,0.03195651403544279,0.032987146810026395,0.043783032082419,0.03344474957879514,0.0029025417067542396,0.007221085628945011
52,0.1784795106950509,0.17095955027704018,-0.011320186630305316,0.05327822497532394,0.0462263520970877,0.054118305348248005,-0.0074318819833296195,0.055383400241375814
53,0.023597433850476822,-0.022856495367242196,-0.004517566543534055,-0.07031992292326242,0.12512951565687028,0.04630595254479673,0.0033421825569468046,-0.04227611970469211
54,-0.045389581123573476,-0.05750531694245116,0.017527314762775668,0.028274969972201847,0.0331860274858787,-0.06097355054458573,0.036030525765955626,0.20527086862786997
55,0.04248574632216505,0.02403911798411785,-0.0006670782883442124,0.03209308509343252,0.032037542390131735,0.13328823247215815,0.10421237703207416,0.18772419387962436
56,-0.0489350186692615,-0.06482928669907931,-0.08472219196931578,-0.10825506337615295,0.263310632907053,0.11011995149387833,0.03595651255263394,0.08994307343333154
57,0.10133919983596766,0.039463226707756656,0.037833419266079034,-0.08240092046298034,-0.06711143021698956,-0.009372199840067003,0.001754605321988245,-0.001517564516523798
58,0.04800823393719242,-0.02996308879641303,-0.020846727225749255,0.10256063737013693,0.011702624363025375,0.0417510739700792,-3.963623685946036e-05,0.10150316879458134
59,0.07462004907188186,0.07988536334400807,0.018118850213676558,0.0025336243002390554,-0.10033392389766944,-0.06031508786027079,0.01974060520282703,0.00435558155294859
60,-0.062258592534061,-0.011200022754991325,0.017044371176663856,0.04724433085543002,-0.011456943698128315,-0.016235574331397593,-0.02641509517482331,0.02349940927067805
61,0.026650294369621963,0.05023086249500809,0.021330709658760057,-0.03037192734020063,0.04806240645073723,0.016226096778767064,-0.03269455800362337,0.0670983972639024
62,0.002721033292247158,-0.005133491311685329,0.04220342435102671,0.00888128311780124,-0.003576996288077466,-0.017420439501306575,0.03930624981704534,-0.03268418807681166
63,-0.011513472180371801,0.03614906441302523,0.005747103245119043,0.07395787540543002,0.042413614625101466,-0.009200394809037693,0.004299657044073789,-0.01473198548039481
64,0.025144494961714538,-0.03647529900603461,0.09314832120171126,0.0720908090417364,-0.001832860749488936,0.009227329261559551,0.03341163695318257,0.0049317270532911505
65,-0.007547991372525836,-0.004042477083777581,0.020435228983264355,0.006297766455834597,-0.01669743734389148,-0.0253224956421449,0.04237123697766942,0.034037086276389676
66,-0.01928682094180781,-0.02094376794236849,0.013055502677213972,0.03913718739332794,0.0060348711455441165,-0.09190603741494878,-0.09492778842213713,0.014249098444838066
67,0.023175625805814403,-0.03553245916052851,0.02849595128758009,0.006364926000034128,-0.04579112302167692,-0.01582101293001888,0.05764210194520755,0.0704862757948348
68,0.016226096778767064,-0.03269455800362337,0.09547372235376145,0.07520625932878826,0.001623004560214426,-0.01534755215224717,-0.09563878585135667,-0.008340888828211813
69,0.01998665997633142,-0.031082690526254893,0.002430625486315612,0.060347406176913226,-0.022181734731348293,0.03302551187024177,-0.033401786587522055,0.0011471072145716112
70,0.07633428797990718,-0.04962330899281994,-0.022169872968913627,-0.05821588772622714,-0.11916443213939447,0.06461142211478281,0.23535898697636634,-0.013624535480764548
71,0.044948861138336606,0.050512162209031305,-0.029910882190410843,0.09395215948939031,0.024905751099002196,0.04188973617586783,0.06439905428187961,-0.0007330077890140873
72,-0.026074719040020927,0.0927671693931366,0.010791209501792631,0.06260025505551696,0.05214769454175549,-0.01255877680473109,0.06719771983644916,0.06516418858680059
73,0.0014569153378469603,0.018166813643522718,-0.001341686963325277,0.0033751049213474834,0.011213727722435705,0.013538887880741127,-0.017059377035281043,0.07331847075741482
74,0.16445608965141556,0.020530801045690356,-0.042678964071087205,0.023634010206012964,0.07067891964497917,0.015240547515204036,0.027084564191957573,0.008075881188370368
75,0.04490965294620502,-0.04938033602649569,-0.05318883424782888,0.008718766633751039,0.024648367639700457,0.03451567945184562,-0.01021194743165507,-0.033074350021090174
76,0.1315825200212921,0.1367068347800229,0.1311532579188743,0.11131571440938633,0.035793694190449386,0.04806240645073723,0.016226096778767064,-0.03269455800362337
77,-0.022856495367242196,-0.004517566543534055,-0.07031992292326242,0.12512951565687028,0.04630595254479673,0.0033421825569468046,-0.04227611970469211,-0.050498900630185264
78,0.061907521205541424,0.04354140256395621,-0.0011521168442352808,0.06996550155243682,0.0634970250320656,0.04812106459312323,0.017461980216704025,-0.027010873579979045
79,-0.020431440671730198,0.01998665997633142,-0.031082690526254893,0.002430625486315612,0.07570685403943211,0.016543619986341563,0.017924797219877563,0.023580997183367442
80,0.09381664737022734,0.14083582185004723,0.09874539105052259,0.1980595960206749,-0.007250054133614382,0.05536150111826453,0.04405280732275557,-0.03381423652864563
81,0.02517833335626331,0.09044619152700702,0.05268977902213795,0.02176619879236522,-0.007656332504046889,-0.03507399595771937,0.016940676610758692,0.02902295906132065
82,-0.01475725902830638,-0.02035423008061721,-0.027893117321920374,0.02639861893020655,0.029078939581978474,0.06331349843036885,0.03112869326451413,0.0019359245923828542
83,0.015126061979743104,-0.02792503850162619,0.004381774557754737,0.01639230386462114,-0.06110037982224164,0.07946234483177844,0.04684663102592058,0.0061949975367046
84,0.007974038851990953,-0.00072590316482399,-0.0032982567368964053,-0.03826419835710366,0.031453163421733106,0.021294956482008322,-0.005346549189384994,0.08806943722472424
85,0.0897037047873954,0.01998665997633142,-0.031082690526254893,0.002430625486315612,0.07067879187118188,0.032987146810026395,0.043783032082419,0.03344474957879514
86,-0.1218280230092854,-0.038618769215352976,0.0017344377427880998,0.0383700697461459,-0.004229448637686191,0.04426037679894457,0.015024797213813964,0.08978943009235238
87,0.13145744601978232,0.09853586021489504,-0.04624443418091701,0.07546919914540791,-0.052644045068644486,0.057391731731546526,0.04265630603855725,0.022807142819862326
88,0.10652074418392923,0.14332260116698015,0.1311532579188743,0.11131571440938633,0.035793694190449386,0.04806240645073723,0.016226096778767064,-0.03269455800362337
89,-0.005346549189384994,0.08806943722472424,0.029232018333804663,0.012649918105789538,0.003923268694962706,-0.013534918400980867,-0.03374674071437715,0.009028741917982133
90,-0.04889617861396572,-0.056947025472608256,-0.08296368035457874,-0.12481355296141478,0.2341697026224454,0.11449748966614386,0.04721335484869471,0.1864918273196731
91,0.022578594132397916,0.09140733834896966,0.044948861138336606,0.050512162209031305,-0.029910882190410843,0.09395215948939031,-0.011379091107375035,0.007798985953508917
92,0.056233847737528125,-0.15567643467981396,-0.05578242451271492,0.0027414211450370565,0.039360909878888926,0.02554805067516022,-0.011346396815389154,0.00966076592308283
93,0.09511245755734427,0.19460797607474095,-0.008248630740864026,0.06208251319461728,0.04618033823150406,-0.00039668250200649,0.0320296105725281,0.04104858403868713
94,0.10652074418392923,0.15471591201636187,0.1195536119516561,0.16077321134488992,0.0059681337722265965,0.04167222769359799,0.025144494961714538,-0.03647529900603461
95,0.002021835830374982,-0.0018427708801756102,-0.0033481605894797144,0.012649918105789538,-0.0033481605894797144,0.012649918105789538,0.003923268694962706,-0.013534918400980867
96,0.03779158738155633,0.00851847444375363,0.021435570978467603,0.015126061979743104,-0.02792503850162619,0.004381774557754737,0.01639230386462114,-0.06110037982224164
97,-0.027893117321920374,0.02639861893020655,0.029078939581978474,0.06331349843036885,0.03112869326451413,0.0019359245923828542,0.007020421424277806,0.00043711952401027877
98,-0.029534921581718058,0.02709928010278606,0.055970802408372225,-0.026072889377660884,-0.12253989570409915,-0.03621649721069029,-0.0131336109081202,0.0506174831210367
99,-0.030094690370443412,0.004887389884845521,0.24334785007519066,0.03483200682607578,0.09687186759712554,0.15927582686149339,0.13331833453538028,0.005168656270110838
100,-0.00887580242302415,0.011878759963531013,-0.01970843724354158,-0.001764216062209568,-0.06529203476732443,0.10692926466615334,0.052818503065756854,0.01695484128659917
101,0.007822680867767927,0.03141904600384711,-0.014865073275704896,0.037043997380734404,-0.04056938058421847,-0.005637525045480252,-0.04471708607168182,0.002353141630354524
102,-0.004922972172201207,-0.0002762711550266936,-0.1449848810164573,-0.07282663330833591,-0.011106035712797547,0.04490965294620502,-0.04938033602649569,-0.05318883424782888
103,0.01081979999768568,-0.02994043999248146,0.00732898516381754,0.02039034568448307,-0.055460249568366704,0.02770419661784631,0.08287636971891303,0.05118625414794426
104,0.02639861893020655,0.029078939581978474,0.06331349843036885,0.03112869326451413,0.0019359245923828542,0.007020421424277806,0.02340268207023865,0.015240547515204036
105,0.06679229388045187,0.03227390694017979,-0.0162359438464235,-0.09028939417877037,-0.002782893872620861,0.07608944778980152,-0.0005898371524523021,-0.0489350186692615
106,0.08976295191255872,0.042288990324287054,-0.009681890320329786,0.05112307606913304,0.023963976708823272,0.05674287905853458,0.04682409768225949,0.02423140145385302
107,-0.014210233821178028,0.05595520268387419,0.017269539927308293,-0.035612895278368584,-0.05865601678933303,-0.06176180680248807,-0.11395230555630652,0.10191809335007525
108,0.07502408584230007,0.06667213500753454,0.06959588102455792,-0.009936918659731264,0.021563445257773702,-0.055460249568366704,0.02770419661784631,0.08287636971891303
109,-0.01922870684246713,0.02517833335626331,0.09044619152700702,0.05268977902213795,0.02176619879236522,-0.007656332504046889,-0.03507399595771937,0.016940676610758692
110,-0.08889000711334612,0.008442502072560752,-0.03322227229726265,0.06547859457587751,0.012552498632147085,-0.0005763305691675266,-0.039406788034806274,0.06748800444979743
111,0.011257117079635537,0.009885871632892783,0.013450894429110424,0.02415492521826854,0.13679031692311297,0.12367975797769766,0.16899550807497488,0.08105651591925545
112,0.016940676610758692,0.02902295906132065,-0.008191109106544123,0.0900989218150235,0.04022077283856794,-0.0173456788167319,0.006702524739548357,-0.007547991372525836
113,0.002996970439633211,0.07365042419861502,0.05846382627014092,0.06370946940140053,-0.025506369445125927,-0.0010058767142069683,-0.017808305890816216,-0.016832619674398547
114,0.08978943009235238,0.18811433798098445,0.09021814789768995,0.19038427574162717,-0.002725805564664397,0.02413714607568401,0.05068818011555717,-0.041133885201600016
115,0.0017344377427880998,0.025810595499099868,0.07819459062322921,0.044448562392878324,-0.006790861538028222,0.009433281355915271,-0.014600470371364999,-0.005535919993249112
116,-0.00496676521662024,-0.11399169447086158,-0.051075149006804765,-0.0021335904868741654,0.0331153666186435,0.008772262157337138,0.03948925873048987,-0.005579862452647787
117,0.07633428797990718,-0.04962330899281994,-0.05073514033788832,-0.081205586329834,-0.07649533509282554,0.004887389884845521,0.24334785007519066,0.03483200682607578
118,0.0313435380150615,-0.012788132184603986,0.023597433850476822,-0.022856495367242196,-0.004517566543534055,-0.07031992292326242,0.12512951565687028,0.04630595254479673
119,0.0025336243002390554,-0.10033392389766944,-0.06031508786027079,0.01974060520282703,0.00435558155294859,-0.018978511458347606,-0.15049273384696898,-0.06866403183244768
120,0.0246433542126176,0.08014730302853963,0.0551352858496667,0.020204766968143936,0.006982664079105983,-0.020490841137627124,-0.011513472180371801,0.03614906441302523
121,0.009028741917982133,0.02870977967473705,0.022755690182547236,-0.08633037716556878,-0.0929254930148846,0.009416902762785275,0.010180296726133154,0.032883772015831446
122,0.015847352608689344,-0.01262927522922229,0.09265456436381819,0.028878379176320676,0.006702524739548357,-0.007547991372525836,-0.004042477083777581,0.020435228983264355
123,0.04684663102592058,-0.014229484226591703,0.05668850738506953,0.024910970380971356,0.04444616506221233,0.05750007864095875,0.029486966374752895,0.008080301731063687
124,0.03483200682607578,0.09687186759712554,0.15927582686149339,0.13331833453538028,0.005168656270110838,0.01860029890708141,0.06669800285182495,0.033619419513257524
125,-0.0019707085426019775,-0.07311732007286383,-0.09889894590370596,-0.07716690882936779,0.05481731158778569,-0.005529137560678465,-0.06566738679306296,-0.020389869958670415
126,-0.0683707738427256,-0.1209672773677749,0.0023554476846316284,0.0281140192679024,0.029280853265727526,0.00342281220920832,0.01961569337155239,0.048659151818756505
127,-0.04904310773206642,-0.10338315238127574,-0.05509488366834008,0.011611238192971548,0.23950488532678857,0.04837086616455555,0.1043825189063411,0.1442516967700536
128,0.0540311695998272,-0.00521909168479309,0.05102624206575158,0.020933622671211866,0.04590908523343384,0.05961348252391238,0.031214668156433666,0.05194852180449573
129,0.050713076916418395,0.02991114106029612,0.07775323221691115,0.08360971738967124,0.0441216471640192,-0.019269455674365138,0.05607678211970807,0.020127943408622548
130,0.043498732633943174,0.012981123408360313,0.059001729166159776,0.047856138232220576,-0.02592957193685902,0.0746436849787944,-0.0014635415701782864,-0.08258793842706147
131,0.20618471364188823,0.09682711124749349,0.02679779099817386,-0.0074318819833296195,0.055383400241375814,0.05254682115963913,0.09243218492997904,0.059001729166159776
132,0.09687186759712554,0.15927582686149339,0.13331833453538028,0.005670866501563713,0.04594981860169079,0.06319230671727441,0.07424945199336273,0.0540311695998272
133,0.029239223785477764,0.016288290926872614,0.1315825200212921,0.1367068347800229,0.1311532579188743,0.11131571440938633,0.035793694190449386,0.04806240645073723
134,-0.12342676797280178,-0.07282663330833591,-0.011106035712797547,0.04490965294620502,-0.04938033602649569,-0.05318883424782888,0.008718766633751039,0.009631178046194637
135,0.021294956482008322,-0.005346549189384994,0.08806943722472424,0.039865583625172084,-0.015285831653700205,0.002021835830374982,-0.0018427708801756102,-0.0033481605894797144
136,0.14083582185004723,0.05631950504083591,-0.03327052651534079,0.033919103148152926,0.04751357520136966,-0.045693205856184464,-0.12218888144058664,-0.03311736690928855
137,0.013427251399639835,0.05878796760083395,0.1442680668719345,0.09036745043547073,0.20817411967213192,0.009591104411358879,0.05631413212158116,0.042268457879275786
138,-0.05196133780222694,0.0028742228637099495,0.07942804085490669,0.03591066926944299,-0.03904979439636809,-0.08752271000182854,0.021403949475942596,0.06692223099929095
139,0.020841236177624917,-0.03163850228123829,-0.023889878117802528,0.002353141630354524,-0.001668183540305831,-0.12036325534435462,-0.08772596864057779,-0.042448068992912216
140,-0.03268418807681166,0.024820507352673524,0.05454457330743639,0.057247456131758044,0.023963976708823272,0.05674287905853458,0.04682409768225949,0.02423140145385302
141,0.0383700697461459,-0.004229448637686191,0.04426037679894457,0.015024797213813964,0.08978943009235238,0.18811433798098445,0.09021814789768995,0.19038427574162717
142,0.010556726679935019,0.07369538944811423,0.03904977210986973,0.015847352608689344,-0.01262927522922229,0.09265456436381819,0.0452438535946445,0.02231189793737722
143,0.06260025505551696,0.05214769454175549,-0.01255877680473109,0.0933804507502066,0.03510483726889428,0.0183397684187012,-0.0032982567368964053,-0.03826419835710366
144,0.0017344377427880998,0.0383700697461459,-0.004229448637686191,0.04426037679894457,0.015024797213813964,0.08978943009235238,0.18811433798098445,0.09021814789768995
145,-0.04822456859237323,0.011789268251337469,-0.004737227059644066,-0.01766156035542441,-0.1425588762630393,-0.07335021298209492,0.030783248129296784,0.015523407838747783
146,0.12367975797769766,0.16899550807497488,0.18640853757485246,0.19038427574162717,-0.002725805564664397,0.02413714607568401,0.05068818011555717,0.0012024410470992941
147,0.007221085628945011,0.009346032013199956,-0.014727339179581215,0.02043033461432674,0.006085282308852949,-0.013945795051438253,-0.027931969716044284,0.020422863599038738
148,-0.05630009286773721,-0.004303363818687617,-0.0016686239979490554,0.005747103245119043,0.07395787540543002,0.042413614625101466,-0.009200394809037693,0.004299657044073789
149,0.05075880985350582,0.02759643671691845,-0.005297334717018741,0.054950776773823706,0.06351461633079457,0.06771129635265376,0.07331847075741482,0.030940315022201004
150,0.0685423723087051,-0.00311542308986455,0.02744969203863194,0.10401486493516268,0.03510483726889428,0.0183397684187012,-0.0032982567368964053,-0.03826419835710366
151,-0.01473198548039481,0.0033751049213474834,0.011213727722435705,0.013538887880741127,-0.009866661182637375,-0.029950006555454843,0.041625614727588994,0.01853262344435327
152,0.022833190338024337,0.06930880348256134,0.04671823888313922,-0.0066750398740466005,0.077739445343134,0.03982964454413606,0.06044932323785948,0.020655242408598253
153,0.023504173591286825,0.014790474462585109,0.02278155912917828,-0.02456315189035098,0.03329672356968668,-0.03136287361237509,-0.01315090154732808,-0.037196617343158475
154,0.08205111427962404,0.08078541694248285,0.06554334326021176,0.015232563943364053,-0.00011492672750969557,0.06786289075018366,0.019644900767271215,0.061907521205541424
155,0.03251710760405471,-0.07682537110950548,-0.020352219706992098,0.006940060669718801,0.033791252003787804,0.009119805272276776,0.008977307504258474,-0.02549187566543074
156,0.061073824379587346,0.012275326094953992,0.10652074418392923,0.15471591201636187,0.1195536119516561,0.16077321134488992,0.0059681337722265965,0.04167222769359799
157,0.010556726679935019,0.07369538944811423,0.03904977210986973,0.015847352608689344,-0.01262927522922229,0.09265456436381819,0.0452438535946445,0.02231189793737722
158,0.002430625486315612,0.07570685403943211,0.013127471629898833,0.043498732633943174,0.006171945495862345,0.0313435380150615,-0.012788132184603986,0.023597433850476822
159,-0.02549187566543074,0.03916741147349725,-0.030720136272704167,-0.007930492469347556,0.08135867933125521,0.016237304618384896,0.03276785207007106,0.005616486133727918
160,0.0028742228637099495,0.07942804085490669,0.03591066926944299,-0.03904979439636809,-0.08752271000182854,0.03342729655031168,-0.08296368035457874,-0.12481355296141478
161,-0.0035989485344935825,-0.008671695817373782,-0.017376977939665986,0.03797585285006797,0.034830188290305736,-0.0683707738427256,-0.1209672773677749,0.0023554476846316284
162,0.003923268694962706,-0.013534918400980867,-0.026853141604926915,0.04509197743886771,0.031861365171198065,-0.060927950869310125,-0.13787805025683347,-0.0020105680194356466
163,0.013427251399639835,0.05878796760083395,0.1442680668719345,0.09036745043547073,0.20817411967213192,0.009591104411358879,0.05631413212158116,0.042268457879275786
164,0.004345290344611144,0.001665061697892903,-0.007154718189339423,0.02090016898043685,-0.06299339591342107,-0.13787805025683347,-0.0020105680194356466,0.04248574632216505
165,-0.02996308879641303,-0.020846727225749255,0.10256063737013693,0.011702624363025375,0.0417510739700792,-3.963623685946036e-05,0.030429494047507367,0.05511689419377509
166,-0.02177030502227734,0.22666738584077392,0.16025330892228135,0.029606206151133886,0.036063760027324546,0.027953507033170056,0.04594981860169079,0.06319230671727441
167,0.07406778941808727,0.05182666214494851,0.058840435390986504,0.03990060764637979,0.045526761041284745,0.021049862769594634,0.026352301379043326,0.0012990776355567737
168,0.07715438445561038,0.2127050409126765,0.010556726679935019,0.07369538944811423,0.03904977210986973,0.015847352608689344,-0.01262927522922229,0.09265456436381819
169,-0.01938484730921016,-0.1457170726235326,-0.06833406106931146,0.02056614342377341,0.020327262293546484,-0.08889000711334612,0.008442502072560752,-0.03322227229726265
170,0.01970623765645272,0.06570940764382426,0.04614115426521307,-0.005814780866760401,0.008527595105345247,-0.010202013685965725,-0.0007087971577727721,0.01219014238418171
171,-0.03136287361237509,-0.01315090154732808,-0.037196617343158475,0.09745846809380196,0.04415707487510739,-0.011378475219155786,-0.0810228182142374,0.005199332304599804
172,0.01998665997633142,-0.031082690526254893,0.002430625486315612,0.07570685403943211,0.013127471629898833,0.043498732633943174,0.006171945495862345,0.0313435380150615
173,0.04263610092887712,-0.0173456788167319,0.006702524739548357,-0.007547991372525836,-0.004042477083777581,0.020435228983264355,0.006297766455834597,-0.01669743734389148
174,-0.011346396815389154,0.00966076592308283,-0.014840237399720475,0.02415492521826854,0.13679031692311297,0.12367975797769766,0.16899550807497488,0.08105651591925545
175,0.021435570978467603,0.015126061979743104,-0.02792503850162619,0.004381774557754737,0.01639230386462114,-0.06110037982224164,0.07946234483177844,0.04684663102592058
176,-0.06866753903744134,-0.014418299225693676,-0.055150510227477294,-0.06176180680248807,-0.11395230555630652,0.07652054901720298,-0.081205586329834,-0.07649533509282554
177,-0.13068905238419817,-0.027128337150302294,0.017439536052967712,0.03651849782299039,-0.01713394966401948,0.061073824379587346,0.012275326094953992,0.10652074418392923
178,-0.012436708278717812,-0.027914669894337645,0.06052779484139389,0.021294956482008322,-0.005346549189384994,0.08806943722472424,0.039865583625172084,-0.015285831653700205
179,0.05454706420919959,0.08976295191255872,-0.023976837910662067,-0.016313320641010303,0.09849201751450516,0.01685672166555747,0.03061783975016373,-0.0011521168442352808
180,0.06081204173790412,0.0012446836373436378,-0.007829901167596347,-0.02712704838623795,0.05550996276826985,-0.042678964071087205,0.023634010206012964,0.07067891964497917
181,-0.01315090154732808,-0.037196617343158475,0.09745846809380196,0.04415707487510739,-0.011378475219155786,-0.0810228182142374,0.005199332304599804,0.032859091314819976
182,0.07633428797990718,-0.04962330899281994,-0.05073514033788832,-0.081205586329834,-0.07649533509282554,0.004887389884845521,0.24334785007519066,0.03483200682607578
183,-0.001832860749488936,-0.008054504811190783,-0.09009055783775237,-0.04822456859237323,0.011789268251337469,-0.004737227059644066,-0.01766156035542441,-0.1425588762630393
184,0.13328823247215815,0.11982599896297307,0.08105651591925545,-0.0049851771713745364,0.07472554095781088,0.02815498806673793,-0.03457835186186034,0.09907059068764777
185,0.060694088804750954,0.08078541694248285,0.06554334326021176,0.015232563943364053,-0.00011492672750969557,0.0346098474850544,0.02744969203863194,0.10401486493516268
186,-0.09093940332212361,-0.07132791565052274,0.058365230668770134,-0.013287997462302109,-0.05387380003170251,-0.02616373777776799,-0.0004640594308981007,0.06575677282832645
187,-0.031242931752715704,-0.04904310773206642,-0.10338315238127574,-0.05509488366834008,0.011611238192971548,0.23950488532678857,0.03427523435917683,0.010068724907123608
188,0.032177038443231165,0.017355998364001222,0.004345290344611144,0.001665061697892903,-0.007154718189339423,0.02090016898043685,-0.004093450140098699,-0.014982093628872283
189,0.06370946940140053,-0.025506369445125927,-0.0010058767142069683,-0.027893117321920374,0.02639861893020655,0.029078939581978474,0.06331349843036885,0.03112869326451413
190,0.0720908090417364,-0.001832860749488936,-0.008054504811190783,-0.09009055783775237,-0.04822456859237323,0.011789268251337469,-0.004737227059644066,-0.01766156035542441
191,0.18605162301684083,0.015485571189997131,0.045055186205520396,0.01860029890708141,0.06669800285182495,0.033619419513257524,0.09660961896248449,0.03875830766692102
192,0.1311532579188743,0.06120588573768596,0.007170867643536217,-0.011679526504085241,0.007461879601311705,0.046068760170220414,0.015847352608689344,-0.01262927522922229
193,-0.014865073275704896,0.037043997380734404,-0.04056938058421847,-0.005637525045480252,-0.025838511639785726,0.11886890957762948,0.005320447429078421,-0.011443240120825341
194,0.03614906441302523,0.005747103245119043,0.07395787540543002,0.042413614625101466,-0.009200394809037693,0.004299657044073789,-0.01473198548039481,0.0033751049213474834
195,-0.028919930259445434,0.04248151104216597,-0.02927708533922444,-0.05873782374826621,0.001374842288426062,0.016131477872899806,0.04083681163566783,-0.008660317960369103
196,-0.0027070038742869756,0.07406778941808727,0.05182666214494851,0.058840435390986504,-0.0051051083419211,-0.01607082458684289,-0.017449686457939966,0.03195651403544279
197,0.017527314762775668,0.028274969972201847,0.0331860274858787,-0.06097355054458573,-0.022169872968913627,-0.05821588772622714,-0.11916443213939447,0.06461142211478281
198,0.06438663738759,0.022578594132397916,0.09140733834896966,0.044948861138336606,0.050512162209031305,-0.029910882190410843,0.09395215948939031,0.024905751099002196
199,0.013127471629898833,0.043498732633943174,0.006171945495862345,0.0313435380150615,-0.012788132184603986,0.023597433850476822,-0.022856495367242196,-0.004517566543534055
200,-0.06267119191694225,-0.0777020536288688,-0.015065250731236896,0.002353141630354524,-0.001668183540305831,0.007118228321876061,0.0823473341015913,0.05731174544484317
201,0.05182666214494851,0.058840435390986504,-0.0051051083419211,-0.01607082458684289,-0.017449686457939966,0.03195651403544279,0.032987146810026395,0.043783032082419
202,-0.023728592557452504,0.040829540244036434,0.01853262344435327,0.010068724907123608,0.022683386114089713,0.016515814760306495,0.13498531885131013,0.12926506844514737
203,0.022755690182547236,-0.08633037716556878,-0.0929254930148846,0.009416902762785275,0.010180296726133154,0.032883772015831446,0.010764415351345306,0.013427251399639835
204,0.0492758897269837,0.016811891915699914,-0.015806339504420387,-0.022624027600938547,0.021486469795082428,0.047198711375346154,0.02734539182641244,0.032177038443231165
205,0.07775323221691115,0.08360971738967124,0.019079517791592983,-0.15049273384696898,-0.06866403183244768,0.015151760354786346,0.02923423138402624,-0.08370626856186839
206,-0.03567382466677644,-0.01046043074501207,0.028225122466648295,0.044647968058535034,-0.04647460886404598,-0.019886363012011198,0.027985131753974917,0.024649406615095838
207,0.22283684317037525,0.02323773830564187,0.03947689379387463,0.009830092162553105,0.04298146736515457,0.07502408584230007,0.06667213500753454,0.06959588102455792
208,0.028516291247346292,0.015487793012481365,-0.09096881126589298,-0.05048555245022713,0.20618471364188823,0.09682711124749349,0.02679779099817386,-0.0074318819833296195
209,-0.04579112302167692,-0.01582101293001888,0.05764210194520755,0.0704862757948348,-0.04677990554653519,-0.06866753903744134,0.010675079839919726,0.04982300929955519
210,-0.04938033602649569,-0.05318883424782888,0.008718766633751039,0.024648367639700457,0.03451567945184562,-0.01021194743165507,0.05069567665689634,0.06346182294238031
211,0.0928494353534945,0.018118850213676558,0.0025336243002390554,-0.10033392389766944,-0.06458021943945189,0.058365230668770134,-0.013287997462302109,-0.05387380003170251
212,0.05543686808800729,-0.02775432483880939,0.0035007798920464336,-0.030645721609290747,0.027910536194669523,0.01970623765645272,0.06570940764382426,0.04614115426521307
213,-0.028890134044899925,0.037347660292486595,-0.020533393111316484,-0.012436708278717812,-0.022863130132851045,0.09687186759712554,0.15927582686149339,0.13331833453538028
214,0.06260025505551696,0.014809530633530106,-0.017449686457939966,0.03195651403544279,0.032987146810026395,0.0434669053884206,-0.015285831653700205,0.002021835830374982
215,0.06351461633079457,0.06771129635265376,0.07331847075741482,0.0021443880627073906,0.015240443207146707,0.05649429316671417,0.022833190338024337,0.06930880348256134
216,-0.00505393398592306,0.027342220336279893,0.032401305533269247,-0.07383617068359147,-0.11268482126922406,0.014874046400746022,0.009961599505911202,0.0329867735043766
217,0.0685423723087051,-0.00311542308986455,0.02744969203863194,0.10401486493516268,0.03510483726889428,0.0183397684187012,-0.0032982567368964053,-0.03826419835710366
218,-0.010432458507049902,0.05886859575445568,0.254888216607517,0.012076025850456295,0.09177072063153116,0.20618471364188823,0.09682711124749349,0.02679779099817386
219,-0.002487481497062186,-0.0027283911528191464,-0.09261339929158924,-0.09093940332212361,-0.07132791565052274,0.058365230668770134,-0.013287997462302109,-0.05387380003170251
220,0.0331860274858787,-0.030944811297452777,-0.06482928669907931,-0.08472219196931578,-0.10825506337615295,0.14392284198243097,-0.04889617861396572,-0.056947025472608256
221,0.022766089298742888,0.013963011136263486,0.009327660659956114,0.016357579018128617,-0.01475725902830638,-0.02942832466642877,0.03660958204538981,0.04647911062049513
222,0.050512162209031305,-0.029910882190410843,0.09395215948939031,0.024905751099002196,0.04188973617586783,0.06439905428187961,-0.03131264418074811,0.09314832120171126
223,0.0014569153378469603,0.004961207336632868,-0.15464392607940886,-0.07638695467008619,0.0062943424767758155,0.03251710760405471,-0.07682537110950548,-0.020352219706992098
224,-0.011200022754991325,0.017044371176663856,0.04724433085543002,-0.011456943698128315,-0.016235574331397593,-0.02641509517482331,0.02349940927067805,-0.016313320641010303
225,-0.07638695467008619,0.0062943424767758155,0.03251710760405471,-0.07682537110950548,-0.020352219706992098,0.006940060669718801,0.033791252003787804,0.009119805272276776
226,0.008367286199831514,0.07633428797990718,-0.04962330899281994,-0.05073514033788832,-0.081205586329834,-0.07649533509282554,0.004887389884845521,0.24334785007519066
227,0.03276785207007106,0.005616486133727918,0.031990468729583256,-0.028890134044899925,0.037347660292486595,-0.020533393111316484,-0.012436708278717812,-0.027914669894337645
228,-0.0162462464960763,0.06081204173790412,0.0012446836373436378,-0.007829901167596347,0.014729815005578295,0.05268977902213795,0.02176619879236522,-0.007656332504046889
229,0.04083681163566783,-0.008660317960369103,-0.02810689182065751,0.02334834607514963,-0.0063949693526819855,-0.02155405246506647,0.07772641030097946,0.031176078979686366
230,-0.011513472180371801,0.03614906441302523,0.005747103245119043,0.07395787540543002,0.042413614625101466,-0.009200394809037693,0.004299657044073789,-0.01473198548039481
231,-0.05562886314565989,0.11104851877539362,0.0408922640134475,0.053467747980834555,-0.02082035187009622,-0.1457170726235326,-0.06833406106931146,0.02056614342377341
232,0.0492758897269837,0.016811891915699914,-0.015806339504420387,-0.022624027600938547,0.021486469795082428,0.047198711375346154,0.03819743807393062,-0.014600470371364999
233,0.05068818011555717,-0.041133885201600016,0.08365555280968927,0.0799543854539114,-0.012964228954416082,0.01848809379400931,0.02217616334093449,0.23535898697636634
234,-0.06866403183244768,0.015151760354786346,0.02923423138402624,-0.08370626856186839,-0.02680846448710192,0.00110658245929761,-0.0019707085426019775,-0.07311732007286383
235,-0.017420439501306575,0.005590047985581276,0.008075881188370368,0.02740464613057831,-0.022181734731348293,0.02314927662310297,0.022755690182547236,-0.08633037716556878
236,-0.03567382466677644,-0.01046043074501207,0.028225122466648295,0.044647968058535034,0.026091687558453626,0.03341163695318257,0.0049317270532911505,0.007477942352647772
237,0.009119805272276776,0.008977307504258474,-0.02549187566543074,0.03916741147349725,-0.030720136272704167,-0.007930492469347556,0.08135867933125521,0.0035082571933744964
238,0.09745846809380196,0.04415707487510739,-0.011378475219155786,-0.0810228182142374,0.005199332304599804,0.012765043902344708,0.04028733948383551,-0.046215488693336235
239,0.20817411967213192,0.009591104411358879,0.05631413212158116,0.042268457879275786,0.005827663009140014,0.020169020825399984,0.07150946280620203,0.04824130298852722
240,0.053648497988271496,-0.019069577522530502,-0.059344447409009064,-0.0976602067509475,-0.0557556817700381,-0.03205603826024159,0.2526262616941449,0.05619929885881941
241,-0.0028759325671209564,0.07791135487191457,0.02344835378555335,0.029657446232651936,0.010578799310315386,0.029152458653708312,0.01081979999768568,-0.02994043999248146
242,0.05674287905853458,0.04682409768225949,0.02423140145385302,0.014796192932722805,0.0823473341015913,0.05731174544484317,0.028748656926538833,-0.006766053924133821
243,0.020149016518727223,0.09243218492997904,0.059001729166159776,0.047856138232220576,-0.02592957193685902,0.0746436849787944,0.02841273061469006,0.029326432832837316
244,-0.09093940332212361,-0.07132791565052274,0.058365230668770134,-0.013287997462302109,-0.05387380003170251,-0.02616373777776799,-0.0004640594308981007,0.06575677282832645
245,0.05618386114043311,0.02554805067516022,-0.011346396815389154,0.00966076592308283,-0.004896598863669388,0.001396149368181709,0.00385394882475879,-0.0035989485344935825
246,0.028516291247346292,0.015487793012481365,-0.02339989814388266,0.009346032013199956,-0.014727339179581215,0.02043033461432674,0.006085282308852949,-0.013945795051438253
247,0.0462263520970877,0.02728045160063736,0.08733021923824424,0.083601952740726,0.03641138496146255,-0.028467015752386745,0.06842655064573248,0.024218604489924928
248,0.033919103148152926,0.04751357520136966,-0.045693205856184464,-0.12218888144058664,-0.03311736690928855,0.029156456970374847,0.020315402513363848,0.006287851614069399
249,-0.08974303515891574,0.017527314762775668,0.028274969972201847,0.06805037220551102,-0.09224236718920345,-0.050209993324580156,0.020283963990658363,-0.0005485705735380322
250,0.1016350791241134,0.01252791852493433,0.05364691489810045,0.05974919523256175,-0.004820745568297918,0.05314037668756117,0.08006599157608939,0.085384685131117
251,0.043707444721036194,0.008125885190452386,0.005839169704932225,0.000596609706238854,-0.003198480817079996,0.014195496796341411,0.005132317567122862,0.003757333222351744
252,0.09682711124749349,0.02679779099817386,-0.0074318819833296195,0.055383400241375814,0.05517479340364767,0.08078541694248285,0.06554334326021176,0.015232563943364053
253,0.05175229404135538,0.07463734568278337,-0.002881656542227375,-0.0038117064568847885,-0.07311732007286383,-0.09889894590370596,-0.07716690882936779,0.05481731158778569
254,0.026650294369621963,0.05023086249500809,0.038317480244124014,0.048659151818756505,0.12790301675578866,0.0497665606655597,0.025957653285422967,0.04728589598410899
255,0.04348820402055349,0.0452438535946445,0.02231189793737722,-0.08581948839162631,-0.06508105366372605,-0.0014427468015152075,-0.004922972172201207,-0.0002762711550266936
256,0.0033421825569468046,-0.04227611970469211,-0.050498900630185264,0.010783273399662228,0.04645933327868312,-0.031242931752715704,-0.04904310773206642,-0.10338315238127574
257,-0.027893117321920374,0.02639861893020655,0.029078939581978474,0.06331349843036885,0.03112869326451413,0.0019359245923828542,0.07623111178269079,0.08287636971891303
258,-0.0131336109081202,0.0506174831210367,0.029590133586593244,0.0060348711455441165,-0.09190603741494878,-0.09492778842213713,0.014249098444838066,0.028343350896880053
259,0.025455493242960484,-0.01650675505206109,0.09376043479837523,0.015178932581916594,0.031711869931220056,0.015325103577544191,0.02367804367127799,0.019082143207103875
260,-0.03457835186186034,0.09907059068764777,0.009525257639794482,0.07623805115305331,-0.04895804795747495,-0.07821917475426834,-0.026852133123197418,0.0030069818919605347
261,-0.1329047130515534,0.08950145097867729,0.20527086862786997,-0.02177030502227734,0.22666738584077392,0.16025330892228135,0.029606206151133886,0.036063760027324546
262,0.06959588102455792,-0.009936918659731264,0.029728891762537946,0.04405507131998533,0.03052499335286702,-0.00496676521662024,-0.11399169447086158,-0.08298762466071503
263,0.004345290344611144,0.001665061697892903,-0.047442740873798926,-0.07246180017492716,-0.038618769215352976,0.0017344377427880998,0.0383700697461459,-0.004229448637686191
264,0.03251710760405471,-0.07682537110950548,-0.020352219706992098,0.006940060669718801,0.033791252003787804,0.009119805272276776,0.008977307504258474,-0.02549187566543074
265,0.04188973617586783,0.06439905428187961,-0.0007330077890140873,0.03764176433914727,0.028238945491498142,0.017238679523561444,-0.08531813387807584,0.051639251347764654
266,0.05543686808800729,-0.02775432483880939,0.0035007798920464336,-0.030645721609290747,0.027910536194669523,0.01970623765645272,0.0806033425771113,-0.06267119191694225
267,-0.034902765518025916,0.005374696990686925,-0.05439192569851582,-0.03603910562800098,-0.05685112987281479,-0.1431778791867063,0.15155688308086152,0.1585077643839471
268,-0.0810228182142374,0.005199332304599804,0.012765043902344708,0.04028733948383551,-0.045389581123573476,-0.043472820294300434,-0.03166469678688542,-0.1329047130515534
269,0.032037542390131735,0.13328823247215815,0.10421237703207416,0.18772419387962436,0.06552574171230927,0.023924418008826748,0.05838048512076765,0.019600514325103572
270,-0.001517564516523798,-0.11481914758854696,-0.05630009286773721,-0.004303363818687617,1.247676490996643e-05,0.03947689379387463,0.009830092162553105,0.04298146736515457
271,-0.045389581123573476,-0.043472820294300434,-0.005719927571950408,-0.03205603826024159,0.2526262616941449,0.05619929885881941,0.07379625291980775,0.15240257127716805
272,0.015024797213813964,0.08978943009235238,0.18811433798098445,0.09021814789768995,0.19038427574162717,-0.002725805564664397,0.02413714607568401,0.05068818011555717
273,-0.014347829529096627,-0.062258592534061,-0.011200022754991325,0.017044371176663856,0.04724433085543002,-0.011456943698128315,-0.016235574331397593,-0.02641509517482331
274,-0.00887580242302415,-0.037987428004655384,-0.049520744039766376,0.051639251347764654,0.019324585345528358,0.08032860536628314,-0.09083556275906199,-0.05630009286773721
275,0.08487372572927601,0.05356779014822743,-0.015332311026208764,0.05668850738506953,0.024910970380971356,0.04444616506221233,0.05750007864095875,0.029486966374752895
276,0.055970802408372225,-0.03677184575890198,-0.1218280230092854,-0.038618769215352976,0.0017344377427880998,0.0383700697461459,-0.004229448637686191,0.04426037679894457
277,-0.034936127697749966,0.008499036672793286,0.03590981164249519,-0.030569674068653747,-0.06118506855572103,-0.15790354778416274,-0.010432458507049902,0.05886859575445568
278,0.06351461633079457,0.06771129635265376,0.07331847075741482,0.0021443880627073906,0.017420702319079724,0.06260025505551696,0.023724233100404488,0.025860773477762753
279,0.020907862155915197,-0.028446372447748804,0.012365818491159804,0.004842037492388549,-0.005316357558475044,-0.01046043074501207,0.028225122466648295,0.044647968058535034
280,0.05731174544484317,0.028748656926538833,-0.006766053924133821,0.007173742178701557,0.028230416585966984,-0.006766053924133821,-0.013687465687720385,-0.014879420061233384
281,0.010783273399662228,0.04645933327868312,-0.031242931752715704,-0.11239877399180889,0.021403949475942596,0.0731629343146659,0.06679229388045187,0.03227390694017979
282,0.007020421424277806,0.00043711952401027877,-0.006680494674934709,0.014945083156067693,0.005167882429577925,-0.006905108733557086,-0.0017539762120736002,-0.0035989485344935825
283,0.0230773999402624,0.006620309188167073,0.025860773477762753,0.017924797219877563,0.023580997183367442,0.017281620614598397,-0.034287320165793035,0.016661813725847092
284,0.1442680668719345,0.09036745043547073,0.20817411967213192,0.009591104411358879,0.05631413212158116,0.042268457879275786,0.005827663009140014,0.020169020825399984
285,0.03797585285006797,0.034830188290305736,-0.0683707738427256,-0.1209672773677749,0.0023554476846316284,0.0281140192679024,0.029280853265727526,0.00342281220920832
286,0.017439536052967712,0.03651849782299039,-0.01713394966401948,0.061073824379587346,0.02616170099294994,-0.0034178765959546687,-0.02871232318376256,-0.016800826856763127
287,0.015240443207146707,0.05649429316671417,0.022833190338024337,0.06930880348256134,0.04671823888313922,0.06257143156554773,-0.031082690526254893,0.002430625486315612
288,0.032177038443231165,0.017355998364001222,0.004345290344611144,0.001665061697892903,-0.007154718189339423,0.02090016898043685,-0.004093450140098699,-0.014982093628872283
289,0.005839169704932225,0.000596609706238854,-0.003198480817079996,0.014195496796341411,0.005132317567122862,-0.016846829757837384,-0.02094376794236849,0.013055502677213972
290,0.008080301731063687,0.06736312926851827,0.06484997864763854,0.05543686808800729,-0.02775432483880939,0.0035007798920464336,-0.030645721609290747,0.027910536194669523
291,0.033791252003787804,0.009119805272276776,0.008977307504258474,-0.02549187566543074,-0.06440578604972177,0.05327822497532394,0.0462263520970877,0.02728045160063736
292,0.06044932323785948,0.031801815482169885,0.017238679523561444,0.16875536995836637,0.22283684317037525,0.02323773830564187,0.03947689379387463,0.009830092162553105
293,-0.002423868950951307,0.01041279437881343,0.046225217964285595,-0.0034178765959546687,-0.02871232318376256,-0.016800826856763127,0.07524696496255062,0.06719771983644916
294,-0.019067498641394894,0.01661130304753056,0.002353511492244803,0.022755690182547236,-0.08633037716556878,-0.0929254930148846,0.009416902762785275,0.010180296726133154
295,-0.05562886314565989,0.11104851877539362,0.0408922640134475,-0.011000442122731982,-0.08258793842706147,-0.014210233821178028,0.05595520268387419,0.017269539927308293
296,-0.0020105680194356466,0.04248574632216505,0.02403911798411785,-0.0006670782883442124,0.03209308509343252,0.032037542390131735,0.13328823247215815,0.10421237703207416
297,0.05846382627014092,0.06370946940140053,-0.025506369445125927,-0.0010058767142069683,-0.027893117321920374,0.02639861893020655,0.029078939581978474,0.06331349843036885
298,-0.052644045068644486,0.057391731731546526,0.04265630603855725,0.022807142819862326,0.02439044517374037,0.017073106277451525,0.020907862155915197,-0.028446372447748804
299,-0.007829901167596347,-0.02712704838623795,0.05550996276826985,-0.042678964071087205,0.023634010206012964,0.07067891964497917,0.015240547515204036,0.027084564191957573
300,0.02841273061469006,0.047442303827898546,0.0685423723087051,-0.00311542308986455,0.02744969203863194,0.02367804367127799,0.011693745795467463,-0.02810689182065751
301,0.06930880348256134,0.04671823888313922,-0.0066750398740466005,0.077739445343134,0.03982964454413606,0.06044932323785948,0.020655242408598253,-0.03567382466677644
302,-0.0162359438464235,-0.09028939417877037,0.047461613453620065,-5.8338600625194406e-05,-0.010248523690522197,-0.15567643467981396,-0.05578242451271492,0.0027414211450370565
303,-0.03845370595166686,0.07462004907188186,0.07988536334400807,0.018118850213676558,0.0025336243002390554,-0.10033392389766944,-0.06031508786027079,0.01974060520282703
304,0.04684663102592058,0.0061949975367046,-0.019068281816173573,-0.0713840292511914,0.0028870675659669913,0.0946013051011754,-0.04511760309730755,-0.05776803244126003
305,-0.05519291734833666,0.041034435089818105,0.012210156230299331,-0.05196133780222694,0.0028742228637099495,0.07942804085490669,0.03591066926944299,-0.03904979439636809
306,0.031990468729583256,-0.028890134044899925,0.037347660292486595,-0.020533393111316484,-0.012436708278717812,-0.027914669894337645,0.10498664055254922,0.022458901633128824
307,-0.0713840292511914,0.0028870675659669913,0.0946013051011754,-0.04511760309730755,-0.05776803244126003,-0.07780113493787241,-0.08523360912573254,0.030474884881794746
308,-0.08823696391282364,0.002721033292247158,-0.005133491311685329,-0.020536539280259742,-0.03904979439636809,-0.08752271000182854,0.021403949475942596,0.06692223099929095
309,0.19476497723196481,0.054359119672220756,0.085384685131117,0.14960067236142724,0.15728314174886657,-0.0007868436390697441,0.026508189548699945,0.06438663738759
310,0.02439044517374037,0.017073106277451525,0.020907862155915197,-0.028446372447748804,0.012365818491159804,0.004842037492388549,-0.03719091389142518,-0.022830988391619886
311,0.17290342797616506,0.11157955438534486,0.17354461860428042,0.005093046603205656,0.03998519926936727,0.04310360874963124,-0.03845370595166686,0.07462004907188186
312,-0.08904977787339634,0.09745846809380196,0.03350732202415864,0.02549543104342842,-0.01976668841756579,0.03660958204538981,0.04647911062049513,-0.04572308988216685
313,-0.020281403748275403,-0.008165117703324998,0.046004160625338054,0.1786110197944668,0.18605162301684083,0.015485571189997131,0.030169365189279703,0.05954689270225735
314,-0.0032982567368964053,-0.03826419835710366,0.031453163421733106,0.021294956482008322,-0.005346549189384994,0.08806943722472424,0.039865583625172084,0.02089075324177436
315,0.06319230671727441,0.07424945199336273,0.0540311695998272,-0.00521909168479309,0.05102624206575158,0.020933622671211866,0.04590908523343384,0.05961348252391238
316,0.15927582686149339,0.13331833453538028,0.005168656270110838,0.01860029890708141,0.06669800285182495,0.033619419513257524,0.09660961896248449,0.03875830766692102
317,0.02841273061469006,0.047442303827898546,0.0685423723087051,-0.00311542308986455,0.02744969203863194,0.10401486493516268,0.03510483726889428,0.0183397684187012
318,-0.06504903210521822,-0.011188332158927672,0.02420862082602183,0.018756038382954834,0.0017344377427880998,0.0383700697461459,0.0036272853457810644,0.008772262157337138
319,-0.0810228182142374,0.005199332304599804,0.012765043902344708,0.04028733948383551,-0.045389581123573476,-0.043472820294300434,-0.03166469678688542,-0.1329047130515534
320,0.03591066926944299,-0.03904979439636809,-0.018413766748717374,-0.004089574664219004,0.0014569153378469603,0.004961207336632868,-0.15464392607940886,-0.07638695467008619
321,-0.001517564516523798,-0.14258923569181944,-0.06851762111446583,-0.028919930259445434,0.04248151104216597,-0.02927708533922444,-0.05873782374826621,-0.002078462731864636
322,0.08570673383282468,0.009428846587031999,0.02435138468706542,0.02604189038723279,0.019549987029530605,0.023175625805814403,-0.03553245916052851,0.02849595128758009
323,-0.03719091389142518,-0.022830988391619886,0.06797811455886198,0.07420012214525842,-0.02068948773455074,-0.11401019796634879,-0.0557556817700381,-0.03205603826024159
324,-0.03136287361237509,-0.01315090154732808,-0.037196617343158475,0.09745846809380196,0.04415707487510739,-0.011378475219155786,-0.0810228182142374,0.005199332304599804
325,0.031861365171198065,-0.060927950869310125,-0.1210164422543071,-0.034936127697749966,0.008499036672793286,0.0857087410304189,0.010317181748331648,0.029239223785477764
326,0.029152458653708312,0.01081979999768568,-0.02994043999248146,0.00732898516381754,0.05995137854089018,-0.019269455674365138,0.05607678211970807,0.020127943408622548
327,0.013393092697523859,-5.8338600625194406e-05,-0.010248523690522197,-0.15567643467981396,-0.05578242451271492,-0.04031801825411205,0.008475104952900851,0.02765786528493706
328,0.01685672166555747,0.025860773477762753,0.017924797219877563,0.023580997183367442,0.017281620614598397,-0.034287320165793035,0.016661813725847092,0.017238679523561444
329,-0.014915528487025423,0.012365818491159804,0.004842037492388549,-0.03719091389142518,-0.022830988391619886,0.06797811455886198,0.07420012214525842,-0.02068948773455074
330,0.09687186759712554,0.15927582686149339,0.13331833453538028,0.005168656270110838,0.01860029890708141,0.07211641421899179,0.02699928247404044,0.05454706420919959
331,0.007221085628945011,0.009346032013199956,-0.014727339179581215,0.02043033461432674,0.006085282308852949,-0.013945795051438253,-0.027931969716044284,0.01728691729676725
332,0.02815498806673793,-0.03457835186186034,0.09907059068764777,0.06346799439646021,0.001623004560214426,-0.01534755215224717,-0.09563878585135667,-0.034902765518025916
333,-0.02068948773455074,-0.08974303515891574,0.017527314762775668,0.028274969972201847,0.0331860274858787,-0.06097355054458573,-0.00032777770516052976,0.0281140192679024
334,0.022807142819862326,0.02439044517374037,0.017073106277451525,0.020907862155915197,-0.028446372447748804,0.012365818491159804,0.004842037492388549,-0.03719091389142518
335,0.04444616506221233,0.05750007864095875,0.029486966374752895,0.008080301731063687,0.06736312926851827,0.06484997864763854,0.05543686808800729,-0.02775432483880939
336,-0.07961222794449035,-0.02486485722016533,-0.002487481497062186,-0.0027283911528191464,-0.09261339929158924,-0.09093940332212361,-0.07132791565052274,0.058365230668770134
337,-0.004303363818687617,-0.000764935061800556,-0.0015810793213288728,-0.14639355121872283,-0.08529826441375793,0.007108112278546442,0.04154225173810074,-0.06581065085683803
338,0.031453163421733106,0.021294956482008322,-0.005346549189384994,0.08806943722472424,0.039865583625172084,-0.015285831653700205,0.002021835830374982,-0.0018427708801756102
339,0.004345290344611144,0.001665061697892903,-0.007154718189339423,0.02090016898043685,-0.004093450140098699,-0.014982093628872283,-0.015130296811596812,0.009028741917982133
340,0.002996970439633211,0.07365042419861502,0.05846382627014092,0.06370946940140053,-0.025506369445125927,0.027396583899171743,0.0331153666186435,0.008772262157337138
341,0.035793694190449386,0.04806240645073723,0.016226096778767064,-0.03269455800362337,0.09547372235376145,0.07520625932878826,0.001623004560214426,-0.01534755215224717
342,-0.008671695817373782,-0.017376977939665986,0.03797585285006797,0.034830188290305736,-0.0683707738427256,-0.1209672773677749,0.0023554476846316284,0.05169222756056681
343,0.01695469225262917,0.020712984020955096,0.005437065094973533,0.05017535607181645,0.04979001272479147,0.08622357462744075,0.055909746701747885,0.037811335473967846
344,0.08188430983930227,0.0441216471640192,-0.019269455674365138,0.05607678211970807,0.0787970060987223,0.031176078979686366,0.04836539532397675,0.02679779099817386
345,-0.04227611970469211,-0.050498900630185264,0.010783273399662228,0.04645933327868312,-0.031242931752715704,-0.04904310773206642,-0.10338315238127574,-0.05509488366834008
346,-0.1457170726235326,-0.06833406106931146,0.02056614342377341,0.020327262293546484,-0.08889000711334612,0.008442502072560752,-0.03322227229726265,0.06547859457587751
347,-0.022856495367242196,-0.004517566543534055,-0.07031992292326242,0.12512951565687028,0.04630595254479673,0.0033421825569468046,-0.04227611970469211,-0.050498900630185264
348,-0.07638695467008619,0.0062943424767758155,0.03251710760405471,-0.07682537110950548,-0.020352219706992098,0.006940060669718801,0.033791252003787804,0.009119805272276776
349,0.0506174831210367,-0.0031455015921875735,0.04556569985235456,0.020701877565899043,0.06392473766982591,0.17290342797616506,0.11157955438534486,0.17354461860428042
350,0.03112869326451413,0.0019359245923828542,0.007020421424277806,0.00043711952401027877,-0.006680494674934709,0.014945083156067693,0.005167882429577925,-0.006905108733557086
351,0.037811335473967846,-0.026074719040020927,0.0927671693931366,0.010791209501792631,0.06260025505551696,0.05214769454175549,-0.01255877680473109,0.06719771983644916
352,0.1585077643839471,0.046004160625338054,0.036698187509295356,0.0462263520970877,0.02728045160063736,0.08733021923824424,0.083601952740726,0.03641138496146255
353,0.03195651403544279,0.032987146810026395,-0.056993886620156656,-0.05616080316826022,-0.15957931500483433,0.00963737490581092,0.044233642604987015,0.24223348615295345
354,-0.049407531129056194,-0.1434132833015306,-0.009326092852967406,0.05522655912088008,0.011257117079635537,0.009885871632892783,0.013450894429110424,0.02415492521826854
355,0.032177038443231165,0.017355998364001222,0.009620180653809512,0.019290237091062958,0.00022826238394464397,0.07698443952173475,0.15261343281996542,0.09511245755734427
356,-0.014683768648714483,0.06623824382816598,0.0022284959874056313,-0.02871232318376256,-0.016800826856763127,0.019385155276800098,-0.0028759325671209564,0.07791135487191457
357,0.04684663102592058,0.0061949975367046,-0.019068281816173573,-0.0713840292511914,0.010955292270439931,0.20527086862786997,-0.02177030502227734,0.22666738584077392
358,0.007974038851990953,-0.017751195343342213,-0.020869068846696422,0.016721652182922028,0.03808185594297404,-0.00496676521662024,-0.11399169447086158,-0.049836214814286114
359,0.03112869326451413,0.0019359245923828542,0.007020421424277806,0.047513179029643096,0.004842037492388549,-0.03719091389142518,0.054022460451396866,0.03341163695318257
360,-0.04624443418091701,0.07546919914540791,-0.052644045068644486,0.057391731731546526,0.04265630603855725,0.012569993355788482,-0.06110037982224164,0.07946234483177844
361,-0.009372199840067003,0.001754605321988245,-0.001517564516523798,-0.14258923569181944,-0.06851762111446583,-0.1015159413998933,-0.15150570607103517,0.00963737490581092
362,-0.03311736690928855,0.029156456970374847,0.020315402513363848,0.006287851614069399,0.029239223785477764,0.016288290926872614,0.1315825200212921,0.1367068347800229
363,0.057498151475025974,-0.03099676014357284,-0.043975960300684125,0.006940060669718801,0.033791252003787804,0.009119805272276776,0.008977307504258474,-0.02549187566543074
364,0.06439905428187961,-0.0007330077890140873,0.03764176433914727,0.08734846799044324,0.03790628799489715,0.022684370018144242,-0.013293106975691601,-0.019886363012011198
365,0.020435228983264355,0.006297766455834597,-0.01669743734389148,-0.0253224956421449,0.04237123697766942,0.034037086276389676,-0.049407531129056194,-0.1434132833015306
366,0.016811891915699914,-0.015806339504420387,-0.022624027600938547,0.021486469795082428,0.047198711375346154,0.02734539182641244,0.032177038443231165,0.017355998364001222
367,0.09243218492997904,0.059001729166159776,0.047856138232220576,-0.02592957193685902,0.0746436849787944,0.02841273061469006,0.047442303827898546,0.0685423723087051
368,-0.011456943698128315,-0.016235574331397593,-0.02641509517482331,-0.009936918659731264,0.029728891762537946,0.04273990916984291,0.04444616506221233,0.05750007864095875
369,0.02157137338810507,0.0230773999402624,0.007822680867767927,0.03141904600384711,-0.014865073275704896,0.037043997380734404,-0.04056938058421847,-0.005637525045480252
370,-0.015285831653700205,0.002021835830374982,-0.0018427708801756102,0.023894110310753357,0.0329867735043766,0.004729783438254615,0.021012075726165945,0.053974597623704164
371,0.1442516967700536,0.12849048001054955,0.020712984020955096,0.005437065094973533,0.05017535607181645,0.04979001272479147,0.08622357462744075,0.055909746701747885
372,0.05631413212158116,0.042268457879275786,0.005827663009140014,0.020169020825399984,0.07150946280620203,0.04824130298852722,0.016537414449602463,0.04208878513039831
373,0.06661143319110473,0.015487793012481365,-0.09096881126589298,-0.05048555245022713,-0.004089574664219004,0.0014569153378469603,0.004961207336632868,-0.15464392607940886
374,0.05268977902213795,0.02176619879236522,-0.007656332504046889,-0.03507399595771937,0.016940676610758692,0.02902295906132065,-0.008191109106544123,0.0900989218150235
375,-0.08633037716556878,-0.0929254930148846,-0.007530160315831419,-0.004229448637686191,0.04426037679894457,0.015024797213813964,0.08978943009235238,0.18811433798098445
376,0.11011995149387833,0.03595651255263394,0.1784795106950509,0.17095955027704018,-0.011320186630305316,0.05327822497532394,0.0462263520970877,0.02728045160063736
377,0.06351461633079457,0.06771129635265376,0.07331847075741482,0.0021443880627073906,0.015240443207146707,0.05649429316671417,0.022833190338024337,0.06930880348256134
378,-0.01994919054152854,0.0320296105725281,0.0748770995501764,0.028516291247346292,0.015487793012481365,-0.09096881126589298,-0.05048555245022713,0.012823347025684417
379,0.005856854528186469,0.02278155912917828,-0.02456315189035098,0.03329672356968668,-0.03136287361237509,-0.01315090154732808,-0.037196617343158475,0.12263746442363191
380,-0.011188332158927672,0.02420862082602183,0.028737402589274815,-0.033475418142976346,-0.05616080316826022,-0.15957931500483433,0.00963737490581092,0.044233642604987015
381,0.008527595105345247,-0.010202013685965725,-0.0007087971577727721,0.01219014238418171,0.016357579018128617,-0.01475725902830638,-0.02942832466642877,0.03660958204538981
382,-0.033074350021090174,0.04800823393719242,-0.02996308879641303,-0.020846727225749255,0.10256063737013693,0.011702624363025375,0.0417510739700792,-3.963623685946036e-05
383,-0.06110037982224164,0.07946234483177844,0.04684663102592058,0.0061949975367046,-0.019068281816173573,-0.0713840292511914,0.0028870675659669913,0.0946013051011754
384,0.03779158738155633,0.00851847444375363,0.021435570978467603,0.015126061979743104,-0.02792503850162619,0.004381774557754737,0.01639230386462114,-0.06110037982224164
385,0.1016350791241134,0.01252791852493433,0.05364691489810045,0.05974919523256175,-0.004820745568297918,0.05314037668756117,0.07310831228205482,0.05407329072383777
386,0.028748656926538833,-0.006766053924133821,-0.013687465687720385,-0.014879420061233384,0.04075575076692455,0.02740464613057831,-0.022181734731348293,0.03302551187024177
387,-0.03163850228123829,-0.0883003365479709,-0.02646807590070384,-0.005133491311685329,-0.02569898197541737,0.012210156230299331,-0.05196133780222694,0.0028742228637099495
388,0.02043033461432674,0.006085282308852949,-0.013945795051438253,-0.027931969716044284,0.020422863599038738,0.0576371770949132,-0.00166020575165368,0.03982964454413606
389,-0.01650675505206109,0.09376043479837523,0.015178932581916594,0.031711869931220056,0.015325103577544191,0.02367804367127799,0.019082143207103875,-0.05519291734833666
390,0.013963011136263486,-0.01443544461218946,-0.019067498641394894,0.01661130304753056,0.03344219636572042,0.019644900767271215,0.061907521205541424,0.04354140256395621
391,-0.03163850228123829,-0.0883003365479709,-0.02486485722016533,-0.002487481497062186,-0.0027283911528191464,-0.09261339929158924,-0.09093940332212361,-0.07132791565052274
392,-0.004922972172201207,-0.0002762711550266936,-0.1449848810164573,-0.07282663330833591,-0.011106035712797547,0.04490965294620502,-0.04938033602649569,-0.05318883424782888
393,-0.03647529900603461,0.09314832120171126,0.0720908090417364,-0.001832860749488936,-0.008054504811190783,-0.09009055783775237,-0.04822456859237323,0.011789268251337469
394,0.019385155276800098,-0.0028759325671209564,0.07791135487191457,0.02344835378555335,0.029657446232651936,0.010578799310315386,0.136522946793022,0.1367068347800229
395,0.04751357520136966,-0.005049697410313444,-0.006680494674934709,0.014945083156067693,0.005167882429577925,-0.006905108733557086,-0.01669212964781399,0.0011471072145716112
396,0.03195651403544279,0.032987146810026395,0.043783032082419,0.03344474957879514,0.0029025417067542396,0.007221085628945011,-0.009140476514156953,-0.005535919993249112
397,0.010675079839919726,0.04982300929955519,0.021457461599548977,-0.05439192569851582,-0.03603910562800098,-0.05685112987281479,-0.1431778791867063,0.15155688308086152
398,0.0331153666186435,0.008772262157337138,0.03948925873048987,0.005521986037352872,0.01176036235985129,-0.0040099439253633,-0.04624443418091701,0.07546919914540791
399,0.011257117079635537,-0.01835815366725354,0.11178376376371055,0.23686636505316352,0.05075880985350582,0.02759643671691845,-0.005297334717018741,0.04362908020510141
400,0.037043997380734404,-0.04056938058421847,-0.005637525045480252,-0.025838511639785726,0.11886890957762948,0.005320447429078421,-0.011443240120825341,-0.06504903210521822
401,-0.031082690526254893,0.002430625486315612,0.07570685403943211,0.013127471629898833,0.043498732633943174,0.006171945495862345,0.0313435380150615,-0.012788132184603986
402,0.001374842288426062,0.016131477872899806,0.04083681163566783,-0.008660317960369103,-0.02810689182065751,0.02334834607514963,-0.0063949693526819855,-0.02155405246506647
403,0.06973336839553607,0.08490533966392713,0.02921620650682846,0.00644725239090928,-0.10003620956022498,-0.055412634380477395,0.013393092697523859,-5.8338600625194406e-05
404,-0.018978511458347606,-0.15049273384696898,-0.06866403183244768,0.015151760354786346,0.010054881187998547,0.032037542390131735,0.13328823247215815,0.10421237703207416
405,0.03971595674933848,-0.06267119191694225,-0.0777020536288688,-0.015065250731236896,0.002353141630354524,-0.001668183540305831,-0.12036325534435462,-0.08772596864057779
406,-0.09028939417877037,-0.002782893872620861,0.07608944778980152,-0.0005898371524523021,-0.0489350186692615,-0.06482928669907931,-0.08472219196931578,-0.10825506337615295
407,-0.06851762111446583,-0.028919930259445434,0.04248151104216597,-0.02927708533922444,-0.05873782374826621,0.001374842288426062,0.016131477872899806,0.04083681163566783
408,0.017044371176663856,0.04724433085543002,-0.011456943698128315,-0.016235574331397593,-0.02641509517482331,0.06980416150228294,0.030169365189279703,0.05954689270225735
409,0.1864918273196731,0.1912402838473926,-0.007339068801813674,0.032708833873126085,0.050713076916418395,0.02991114106029612,0.07775323221691115,0.08360971738967124
410,0.01848809379400931,-0.10478409704311777,-0.050209993324580156,0.020283963990658363,-0.0005485705735380322,-0.01938484730921016,-0.1457170726235326,-0.06833406106931146
411,0.03804580521943836,-0.056947025472608256,-0.08296368035457874,-0.12481355296141478,0.2341697026224454,0.11449748966614386,0.04721335484869471,0.1864918273196731
412,0.05481731158778569,-0.005529137560678465,-0.06566738679306296,-0.020389869958670415,0.0017092297775827784,0.054506732458693474,0.13328823247215815,0.10421237703207416
413,0.023766878111643536,0.020315402513363848,0.006287851614069399,0.029239223785477764,0.016288290926872614,0.1315825200212921,0.1367068347800229,0.1311532579188743
414,0.02043033461432674,0.006085282308852949,-0.013945795051438253,-0.027931969716044284,0.020422863599038738,0.0576371770949132,-0.026072889377660884,-0.12253989570409915
415,-0.02712704838623795,0.05550996276826985,-0.042678964071087205,0.023634010206012964,0.07067891964497917,0.015240547515204036,0.027084564191957573,0.008075881188370368
416,0.024600949002244726,0.003387299348614436,-0.020431440671730198,0.01998665997633142,-0.031082690526254893,0.002430625486315612,0.07570685403943211,0.013127471629898833
417,0.07420012214525842,-0.02068948773455074,-0.08974303515891574,0.017527314762775668,0.028274969972201847,0.0331860274858787,-0.06097355054458573,-0.022169872968913627
418,-0.0021335904868741654,0.0331153666186435,0.008772262157337138,0.03948925873048987,0.005521986037352872,0.09381664737022734,0.14083582185004723,0.09874539105052259
419,0.13679031692311297,0.061423026916350355,-0.009866661182637375,-0.029950006555454843,0.041625614727588994,0.03305770518251055,0.03261359640232789,-0.011346396815389154
420,-0.037715375123555536,-0.05917818288180227,0.008367286199831514,0.07633428797990718,-0.04962330899281994,-0.05073514033788832,-0.081205586329834,-0.07649533509282554
421,0.020315402513363848,0.006287851614069399,0.029239223785477764,0.016288290926872614,0.1315825200212921,0.1367068347800229,0.1311532579188743,0.11131571440938633
422,-0.0040099439253633,-0.04624443418091701,0.07546919914540791,-0.052644045068644486,0.057391731731546526,0.04265630603855725,0.022807142819862326,0.02439044517374037
423,0.06679229388045187,0.03227390694017979,-0.0003017896428719151,-0.027010873579979045,0.008916525731747144,0.02176619879236522,0.045231457348132595,0.02734539182641244
424,0.03251710760405471,-0.07682537110950548,-0.020352219706992098,0.006940060669718801,0.033791252003787804,0.009119805272276776,0.008977307504258474,-0.02549187566543074
425,0.037347660292486595,-0.020533393111316484,-0.012436708278717812,-0.027914669894337645,0.10498664055254922,0.022458901633128824,-0.007778741942306582,-0.03716115413325973
426,0.017044371176663856,0.04724433085543002,-0.011456943698128315,-0.016235574331397593,-0.02641509517482331,0.02349940927067805,-0.016313320641010303,0.09849201751450516
427,0.0562120907260079,0.08487372572927601,0.05356779014822743,-0.015332311026208764,0.05668850738506953,0.024910970380971356,0.04444616506221233,0.05750007864095875
428,-0.0014347097716089039,-0.0162462464960763,0.06081204173790412,0.0012446836373436378,-0.007829901167596347,-0.02712704838623795,0.02431278111803216,0.059001729166159776
429,0.008772262157337138,0.03948925873048987,0.005521986037352872,0.09381664737022734,0.14083582185004723,0.09874539105052259,0.1980595960206749,-0.007250054133614382
430,-0.02549187566543074,0.052283498780486555,0.033619419513257524,0.09660961896248449,0.03875830766692102,0.042671270030834596,-0.031419770986970096,0.1016350791241134
431,0.03483200682607578,0.09687186759712554,0.15927582686149339,0.13331833453538028,0.005168656270110838,0.01860029890708141,0.06669800285182495,0.033619419513257524
432,-0.009326092852967406,0.05522655912088008,0.011257117079635537,0.009885871632892783,0.013450894429110424,0.02415492521826854,0.13679031692311297,0.12367975797769766
433,0.016661813725847092,0.017238679523561444,-0.06753676652016552,0.0028742228637099495,0.06874614537277472,-0.01970843724354158,-0.001764216062209568,-0.06529203476732443
434,0.07369538944811423,0.03904977210986973,0.015847352608689344,-0.01262927522922229,0.09265456436381819,0.0452438535946445,0.02231189793737722,-0.08581948839162631
435,0.009961599505911202,0.0329867735043766,0.004729783438254615,0.021012075726165945,0.053974597623704164,0.1400620490374982,0.07715438445561038,0.2127050409126765
436,0.06552574171230927,-0.06231734572732671,-0.05048555245022713,0.10802047153998859,0.11011995149387833,0.03595651255263394,0.1784795106950509,0.17095955027704018
437,-0.03268418807681166,0.024820507352673524,0.05454457330743639,0.02157137338810507,0.0230773999402624,0.007822680867767927,0.03141904600384711,-0.014865073275704896
438,0.06516418858680059,0.0492758897269837,0.016811891915699914,-0.015806339504420387,-0.022624027600938547,0.021486469795082428,0.047198711375346154,0.02734539182641244
439,0.037347660292486595,-0.020533393111316484,-0.012436708278717812,-0.027914669894337645,0.10498664055254922,0.022458901633128824,-0.007778741942306582,-0.03716115413325973
440,0.1980595960206749,-0.007250054133614382,0.05536150111826453,0.04405280732275557,-0.03381423652864563,0.05537910869697455,0.08490533966392713,0.02921620650682846
441,0.03982964454413606,0.06044932323785948,0.020655242408598253,-0.03567382466677644,-0.01046043074501207,0.028225122466648295,0.044647968058535034,0.04180888485212616
442,0.007477942352647772,0.006612771198706547,-0.010420765207966178,0.02533286362303029,0.06955765772722593,0.18772419387962436,0.07777056570320093,-0.03099676014357284
443,-0.009200394809037693,0.004299657044073789,-0.01473198548039481,0.0033751049213474834,0.011213727722435705,0.013538887880741127,-0.009866661182637375,-0.029950006555454843
444,0.00385394882475879,-0.0035989485344935825,-0.008671695817373782,-0.017376977939665986,0.03797585285006797,0.034830188290305736,-0.0683707738427256,-0.1209672773677749
445,0.004842037492388549,-0.03719091389142518,-0.022830988391619886,0.06797811455886198,0.07420012214525842,-0.02068948773455074,-0.04132194973583917,0.014874046400746022
446,0.023634010206012964,0.07067891964497917,0.015240547515204036,0.027084564191957573,0.008075881188370368,0.02740464613057831,-0.022181734731348293,0.03302551187024177
447,0.04751357520136966,-0.045693205856184464,-0.12218888144058664,-0.03311736690928855,0.029156456970374847,0.020315402513363848,0.006287851614069399,0.029239223785477764
448,0.021403949475942596,0.06692223099929095,0.042534047615378365,-0.04962330899281994,-0.05073514033788832,-0.081205586329834,-0.07649533509282554,0.004887389884845521
449,0.05023086249500809,0.021330709658760057,-0.034785772257091875,0.10183186860558922,0.05790043189516751,0.020841236177624917,-0.03163850228123829,-0.0883003365479709
450,-0.03904979439636809,-0.08752271000182854,0.021403949475942596,0.06692223099929095,0.005262864003230632,-0.04889617861396572,-0.056947025472608256,-0.08296368035457874
451,-0.033401786587522055,0.0011471072145716112,-0.05562886314565989,0.01475708766536015,-0.007778741942306582,-0.03716115413325973,-0.034936127697749966,0.008499036672793286
452,0.002013993368322598,0.04614115426521307,-0.005814780866760401,0.008527595105345247,-0.010202013685965725,-0.0007087971577727721,0.01219014238418171,0.016357579018128617
453,0.06260025505551696,0.05214769454175549,-0.01255877680473109,0.06719771983644916,0.06516418858680059,0.0492758897269837,0.016811891915699914,-0.015806339504420387
454,-0.016235574331397593,-0.02641509517482331,0.02349940927067805,-0.016313320641010303,0.09849201751450516,0.01685672166555747,0.025860773477762753,0.017924797219877563
455,0.000596609706238854,-0.003198480817079996,0.014195496796341411,0.005132317567122862,-0.016846829757837384,-0.02094376794236849,0.013055502677213972,0.03913718739332794
456,0.08570673383282468,0.009428846587031999,0.02435138468706542,0.02604189038723279,0.019549987029530605,0.023175625805814403,-0.03553245916052851,0.02849595128758009
457,0.03947689379387463,0.009830092162553105,0.04298146736515457,0.07502408584230007,0.06667213500753454,0.06959588102455792,-0.009936918659731264,0.029728891762537946
458,0.01970623765645272,0.06570940764382426,0.04614115426521307,-0.005814780866760401,0.008527595105345247,-0.010202013685965725,-0.0007087971577727721,0.01219014238418171
459,0.021330709658760057,-0.034785772257091875,0.08744303057156178,-0.009200394809037693,0.004299657044073789,-0.01473198548039481,0.0033751049213474834,0.011213727722435705
460,-0.08529826441375793,0.007108112278546442,0.04154225173810074,-0.06581065085683803,-0.03708679732269814,0.001374842288426062,0.016131477872899806,0.04083681163566783
461,0.026091687558453626,0.03341163695318257,0.0049317270532911505,0.007477942352647772,-0.006075261359225377,-0.03716115413325973,-0.034936127697749966,0.008499036672793286
462,0.06959588102455792,-0.009936918659731264,0.029728891762537946,0.04405507131998533,0.036452961892731166,0.063505960378669,0.039632328378430816,-0.0027070038742869756
463,0.048659151818756505,0.12790301675578866,0.11004866409985843,0.1786296003926594,0.057001927295215075,0.025957653285422967,0.04728589598410899,0.0339515426218907
464,-0.11916443213939447,0.06461142211478281,0.23535898697636634,-0.013624535480764548,0.22798934083862815,0.16445608965141556,0.025929747822988528,0.036219566792590606
465,0.029239223785477764,0.016288290926872614,0.1315825200212921,0.1367068347800229,0.1311532579188743,0.11131571440938633,0.035793694190449386,0.04806240645073723
466,-0.005637525045480252,-0.025838511639785726,0.11886890957762948,0.005320447429078421,-0.011443240120825341,-0.06504903210521822,-0.011188332158927672,0.02420862082602183
467,0.06516418858680059,0.0492758897269837,0.016811891915699914,-0.015806339504420387,-0.022624027600938547,-0.03678178686432624,0.03195651403544279,0.032987146810026395
468,-0.0008676718911454405,-0.0018427708801756102,-0.0033481605894797144,0.012649918105789538,0.02222250371625227,0.0031790701162829277,-0.004489316240323887,-0.008127589068975276
469,-0.04850554726351195,0.026955011035204188,0.06436676991295626,0.02303278315861766,0.023504173591286825,0.014790474462585109,0.02278155912917828,-0.02456315189035098
470,0.07633428797990718,-0.04962330899281994,-0.05073514033788832,-0.081205586329834,-0.11429277311066575,0.05886859575445568,0.254888216607517,0.012076025850456295
471,0.08360971738967124,0.0441216471640192,-0.019269455674365138,0.05607678211970807,0.020127943408622548,0.0528040198596846,0.06414806547249353,0.010441241355893008
472,0.263310632907053,0.17278725760895416,0.05618386114043311,0.02554805067516022,-0.011346396815389154,0.00966076592308283,-0.004896598863669388,0.001396149368181709
473,-0.050498900630185264,0.010783273399662228,0.04645933327868312,-0.031242931752715704,-0.04904310773206642,-0.10338315238127574,-0.05509488366834008,0.011611238192971548
474,-0.013293106975691601,-0.019886363012011198,0.027985131753974917,0.024649406615095838,0.02232662736483993,0.05618386114043311,0.015094064731235318,0.005132317567122862
475,-0.03651943588496546,0.008475104952900851,0.02765786528493706,0.024600949002244726,0.0035614650209232733,0.07698443952173475,0.15261343281996542,0.09511245755734427
476,0.04415707487510739,-0.011378475219155786,-0.0810228182142374,0.005199332304599804,0.1515715022832799,0.1585077643839471,0.12107916371213193,0.08490533966392713
477,0.026650294369621963,0.05023086249500809,0.021330709658760057,-0.034785772257091875,0.10183186860558922,0.0799543854539114,-0.012964228954416082,0.01848809379400931
478,0.009346032013199956,-0.014727339179581215,0.02043033461432674,0.006085282308852949,-0.013945795051438253,-0.027931969716044284,0.020422863599038738,0.0576371770949132
479,0.029280853265727526,0.00342281220920832,0.01961569337155239,0.048659151818756505,0.12790301675578866,0.11004866409985843,0.1786296003926594,0.057001927295215075
480,0.037347660292486595,-0.003597697709391588,0.05750007864095875,0.029486966374752895,0.008080301731063687,0.06736312926851827,0.06484997864763854,0.05543686808800729
481,-0.06866403183244768,-0.0202571643209488,0.01219014238418171,0.016357579018128617,-0.01475725902830638,-0.02942832466642877,0.03660958204538981,0.04647911062049513
482,0.08360971738967124,0.0441216471640192,-0.019269455674365138,0.05607678211970807,0.020127943408622548,0.0528040198596846,0.06414806547249353,-0.011038383312182402
483,0.00644725239090928,-0.10003620956022498,-0.055412634380477395,0.013393092697523859,-5.8338600625194406e-05,-0.010248523690522197,-0.15567643467981396,-0.05578242451271492
484,0.12926506844514737,0.08926916255504835,-0.022856495367242196,-0.004517566543534055,-0.07031992292326242,0.12512951565687028,0.04630595254479673,0.0033421825569468046
485,-0.01443544461218946,-0.019067498641394894,0.01661130304753056,0.030664593091042983,0.045526761041284745,0.021049862769594634,0.026352301379043326,0.0012990776355567737
486,-0.03647529900603461,0.09314832120171126,0.0720908090417364,-0.001832860749488936,-0.008054504811190783,-0.09009055783775237,-0.04822456859237323,0.011789268251337469
487,0.03344474957879514,0.04231995817423522,-0.02927708533922444,-0.05873782374826621,0.001374842288426062,0.016131477872899806,0.04083681163566783,-0.008660317960369103
488,0.06439905428187961,-0.0007330077890140873,0.03764176433914727,0.08734846799044324,0.03790628799489715,0.022684370018144242,0.041640533484285175,-0.049407531129056194
489,-0.01650675505206109,0.09376043479837523,0.015178932581916594,0.031711869931220056,0.015325103577544191,0.02367804367127799,0.019082143207103875,-0.05519291734833666
490,0.009591104411358879,0.05631413212158116,0.028304002446684132,-0.045389581123573476,-0.043472820294300434,-0.03166469678688542,-0.1329047130515534,0.08950145097867729
491,-0.0028759325671209564,0.07791135487191457,0.02344835378555335,0.029657446232651936,0.010578799310315386,0.029152458653708312,0.01081979999768568,-0.02994043999248146
492,0.06260025505551696,0.05214769454175549,-0.01255877680473109,0.06719771983644916,0.06516418858680059,0.0492758897269837,0.016811891915699914,-0.015806339504420387
493,0.05522655912088008,0.011257117079635537,0.01699287118561678,0.02870977967473705,0.022755690182547236,-0.08633037716556878,-0.11550328589026215,0.05369791876574997
494,-0.03733961587054379,0.014790474462585109,0.02278155912917828,-0.02456315189035098,0.03329672356968668,-0.03136287361237509,-0.01315090154732808,-0.037196617343158475
495,0.02744969203863194,0.10401486493516268,0.03510483726889428,0.0183397684187012,-0.0032982567368964053,-0.03826419835710366,0.031453163421733106,0.021294956482008322
496,-0.10033392389766944,-0.06031508786027079,-0.06711143021698956,-0.009372199840067003,0.001754605321988245,-0.001517564516523798,-0.14258923569181944,-0.06623574447686792
497,0.008442502072560752,-0.03322227229726265,0.06547859457587751,0.012552498632147085,-0.0005763305691675266,-0.039406788034806274,0.06748800444979743,-0.04850554726351195
498,0.04806240645073723,0.016226096778767064,-0.03269455800362337,0.09547372235376145,0.07520625932878826,0.001623004560214426,-0.01534755215224717,-0.09563878585135667
499,0.03483200682607578,0.09687186759712554,0.15927582686149339,0.13331833453538028,0.005168656270110838,0.01860029890708141,0.06669800285182495,0.033619419513257524
500,-0.037715375123555536,-0.05917818288180227,0.008367286199831514,0.07633428797990718,-0.04962330899281994,-0.05073514033788832,-0.081205586329834,-0.07649533509282554
501,-0.05685112987281479,-0.1431778791867063,0.15155688308086152,0.1585077643839471,0.046004160625338054,0.1786110197944668,0.18605162301684083,0.015485571189997131
502,0.030664593091042983,0.045526761041284745,0.021049862769594634,0.026352301379043326,0.0012990776355567737,0.007170867643536217,-0.011679526504085241,0.007461879601311705
503,-0.022169872968913627,-0.05821588772622714,-0.11916443213939447,0.06461142211478281,0.23535898697636634,-0.013624535480764548,0.22798934083862815,0.16445608965141556
504,-0.03553245916052851,0.02849595128758009,0.006364926000034128,-0.04579112302167692,-0.01582101293001888,0.05764210194520755,0.0704862757948348,-0.04677990554653519
505,0.03223561708346208,0.0562120907260079,0.08487372572927601,0.05356779014822743,-0.015332311026208764,0.05668850738506953,0.024910970380971356,0.02543101914137275
506,0.06575677282832645,-0.014169577538660988,-0.017246124246697962,-0.021319727455457294,0.025455493242960484,-0.01650675505206109,0.09376043479837523,0.015178932581916594
507,0.07462004907188186,0.017846223666031988,0.03971595674933848,-0.06267119191694225,-0.0777020536288688,-0.015065250731236896,0.002353141630354524,0.01221559272867616
508,0.07395787540543002,0.042413614625101466,-0.009200394809037693,0.004299657044073789,-0.01473198548039481,0.0033751049213474834,0.011213727722435705,0.013538887880741127
509,0.10652074418392923,0.16191640358840242,-0.008248630740864026,0.011449470266576289,-0.003198480817079996,0.014195496796341411,0.005132317567122862,-0.016846829757837384
510,0.006612771198706547,-0.010420765207966178,0.021515981298733042,0.007974038851990953,-0.017751195343342213,-0.020869068846696422,0.016721652182922028,0.03808185594297404
511,0.0551352858496667,0.020204766968143936,0.006982664079105983,-0.020490841137627124,-0.011513472180371801,0.03614906441302523,0.005747103245119043,0.07395787540543002
512,0.020701877565899043,0.06392473766982591,0.17290342797616506,0.11157955438534486,0.17354461860428042,0.005093046603205656,0.03998519926936727,0.04310360874963124
513,-0.004089574664219004,0.0014569153378469603,0.004961207336632868,-0.15464392607940886,-0.07638695467008619,0.0062943424767758155,0.03251710760405471,-0.07682537110950548
514,0.061907521205541424,0.04354140256395621,-0.0011521168442352808,0.06996550155243682,0.0634970250320656,0.04812106459312323,0.017461980216704025,-0.00930836014690629
515,0.005616486133727918,0.031990468729583256,-0.028890134044899925,0.037347660292486595,-0.020533393111316484,-0.012436708278717812,-0.027914669894337645,0.10498664055254922
516,-0.005529137560678465,-0.06566738679306296,-0.020389869958670415,0.0017092297775827784,0.05977963840371972,-0.01375974830781866,0.014840456120918714,0.04083681163566783
517,0.02420862082602183,0.028737402589274815,-0.033475418142976346,-0.05616080316826022,-0.15957931500483433,0.016015291116879472,-0.04822456859237323,0.011789268251337469
518,-0.022830988391619886,0.06797811455886198,0.07420012214525842,-0.02068948773455074,-0.08974303515891574,0.017527314762775668,-0.04048747807378926,-0.05048555245022713
519,0.028516291247346292,0.015487793012481365,-0.09096881126589298,-0.06506496482745129,-0.0014427468015152075,-0.004922972172201207,-0.0002762711550266936,-0.1449848810164573
520,0.04682409768225949,0.02423140145385302,0.014796192932722805,0.0823473341015913,0.05731174544484317,0.028748656926538833,-0.006766053924133821,-0.013687465687720385
521,0.008442502072560752,-0.03322227229726265,0.06547859457587751,0.012552498632147085,-0.0005763305691675266,-0.039406788034806274,0.06748800444979743,-0.04850554726351195
522,-0.05616080316826022,-0.15957931500483433,0.00963737490581092,0.044233642604987015,0.24223348615295345,0.011503904041554106,0.11178376376371055,0.23686636505316352
523,0.23386517694246298,-0.01210618658436047,0.14168675613036044,0.22283684317037525,0.02323773830564187,0.03947689379387463,0.009830092162553105,0.04298146736515457
524,0.033919103148152926,0.04751357520136966,-0.045693205856184464,-0.12218888144058664,-0.03311736690928855,0.029156456970374847,0.022630910355669075,0.0704862757948348
525,0.09044619152700702,0.05268977902213795,0.02176619879236522,-0.007656332504046889,-0.0022887872156445435,0.0685423723087051,-0.009395351591901573,-0.0005485705735380322
526,0.10692926466615334,0.052818503065756854,0.01695484128659917,-0.037715375123555536,-0.05917818288180227,0.008367286199831514,0.07633428797990718,-0.04962330899281994
527,0.08135867933125521,0.016237304618384896,0.03276785207007106,0.005616486133727918,0.031990468729583256,-0.028890134044899925,0.037347660292486595,-0.020533393111316484
528,0.01685672166555747,0.025860773477762753,0.017924797219877563,0.023580997183367442,0.017281620614598397,-0.034287320165793035,0.016661813725847092,0.017238679523561444
529,0.008080301731063687,0.06736312926851827,0.06484997864763854,0.05543686808800729,-0.02775432483880939,0.0035007798920464336,-0.030645721609290747,0.027910536194669523
530,-0.02486485722016533,-0.002487481497062186,-0.0027283911528191464,-0.09261339929158924,-0.09093940332212361,-0.07132791565052274,0.058365230668770134,-0.013287997462302109
531,0.005262864003230632,-0.04889617861396572,-0.056947025472608256,-0.06820859128991366,-0.06851762111446583,-0.028919930259445434,0.04248151104216597,-0.02927708533922444
532,0.02423140145385302,0.014796192932722805,0.0823473341015913,0.05731174544484317,0.014604175412943465,0.07406778941808727,0.05182666214494851,0.058840435390986504
533,-0.03311736690928855,0.029156456970374847,0.020315402513363848,0.006287851614069399,0.029239223785477764,0.016288290926872614,0.1315825200212921,0.1367068347800229
534,-0.01970843724354158,-0.001764216062209568,-0.06529203476732443,0.05934630067635535,0.0408922640134475,-0.011000442122731982,-0.08258793842706147,-0.014210233821178028
535,0.053974597623704164,0.1400620490374982,0.07715438445561038,0.16429180607037594,0.1786296003926594,0.057001927295215075,0.025957653285422967,0.04728589598410899
536,0.013055502677213972,0.03913718739332794,0.0060348711455441165,-0.09190603741494878,-0.09492778842213713,0.014249098444838066,0.028343350896880053,0.030403777928640862
537,0.07546919914540791,-0.052644045068644486,0.057391731731546526,0.04265630603855725,0.022807142819862326,0.02439044517374037,0.017073106277451525,0.020907862155915197
538,0.09376043479837523,0.015178932581916594,0.031711869931220056,0.015325103577544191,0.02367804367127799,0.019082143207103875,-0.05519291734833666,0.033599202061891674
539,0.09036745043547073,0.20817411967213192,0.009591104411358879,0.05631413212158116,0.042268457879275786,0.005827663009140014,0.020169020825399984,0.07150946280620203
540,0.03590981164249519,-0.030569674068653747,-0.06118506855572103,-0.15790354778416274,-0.010432458507049902,0.05886859575445568,0.254888216607517,0.012076025850456295
541,0.037833419266079034,-0.08240092046298034,-0.06711143021698956,-0.009372199840067003,0.001754605321988245,-0.001517564516523798,-0.14258923569181944,-0.06851762111446583
542,0.004842037492388549,-0.03719091389142518,-0.022830988391619886,0.06797811455886198,0.07420012214525842,-0.02068948773455074,-0.07496933735246074,-0.15957931500483433
543,-0.0051051083419211,-0.01607082458684289,-0.017449686457939966,0.03195651403544279,-0.03947307822741189,0.051639251347764654,0.06679229388045187,0.03227390694017979
544,0.263310632907053,0.11011995149387833,0.03595651255263394,0.1784795106950509,0.17095955027704018,0.007421455125110245,-0.04850554726351195,0.026955011035204188
545,-0.07716690882936779,0.05481731158778569,-0.005529137560678465,-0.06566738679306296,-0.020389869958670415,0.0017092297775827784,0.05977963840371972,-0.01375974830781866
546,0.05112307606913304,0.023963976708823272,0.05674287905853458,0.04682409768225949,0.02423140145385302,0.014796192932722805,0.010303436415958352,0.04556569985235456
547,0.010791209501792631,0.009692727440513952,0.029239223785477764,0.016288290926872614,0.1315825200212921,0.1367068347800229,0.1311532579188743,0.11131571440938633
548,0.020841236177624917,-0.03163850228123829,-0.0883003365479709,-0.02486485722016533,-0.002487481497062186,-0.0027283911528191464,-0.09261339929158924,-0.09093940332212361
549,0.09314832120171126,0.0720908090417364,-0.001832860749488936,-0.008054504811190783,-0.09009055783775237,-0.04822456859237323,0.011789268251337469,-0.004737227059644066
550,0.046004160625338054,0.1786110197944668,0.06402763900948638,0.024648367639700457,0.03451567945184562,-0.01021194743165507,-0.033074350021090174,0.11642398574422608
551,0.08950145097867729,0.20527086862786997,-0.02177030502227734,0.22666738584077392,0.16025330892228135,0.029606206151133886,0.036063760027324546,0.027953507033170056
552,0.015325103577544191,0.02367804367127799,0.019082143207103875,-0.05519291734833666,0.041034435089818105,0.012210156230299331,-0.05196133780222694,0.0028742228637099495
553,0.050832303764645086,0.05407329072383777,-0.0032899033424237945,0.00043711952401027877,-0.006680494674934709,0.014945083156067693,0.005167882429577925,-0.006905108733557086
554,0.007221085628945011,0.009346032013199956,-0.014727339179581215,0.02043033461432674,0.006085282308852949,-0.013945795051438253,-0.027931969716044284,-0.0005485705735380322
555,0.039865583625172084,-0.015285831653700205,0.002021835830374982,-0.0018427708801756102,-0.0033481605894797144,0.012649918105789538,0.003923268694962706,-0.013534918400980867
556,0.20817411967213192,0.009591104411358879,0.05631413212158116,0.042268457879275786,0.005827663009140014,0.020169020825399984,0.07150946280620203,0.04824130298852722
557,0.027985131753974917,0.024649406615095838,0.02232662736483993,0.05618386114043311,0.02554805067516022,-0.011346396815389154,0.00966076592308283,-0.004896598863669388
558,-0.07282663330833591,-0.011106035712797547,0.04490965294620502,-0.04938033602649569,-0.05318883424782888,0.008718766633751039,0.024648367639700457,0.03451567945184562
559,0.023963976708823272,0.05674287905853458,-0.003179995427409638,-0.009995613412700156,-0.03833580052512118,0.07122724602773757,-0.04075534184360642,0.08570673383282468
560,0.013963011136263486,-0.01443544461218946,-0.019067498641394894,0.01661130304753056,0.030664593091042983,0.0013630875689314337,0.09687186759712554,0.15927582686149339
561,0.06484997864763854,0.05543686808800729,-0.02775432483880939,0.0035007798920464336,-0.030645721609290747,0.027910536194669523,0.01970623765645272,0.06570940764382426
562,0.01860029890708141,0.06669800285182495,0.033619419513257524,0.09660961896248449,0.03875830766692102,0.042671270030834596,-0.031419770986970096,0.1016350791241134
563,0.005827663009140014,0.020169020825399984,0.07150946280620203,0.04824130298852722,0.016537414449602463,-0.09083556275906199,-0.05630009286773721,-0.004303363818687617
564,0.007974038851990953,-0.017751195343342213,-0.020869068846696422,0.016721652182922028,0.03808185594297404,-0.00496676521662024,-0.11399169447086158,-0.051075149006804765
565,0.00966076592308283,-0.004896598863669388,0.001396149368181709,0.00385394882475879,-0.0035989485344935825,0.008572019641245092,0.0019359245923828542,0.007020421424277806
566,0.13679031692311297,0.043985079954863254,-0.0035989485344935825,-0.0028533404101912657,0.02043033461432674,0.006085282308852949,-0.013945795051438253,-0.027931969716044284
567,0.0748770995501764,0.028516291247346292,0.015487793012481365,-0.09096881126589298,-0.05048555245022713,0.030171424289389664,-0.04962330899281994,-0.05073514033788832
568,0.004961207336632868,-0.15464392607940886,-0.07638695467008619,0.0062943424767758155,0.03251710760405471,-0.07682537110950548,-0.020352219706992098,0.006940060669718801
569,-0.015969511359020572,0.01961569337155239,0.048659151818756505,0.12790301675578866,0.11004866409985843,0.1786296003926594,0.057001927295215075,0.025957653285422967
570,0.03764176433914727,0.08734846799044324,0.03790628799489715,0.022684370018144242,-0.013293106975691601,-0.019886363012011198,0.027985131753974917,0.024649406615095838
571,0.010764415351345306,0.013427251399639835,0.05878796760083395,0.1442680668719345,0.09036745043547073,0.20817411967213192,0.009591104411358879,0.05631413212158116
572,0.04504949709734993,-0.0011521168442352808,0.06996550155243682,0.06440604535161763,0.032401305533269247,-0.07383617068359147,-0.11268482126922406,0.014874046400746022
573,0.11449748966614386,0.05833543739373691,-0.018978511458347606,-0.15049273384696898,-0.06866403183244768,0.015151760354786346,0.02923423138402624,-0.08370626856186839
574,0.09265456436381819,0.0452438535946445,0.02231189793737722,-0.08581948839162631,-0.06508105366372605,-0.0014427468015152075,-0.004922972172201207,-0.0002762711550266936
575,0.0562120907260079,0.08487372572927601,0.05356779014822743,-0.015332311026208764,0.05668850738506953,0.024910970380971356,0.04444616506221233,0.05750007864095875
576,-0.0037975231301814686,0.005839169704932225,0.000596609706238854,-0.003198480817079996,0.014195496796341411,0.005132317567122862,-0.016846829757837384,-0.02094376794236849
577,0.12367975797769766,0.16899550807497488,0.08105651591925545,-0.0049851771713745364,0.07472554095781088,0.02815498806673793,-0.03457835186186034,0.09907059068764777
578,0.01961569337155239,0.048659151818756505,0.12790301675578866,0.11004866409985843,0.1786296003926594,0.057001927295215075,0.025957653285422967,0.04728589598410899
579,0.055909746701747885,0.017141958531543915,0.01970623765645272,0.06570940764382426,0.04614115426521307,-0.005814780866760401,0.008527595105345247,-0.010202013685965725
580,0.009333812953931188,-0.016832619674398547,-0.08588848725511113,0.009931061499256558,-0.03166469678688542,-0.1329047130515534,0.08950145097867729,0.20527086862786997
581,0.03764176433914727,0.08734846799044324,0.03790628799489715,0.022684370018144242,-0.013293106975691601,-0.019886363012011198,0.027985131753974917,0.024649406615095838
582,0.09395215948939031,0.024905751099002196,0.04188973617586783,0.06439905428187961,-0.0007330077890140873,0.03764176433914727,0.08734846799044324,0.03790628799489715
583,0.05268977902213795,0.02176619879236522,-0.007656332504046889,-0.03507399595771937,0.016940676610758692,0.02902295906132065,-0.008191109106544123,0.0900989218150235
584,-0.01970843724354158,-0.001764216062209568,-0.06529203476732443,0.10692926466615334,0.052818503065756854,0.01695484128659917,-0.043363971024739205,0.09745846809380196
585,0.08487372572927601,0.05356779014822743,0.003166544178429344,-0.004517566543534055,-0.07031992292326242,0.12512951565687028,0.04630595254479673,0.0033421825569468046
586,-0.000764935061800556,-0.0015810793213288728,-0.14639355121872283,-0.08529826441375793,0.007108112278546442,0.04154225173810074,-0.06581065085683803,-0.03651943588496546
587,0.06771129635265376,0.07331847075741482,0.0021443880627073906,0.0391609242164789,0.05090386806201433,0.020149016518727223,0.09243218492997904,0.059001729166159776
588,0.11157955438534486,0.10218837092771696,0.16899550807497488,0.08105651591925545,0.06672281385609842,0.08490533966392713,0.02921620650682846,-0.0006805403451045152
589,0.011611238192971548,0.23950488532678857,0.04837086616455555,0.1043825189063411,0.1442516967700536,0.12849048001054955,0.020712984020955096,0.005437065094973533
590,-0.041133885201600016,0.08365555280968927,0.0799543854539114,-0.012964228954416082,0.01848809379400931,-0.10478409704311777,-0.050209993324580156,0.020283963990658363
591,0.02679779099817386,0.020414838226042013,0.0540311695998272,-0.00521909168479309,0.007329091143519796,-0.031419770986970096,0.1016350791241134,0.01252791852493433
592,0.002430625486315612,0.07570685403943211,0.013127471629898833,0.043498732633943174,0.006171945495862345,0.0313435380150615,-0.012788132184603986,0.023597433850476822
593,0.02679779099817386,-0.02550047498504049,0.05550996276826985,-0.042678964071087205,0.023634010206012964,0.07067891964497917,0.015240547515204036,0.027084564191957573
594,0.0746436849787944,0.02841273061469006,0.047442303827898546,0.0685423723087051,-0.00311542308986455,0.02744969203863194,0.10401486493516268,0.03510483726889428
595,0.04354140256395621,-0.0011521168442352808,0.06996550155243682,0.0634970250320656,0.04812106459312323,0.017461980216704025,-0.027010873579979045,-0.014730314040599294
596,0.02420862082602183,0.028737402589274815,-0.033475418142976346,-0.05616080316826022,0.0770943143457991,-0.1329047130515534,0.08950145097867729,0.20527086862786997
597,0.06208251319461728,0.04618033823150406,-0.00039668250200649,0.0320296105725281,0.0748770995501764,0.028516291247346292,0.015487793012481365,-0.06181185208122173
598,0.026650294369621963,0.05023086249500809,0.021330709658760057,-0.034785772257091875,0.10183186860558922,0.05790043189516751,0.02032687961365529,0.016226096778767064
599,-0.02486485722016533,-0.002487481497062186,-0.0027283911528191464,-0.09261339929158924,-0.09093940332212361,-0.07132791565052274,0.058365230668770134,-0.013287997462302109
600,-0.0040099439253633,-0.04624443418091701,0.07546919914540791,0.03299907510763513,-0.03268418807681166,0.017232711103242065,-0.02996308879641303,-0.020846727225749255
601,0.00342281220920832,0.01961569337155239,0.048659151818756505,0.12790301675578866,0.11004866409985843,0.1786296003926594,0.057001927295215075,0.022469135835018427
602,0.10652074418392923,0.15471591201636187,0.1195536119516561,0.16077321134488992,0.0059681337722265965,0.04167222769359799,0.025144494961714538,-0.03647529900603461
603,-0.06504903210521822,-0.011188332158927672,0.02420862082602183,0.028737402589274815,-0.033475418142976346,-0.05616080316826022,-0.15957931500483433,0.00963737490581092
604,0.09265456436381819,0.0452438535946445,0.02231189793737722,-0.08581948839162631,-0.06508105366372605,-0.0014427468015152075,-0.004922972172201207,-0.0002762711550266936
605,0.0417510739700792,0.010178555626069999,0.05974919523256175,-0.004820745568297918,0.05314037668756117,0.07310831228205482,0.05407329072383777,0.013963011136263486
606,0.0417510739700792,0.13380290116912177,0.05075880985350582,0.02759643671691845,-0.005297334717018741,0.054950776773823706,0.06351461633079457,0.06771129635265376
607,-0.0035989485344935825,-0.008671695817373782,-0.017376977939665986,0.03797585285006797,0.034830188290305736,-0.0683707738427256,-0.1209672773677749,0.0023554476846316284
608,-0.011106035712797547,0.04490965294620502,-0.04938033602649569,-0.05318883424782888,0.008718766633751039,0.024648367639700457,0.03451567945184562,-0.011320499728954169
609,0.020435228983264355,0.006297766455834597,-0.01669743734389148,-0.0253224956421449,0.04237123697766942,0.034037086276389676,-0.049407531129056194,-0.1434132833015306
610,-0.0005763305691675266,-0.039406788034806274,0.013279930598344827,0.05674287905853458,0.04682409768225949,0.02423140145385302,0.014796192932722805,0.0823473341015913
611,0.06842655064573248,0.024218604489924928,0.05175229404135538,0.07463734568278337,-0.002881656542227375,0.02517833335626331,0.07370807143743673,-0.033401786587522055
612,0.11886890957762948,0.005320447429078421,-0.011443240120825341,-0.06504903210521822,-0.011188332158927672,0.02420862082602183,0.028737402589274815,-0.033475418142976346
613,0.01974060520282703,0.00435558155294859,-0.018978511458347606,-0.15049273384696898,-0.06866403183244768,0.015151760354786346,0.02923423138402624,-0.08370626856186839
614,-0.01970843724354158,-0.001764216062209568,-0.06529203476732443,0.10692926466615334,0.052818503065756854,0.01695484128659917,-0.037715375123555536,-0.05917818288180227
615,0.02815498806673793,-0.03457835186186034,0.09907059068764777,0.009525257639794482,0.07623805115305331,-0.04895804795747495,-0.07821917475426834,-0.06711143021698956
616,0.037043997380734404,-0.04056938058421847,-0.005637525045480252,-0.025838511639785726,0.11886890957762948,0.005320447429078421,-0.011443240120825341,-0.06504903210521822
617,0.03930624981704534,-0.03268418807681166,0.024820507352673524,0.05454457330743639,0.02157137338810507,0.0230773999402624,0.007822680867767927,0.03141904600384711
618,0.0900989218150235,0.04063372482888972,0.03344474957879514,0.0029025417067542396,0.007221085628945011,0.009346032013199956,-0.014727339179581215,0.02043033461432674
619,0.07570685403943211,0.013127471629898833,0.020346594701796814,-0.1449848810164573,-0.07282663330833591,-0.011106035712797547,0.04490965294620502,-0.04938033602649569
620,0.07946234483177844,0.04684663102592058,0.0061949975367046,-0.019068281816173573,-0.0713840292511914,0.0028870675659669913,0.0946013051011754,-0.04511760309730755
621,-0.037715375123555536,-0.05917818288180227,0.008367286199831514,0.07633428797990718,-0.04962330899281994,-0.05073514033788832,-0.081205586329834,-0.07649533509282554
622,0.03779158738155633,0.017511011656270174,0.04751357520136966,-0.045693205856184464,-0.12218888144058664,-0.03311736690928855,0.029156456970374847,0.020315402513363848
623,0.05790043189516751,0.020841236177624917,-0.03163850228123829,-0.0883003365479709,-0.02486485722016533,-0.002487481497062186,-0.0027283911528191464,-0.09261339929158924
624,0.043783032082419,0.03344474957879514,0.0029025417067542396,0.007221085628945011,0.009346032013199956,-0.014727339179581215,0.02043033461432674,0.006085282308852949
625,-0.006790861538028222,0.011340083233779809,0.01853262344435327,0.010068724907123608,0.022683386114089713,0.016515814760306495,0.13498531885131013,0.12926506844514737
626,0.02323773830564187,0.03947689379387463,0.009830092162553105,0.04298146736515457,0.022786336303898765,0.05090386806201433,0.020149016518727223,0.09243218492997904
627,0.02517833335626331,0.09044619152700702,0.05268977902213795,0.02176619879236522,-0.007656332504046889,0.0320296105725281,0.0748770995501764,0.028516291247346292
628,0.044647968058535034,0.026091687558453626,0.03341163695318257,0.0049317270532911505,0.007477942352647772,0.006612771198706547,-0.010420765207966178,0.021515981298733042
629,-0.009200394809037693,0.004299657044073789,-0.01473198548039481,0.0033751049213474834,0.011213727722435705,0.013538887880741127,-0.009866661182637375,-0.029950006555454843
630,0.027031862256106813,0.053648497988271496,-0.019069577522530502,0.13508372572615165,0.05619929885881941,0.07379625291980775,0.15240257127716805,0.1680627641109319
631,0.005168656270110838,0.01860029890708141,0.06669800285182495,0.033619419513257524,0.09660961896248449,0.03875830766692102,0.042671270030834596,-0.031419770986970096
632,0.00385394882475879,0.011794482259847793,-0.029950006555454843,0.041625614727588994,0.03305770518251055,-0.05167357601261248,-0.11268482126922406,0.014874046400746022
633,-0.025506369445125927,0.019082143207103875,-0.05519291734833666,0.041034435089818105,0.012210156230299331,-0.05196133780222694,0.0028742228637099495,0.07942804085490669
634,0.09381664737022734,0.14083582185004723,0.09874539105052259,0.1980595960206749,-0.007250054133614382,0.05536150111826453,0.04405280732275557,-0.03381423652864563
635,-0.005346549189384994,0.08806943722472424,0.039865583625172084,-0.015285831653700205,0.002021835830374982,-0.0018427708801756102,-0.0033481605894797144,0.012649918105789538
636,0.011789268251337469,-0.004737227059644066,-0.01766156035542441,-0.1425588762630393,-0.07335021298209492,0.030783248129296784,0.015523407838747783,-0.04025913310669332
637,-0.008671695817373782,-0.017376977939665986,0.03797585285006797,0.034830188290305736,-0.0683707738427256,-0.1209672773677749,0.0023554476846316284,0.0281140192679024
638,0.01685672166555747,-0.004679182112748411,0.030429494047507367,-0.00887580242302415,0.011878759963531013,-0.01970843724354158,-0.001764216062209568,-0.06529203476732443
639,0.1367068347800229,0.1311532579188743,0.11131571440938633,0.035793694190449386,0.04806240645073723,0.016226096778767064,0.0030165585016769564,-0.013293106975691601
640,0.09381664737022734,0.14083582185004723,0.09874539105052259,0.1980595960206749,-0.019076841403153043,-0.06566738679306296,-0.020389869958670415,0.0017092297775827784
641,-0.007339068801813674,0.032708833873126085,0.050713076916418395,0.02991114106029612,0.07775323221691115,0.04765874622774825,-0.0004640594308981007,0.06575677282832645
642,0.04167222769359799,0.025144494961714538,-0.03647529900603461,0.09314832120171126,0.04534673509136778,0.008125885190452386,0.005839169704932225,0.000596609706238854
643,-0.08974303515891574,0.017527314762775668,0.041444893026027614,0.05023086249500809,0.021330709658760057,-0.034785772257091875,0.10183186860558922,0.05790043189516751
644,0.08622357462744075,0.055909746701747885,0.037811335473967846,-0.026074719040020927,0.0927671693931366,0.010791209501792631,0.06260025505551696,0.05214769454175549
645,0.06439905428187961,0.0056576863216305185,-0.010248523690522197,-0.15567643467981396,-0.05578242451271492,0.0027414211450370565,0.02686695380343672,-0.04938033602649569
646,0.02765786528493706,0.024600949002244726,0.003387299348614436,-0.020431440671730198,0.01998665997633142,-0.031082690526254893,0.002430625486315612,0.07570685403943211
647,0.013538887880741127,-0.009866661182637375,-0.029950006555454843,0.041625614727588994,0.03305770518251055,-0.045628209002634,-0.13008317716932508,-0.023728592557452504
648,0.048659151818756505,0.12790301675578866,0.11004866409985843,0.1786296003926594,0.057001927295215075,0.025957653285422967,0.05001174939898606,0.002021835830374982
649,-0.014982093628872283,-0.015130296811596812,0.009028741917982133,0.00905254769067368,0.01577757943279184,0.017210955642604907,-0.013148571141253456,-0.03327052651534079
650,-0.059344447409009064,-0.0976602067509475,-0.0557556817700381,-0.03205603826024159,0.2526262616941449,0.05619929885881941,0.07379625291980775,0.15240257127716805
651,0.023963976708823272,0.05674287905853458,0.04682409768225949,0.02423140145385302,0.014796192932722805,0.0823473341015913,0.05731174544484317,0.028748656926538833
652,0.01219014238418171,0.016357579018128617,-0.010608455408300795,-0.010202013685965725,-0.0007087971577727721,0.022085450955740847,0.017210955642604907,-0.013148571141253456
653,0.011611238192971548,0.23950488532678857,0.04837086616455555,0.1043825189063411,0.1442516967700536,0.12849048001054955,0.023041016043907337,0.059001729166159776
654,-0.02177030502227734,0.22666738584077392,0.16025330892228135,0.029606206151133886,0.036063760027324546,0.027953507033170056,0.04594981860169079,0.06319230671727441
655,0.17268423074310996,0.09682711124749349,0.02679779099817386,-0.0074318819833296195,0.055383400241375814,0.05517479340364767,0.08078541694248285,0.06554334326021176
656,0.06679229388045187,0.03227390694017979,-0.0162359438464235,-0.09028939417877037,-0.002782893872620861,0.07608944778980152,-0.0005898371524523021,-0.0489350186692615
657,0.04374364856840268,-0.01970843724354158,-0.001764216062209568,-0.04082417091509608,-0.020846727225749255,0.10256063737013693,0.011702624363025375,0.0417510739700792
658,0.008080301731063687,0.06736312926851827,0.06484997864763854,0.05543686808800729,-0.02775432483880939,0.0035007798920464336,-0.030645721609290747,0.027910536194669523
659,-0.05048555245022713,-0.004089574664219004,0.0014569153378469603,0.004961207336632868,-0.15464392607940886,-0.07638695467008619,0.0062943424767758155,0.03251710760405471
660,0.06044932323785948,0.020655242408598253,-0.03351656156817025,0.061073824379587346,0.012275326094953992,0.10652074418392923,0.15471591201636187,0.1195536119516561
661,0.03162058340306293,-0.031242931752715704,-0.04904310773206642,-0.10338315238127574,-0.05509488366834008,0.011611238192971548,0.23950488532678857,0.04837086616455555
662,0.07570685403943211,0.013127471629898833,0.043498732633943174,0.006171945495862345,0.0313435380150615,-0.012788132184603986,0.023597433850476822,-0.022856495367242196
663,0.23386517694246298,-0.01210618658436047,0.14168675613036044,-0.005346549189384994,0.08806943722472424,0.039865583625172084,-0.015285831653700205,0.002021835830374982
664,-0.06031508786027079,0.023299838938816996,0.00966076592308283,-0.004896598863669388,0.001396149368181709,0.00385394882475879,-0.0035989485344935825,-0.0045628924058577726
665,0.020127943408622548,0.0528040198596846,0.06414806547249353,0.010441241355893008,0.0246433542126176,0.08014730302853963,0.0551352858496667,0.020204766968143936
666,0.03790628799489715,0.022684370018144242,-0.013293106975691601,-0.019886363012011198,0.027985131753974917,0.024649406615095838,0.02232662736483993,0.05618386114043311
667,-0.008671695817373782,-0.017376977939665986,0.03797585285006797,0.034830188290305736,-0.0683707738427256,-0.1209672773677749,0.0023554476846316284,0.0281140192679024
668,0.024648367639700457,0.03451567945184562,-0.01021194743165507,-0.033074350021090174,0.04800823393719242,-0.02996308879641303,0.03401929021527833,0.00851847444375363
669,0.06044932323785948,0.020655242408598253,-0.03567382466677644,-0.01046043074501207,0.028225122466648295,0.044647968058535034,0.026091687558453626,0.03341163695318257
670,0.029078939581978474,-0.007751801934191275,0.00435558155294859,-0.018978511458347606,-0.15049273384696898,-0.06866403183244768,0.015151760354786346,0.02923423138402624
671,-0.07213654081998544,-0.07649533509282554,0.004887389884845521,0.24334785007519066,0.03483200682607578,0.09687186759712554,0.15927582686149339,0.13331833453538028
672,-0.09889894590370596,-0.07716690882936779,0.05481731158778569,-0.005529137560678465,-0.06566738679306296,-0.020389869958670415,0.0017092297775827784,0.05977963840371972
673,-0.028919930259445434,0.04248151104216597,-0.02927708533922444,-0.05873782374826621,0.001374842288426062,0.016131477872899806,0.05220418218962125,0.10652074418392923
674,0.08014730302853963,0.0551352858496667,0.020204766968143936,0.006982664079105983,-0.020490841137627124,0.02531405038829656,0.02232662736483993,0.05618386114043311
675,-0.02996308879641303,-0.020846727225749255,0.10256063737013693,0.011702624363025375,0.0417510739700792,-3.963623685946036e-05,0.030429494047507367,-0.00887580242302415
676,0.02734539182641244,0.032177038443231165,0.017355998364001222,0.004345290344611144,0.001665061697892903,-0.007154718189339423,0.02090016898043685,-0.004093450140098699
677,-0.0162359438464235,-0.05566511390848779,0.0027414211450370565,0.025628320800981142,-0.08823696391282364,-0.04514699883527811,0.008367286199831514,0.07633428797990718
678,-0.08588848725511113,0.027031862256106813,0.053648497988271496,-0.019069577522530502,-0.059344447409009064,-0.0976602067509475,-0.0557556817700381,-0.03205603826024159
679,0.001665061697892903,-0.007154718189339423,0.02090016898043685,-0.004093450140098699,-0.014982093628872283,-0.015130296811596812,0.009028741917982133,0.02870977967473705
680,-0.0683707738427256,-0.1209672773677749,0.0023554476846316284,0.0281140192679024,0.029280853265727526,0.00342281220920832,0.01961569337155239,0.048659151818756505
681,0.04248574632216505,0.02403911798411785,-0.0006670782883442124,0.03209308509343252,0.032037542390131735,0.13328823247215815,0.10421237703207416,0.19922908069490475
682,0.001374842288426062,0.016131477872899806,0.04083681163566783,-0.008660317960369103,-0.02810689182065751,0.02334834607514963,-0.0063949693526819855,-0.02155405246506647
683,-0.15957931500483433,0.00963737490581092,0.044233642604987015,0.24223348615295345,0.011503904041554106,0.11178376376371055,0.23686636505316352,0.05075880985350582
684,0.02734539182641244,0.032177038443231165,0.017355998364001222,0.004345290344611144,0.001665061697892903,-0.007154718189339423,0.02090016898043685,-0.014926364996601384
685,0.22798934083862815,0.16445608965141556,0.025929747822988528,0.036219566792590606,0.03942978255274464,0.03223561708346208,0.0562120907260079,0.08487372572927601
686,0.05314037668756117,0.07310831228205482,0.05407329072383777,0.013963011136263486,-0.01443544461218946,-0.019067498641394894,0.01661130304753056,0.030664593091042983
687,0.006612771198706547,-0.010420765207966178,0.021515981298733042,0.007974038851990953,-0.017751195343342213,-0.020869068846696422,0.016721652182922028,0.03808185594297404
688,-0.01046043074501207,0.028225122466648295,0.044647968058535034,-0.016796836326135694,0.0033421825569468046,-0.04227611970469211,-0.050498900630185264,0.010783273399662228
689,-0.011188332158927672,0.02420862082602183,0.00905867310573017,0.03808185594297404,-0.00496676521662024,-0.11399169447086158,-0.051075149006804765,-0.0021335904868741654
690,-0.016846829757837384,-0.013870210011746403,0.009028741917982133,0.02870977967473705,0.022755690182547236,-0.08633037716556878,-0.0929254930148846,0.009416902762785275
691,0.11178376376371055,0.23686636505316352,0.013127471629898833,0.043498732633943174,0.006171945495862345,0.0313435380150615,-0.012788132184603986,0.023597433850476822
692,0.033619419513257524,0.09660961896248449,0.03875830766692102,0.042671270030834596,-0.031419770986970096,0.1016350791241134,0.01252791852493433,0.05364691489810045
693,-0.022181734731348293,0.03302551187024177,-0.050342691995622746,0.015240443207146707,0.05649429316671417,0.022833190338024337,0.05933443413639943,-0.014683768648714483
694,-0.07821917475426834,-0.026852133123197418,0.0030069818919605347,-0.0021785246224466574,-0.10399664984710869,-0.07081902255839753,0.044233642604987015,0.24223348615295345
695,-0.001764216062209568,-0.06529203476732443,0.11974114896517263,0.044448562392878324,-0.006790861538028222,0.009433281355915271,-0.014600470371364999,-0.005535919993249112
696,0.09687186759712554,0.15927582686149339,0.13331833453538028,0.005168656270110838,0.01860029890708141,0.06669800285182495,0.033619419513257524,0.09660961896248449
697,0.02991114106029612,0.07775323221691115,0.032987146810026395,0.043783032082419,0.03344474957879514,0.0029025417067542396,0.007221085628945011,0.009346032013199956
698,0.01041279437881343,0.046225217964285595,-0.0034178765959546687,-0.02871232318376256,-0.016800826856763127,0.019385155276800098,-0.0028759325671209564,0.07791135487191457
699,0.04354177115681113,0.015325103577544191,0.02367804367127799,0.019082143207103875,-0.05519291734833666,0.041034435089818105,0.012210156230299331,-0.05196133780222694
700,0.08570673383282468,0.009428846587031999,0.02435138468706542,0.02604189038723279,0.019549987029530605,0.023175625805814403,-0.03553245916052851,0.02849595128758009
701,0.009433281355915271,-0.014600470371364999,-0.005535919993249112,0.01577757943279184,0.017210955642604907,-0.013148571141253456,-0.03327052651534079,0.033919103148152926
702,0.05214769454175549,-0.01255877680473109,0.06719771983644916,0.06516418858680059,0.0492758897269837,0.016811891915699914,-0.015806339504420387,-0.022624027600938547
703,0.05364691489810045,0.05974919523256175,-0.004820745568297918,0.05314037668756117,0.07310831228205482,0.05407329072383777,0.013963011136263486,-0.01443544461218946
704,0.020204766968143936,0.006053078596346339,-0.00496676521662024,-0.11399169447086158,-0.051075149006804765,-0.0021335904868741654,0.026751239044808726,0.0339515426218907
705,-0.009936918659731264,0.029728891762537946,0.08145330219970652,0.0540311695998272,0.0004536923303857687,-0.0010058767142069683,-0.027893117321920374,0.02639861893020655
706,-0.04056938058421847,-0.005637525045480252,-0.025838511639785726,0.11886890957762948,0.005320447429078421,-0.011443240120825341,-0.06504903210521822,-0.011188332158927672
707,-0.0253224956421449,0.04237123697766942,0.034037086276389676,-0.049407531129056194,-0.1434132833015306,-0.009326092852967406,0.030482315310236707,0.061882600178863205
708,0.01661130304753056,0.030664593091042983,0.045526761041284745,0.021049862769594634,0.026352301379043326,0.0012990776355567737,0.007170867643536217,-0.011679526504085241
709,-0.08258793842706147,-0.014210233821178028,0.05595520268387419,0.017269539927308293,-0.035612895278368584,-0.05865601678933303,-0.06176180680248807,-0.11395230555630652
710,0.07570685403943211,0.013127471629898833,0.043498732633943174,0.006171945495862345,0.06402477178842916,0.02699928247404044,0.05454706420919959,0.08976295191255872
711,0.03195651403544279,0.032987146810026395,-0.013192898604134144,0.028343350896880053,0.030403777928640862,0.0003605426214060794,0.0036869431656632486,-0.014865073275704896
712,-0.019069577522530502,-0.059344447409009064,-0.0976602067509475,-0.0557556817700381,-0.03205603826024159,0.2526262616941449,0.05619929885881941,0.07379625291980775
713,-0.03833580052512118,0.07009305413060837,0.006364926000034128,-0.04579112302167692,-0.01582101293001888,0.05764210194520755,0.0704862757948348,-0.04677990554653519
714,0.025628320800981142,-0.07221742923040587,-0.020352219706992098,0.006940060669718801,0.033791252003787804,0.009119805272276776,0.008977307504258474,-0.02549187566543074
715,0.05878796760083395,0.1442680668719345,0.08742134485205909,0.1980595960206749,-0.007250054133614382,0.05536150111826453,0.04405280732275557,-0.03381423652864563
716,-0.0014427468015152075,-0.004922972172201207,-0.0002762711550266936,-0.1449848810164573,-0.07282663330833591,-0.011106035712797547,0.04490965294620502,-0.04938033602649569
717,-0.007930492469347556,0.08135867933125521,0.016237304618384896,0.03276785207007106,0.005616486133727918,0.031990468729583256,-0.028890134044899925,0.037347660292486595
718,0.01974060520282703,0.00435558155294859,-0.018978511458347606,-0.15049273384696898,-0.06866403183244768,0.015151760354786346,0.02923423138402624,-0.08370626856186839
719,0.1315825200212921,0.1367068347800229,0.1311532579188743,0.11131571440938633,0.06980453018947258,0.11011995149387833,0.03595651255263394,0.1784795106950509
720,0.02435138468706542,0.02604189038723279,0.009971956524099027,-0.010248523690522197,-0.15567643467981396,-0.05578242451271492,0.0027414211450370565,0.025628320800981142
721,0.05522655912088008,0.011257117079635537,0.009885871632892783,0.013450894429110424,0.02415492521826854,0.13679031692311297,0.12367975797769766,0.16899550807497488
722,0.03790628799489715,0.022684370018144242,-0.013293106975691601,-0.019886363012011198,-0.04379535106222495,-0.07780113493787241,-0.08523360912573254,0.030474884881794746
723,0.08360971738967124,0.0441216471640192,-0.019269455674365138,0.05607678211970807,0.020127943408622548,0.0528040198596846,0.06414806547249353,0.010441241355893008
724,-0.03677184575890198,-0.1218280230092854,-0.038618769215352976,0.0017344377427880998,0.0383700697461459,-0.004229448637686191,0.04426037679894457,0.015024797213813964
725,0.0031790701162829277,-0.004489316240323887,-0.008127589068975276,-0.00505393398592306,0.027342220336279893,0.032401305533269247,-0.07383617068359147,-0.11268482126922406
726,0.07150946280620203,0.04824130298852722,0.016537414449602463,-0.09083556275906199,-0.05630009286773721,-0.004303363818687617,-0.000764935061800556,-0.0015810793213288728
727,0.030474884881794746,0.19476497723196481,0.054359119672220756,0.085384685131117,0.14960067236142724,0.07424945199336273,0.0540311695998272,-0.00521909168479309
728,-0.0005485705735380322,-0.01938484730921016,-0.1457170726235326,-0.06833406106931146,0.02056614342377341,0.020327262293546484,-0.08889000711334612,0.008442502072560752
729,-0.019069577522530502,-0.059344447409009064,-0.0976602067509475,-0.0557556817700381,-0.03205603826024159,0.2526262616941449,0.05619929885881941,0.07379625291980775
730,0.015178932581916594,0.031711869931220056,0.015325103577544191,0.02367804367127799,0.019082143207103875,-0.05519291734833666,0.041034435089818105,0.012210156230299331
731,0.03341163695318257,0.0049317270532911505,0.007477942352647772,0.006612771198706547,0.008298788021360965,0.004299657044073789,-0.01473198548039481,0.0033751049213474834
732,-0.0014427468015152075,-0.004922972172201207,-0.0002762711550266936,-0.1449848810164573,-0.0022329185268728535,0.008499036672793286,0.03590981164249519,-0.030569674068653747
733,0.03331301927231291,-0.029950006555454843,0.041625614727588994,0.03682086080282173,0.04618033823150406,-0.00039668250200649,0.0320296105725281,0.0748770995501764
734,0.002430625486315612,0.07570685403943211,0.013127471629898833,0.043498732633943174,0.006171945495862345,0.020127943408622548,0.0528040198596846,0.06414806547249353
735,0.004961207336632868,-0.15464392607940886,-0.07638695467008619,0.0062943424767758155,0.03251710760405471,-0.07682537110950548,-0.020352219706992098,0.006940060669718801
736,0.04083681163566783,-0.008660317960369103,-0.02810689182065751,-0.0005276131293991919,0.015240443207146707,0.05649429316671417,0.022833190338024337,0.06930880348256134
737,-0.05917818288180227,0.008367286199831514,0.07633428797990718,-0.04962330899281994,-0.05073514033788832,-0.0894437594779674,-0.07132791565052274,0.058365230668770134
738,-0.007339068801813674,0.032708833873126085,0.050713076916418395,0.02991114106029612,0.07775323221691115,0.08360971738967124,0.0441216471640192,-0.019269455674365138
739,-0.009326092852967406,0.05522655912088008,0.011257117079635537,0.03881249693053286,0.055970802408372225,-0.012682291570680402,-0.004896598863669388,0.001396149368181709
740,0.02367804367127799,0.019082143207103875,-0.05519291734833666,0.041034435089818105,0.012210156230299331,-0.05196133780222694,0.0028742228637099495,0.07942804085490669
741,0.04837086616455555,0.1043825189063411,0.1442516967700536,0.12849048001054955,0.020712984020955096,0.005437065094973533,0.05017535607181645,0.04979001272479147
742,-0.013293106975691601,-0.019886363012011198,0.027985131753974917,0.024649406615095838,0.02232662736483993,0.05618386114043311,0.02554805067516022,-0.011346396815389154
743,-0.001832860749488936,-0.008054504811190783,-0.09009055783775237,-0.056587920230815714,0.058365230668770134,-0.013287997462302109,-0.05387380003170251,-0.02616373777776799
744,-0.0014347097716089039,-0.0162462464960763,0.06081204173790412,0.0012446836373436378,-0.007829901167596347,-0.04818031829014083,0.06623824382816598,-0.0035657031842441177
745,0.032883772015831446,0.010764415351345306,0.013427251399639835,0.05878796760083395,0.1442680668719345,0.09036745043547073,0.20817411967213192,0.009591104411358879
746,0.23386517694246298,-0.01210618658436047,0.14168675613036044,0.22283684317037525,0.02323773830564187,0.03947689379387463,0.009830092162553105,0.04298146736515457
747,-0.026072889377660884,-0.12253989570409915,-0.03621649721069029,-0.0131336109081202,0.0506174831210367,-0.0031455015921875735,0.04556569985235456,0.020701877565899043
748,-0.03163850228123829,-0.0883003365479709,-0.02486485722016533,-0.002487481497062186,-0.0027283911528191464,-0.09261339929158924,-0.09093940332212361,-0.0574765823820095
749,0.08287636971891303,0.009333812953931188,-0.016832619674398547,-0.08588848725511113,0.027031862256106813,0.053648497988271496,-0.019069577522530502,-0.059344447409009064
750,-0.03621649721069029,-0.0131336109081202,0.0506174831210367,-0.0031455015921875735,0.028361594883931415,-0.03833580052512118,0.07122724602773757,-0.04075534184360642
751,-0.04572308988216685,-0.13068905238419817,-0.027128337150302294,0.017439536052967712,0.03651849782299039,-0.01713394966401948,0.061073824379587346,0.012275326094953992
752,0.02403911798411785,-0.0006670782883442124,0.03209308509343252,0.032037542390131735,0.07904558223406496,0.031861365171198065,-0.060927950869310125,-0.13787805025683347
753,-0.028467015752386745,0.06842655064573248,0.024218604489924928,0.05175229404135538,0.07463734568278337,-0.002881656542227375,0.02517833335626331,0.09044619152700702
754,-0.09009055783775237,-0.050460345303100416,0.08365555280968927,0.0799543854539114,-0.012964228954416082,0.01848809379400931,-0.10478409704311777,-0.050209993324580156
755,0.021049862769594634,0.026352301379043326,0.0012990776355567737,0.007170867643536217,-0.011679526504085241,-0.032757892008300454,-0.017449686457939966,0.03195651403544279
756,0.026650294369621963,0.05023086249500809,0.021330709658760057,-0.034785772257091875,0.10183186860558922,0.05790043189516751,0.020841236177624917,-0.03163850228123829
757,-0.0976602067509475,-0.0557556817700381,-0.03205603826024159,0.2526262616941449,0.05619929885881941,0.02759975992683526,-0.016313320641010303,0.09849201751450516
758,-0.028467015752386745,0.06842655064573248,0.024218604489924928,0.05175229404135538,0.07463734568278337,-0.002881656542227375,0.02517833335626331,0.09044619152700702
759,0.044948861138336606,0.1634339147724572,0.015485571189997131,0.030169365189279703,0.05954689270225735,-0.010190698476133119,-0.06110037982224164,0.07946234483177844
760,-0.01262927522922229,0.09265456436381819,0.0452438535946445,0.02231189793737722,-0.08581948839162631,-0.06508105366372605,-0.0014427468015152075,-0.005407900825338857
761,0.02699928247404044,0.05454706420919959,0.08976295191255872,0.042288990324287054,-0.009681890320329786,0.05112307606913304,0.023963976708823272,0.05674287905853458
762,-0.04850554726351195,0.026955011035204188,0.06436676991295626,0.02303278315861766,0.023504173591286825,0.014790474462585109,0.02278155912917828,-0.02456315189035098
763,0.03595651255263394,0.1784795106950509,0.17095955027704018,-0.011320186630305316,0.05327822497532394,0.0462263520970877,0.02728045160063736,0.08733021923824424
764,0.039463226707756656,0.037833419266079034,-0.08240092046298034,-0.06711143021698956,-0.009372199840067003,0.001754605321988245,-0.001517564516523798,-0.14258923569181944
765,0.11368810681052183,0.031718220345082954,0.03971595674933848,-0.06267119191694225,-0.0777020536288688,0.0008841655552285923,0.04167222769359799,0.025144494961714538
766,0.03875830766692102,0.042671270030834596,-0.031419770986970096,0.1016350791241134,0.01252791852493433,0.05364691489810045,0.05974919523256175,-0.004820745568297918
767,-0.00496676521662024,-0.11399169447086158,-0.051075149006804765,-0.0021335904868741654,0.0331153666186435,0.008772262157337138,0.03948925873048987,0.005521986037352872
768,-0.06866753903744134,0.010675079839919726,0.04982300929955519,0.021457461599548977,-0.03197993371564701,-0.10338315238127574,-0.05509488366834008,0.011611238192971548
769,-0.0162359438464235,-0.09028939417877037,-0.002782893872620861,0.07608944778980152,-0.0005898371524523021,-0.0489350186692615,-0.06482928669907931,-0.08472219196931578
770,-0.03719091389142518,-0.022830988391619886,0.06797811455886198,0.07420012214525842,-0.02068948773455074,-0.08974303515891574,0.017527314762775668,-0.0020105680194356466
771,0.020655242408598253,-0.03567382466677644,-0.01046043074501207,0.028225122466648295,0.044647968058535034,0.026091687558453626,0.03341163695318257,0.0049317270532911505
772,0.036063760027324546,-0.011206085541637536,0.041034435089818105,0.012210156230299331,-0.05196133780222694,0.0028742228637099495,0.07942804085490669,0.03591066926944299
773,-0.020431440671730198,0.01998665997633142,-0.031082690526254893,0.002430625486315612,0.07570685403943211,0.013127471629898833,0.043498732633943174,0.006171945495862345
774,-0.021125927474530386,-0.08472219196931578,-0.10825506337615295,0.263310632907053,0.0660580537540584,-0.10478409704311777,-0.050209993324580156,0.018384179253506775
775,0.02744969203863194,0.10401486493516268,0.03510483726889428,0.0183397684187012,0.00465228379270604,-0.016423145284516858,-0.05917818288180227,0.008367286199831514
776,0.02841273061469006,0.047442303827898546,0.019472651348175628,0.047442303827898546,0.0685423723087051,-0.00311542308986455,0.02744969203863194,0.10401486493516268
777,0.042288990324287054,-0.009681890320329786,0.05112307606913304,0.023963976708823272,0.05674287905853458,0.04682409768225949,0.02423140145385302,0.014796192932722805
778,0.06748800444979743,-0.06573320777706151,0.09395215948939031,0.024905751099002196,-0.0032950626956935276,0.037347660292486595,-0.020533393111316484,-0.012436708278717812
779,0.007798985953508917,0.07819459062322921,0.044448562392878324,-0.006790861538028222,0.009621717067156232,0.007005392525550833,-0.015578911187653392,-0.0007330077890140873
780,0.014874046400746022,0.009961599505911202,0.0329867735043766,0.004729783438254615,0.021012075726165945,0.053974597623704164,0.1400620490374982,0.07715438445561038
781,0.050713076916418395,0.02991114106029612,0.07775323221691115,0.08360971738967124,0.0441216471640192,-0.019269455674365138,0.05607678211970807,0.020127943408622548
782,0.02826162078001348,0.04939081639495947,0.012204001535472821,0.043707444721036194,0.008125885190452386,0.005839169704932225,0.000596609706238854,-0.003198480817079996
783,0.04188973617586783,0.06439905428187961,-0.0007330077890140873,0.03764176433914727,0.08734846799044324,0.03790628799489715,0.022684370018144242,-0.013293106975691601
784,-0.0014427468015152075,-0.004922972172201207,-0.0002762711550266936,-0.1449848810164573,-0.07282663330833591,-0.011106035712797547,0.04490965294620502,-0.04938033602649569
785,0.02734539182641244,0.019920118004127498,-0.013148571141253456,-0.03327052651534079,0.033919103148152926,0.04751357520136966,-0.045693205856184464,-0.12218888144058664
786,-0.12481355296141478,0.2341697026224454,0.11449748966614386,0.04721335484869471,0.1864918273196731,0.1912402838473926,-0.007339068801813674,0.032708833873126085
787,0.04647911062049513,-0.04572308988216685,-0.13068905238419817,-0.027128337150302294,0.017439536052967712,0.03651849782299039,-0.0007530579205635758,0.0012446836373436378
788,-0.07132791565052274,0.058365230668770134,-0.013287997462302109,-0.05387380003170251,-0.02616373777776799,-0.0004640594308981007,0.06575677282832645,-0.014169577538660988
789,0.09243218492997904,0.059001729166159776,0.047856138232220576,-0.02592957193685902,0.0746436849787944,0.02841273061469006,0.047442303827898546,0.0685423723087051
790,-0.03603910562800098,-0.05685112987281479,-0.1431778791867063,0.15155688308086152,0.1585077643839471,0.046004160625338054,0.1786110197944668,0.18605162301684083
791,-0.012436708278717812,-0.027914669894337645,0.10498664055254922,0.022458901633128824,-0.007778741942306582,-0.03716115413325973,-0.034936127697749966,0.008499036672793286
792,0.050512162209031305,-0.0205482370400599,0.008075881188370368,0.02740464613057831,-0.022181734731348293,0.03302551187024177,-0.033401786587522055,0.0011471072145716112
793,0.031214668156433666,0.002996970439633211,0.07365042419861502,0.05846382627014092,0.06370946940140053,-0.025506369445125927,-0.0010058767142069683,-0.027893117321920374
794,0.2341697026224454,0.11449748966614386,0.04721335484869471,0.1864918273196731,0.1912402838473926,0.04744843387135683,0.1400620490374982,0.07715438445561038
795,0.009885871632892783,0.013450894429110424,0.02415492521826854,0.13679031692311297,0.12367975797769766,0.16899550807497488,0.08105651591925545,-0.0049851771713745364
796,-0.03507399595771937,0.016940676610758692,0.02902295906132065,-0.008191109106544123,0.0900989218150235,0.04022077283856794,-0.0173456788167319,0.006702524739548357
797,0.0062943424767758155,0.03251710760405471,0.022522480993718737,0.03451567945184562,-0.01021194743165507,-0.033074350021090174,0.04800823393719242,-0.02996308879641303
798,0.0061949975367046,-0.019068281816173573,-0.0713840292511914,0.0028870675659669913,0.0946013051011754,-0.04511760309730755,-0.05776803244126003,-0.07780113493787241
799,0.002021835830374982,-0.0018427708801756102,-0.0033481605894797144,0.012649918105789538,0.003923268694962706,-0.013534918400980867,-0.026853141604926915,0.04509197743886771
800,0.0014569153378469603,-0.013832169202085777,0.043498732633943174,0.006171945495862345,0.0313435380150615,-0.012788132184603986,0.023597433850476822,-0.022856495367242196
801,0.042413614625101466,-0.009200394809037693,0.004299657044073789,-0.01473198548039481,0.0033751049213474834,0.011213727722435705,0.013538887880741127,-0.009866661182637375
802,0.03223561708346208,0.05321788160251185,0.010791209501792631,0.06260025505551696,0.05214769454175549,-0.01255877680473109,0.06719771983644916,0.06516418858680059
803,0.02043033461432674,0.006085282308852949,-0.013945795051438253,0.048796017761702545,0.039865583625172084,-0.015285831653700205,0.002021835830374982,-0.0018427708801756102
804,0.015325103577544191,0.02367804367127799,0.019082143207103875,-0.05519291734833666,0.041034435089818105,0.012210156230299331,-0.05196133780222694,0.0028742228637099495
805,0.024648367639700457,0.03451567945184562,0.05996617158513001,0.02344835378555335,0.029657446232651936,0.010578799310315386,0.029152458653708312,0.01081979999768568
806,0.0492758897269837,0.016811891915699914,-0.015806339504420387,0.016278769969292395,-0.03863058990098991,-0.001764216062209568,-0.06529203476732443,0.10692926466615334
807,0.015523407838747783,-0.08073559907332292,-0.001443580023459719,0.0017092297775827784,0.05977963840371972,-0.01375974830781866,-0.009995613412700156,-0.03833580052512118
808,0.0728438969030247,0.10401486493516268,0.03510483726889428,0.0183397684187012,-0.0032982567368964053,-0.03826419835710366,0.031453163421733106,0.021294956482008322
809,-0.005529137560678465,-0.06566738679306296,-0.020389869958670415,0.0017092297775827784,0.05977963840371972,-0.01375974830781866,-0.009995613412700156,-0.03833580052512118
810,0.0061949975367046,-0.019068281816173573,-0.0713840292511914,0.0028870675659669913,0.0946013051011754,-0.04511760309730755,-0.05776803244126003,-0.07780113493787241
811,0.055909746701747885,0.037811335473967846,-0.026074719040020927,0.0927671693931366,0.010791209501792631,0.06260025505551696,0.05214769454175549,-0.01255877680473109
812,-0.005346549189384994,0.08806943722472424,0.039865583625172084,-0.015285831653700205,0.002021835830374982,-0.015399873113833076,-0.03826419835710366,0.031453163421733106
813,-0.003001089421959837,-0.09009055783775237,-0.04822456859237323,0.011789268251337469,-0.004737227059644066,-0.01766156035542441,-0.1425588762630393,-0.07335021298209492
814,-0.0489350186692615,-0.06482928669907931,-0.08472219196931578,-0.10825506337615295,0.263310632907053,0.11011995149387833,0.03595651255263394,0.1784795106950509
815,0.009333812953931188,-0.016832619674398547,-0.08588848725511113,0.027031862256106813,0.02011951119186278,-0.081205586329834,-0.07649533509282554,0.004887389884845521
816,-0.030645721609290747,0.05179656585435843,-0.013293106975691601,-0.019886363012011198,-0.010058576582565997,0.014796192932722805,0.0823473341015913,0.05731174544484317
817,0.020149016518727223,0.09243218492997904,0.059001729166159776,0.047856138232220576,0.006022037143394236,0.020204766968143936,0.006982664079105983,-0.020490841137627124
818,0.02349940927067805,-0.016313320641010303,0.09849201751450516,0.01685672166555747,0.025860773477762753,0.017924797219877563,0.023580997183367442,0.017281620614598397
819,0.01186360118715825,-0.00505393398592306,0.027342220336279893,0.032401305533269247,-0.05671392275349171,0.009416902762785275,0.010180296726133154,0.032883772015831446
820,0.023963976708823272,0.06221864309081806,-0.002881656542227375,0.02517833335626331,0.09044619152700702,0.06289913574610867,0.016811891915699914,-0.015806339504420387
821,0.02759643671691845,-0.005297334717018741,0.054950776773823706,0.06351461633079457,0.06771129635265376,0.07331847075741482,0.016233593856588773,0.02679779099817386
822,-0.014255860935147437,0.001396149368181709,0.00385394882475879,-0.0035989485344935825,-0.008671695817373782,-0.017376977939665986,0.03797585285006797,0.034830188290305736
823,0.008080301731063687,0.06736312926851827,0.06484997864763854,0.05543686808800729,-0.02775432483880939,0.0035007798920464336,-0.030645721609290747,0.027910536194669523
824,-0.05685112987281479,-0.1431778791867063,-0.00941616276317299,0.02056614342377341,0.020327262293546484,-0.08889000711334612,0.008442502072560752,-0.03322227229726265
825,-0.1457170726235326,-0.06833406106931146,0.02056614342377341,0.020327262293546484,-0.08889000711334612,0.008442502072560752,-0.03322227229726265,0.06547859457587751
826,0.03227390694017979,-0.0162359438464235,-0.09028939417877037,-0.002782893872620861,0.07608944778980152,-0.0005898371524523021,-0.0489350186692615,-0.06482928669907931
827,0.024910970380971356,0.04444616506221233,-0.09261339929158924,-0.09093940332212361,-0.07132791565052274,0.058365230668770134,-0.013287997462302109,-0.03260114711793072
828,0.11157955438534486,0.17354461860428042,0.005093046603205656,0.03998519926936727,0.04310360874963124,-0.03845370595166686,0.07462004907188186,0.07988536334400807
829,-0.056947025472608256,-0.08296368035457874,-0.12481355296141478,0.2341697026224454,0.11449748966614386,0.04721335484869471,0.1864918273196731,0.1912402838473926
830,-0.0173456788167319,0.006702524739548357,-0.007547991372525836,-0.004042477083777581,0.020435228983264355,0.006297766455834597,-0.01669743734389148,-0.0253224956421449
831,-0.09096881126589298,-0.05048555245022713,-0.004089574664219004,0.0014569153378469603,0.004961207336632868,-0.15464392607940886,-0.07638695467008619,0.0062943424767758155
832,0.0012990776355567737,0.007170867643536217,-0.011679526504085241,0.007461879601311705,0.0031790701162829277,-0.004489316240323887,-0.008127589068975276,-0.00505393398592306
833,-0.04511760309730755,-0.05776803244126003,-0.07780113493787241,-0.08523360912573254,0.030474884881794746,0.19476497723196481,0.054359119672220756,0.085384685131117
834,0.03797585285006797,0.034830188290305736,-0.08204674897890278,0.10692926466615334,0.052818503065756854,0.01695484128659917,0.008518869360942134,0.021049862769594634
835,0.010266067463765634,0.08287636971891303,0.009333812953931188,-0.016832619674398547,-0.08588848725511113,0.027031862256106813,0.053648497988271496,-0.019069577522530502
836,0.10498664055254922,0.022458901633128824,-0.007778741942306582,-0.03716115413325973,-0.034936127697749966,-0.002758643663535876,-0.013921389247022832,0.0017344377427880998
837,-0.029534921581718058,0.02709928010278606,0.055970802408372225,-0.03677184575890198,-0.1218280230092854,-0.038618769215352976,0.0017344377427880998,0.04723916023128972
838,-0.005814780866760401,0.008527595105345247,-0.010202013685965725,-0.0007087971577727721,0.01219014238418171,0.016357579018128617,-0.01475725902830638,-0.02942832466642877
839,0.0854469118442216,0.06554334326021176,0.015232563943364053,-0.00011492672750969557,0.06786289075018366,0.019644900767271215,0.061907521205541424,0.04354140256395621
840,0.10498664055254922,0.022458901633128824,-0.007778741942306582,-0.03716115413325973,-0.09513015088403766,-0.07716690882936779,0.05481731158778569,-0.005529137560678465
841,0.009961599505911202,0.0329867735043766,0.004729783438254615,0.021012075726165945,0.053974597623704164,0.1400620490374982,0.07715438445561038,0.2127050409126765
842,0.05068818011555717,-0.041133885201600016,-0.13764536902631724,-0.08005288392964759,-0.05865601678933303,-0.06176180680248807,-0.11395230555630652,0.10191809335007525
843,-0.022169872968913627,-0.05821588772622714,-0.11916443213939447,0.06461142211478281,0.23535898697636634,-0.013624535480764548,0.22798934083862815,0.16445608965141556
844,0.08105651591925545,-0.0049851771713745364,0.07472554095781088,0.02815498806673793,-0.03457835186186034,0.09907059068764777,0.009525257639794482,0.07623805115305331
845,0.026508189548699945,0.04935294295562346,-0.030515980052575612,0.09745846809380196,0.04415707487510739,-0.011378475219155786,-0.0810228182142374,0.005199332304599804
846,0.057001927295215075,0.025957653285422967,0.04728589598410899,0.0339515426218907,-0.031032734108641196,0.10133919983596766,0.039463226707756656,0.037833419266079034
847,-0.030720136272704167,-0.007930492469347556,0.08135867933125521,0.016237304618384896,0.03276785207007106,0.005616486133727918,0.031990468729583256,-0.028890134044899925
848,0.18605162301684083,0.015485571189997131,0.030169365189279703,0.02649688159950435,0.022833190338024337,0.06930880348256134,0.04671823888313922,-0.0066750398740466005
849,-0.14258923569181944,-0.06851762111446583,-0.015552718746403819,-0.005133491311685329,0.011955345509019557,0.0183397684187012,0.001421243473463367,0.061925031612762665
850,0.025628320800981142,-0.08823696391282364,0.002721033292247158,-0.005133491311685329,0.04220342435102671,0.00888128311780124,-0.003576996288077466,-0.017420439501306575
851,0.012365818491159804,0.004842037492388549,-0.029855317197671,0.02639861893020655,0.044706988626883694,0.055383400241375814,0.07244614180189558,0.15728314174886657
852,0.1043825189063411,0.1442516967700536,0.12849048001054955,0.020712984020955096,0.005437065094973533,0.01975672494237841,0.03930624981704534,-0.03268418807681166
853,0.044647968058535034,0.026091687558453626,0.03341163695318257,0.0049317270532911505,0.007477942352647772,0.006612771198706547,-0.010420765207966178,0.021515981298733042
854,0.050512162209031305,-0.029910882190410843,0.09395215948939031,0.024905751099002196,0.04188973617586783,0.06439905428187961,-0.0007330077890140873,0.03764176433914727
855,0.12790301675578866,0.11004866409985843,0.1786296003926594,0.057001927295215075,0.025957653285422967,0.04728589598410899,0.0339515426218907,-0.031032734108641196
856,-0.03381423652864563,0.05537910869697455,0.08490533966392713,0.02921620650682846,0.00644725239090928,-0.10003620956022498,-0.055412634380477395,0.013393092697523859
857,0.05668850738506953,0.024910970380971356,0.04444616506221233,0.05750007864095875,0.029486966374752895,0.008080301731063687,0.06736312926851827,0.06484997864763854
858,0.00435558155294859,-0.018978511458347606,-0.17421745351834747,0.05886859575445568,0.254888216607517,0.012076025850456295,0.09177072063153116,0.20618471364188823
859,0.010578799310315386,0.029152458653708312,0.01081979999768568,-0.02994043999248146,0.00732898516381754,0.02039034568448307,-0.055460249568366704,0.02770419661784631
860,-0.055412634380477395,0.013393092697523859,-0.0031079031585684092,0.0007639960399501508,0.03846181439477531,0.05090386806201433,0.020149016518727223,0.09243218492997904
861,0.0027414211450370565,0.025628320800981142,-0.08823696391282364,0.002721033292247158,0.025929747822988528,0.036219566792590606,0.03942978255274464,0.03223561708346208
862,0.01695484128659917,0.06663148367852013,0.04684663102592058,0.0061949975367046,-0.019068281816173573,-0.0713840292511914,0.0028870675659669913,0.0946013051011754
863,0.027985131753974917,0.024649406615095838,0.02232662736483993,0.05618386114043311,0.02554805067516022,-0.011346396815389154,-0.02840027754659333,0.02709928010278606
864,0.016721652182922028,0.03808185594297404,-0.00496676521662024,-0.11399169447086158,-0.051075149006804765,-0.0021335904868741654,0.0331153666186435,0.008772262157337138
865,-0.056947025472608256,-0.08296368035457874,-0.12481355296141478,0.16833186243615636,0.006582451350926825,0.027910536194669523,0.01970623765645272,0.06570940764382426
866,0.022755690182547236,0.04265385277217921,0.15240257127716805,0.1680627641109319,0.0007639960399501508,0.03846181439477531,0.026464951458299777,0.00191833560601153
867,0.02157137338810507,0.0230773999402624,0.007822680867767927,0.03141904600384711,-0.014865073275704896,0.037043997380734404,-0.04056938058421847,-0.005637525045480252
868,0.03942978255274464,0.03223561708346208,0.0562120907260079,0.08487372572927601,0.05356779014822743,-0.015332311026208764,0.05668850738506953,0.024910970380971356
869,-0.02155405246506647,0.09610273518539593,0.01685672166555747,0.025860773477762753,0.017924797219877563,0.023580997183367442,0.017281620614598397,-0.034287320165793035
870,-0.08073559907332292,-0.003870944107512582,-0.014683768648714483,0.06623824382816598,-0.0035657031842441177,-0.0040099439253633,-0.04624443418091701,0.07546919914540791
871,-0.004229448637686191,0.04426037679894457,0.015024797213813964,0.08978943009235238,0.04576792541110715,-0.09190603741494878,-0.09492778842213713,0.014249098444838066
872,-0.03553245916052851,0.02849595128758009,0.006364926000034128,-0.04579112302167692,-0.01582101293001888,0.05764210194520755,0.0704862757948348,-0.04677990554653519
873,0.0452438535946445,-0.004003701477166462,-0.029950006555454843,0.041625614727588994,0.03305770518251055,-0.045628209002634,-0.13008317716932508,-0.023728592557452504
874,0.08733021923824424,0.083601952740726,0.03641138496146255,-0.028467015752386745,0.06842655064573248,0.024218604489924928,0.05175229404135538,0.07463734568278337
875,0.1864918273196731,0.1912402838473926,-0.007339068801813674,0.032708833873126085,0.050713076916418395,0.02991114106029612,0.07775323221691115,0.08360971738967124
876,-0.025838511639785726,0.11886890957762948,0.005320447429078421,-0.011443240120825341,-0.06504903210521822,-0.011188332158927672,0.02420862082602183,0.028737402589274815
877,0.07946234483177844,0.04684663102592058,0.0061949975367046,-0.019068281816173573,-0.0713840292511914,0.0028870675659669913,0.0946013051011754,-0.04511760309730755
878,-0.004093450140098699,-0.014982093628872283,-0.015130296811596812,0.009028741917982133,0.02870977967473705,0.014457527269098392,0.017133382906160493,0.00047633873481533844
879,0.09381664737022734,0.14083582185004723,0.09874539105052259,0.1980595960206749,-0.007250054133614382,0.05536150111826453,0.04405280732275557,-0.03381423652864563
880,0.0492758897269837,0.016811891915699914,-0.015806339504420387,-0.022624027600938547,0.021486469795082428,0.047198711375346154,0.02734539182641244,0.032177038443231165
881,-0.14639355121872283,-0.08529826441375793,0.007108112278546442,0.04154225173810074,-0.06581065085683803,-0.03651943588496546,0.008475104952900851,0.02765786528493706
882,0.001623004560214426,-0.01534755215224717,-0.09563878585135667,-0.034902765518025916,0.00110658245929761,-0.0019707085426019775,-0.07311732007286383,-0.09889894590370596
883,-0.055412634380477395,0.013393092697523859,-5.8338600625194406e-05,-0.010248523690522197,-0.15567643467981396,-0.05578242451271492,0.0027414211450370565,0.025628320800981142
884,0.03916741147349725,-0.030720136272704167,-0.007930492469347556,0.08135867933125521,0.016237304618384896,0.03276785207007106,0.005616486133727918,0.031990468729583256
885,0.012275326094953992,0.10652074418392923,0.15471591201636187,0.05324408767827695,-0.007547991372525836,-0.004042477083777581,0.020435228983264355,0.006297766455834597
886,0.008499036672793286,0.03590981164249519,-0.030569674068653747,-0.06118506855572103,-0.15790354778416274,-0.010432458507049902,0.05886859575445568,0.254888216607517
887,0.1786110197944668,0.18605162301684083,0.015485571189997131,0.030169365189279703,0.0390735762277403,0.05090386806201433,0.020149016518727223,0.09243218492997904
888,-0.0051051083419211,-0.01607082458684289,-0.017449686457939966,0.03195651403544279,0.032987146810026395,0.043783032082419,0.03344474957879514,0.0029025417067542396
889,-0.05873782374826621,0.001374842288426062,0.016131477872899806,0.04083681163566783,-0.008660317960369103,-0.007793790640338689,-0.12036325534435462,-0.08772596864057779
890,0.083601952740726,0.03641138496146255,-0.012698410984718475,0.02423140145385302,0.014796192932722805,0.0823473341015913,0.05731174544484317,0.02884146501787851
891,-0.01938484730921016,-0.1457170726235326,-0.06833406106931146,0.02056614342377341,0.020327262293546484,-0.08889000711334612,0.008442502072560752,-0.03322227229726265
892,-0.029910882190410843,0.09395215948939031,0.024905751099002196,0.04188973617586783,0.06439905428187961,-0.0007330077890140873,0.03764176433914727,0.08734846799044324
893,0.01853262344435327,0.010068724907123608,0.022683386114089713,0.016515814760306495,0.13498531885131013,0.12926506844514737,0.15170152090831238,0.08927835889575753
894,0.09874539105052259,0.030956463116623888,-0.013534918400980867,-0.026853141604926915,0.04509197743886771,0.031861365171198065,-0.060927950869310125,-0.13787805025683347
895,0.050512162209031305,-0.029910882190410843,0.09395215948939031,0.024905751099002196,0.04188973617586783,0.06439905428187961,-0.0007330077890140873,0.03764176433914727
896,0.15927582686149339,0.13331833453538028,0.005168656270110838,0.01860029890708141,0.06669800285182495,0.033619419513257524,0.09660961896248449,0.03875830766692102
897,0.04310360874963124,-0.03845370595166686,0.07462004907188186,0.0648244990664447,0.028516291247346292,0.01700866334798155,-0.006905108733557086,-0.029534921581718058
898,-0.08529826441375793,0.007108112278546442,0.04154225173810074,-0.06581065085683803,-0.03651943588496546,0.008475104952900851,0.02765786528493706,0.024600949002244726
899,0.05649429316671417,0.022833190338024337,0.06930880348256134,0.04671823888313922,-0.0066750398740466005,0.077739445343134,0.03982964454413606,0.06044932323785948
900,0.026650294369621963,0.05023086249500809,0.021330709658760057,-0.034785772257091875,0.10183186860558922,0.05790043189516751,0.020841236177624917,0.022351236379838
901,0.006171945495862345,0.0313435380150615,-0.012788132184603986,0.023597433850476822,-0.022856495367242196,-0.004517566543534055,-0.07031992292326242,0.12512951565687028
902,0.026352301379043326,0.0012990776355567737,0.007170867643536217,-0.011679526504085241,0.007461879601311705,0.0031790701162829277,-0.004489316240323887,-0.008127589068975276
903,0.02231189793737722,-0.08581948839162631,-0.06508105366372605,-0.0014427468015152075,-0.004922972172201207,-0.0002762711550266936,-0.1449848810164573,-0.07282663330833591
904,-0.06118506855572103,0.22740913766331494,0.11449748966614386,0.04721335484869471,0.1864918273196731,0.1912402838473926,-0.007339068801813674,0.032708833873126085
905,0.02334834607514963,-0.0063949693526819855,-0.02155405246506647,0.07772641030097946,0.031176078979686366,0.03779158738155633,0.00851847444375363,0.021435570978467603
906,0.021625158554888915,0.0031790701162829277,-0.004489316240323887,0.0015758165291742405,-0.013148571141253456,-0.03327052651534079,0.033919103148152926,0.04751357520136966
907,0.0017344377427880998,0.0383700697461459,-0.004229448637686191,0.04426037679894457,0.015024797213813964,0.08978943009235238,0.18811433798098445,0.09021814789768995
908,0.024648367639700457,0.03451567945184562,-0.01021194743165507,-0.033074350021090174,0.04800823393719242,-0.02996308879641303,-0.020846727225749255,0.10256063737013693
909,0.18811433798098445,0.09021814789768995,0.19038427574162717,-0.002725805564664397,0.02413714607568401,0.05068818011555717,-0.041133885201600016,0.08365555280968927
910,0.03209308509343252,0.032037542390131735,0.13328823247215815,0.10421237703207416,0.18772419387962436,0.06864063690685164,-0.029950006555454843,0.041625614727588994
911,0.06731191675511113,0.05974919523256175,-0.004820745568297918,0.05314037668756117,0.07310831228205482,0.05407329072383777,0.013963011136263486,-0.01443544461218946
912,-0.014879420061233384,0.031133313490282106,0.007798985953508917,0.07819459062322921,0.044448562392878324,-0.006790861538028222,0.009433281355915271,-0.014600470371364999
913,0.03447611249478252,-0.007930492469347556,0.08135867933125521,0.016237304618384896,0.03276785207007106,0.005616486133727918,0.031990468729583256,-0.028890134044899925
914,0.0033421825569468046,-0.04227611970469211,-0.12281810424592568,0.04982300929955519,0.021457461599548977,-0.05439192569851582,-0.03603910562800098,-0.05685112987281479
915,-3.963623685946036e-05,0.030429494047507367,-0.00887580242302415,0.011878759963531013,-0.01970843724354158,-0.001764216062209568,-0.06529203476732443,0.10692926466615334
916,-0.01255877680473109,0.02248985212827792,-0.013624535480764548,0.22798934083862815,0.16445608965141556,0.025929747822988528,0.04188944083539121,-0.015332311026208764
917,-0.031032734108641196,0.10133919983596766,0.039463226707756656,0.037833419266079034,-0.08240092046298034,-0.0658475100762616,-0.02486485722016533,-0.002487481497062186
918,-0.07682537110950548,0.007039154118347256,-0.0074318819833296195,0.055383400241375814,0.05517479340364767,0.08078541694248285,0.06554334326021176,0.015232563943364053
919,0.06436676991295626,0.02303278315861766,0.05992675599698476,0.02841273061469006,0.047442303827898546,0.0685423723087051,-0.00311542308986455,0.02744969203863194
920,0.029152458653708312,0.01081979999768568,-0.0103245745688905,0.03948925873048987,0.005521986037352872,0.09381664737022734,0.14083582185004723,0.09874539105052259
921,-0.07132791565052274,0.058365230668770134,-0.013287997462302109,-0.05387380003170251,-0.02616373777776799,-0.0004640594308981007,0.06575677282832645,-0.014169577538660988
922,-0.10825506337615295,0.263310632907053,0.11011995149387833,0.03595651255263394,0.1784795106950509,0.17095955027704018,-0.011320186630305316,0.05327822497532394
923,0.1043825189063411,0.1442516967700536,0.12849048001054955,0.020712984020955096,0.005437065094973533,0.05017535607181645,0.04979001272479147,0.08622357462744075
924,0.012275326094953992,0.10652074418392923,0.15471591201636187,0.1195536119516561,0.16077321134488992,-0.04240740097978064,-0.0131336109081202,0.05175637262437421
925,-0.15957931500483433,0.00963737490581092,0.044233642604987015,0.24223348615295345,0.011503904041554106,0.11178376376371055,0.23686636505316352,0.05075880985350582
926,0.0975692334592268,0.06786289075018366,0.019644900767271215,0.061907521205541424,0.04354140256395621,-0.0011521168442352808,0.06996550155243682,0.0634970250320656
927,0.24223348615295345,0.011503904041554106,0.11178376376371055,0.23686636505316352,0.05075880985350582,0.02759643671691845,-0.005297334717018741,0.054950776773823706
928,0.08287636971891303,0.009333812953931188,-0.016832619674398547,-0.08588848725511113,0.027031862256106813,0.021348627209415764,0.0331860274858787,-0.06097355054458573
929,-0.06508105366372605,-0.0014427468015152075,-0.004922972172201207,-0.0002762711550266936,-0.1449848810164573,-0.07282663330833591,0.043811499054269405,0.24334785007519066
930,0.08078541694248285,0.06554334326021176,0.015232563943364053,-0.00011492672750969557,0.06786289075018366,0.019644900767271215,0.061907521205541424,0.04354140256395621
931,0.024905751099002196,0.04188973617586783,0.06439905428187961,-0.0007330077890140873,0.03764176433914727,0.08734846799044324,0.03790628799489715,0.022684370018144242
932,0.008125885190452386,0.005839169704932225,0.000596609706238854,-0.003198480817079996,0.014195496796341411,0.005132317567122862,-0.016846829757837384,-0.02094376794236849
933,0.03660958204538981,0.04647911062049513,-0.04572308988216685,-0.13068905238419817,-0.027128337150302294,0.017439536052967712,0.03651849782299039,-0.01713394966401948
934,0.08976295191255872,0.042288990324287054,-0.009681890320329786,0.05112307606913304,0.023963976708823272,0.05674287905853458,0.04682409768225949,0.02423140145385302
935,0.1016350791241134,0.01252791852493433,0.05364691489810045,0.05974919523256175,-0.004820745568297918,0.05314037668756117,0.07310831228205482,0.05407329072383777
936,-0.034785772257091875,0.10183186860558922,0.05790043189516751,0.020841236177624917,-0.03163850228123829,-0.0883003365479709,-0.10481383049561044,-0.038618769215352976
937,-0.06581065085683803,-0.03651943588496546,0.008475104952900851,0.02765786528493706,0.02694446812157813,-0.0034178765959546687,-0.02871232318376256,-0.016800826856763127
938,-0.0040099439253633,-0.04624443418091701,0.07546919914540791,-0.0120322036244557,0.06436676991295626,0.02303278315861766,0.023504173591286825,0.014790474462585109
939,0.053974597623704164,0.1400620490374982,0.07715438445561038,0.2127050409126765,0.010556726679935019,0.014672622604417358,0.04509197743886771,0.031861365171198065
940,0.030783248129296784,0.015523407838747783,-0.07129956061803258,0.001665061697892903,-0.007154718189339423,0.02090016898043685,-0.004093450140098699,-0.0031256435472100602
941,0.008080301731063687,0.06736312926851827,0.06484997864763854,0.05543686808800729,-0.02775432483880939,0.0035007798920464336,-0.030645721609290747,0.027910536194669523
942,0.03251710760405471,-0.07682537110950548,-0.020352219706992098,0.006940060669718801,0.033846621506264316,-0.002881656542227375,0.02517833335626331,0.09044619152700702
943,-0.05196133780222694,0.0028742228637099495,0.07942804085490669,0.03591066926944299,-0.03904979439636809,-0.08752271000182854,0.021403949475942596,0.06692223099929095
944,-0.02456315189035098,0.03329672356968668,-0.03136287361237509,-0.01315090154732808,-0.037196617343158475,0.09745846809380196,0.04415707487510739,-0.011378475219155786
945,0.05075880985350582,0.02759643671691845,-0.005297334717018741,0.054950776773823706,0.06351461633079457,0.06771129635265376,0.07331847075741482,0.0640220959649754
946,-0.017246124246697962,-0.021319727455457294,0.08386560020338892,0.005437065094973533,0.05017535607181645,0.04979001272479147,-0.0035576450186787074,-0.004517566543534055
947,0.03371972228917836,0.006364926000034128,0.06741148297839925,0.02728045160063736,0.08733021923824424,0.083601952740726,0.031079344736536632,-0.02068948773455074
948,0.009433281355915271,-0.014600470371364999,-0.005535919993249112,0.008214469382970893,-0.021032325815813463,-0.1434132833015306,-0.009326092852967406,0.05522655912088008
949,-0.05630009286773721,-0.004303363818687617,-0.0458377959121463,-0.13008317716932508,-0.023728592557452504,0.040829540244036434,0.01853262344435327,0.010068724907123608
950,-0.08523360912573254,0.030474884881794746,0.19476497723196481,0.054359119672220756,0.085384685131117,0.14960067236142724,0.15728314174886657,-0.0007868436390697441
951,0.032401305533269247,-0.07383617068359147,-0.11268482126922406,0.014874046400746022,0.008867873243867862,0.0014569153378469603,0.004961207336632868,-0.15464392607940886
952,-0.0019707085426019775,-0.07311732007286383,-0.09889894590370596,-0.07716690882936779,0.05481731158778569,-0.005529137560678465,-0.06566738679306296,0.08042845645653804
953,0.02815498806673793,-0.03457835186186034,0.09907059068764777,0.009525257639794482,0.07623805115305331,-0.04895804795747495,-0.07821917475426834,-0.026852133123197418
954,0.1442680668719345,0.09036745043547073,0.20817411967213192,0.009591104411358879,0.05631413212158116,0.042268457879275786,0.04950881406207874,-0.006790861538028222
955,0.06484997864763854,0.05543686808800729,-0.02775432483880939,0.0035007798920464336,-0.030645721609290747,0.016517390636841635,0.026091687558453626,0.03341163695318257
956,-0.03099676014357284,-0.056746431009554614,-0.002423868950951307,0.01041279437881343,0.046225217964285595,-0.0034178765959546687,-0.02871232318376256,-0.016800826856763127
957,-0.052644045068644486,0.057391731731546526,0.04265630603855725,0.022807142819862326,0.02439044517374037,0.017073106277451525,0.020907862155915197,-0.028446372447748804
958,0.004887389884845521,0.24334785007519066,0.03483200682607578,0.09687186759712554,0.15927582686149339,0.13331833453538028,0.005168656270110838,0.01860029890708141
959,0.0634970250320656,0.04812106459312323,0.017461980216704025,0.0011914064711409111,0.012552498632147085,-0.0005763305691675266,-0.039406788034806274,0.06748800444979743
960,0.07633428797990718,-0.04962330899281994,-0.05073514033788832,-0.081205586329834,-0.07649533509282554,0.004887389884845521,0.24334785007519066,0.03483200682607578
961,0.05407329072383777,0.013963011136263486,-0.01443544461218946,-0.019067498641394894,0.01661130304753056,0.030664593091042983,0.045526761041284745,0.021049862769594634
962,0.04979001272479147,0.08622357462744075,0.055909746701747885,0.037811335473967846,-0.026074719040020927,0.0927671693931366,0.010791209501792631,0.06260025505551696
963,0.016537414449602463,-0.09083556275906199,-0.05630009286773721,-0.004303363818687617,-0.000764935061800556,-0.0015810793213288728,-0.14639355121872283,-0.08529826441375793
964,0.07462004907188186,0.07988536334400807,0.018118850213676558,0.0025336243002390554,-0.10033392389766944,-0.06031508786027079,0.01974060520282703,0.00435558155294859
965,-0.0253224956421449,0.04237123697766942,0.034037086276389676,-0.049407531129056194,-0.1434132833015306,-0.009326092852967406,0.05522655912088008,0.011257117079635537
966,0.007221085628945011,0.009346032013199956,-0.014727339179581215,0.02043033461432674,0.006085282308852949,-0.013945795051438253,-0.027931969716044284,0.020422863599038738
967,0.03808185594297404,-0.00496676521662024,-0.11399169447086158,-0.051075149006804765,-0.0021335904868741654,0.017563697591598468,0.02043033461432674,-0.00025947588155628224
968,0.05764210194520755,0.0704862757948348,-0.04677990554653519,-0.06866753903744134,0.010675079839919726,0.04982300929955519,0.021457461599548977,-0.05439192569851582
969,-0.06866403183244768,0.015151760354786346,0.02923423138402624,-0.08370626856186839,-0.0014347097716089039,-0.005076167557155138,0.06623824382816598,-0.0035657031842441177
970,-0.03651943588496546,0.008475104952900851,0.02765786528493706,0.024600949002244726,0.08314093928737909,0.14083582185004723,0.09874539105052259,0.1980595960206749
971,0.013963011136263486,-0.01443544461218946,-0.019067498641394894,0.01661130304753056,0.030664593091042983,0.045526761041284745,0.021049862769594634,0.026352301379043326
972,0.025628320800981142,-0.08823696391282364,0.002721033292247158,-0.005133491311685329,0.04220342435102671,0.04524845489302261,0.04647911062049513,-0.04572308988216685
973,0.008499036672793286,0.03590981164249519,-0.030569674068653747,-0.06118506855572103,-0.15790354778416274,0.048863603488996966,-0.06866403183244768,0.015151760354786346
974,-0.15790354778416274,-0.010432458507049902,0.05886859575445568,0.254888216607517,0.012076025850456295,0.09177072063153116,0.20618471364188823,0.09682711124749349
975,0.042413614625101466,-0.009200394809037693,0.004299657044073789,-0.01473198548039481,0.0033751049213474834,0.011213727722435705,0.013538887880741127,-0.009866661182637375
976,0.0704862757948348,-0.04677990554653519,-0.06866753903744134,0.010675079839919726,0.04982300929955519,0.021457461599548977,-0.052599650644593925,-0.06176180680248807
977,-0.1431778791867063,0.15155688308086152,0.1585077643839471,0.023898099505917064,0.07475753540778808,0.1400620490374982,0.07715438445561038,0.2127050409126765
978,0.06575677282832645,0.013782209910908162,0.02604189038723279,0.019549987029530605,0.023175625805814403,-0.03553245916052851,0.02849595128758009,0.006364926000034128
979,0.016537414449602463,-0.09083556275906199,-0.05630009286773721,-0.004303363818687617,-0.000764935061800556,-0.0015810793213288728,-0.14639355121872283,-0.08529826441375793
980,-0.014169577538660988,-0.017246124246697962,-0.021319727455457294,0.025455493242960484,-0.01650675505206109,0.09376043479837523,0.015178932581916594,0.030948564728390915
981,0.03614906441302523,0.005747103245119043,0.07395787540543002,0.022929972855344486,-0.01473198548039481,0.0033751049213474834,0.011213727722435705,0.013538887880741127
982,0.04939081639495947,0.012204001535472821,0.043707444721036194,0.002610531113063338,0.02403911798411785,-0.0006670782883442124,0.03209308509343252,0.032037542390131735
983,-0.0018427708801756102,-0.0033481605894797144,0.012649918105789538,0.003923268694962706,-0.013534918400980867,-0.026853141604926915,0.04509197743886771,0.031861365171198065
984,0.077739445343134,0.03982964454413606,0.06044932323785948,0.020655242408598253,-0.03567382466677644,-0.01046043074501207,0.08103675397857026,0.05268977902213795
985,0.012210156230299331,0.0062567490126280954,0.06351461633079457,0.06771129635265376,0.07331847075741482,0.0021443880627073906,0.015240443207146707,0.05649429316671417
986,0.00888128311780124,-0.003576996288077466,-0.017420439501306575,0.03930624981704534,-0.03268418807681166,0.024820507352673524,0.05454457330743639,0.02157137338810507
987,-0.081205586329834,-0.07649533509282554,0.004887389884845521,0.24334785007519066,0.03483200682607578,0.023824113125372907,0.03930624981704534,-0.03268418807681166
988,-0.02712704838623795,-0.016379602227984597,0.06081204173790412,0.0012446836373436378,-0.007829901167596347,-0.02712704838623795,0.05550996276826985,-0.042678964071087205
989,-0.04056938058421847,-0.005637525045480252,-0.025838511639785726,0.11886890957762948,0.0010666766857044389,-0.017449686457939966,0.03195651403544279,0.032987146810026395
990,0.013427251399639835,0.05878796760083395,0.13532306579499223,0.023924418008826748,0.05838048512076765,0.019600514325103572,-0.033892685813506865,0.11368810681052183
991,-0.0959799781885171,0.04982300929955519,0.021457461599548977,-0.06773552461103065,0.12512951565687028,0.04630595254479673,0.0033421825569468046,-0.04227611970469211
992,0.04028733948383551,-0.045389581123573476,-0.04601465751709777,-0.05509488366834008,0.011611238192971548,0.23950488532678857,0.04837086616455555,0.08074525863865549
993,0.03942978255274464,0.03223561708346208,0.0692573919820413,0.06319230671727441,0.07424945199336273,0.0540311695998272,0.007465920317119646,-0.0810228182142374
994,0.029156456970374847,0.020315402513363848,0.006287851614069399,0.029239223785477764,0.016288290926872614,0.1315825200212921,0.1367068347800229,0.1311532579188743
995,0.02740464613057831,-0.022181734731348293,0.03302551187024177,-0.033401786587522055,0.0011471072145716112,-0.05562886314565989,0.11104851877539362,0.0408922640134475
996,-0.022624027600938547,0.021486469795082428,0.047198711375346154,0.02734539182641244,0.032177038443231165,0.017355998364001222,0.004345290344611144,0.001665061697892903
997,0.03223561708346208,0.0562120907260079,0.08487372572927601,0.05356779014822743,-0.015332311026208764,0.05668850738506953,0.024910970380971356,0.04444616506221233
998,0.042288990324287054,-0.009681890320329786,0.05112307606913304,0.023963976708823272,0.05674287905853458,0.04682409768225949,0.02423140145385302,0.014796192932722805
999,0.02765786528493706,0.024600949002244726,0.003387299348614436,-0.020431440671730198,0.01998665997633142,-0.031082690526254893,0.002430625486315612,0.07570685403943211
