sim_id,year_1,year_2,year_3,year_4,year_5,year_6,year_7,year_8,year_9,year_10,year_11
0,0.3400130441540978,0.04333727706415184,0.1220174870673977,0.06129942909837034,0.19601231956388124,0.20596975380684593,-0.057684741153323484,0.33793223418606655,0.1081466919612358,0.23315219493351433,0.2759889856284672
1,0.31975427944996887,0.03981403283697342,0.001220357624790931,-0.07007502669067454,0.4895214773529827,0.0637917868463912,0.21208714275880025,0.4495007379400005,0.2933092651678347,-0.07857167594071549,0.2854839681489928
2,0.27640262933912124,0.47201011607596016,-0.28281767262770263,-0.0037568732807429827,-0.006068095610988907,0.22353226918003677,0.31634318939043543,0.1452137764050096,0.07004406608160774,0.05316462727074893,0.5077589261353112
3,0.08617134357782268,0.07831120315928315,-0.036381717160680845,0.1918282357010622,0.2566953352236003,0.09440814158715664,0.25877643221949886,0.36206636083348,0.018964750924899278,0.22176350952506277,0.13444733258050956
4,0.3101946871467882,-0.28839440285915124,-0.49163582428543307,0.021414579109772094,1.2345642521917752,-0.2390661515095062,0.7216726934662775,0.37887817736150176,-0.4375915754722766,0.17850557601239259,0.04049002125523098
5,0.23046833214655307,-0.04177403759466122,-0.30418711666720355,0.3528982149432685,0.205696934332813,-0.06894471559741094,-0.21754472327174948,0.11712542482710067,0.13726845392845502,0.10477893452726418,0.154525193891985
6,0.2723849429441483,0.0383714803928995,-0.0341945571464552,0.1063634492370031,0.1962990495609203,-0.13145164010685437,0.23843065633277077,0.11969849148818573,0.15101489071696825,-0.19871529312115233,0.16387788756728414
7,0.11239773235496053,0.018992549323993312,0.15967623071216216,0.18518734134368978,0.03957451191768845,0.1932733614432001,-0.05430886755852945,0.05310248474394906,0.3607471428065565,0.06233658555976345,0.25202439925764925
8,0.21910904649794555,0.1093603113504988,0.29244900495504983,0.07156915212888351,0.03981403283697342,0.001220357624790931,-0.07007502669067454,0.4895214773529827,0.0637917868463912,0.21208714275880025,0.4495007379400005
9,0.056999667600075014,-0.22417062275129002,0.3807558613147009,0.17224841861994322,-0.09851033897345973,-0.1994683328230255,0.23980010892210227,0.24982258900136312,-0.11600447725845392,-0.322697042332726,0.20051624388285613
10,0.005683677347195281,-0.1564723056670849,0.5746193857681196,0.11730632153435483,0.11996356155954901,0.1278373443948156,-0.08747270326604926,-0.4820010422294675,0.6345265610190949,0.008565521413673522,0.22798368323536836
11,-0.41024474767980984,0.10116232101975607,-0.017998435792932244,0.06031076097975645,0.02182100849886886,0.32235892296680474,0.21043433282753074,0.04703410538990216,0.023224159920207973,0.3484169306665826,0.38464041570040863
12,0.06255089963037826,0.14128623717498243,0.16458087537784533,0.23046833214655307,-0.04177403759466122,-0.30418711666720355,0.3528982149432685,0.205696934332813,-0.06894471559741094,-0.21754472327174948,0.11712542482710067
13,0.5746193857681196,0.11730632153435483,0.11996356155954901,0.1278373443948156,-0.08747270326604926,-0.4820010422294675,0.6345265610190949,0.08491540432011634,-0.025839607220092212,0.12045898537141242,0.286877200722593
14,-0.3468342009386645,-0.2833807162011421,-0.49163582428543307,0.021414579109772094,1.2345642521917752,-0.2390661515095062,0.7216726934662775,0.37887817736150176,-0.4375915754722766,0.17850557601239259,0.04049002125523098
15,0.07004406608160774,0.05316462727074893,0.5077589261353112,0.27800976640018904,-0.06092265305807112,-0.07420667902913211,0.4772627981074588,-0.1685498881020765,0.532684865743833,0.11982048966670107,-0.0519861583077886
16,-0.06664940695669395,0.2587212667043487,-0.14639799594510308,0.37363568811000564,0.11716303057832608,0.12569717207255016,0.08359265059376635,0.33876510586308256,0.02582216832870876,0.0103892770571994,-0.04247753767970497
17,-0.03348926380060616,0.3121144711635626,0.49930541624730584,0.09661674508426206,-0.04247753767970497,0.111002564726116,0.32466681415976595,-0.054898688296048936,0.22432644828488973,-0.1232149241758918,0.2686244753741979
18,-0.08417891571780703,-0.19567178073345584,0.048418260223786674,0.29564432352390774,0.07156915212888351,0.03981403283697342,0.001220357624790931,-0.07007502669067454,0.4895214773529827,0.0637917868463912,0.21208714275880025
19,-0.05078018175580146,0.2269836513911627,0.21109509114465294,-0.25122925263422324,-0.31389127431207686,0.39595271167737006,0.2477901823414091,0.11239773235496053,0.14034718129468007,0.07531665293909175,0.14223356297833722
20,0.14901686786802,0.06131121467129291,0.20880832158794416,0.11021351393836613,0.2811349847358627,0.0014623392565319142,0.04784244341978576,0.0077741013978389175,0.04641076076847641,-0.12295444257606764,0.39770783469686205
21,0.21781015800967046,0.10304113458430038,0.07360110385407279,0.15670911251286973,0.45003162645293465,0.16110004426294264,0.045895226796395086,-0.06052322043582949,0.4507323785553294,-0.0691774432698838,0.2709843384910566
22,0.14128623717498243,0.16458087537784533,0.23046833214655307,-0.04177403759466122,-0.30418711666720355,0.3528982149432685,0.205696934332813,-0.06894471559741094,-0.21754472327174948,0.11712542482710067,0.13726845392845502
23,0.1900673974285291,0.14118158550631343,0.064420931619945,0.17813747119959616,0.11153480932866984,-0.2919755150128051,0.25194362687045424,0.301061849457883,-0.1161805714536689,-0.04633283163100682,0.2136761375202918
24,0.3873237836404128,0.14370153652087095,-0.06519178307126122,0.31264062742987014,-0.10219671826133284,0.20037398764353218,0.20497716776757982,0.11943540754119972,0.5979804251199937,0.2526440820179429,0.030295772611395898
25,0.2477901823414091,0.11239773235496053,0.14034718129468007,0.07531665293909175,0.14223356297833722,-0.021651786553036286,0.12079119269608964,0.2824571418874076,0.04509906066466046,0.31997096866254743,0.27166200964144344
26,-0.025839607220092212,0.12045898537141242,0.3658137801403437,0.2649233174487815,-0.22582008661066053,0.010747444669999833,-0.04684048839730427,0.3445276958741689,0.2670168397207595,0.11999193592579707,0.025195000573940488
27,0.08872221642612875,-0.03338956960717739,0.31626446930358326,-0.2688525390751869,-0.23497703259441213,-0.6818950630676603,2.775715655692279,-0.12641861897147907,-0.071568525291851,0.651068744545621,0.17517207832310983
28,0.30312930109054054,-0.01628559255808749,0.22344916562290068,-0.0022649620560798393,0.00023042973591467987,0.07425954369573716,0.1967581543584978,0.11716303057832608,0.12569717207255016,0.08359265059376635,0.33876510586308256
29,0.19762225597500324,0.2117993535166189,0.07241198467246238,-0.0009804569413706596,0.019828243580542443,0.21838582797646872,-0.026929355196783866,0.08118586580494987,0.0029661854615968316,0.34595842949403505,-0.21248517639154826
30,0.10981308189934724,0.4255352370150269,0.25980627869946177,0.028878761909011532,0.1512351673111633,0.0687471240577064,0.025303337699693184,0.07991964893101931,0.14910613995433913,0.13870999513948015,0.052111479316268625
31,0.07443711931806851,0.2013810585084282,0.16537104813962505,0.16944948516711295,0.024987697732263607,0.04487858645134652,0.029272201147996082,0.03195666987309589,-0.04923300073592117,0.28884407459477013,0.11496552590834287
32,-0.10720510281794955,-0.06988782529844882,-0.029810975371668404,0.36698137508616957,0.28390600937395283,0.06077700494192656,-0.03348926380060616,0.3121144711635626,0.49930541624730584,0.09661674508426206,-0.04247753767970497
33,-0.10502185721591453,0.16212723952415709,0.18608502378751038,0.07896802964867246,0.19989817570442997,0.45731524052691386,0.17400369564042703,-0.09436305739060516,0.33469231135482114,0.32166518950735806,-0.2270480455207728
34,0.09892670391507088,0.19799846171187263,0.08817550672737952,0.016104682807028897,0.19820898945179852,-0.1228961939348214,0.46117402403887836,0.010629951960803224,0.2329295694666118,0.43160144306355575,0.23386430015327572
35,-0.030744876890875142,0.03995236746348638,0.27685820958904017,-0.238454914255154,0.1622885154367558,0.27244070008152355,0.11639784455030472,0.24558940996994993,0.2716166448893086,0.23132011143789816,-0.37003291712239705
36,0.023224159920207973,0.3484169306665826,0.38464041570040863,0.08256728264784874,-0.11495180160911317,0.36064203219538704,-0.0021811084207405663,0.3638470451044476,0.20503724985454205,0.1459981126354451,-0.09139857051369302
37,0.10581675702611819,0.21836952852283753,-0.1975496083240688,0.06599459167266276,0.2140158170798685,0.032016070946640766,-0.2056916248099073,-0.09977122531837382,0.20051624388285613,0.21910904649794555,0.1093603113504988
38,0.2633311473581775,0.2243299273245574,0.09929767896570325,-0.05055300144419804,0.11493399400923741,0.16398023443426096,0.08641616074491512,-0.030744876890875142,0.03995236746348638,0.27685820958904017,-0.238454914255154
39,0.10221199436568572,0.11086305524430831,0.5085612625617385,0.2358186269665527,-0.0354215967745066,-0.07093347373910476,0.47495421114848513,-0.06981461482759276,0.2501629573434221,-0.007193016796767877,0.08783646987625998
40,0.12079119269608964,0.2824571418874076,0.04509906066466046,0.31997096866254743,0.27166200964144344,0.061634111965513244,0.22032608542910156,0.21689918467645036,0.021443229382626033,-0.1011372261993832,0.23834739187748413
41,-0.03126694167154654,-0.2895737635617525,0.11571104830416722,0.19148059584239505,0.08715331481815118,0.08931520862275474,0.36698137508616957,0.28390600937395283,0.06077700494192656,-0.03348926380060616,0.3121144711635626
42,0.21026955100633232,0.3594575830872452,0.10738292971034552,0.1268252869070336,-0.054658024990498495,0.5979804251199937,0.2526440820179429,-0.04372410962220837,0.532684865743833,0.11982048966670107,-0.0519861583077886
43,-0.06519178307126122,0.31264062742987014,-0.10219671826133284,0.20037398764353218,0.20497716776757982,0.20364766167416773,0.4592312571483904,-0.16129594391123622,-0.2057051867824583,-0.535203756815677,-0.18224044766622266
44,0.10912076590162222,0.08387223257892588,0.007282743814128762,0.020612343586763032,0.2776213073851155,-0.2930011245453141,-0.3323103623367577,-0.21119585311806702,0.6359536634803336,-0.20577899822194573,0.20485280725032834
45,0.27501372788438055,0.20689829639105578,-0.18868606439129984,0.1938649078891614,0.11596495767376316,0.23218720665753584,0.05513546681446052,0.16570867460275632,0.18981378883331407,0.16929565744747385,0.016130026589419835
46,0.23244847910803215,0.3923522683435107,0.06574911402424904,0.11982381637853495,-0.0036322028767203193,0.04566479606714988,0.24969781261903926,0.11639784455030472,0.24558940996994993,0.2716166448893086,0.23132011143789816
47,0.010747444669999833,-0.04684048839730427,0.3445276958741689,0.2670168397207595,0.11999193592579707,0.025195000573940488,0.2525280799707006,0.46609603032039665,0.12547576951623374,-0.014864298582347406,0.02672968558008701
48,0.07004406608160774,0.05316462727074893,0.5077589261353112,0.27800976640018904,0.00915024429447503,-0.18873985973198337,-0.2630977126021474,0.15538551639601741,0.29502436812259675,-0.07973305727102308,0.19799789212246702
49,0.15948649245452387,-0.038225245979315856,0.12200883569907046,0.1942458485822597,0.05373657295280298,-0.0481804193300597,0.15012172490551431,0.26646730936785923,0.23769099596891313,0.43358726407530823,-0.18009620301785492
50,0.019828243580542443,0.21838582797646872,-0.026929355196783866,-0.029610711765772173,-0.018288587728737135,0.021704303877180964,-0.05845547641045337,0.3308041747258856,0.164257142074729,0.09676305399739243,0.18006443606999176
51,0.16902824950534565,0.24383857054727498,0.12692743882989452,-0.09579475570179191,-0.37215607382295773,0.42858710956831947,0.169608015722371,-0.08047575649163148,0.0742986064654979,0.10901691378591169,-0.06287418633695564
52,0.2086211161338412,0.3854280947760623,0.3481189339598148,-0.046633282251753776,0.28704697470443025,-0.17779686986585547,0.1491258597087924,0.10443331001532027,-0.012240582376639745,0.13886281909376522,-0.062205740435684005
53,-0.03419642558318104,0.22503561746781034,0.23051347462592298,-0.2674087357689618,0.05272393126356598,0.22506923505064735,0.10261484021232775,-0.21198150695143764,-0.19771289689077395,0.32661083949314984,0.10384331692069787
54,0.19799846171187263,0.013227651370909756,0.11712542482710067,0.13726845392845502,0.10477893452726418,0.154525193891985,0.00784475746695388,0.46117402403887836,0.010629951960803224,0.2329295694666118,0.43160144306355575
55,0.28875087664909865,0.14815850872667752,0.16282803887473282,0.3842572887052237,-0.00910825187333178,-0.3009925401089623,-0.3557798169054311,-0.17575267886142004,0.576090306976329,-0.006011173839405014,0.407556646171246
56,0.27546427786962585,0.061031905252357535,0.05848757429557536,-0.07720539751091571,0.010435914587602436,0.4970868953748266,0.0443270845504133,0.1234249141754251,0.024987697732263607,0.04487858645134652,0.029272201147996082
57,0.18668007377330023,0.005169852410660244,-0.04538704312831413,-0.09714475970879345,0.024406105133026493,0.355073964073535,0.3305091004000071,0.5569329242264648,-0.246023278873846,-0.02073871481096764,-0.029680462238063903
58,-0.17611053221229445,0.532684865743833,0.11982048966670107,-0.0519861583077886,0.27183294112990597,-0.11338464126334705,0.22044835283863562,-0.013482483254453276,-0.3276340921767554,-0.560709760652686,-0.026254643473814794
59,-0.46653684425022923,0.1554728609437766,0.24264684577496107,-0.17251053863600152,-0.14542367560108146,0.6780850513706412,0.11168107498567888,0.4323114787719322,0.40137010870007506,-0.35215411572254657,0.08641717028161186
60,0.23355982518621926,0.029024701733186827,-0.023190079283785647,0.41946818135912745,0.396950895585359,0.05722556129495675,-0.05963657763210757,0.24747498490240735,0.1906227232740485,-0.06664940695669395,0.2587212667043487
61,-0.20577899822194573,0.20485280725032834,0.5710140729030543,-0.1186811325260774,0.24400616256787622,0.6145468467126224,0.182811459615623,-0.3536349874100938,0.5154484502995313,0.262309165833173,-0.18009620301785492
62,0.1452137764050096,0.07004406608160774,0.05316462727074893,0.5077589261353112,0.27800976640018904,-0.06092265305807112,-0.07420667902913211,0.4772627981074588,-0.017093960217367823,0.20446229175264322,0.077208066716257
63,0.09562393978438231,0.14760436881813735,-0.17392707701365767,-0.14536143896619835,0.04333727706415184,0.1220174870673977,0.06129942909837034,0.19601231956388124,0.20596975380684593,-0.057684741153323484,0.07384757606653194
64,0.651068744545621,0.17517207832310983,-0.2837244130358797,-0.05933768281964149,-0.0158205855430532,-0.036835629344728345,0.5984436178614774,0.15948649245452387,-0.038225245979315856,0.12200883569907046,0.1942458485822597
65,0.2243299273245574,0.09929767896570325,-0.05055300144419804,0.11493399400923741,0.16398023443426096,0.08641616074491512,-0.030744876890875142,0.03995236746348638,0.27685820958904017,-0.238454914255154,0.1622885154367558
66,0.13099896506810524,0.14083053914836333,-0.02431958698577717,-0.014774917010754571,0.30790953094728557,0.026633443720634878,-0.10502185721591453,0.16212723952415709,0.10247846737264223,0.21692267376731647,0.19989817570442997
67,0.07187542666856812,0.09364824897947188,0.26063328665288116,0.13490246113837479,-0.10690798536618025,-0.20091983663120586,0.2564809375436427,0.2379115657403104,-0.03126694167154654,-0.2895737635617525,0.11571104830416722
68,0.6145468467126224,0.182811459615623,-0.27451396654390714,-0.037243909461088076,-0.08742949038525093,0.17124113491377574,-0.20272806045545047,0.4391482300802762,0.05310248474394906,0.3607471428065565,-0.04825810048458632
69,-0.09945040258569912,0.46110913685599997,0.03434420395290914,-0.00983639526084633,0.14118158550631343,0.064420931619945,0.17813747119959616,0.11153480932866984,-0.2919755150128051,0.25194362687045424,0.18447934488472806
70,0.2477901823414091,0.11239773235496053,0.12234390728662362,0.014770973447222226,0.16841010577103913,-0.17184534665718618,0.5705404810089426,0.0008958314648755303,0.23630351086435855,0.4555579162737879,0.246515426242668
71,0.11596495767376316,0.23218720665753584,0.05513546681446052,0.16570867460275632,0.18981378883331407,0.16929565744747385,0.016130026589419835,0.13604560052272469,-0.018288587728737135,0.021704303877180964,-0.05845547641045337
72,-0.04093780864936718,0.22340053763778864,0.17654672439733954,0.13598333473215593,0.03048863895714203,0.12638483116916358,0.056999667600075014,-0.03415029254685713,-0.1361437516837773,0.2529187029740033,-0.238454914255154
73,0.39656667760254666,0.1769134251815794,0.22703433970754183,0.20596975380684593,-0.057684741153323484,0.07384757606653194,0.11791256102414473,0.14910613995433913,0.0777999734608091,-0.016190662049341185,0.11838573542352976
74,0.4555579162737879,0.2548365919253234,0.47495421114848513,-0.06981461482759276,0.2501629573434221,-0.007193016796767877,0.08783646987625998,0.17136904462667607,0.1900673974285291,0.14118158550631343,0.064420931619945
75,0.21026955100633232,0.3594575830872452,0.10738292971034552,0.1268252869070336,-0.054658024990498495,0.5979804251199937,0.2526440820179429,0.030295772611395898,-0.17611053221229445,0.532684865743833,0.11982048966670107
76,-0.25067496534820216,-0.33049876626994434,-0.49479408873313274,1.2506888914384577,-0.16999080995714083,0.24400616256787622,0.6145468467126224,0.182811459615623,-0.27451396654390714,-0.037243909461088076,-0.08742949038525093
77,0.22503561746781034,0.23051347462592298,-0.2674087357689618,0.05272393126356598,0.22506923505064735,0.10261484021232775,-0.21198150695143764,-0.19771289689077395,0.32661083949314984,0.10384331692069787,0.07711382871774942
78,0.2011047102573123,-0.05911225422027029,0.1470775585761181,0.02369429402154779,0.005683677347195281,-0.1564723056670849,0.5746193857681196,0.11730632153435483,0.11996356155954901,0.1278373443948156,-0.10316231097554891
79,0.04163234839464616,-0.09945040258569912,0.46110913685599997,0.03434420395290914,0.08108865698436285,0.10466068598386129,0.3286452837434767,0.21153885924695115,0.1163015082677053,-0.07607939841636727,0.4408191314993718
80,-0.0730539224471404,-0.3276340921767554,-0.560709760652686,0.014662593894547743,1.4080315384750042,-0.3211366212088857,1.0994415746910717,0.3631106194833644,-0.4215966192802298,0.10787259292306504,0.01840890062904963
81,0.07008561531728158,-0.12319514448977624,-0.06574295470794776,0.34385555108441634,0.18533780760642687,0.16500535895414353,0.11298577658039052,0.1593491945626654,-0.2832162412671828,0.0020805530387531996,0.09813566285711402
82,0.18036848701180638,0.07863672787339265,0.1509781412018274,0.21715120410033667,-0.11088653938316373,-0.3298778796407805,0.19739197841878328,0.2574074511740544,-0.1363443429204539,0.28392816400072096,0.17315845339267563
83,0.17400369564042703,-0.09436305739060516,0.33469231135482114,0.32166518950735806,-0.2270480455207728,-0.14535264944239704,0.1636217548875396,0.3461298946903398,-0.2333565673052771,-0.30008190849311206,0.3332262163068803
84,-0.0481804193300597,0.36496510358983475,0.12494821353405587,0.11626296745509843,0.1967032816729059,0.13604608051457204,-0.4410086830701572,0.20521445648280787,0.18187890191990846,-0.018412927239126024,0.08651782774696389
85,0.09510515726720949,-0.09945040258569912,0.46110913685599997,0.03434420395290914,0.15538718694112577,-0.09579475570179191,-0.37215607382295773,0.42858710956831947,0.169608015722371,-0.08047575649163148,0.16236333567151778
86,-0.1161805714536689,-0.04633283163100682,0.2136761375202918,0.07494596567037431,0.25010784662062324,0.3523436055521462,0.16449856261676135,-0.06575779966302676,-0.4633805460079044,-0.6296462555508103,2.322443244981363
87,0.10762942390301436,0.4252746605696237,0.019519458325689406,-0.024104684871840008,0.41000486829468213,-0.054332979629034356,0.19955843128181666,-0.154784423703279,0.3022190377547206,0.1947513444538738,0.06255089963037826
88,-0.2688525390751869,-0.24400340835220752,-0.49479408873313274,1.2506888914384577,-0.16999080995714083,0.24400616256787622,0.6145468467126224,0.182811459615623,-0.27451396654390714,-0.037243909461088076,-0.08742949038525093
89,-0.4410086830701572,0.20521445648280787,-0.014671795939834496,-0.0009804569413706596,0.019828243580542443,0.21838582797646872,0.1817450927074853,-0.09401895570000028,0.10799564566925353,0.14738116301118354,0.09492199006514247
90,0.29244900495504983,0.07156915212888351,0.03981403283697342,0.001220357624790931,-0.07007502669067454,0.4895214773529827,0.0637917868463912,0.21208714275880025,0.4495007379400005,0.2933092651678347,-0.07857167594071549
91,-0.18868606439129984,0.1938649078891614,0.11596495767376316,0.23218720665753584,0.05513546681446052,0.16570867460275632,0.1154575838036849,-0.17423414406398183,-0.17888375096808656,0.14457497153757373,0.16150134876585814
92,-0.010932433981683438,-0.28281767262770263,-0.0037568732807429827,-0.006068095610988907,0.27796724423346114,0.12849141162106129,-0.025839607220092212,0.12045898537141242,0.286877200722593,0.06552001088711226,-0.01222018030071071
93,-0.535203756815677,-0.18224044766622266,1.631133135384752,-0.27684410127456854,0.93613725027831,0.36905839115702316,-0.42191937147693376,0.08039882214882836,-0.14542367560108146,0.6780850513706412,0.11168107498567888
94,-0.2688525390751869,-0.23497703259441213,-0.6818950630676603,2.775715655692279,-0.12641861897147907,-0.071568525291851,0.651068744545621,0.17517207832310983,-0.2837244130358797,-0.05933768281964149,-0.0158205855430532
95,0.08651782774696389,0.27957828264201523,0.07241198467246238,-0.0009804569413706596,0.07241198467246238,-0.0009804569413706596,0.019828243580542443,0.21838582797646872,-0.026929355196783866,0.08118586580494987,0.0029661854615968316
96,-0.10219671826133284,0.20037398764353218,0.20497716776757982,0.17400369564042703,-0.09436305739060516,0.33469231135482114,0.32166518950735806,-0.2270480455207728,-0.14535264944239704,0.1636217548875396,0.3461298946903398
97,0.1509781412018274,0.21715120410033667,-0.11088653938316373,-0.3298778796407805,0.19739197841878328,0.2574074511740544,-0.1363443429204539,0.28392816400072096,0.17315845339267563,0.2945033724172272,-0.42191937147693376
98,0.10901691378591169,-0.06287418633695564,0.020789453641837097,0.4821384641347985,-0.10720510281794955,-0.02327093882632231,0.13330989518342076,0.06458116259471598,0.2819858073684284,0.37945256073396405,0.2729517301749195
99,-0.02687598372737332,-0.021651786553036286,0.12079119269608964,0.2824571418874076,0.04509906066466046,0.31997096866254743,0.27166200964144344,0.061634111965513244,0.22032608542910156,0.21689918467645036,-0.19131993763789917
100,0.21507230996456794,-0.11110494277211024,0.3924486791878392,0.2295099569039927,-0.25196316607160346,-0.05078018175580146,0.2269836513911627,0.21109509114465294,-0.25122925263422324,-0.31389127431207686,0.39595271167737006
101,0.2269899149422962,0.1513353793055481,0.1525483543928927,0.05451036815254353,0.10581675702611819,0.21836952852283753,-0.11266349251197258,0.19206526361875487,0.4763690489011428,-0.1670048053309648,-0.017998435792932244
102,0.3099970298175544,0.471489611372563,-0.22685151173680398,-0.03410554351064948,-0.026979094668769906,0.21026955100633232,0.3594575830872452,0.10738292971034552,0.1268252869070336,-0.054658024990498495,0.5979804251199937
103,0.1459981126354451,-0.09139857051369302,0.3563536013904831,0.2492544554621723,-0.1378062638889054,-0.2005062652564799,0.18019128493810643,0.25871941572260354,0.2729517301749195,-0.12099987263672833,-0.39104435029717977
104,0.21715120410033667,-0.11088653938316373,-0.3298778796407805,0.19739197841878328,0.2574074511740544,-0.1363443429204539,0.33166627882484634,-0.007193016796767877,0.08783646987625998,0.17136904462667607,0.1900673974285291
105,0.1970317131241627,0.21112320288276687,-0.053256080531068464,-0.41024474767980984,0.2704078672093213,0.267162624321814,0.12187058334242151,0.27546427786962585,0.061031905252357535,0.05848757429557536,-0.07720539751091571
106,0.07425954369573716,0.1967581543584978,0.11716303057832608,0.12569717207255016,0.08359265059376635,0.33876510586308256,0.02582216832870876,0.10159629500858154,0.02285161943960793,0.014413912777734404,0.2678296268354956
107,-0.045429781649620936,0.1992759304480005,0.07407198980981192,0.17323991061961344,0.13672065948977402,-0.059372907008158365,0.28230669455910706,-0.10897268141169947,0.4019389235070164,0.28594321423644786,-0.03419642558318104
108,0.05780403347831227,0.08945759497947195,0.13484381164054374,0.14901686786802,0.22406861766521854,-0.1378062638889054,-0.2005062652564799,0.18019128493810643,0.2685197814770018,-0.053115559140665666,-0.37717238805262293
109,0.1888601582797957,0.07008561531728158,-0.12319514448977624,-0.06574295470794776,0.34385555108441634,0.18533780760642687,0.16500535895414353,0.11298577658039052,0.1593491945626654,-0.2832162412671828,0.0020805530387531996
110,0.21781015800967046,0.10304113458430038,0.07360110385407279,0.15670911251286973,0.45003162645293465,0.16110004426294264,0.045895226796395086,-0.06052322043582949,0.4507323785553294,-0.0691774432698838,0.2709843384910566
111,0.11639784455030472,0.24558940996994993,0.2716166448893086,0.23132011143789816,-0.37003291712239705,-0.45930796864318557,0.08435528278984028,0.4794833804839934,-0.09284003963689724,0.26295154864488435,0.5642227911150639
112,0.11298577658039052,0.1593491945626654,-0.2832162412671828,0.0020805530387531996,0.09813566285711402,-0.09435177912274093,0.22363286922109724,0.2243299273245574,0.09929767896570325,-0.05055300144419804,0.11493399400923741
113,0.04487858645134652,0.029272201147996082,0.03195666987309589,-0.04923300073592117,0.28884407459477013,0.11496552590834287,0.18247705297780892,-0.053115559140665666,-0.37717238805262293,0.2565974639919755,0.1570198042576097
114,-0.06575779966302676,-0.4633805460079044,-0.6296462555508103,2.322443244981363,0.016820628608099946,-0.12210513461064502,0.7425967423056713,0.26569395997574946,-0.48211955771040454,0.31856934468977854,-0.1471160322989946
115,0.2136761375202918,-0.09360209446806358,-0.17888375096808656,0.14457497153757373,0.16150134876585814,-0.04888249344416614,0.25742689993318923,0.1378193687751203,0.032519541821476844,-0.16529620741565698,0.07384757606653194
116,0.6237727862359442,-0.0034213682837081223,-0.10107599037759238,0.18931492100556252,0.026950214585079065,0.18096547976886537,0.39861970155369486,0.15890619034442788,-0.07066784706132076,0.11293875088477945,-0.20535274008458249
117,0.2477901823414091,0.11239773235496053,0.14034718129468007,0.07531665293909175,0.14223356297833722,-0.021651786553036286,0.12079119269608964,0.2824571418874076,0.04509906066466046,0.31997096866254743,0.27166200964144344
118,0.20436905870817954,0.20064497471212211,-0.03419642558318104,0.22503561746781034,0.23051347462592298,-0.2674087357689618,0.05272393126356598,0.22506923505064735,0.10261484021232775,-0.21198150695143764,-0.19771289689077395
119,-0.17251053863600152,-0.14542367560108146,0.6780850513706412,0.11168107498567888,0.4323114787719322,0.40137010870007506,-0.35215411572254657,0.08641717028161186,-0.05935848768228961,0.33385057687905584,0.3111346555032771
120,0.06963025852130174,-0.04415721420156436,-0.08021739414216453,0.21015504769464924,0.16078174031700854,0.18936452476172624,0.09562393978438231,0.14760436881813735,-0.17392707701365767,-0.14536143896619835,0.04333727706415184
121,-0.09401895570000028,0.10799564566925353,0.14738116301118354,0.09492199006514247,-0.09869715727879487,0.0835486894223549,0.15840175868133813,0.18145219611393124,0.23769099596891313,0.43358726407530823,-0.18009620301785492
122,0.4561894607607333,-0.4307036263075145,0.33404209236252513,-0.14121514914508826,0.22363286922109724,0.2243299273245574,0.09929767896570325,-0.05055300144419804,0.11493399400923741,0.16398023443426096,0.08641616074491512
123,0.1636217548875396,0.28281813360113944,0.10308527413401705,0.17846779112789968,0.22208583212672164,0.10912076590162222,0.08387223257892588,0.007282743814128762,0.020612343586763032,-0.10826115753452543,0.12200883569907046
124,0.2824571418874076,0.04509906066466046,0.31997096866254743,0.27166200964144344,0.061634111965513244,0.22032608542910156,0.21689918467645036,-0.19131993763789917,0.25762659116874836,0.064972871506301,0.25375125815818755
125,0.2864317522176922,0.2649233174487815,-0.22582008661066053,0.010747444669999833,-0.04684048839730427,0.3445276958741689,0.2670168397207595,0.11999193592579707,0.025195000573940488,0.2525280799707006,0.3459585654999062
126,0.15852576202856808,-0.1261693407012891,0.05257179403844993,0.24495845199737368,0.1101646675136064,0.24823346342850847,0.42630163816159206,-0.2131146307468916,-0.22820094866907836,-0.4077636285835352,-0.15881599178038797
127,0.20992472947069074,0.08617134357782268,0.07831120315928315,-0.036381717160680845,0.1918282357010622,0.2566953352236003,0.09440814158715664,0.25877643221949886,0.36206636083348,0.018964750924899278,0.22176350952506277
128,0.14475962330811473,0.1313550547189986,0.07443711931806851,0.2013810585084282,0.16537104813962505,0.16944948516711295,0.024987697732263607,0.01884792829510938,0.38806089204959493,0.11830903234516084,0.08789837687553496
129,0.2854839681489928,-0.1286611337248143,0.13799062650487542,0.049220828979773264,0.2691318726029984,0.10583636003401536,0.0911876490090115,0.11016030936506847,0.2678296268354956,-0.11044697195648515,0.29822181701699224
130,-0.037857040474989806,0.14920442240672624,0.036318137954573296,0.2968939267958973,0.07580716838731938,0.08567346237233235,0.058886753264518185,-0.17974141893035753,-0.045429781649620936,0.1992759304480005,0.07407198980981192
131,0.3552151175162411,0.3004909622472764,0.044637696916542596,0.1491258597087924,0.10443331001532027,-0.23405239638982028,0.2829097843134919,0.036318137954573296,0.2968939267958973,0.07580716838731938,0.08567346237233235
132,0.04509906066466046,0.31997096866254743,0.27166200964144344,0.44723603411756857,0.05235944102725745,0.015779282541251688,0.07778099345810575,0.14475962330811473,0.1313550547189986,0.07443711931806851,0.2013810585084282
133,0.22417321000734797,0.3377246363120925,-0.25067496534820216,-0.33049876626994434,-0.49479408873313274,1.2506888914384577,-0.16999080995714083,0.24400616256787622,0.6145468467126224,0.182811459615623,-0.27451396654390714
134,-0.25261979975972104,-0.03410554351064948,-0.026979094668769906,0.21026955100633232,0.3594575830872452,0.10738292971034552,0.1268252869070336,0.03395416433888324,0.029272201147996082,0.03195666987309589,-0.04923300073592117
135,0.13604608051457204,-0.4410086830701572,0.20521445648280787,0.18187890191990846,-0.018412927239126024,0.08651782774696389,0.27957828264201523,0.07241198467246238,-0.0009804569413706596,0.019828243580542443,0.21838582797646872
136,-0.3276340921767554,-0.5017250491874007,0.09398115298271544,-0.01760761135922154,0.013769183121238256,0.3351624358998726,-0.14469081953720858,0.08939889071784639,0.14222625457533922,0.09454735228493921,0.2455881403904545
137,0.43358726407530823,-0.18009620301785492,-0.2833807162011421,-0.49163582428543307,0.021414579109772094,1.2345642521917752,-0.2390661515095062,0.7216726934662775,0.22401251792031138,0.3461298946903398,-0.2333565673052771
138,-0.09851033897345973,-0.1994683328230255,0.23980010892210227,0.24982258900136312,-0.11600447725845392,-0.322697042332726,0.20051624388285613,0.21910904649794555,0.1093603113504988,0.29244900495504983,0.07156915212888351
139,0.03606607937215022,0.11905401693134181,0.4349188464428049,0.19206526361875487,0.4763690489011428,-0.1670048053309648,-0.017998435792932244,0.06031076097975645,0.02182100849886886,0.32235892296680474,0.21043433282753074
140,0.4772627981074588,-0.017093960217367823,0.20446229175264322,0.10136850631029261,0.08359265059376635,0.33876510586308256,0.02582216832870876,0.10159629500858154,0.02285161943960793,0.007793924365852867,-0.09554214890318367
141,0.07494596567037431,0.25010784662062324,0.3523436055521462,0.16449856261676135,-0.06575779966302676,-0.4633805460079044,-0.6296462555508103,2.322443244981363,0.016820628608099946,-0.12210513461064502,0.7425967423056713
142,0.9213821360251874,-0.015658216600592058,0.46151196219940505,0.4561894607607333,-0.4307036263075145,0.33404209236252513,-0.017315794149796837,-0.07556915478493191,-0.15398007638351432,0.1511533282653379,0.40902791458143434
143,0.13598333473215593,0.03048863895714203,0.12638483116916358,-0.05827433984508807,-0.05323316428520335,0.38394456914269876,0.12494821353405587,0.11626296745509843,0.1967032816729059,0.13604608051457204,-0.4410086830701572
144,0.2136761375202918,0.07494596567037431,0.25010784662062324,0.3523436055521462,0.16449856261676135,-0.06575779966302676,-0.4633805460079044,-0.6296462555508103,2.322443244981363,0.016820628608099946,-0.12210513461064502
145,0.732439073067299,0.16811112115875754,0.3065383859292377,0.3339580943966088,-0.3258809547938212,0.13330811200126508,-0.16700246707206481,0.35905073798042664,0.2503177717232147,0.19920890419656892,0.006508261054583925
146,-0.45930796864318557,0.08435528278984028,-0.63624168883377,2.322443244981363,0.016820628608099946,-0.12210513461064502,0.7425967423056713,0.3770630487607281,-0.05766107861356521,0.14954493181396358,0.16384677242970036
147,-0.08047575649163148,0.16236333567151778,0.17047529049149088,0.07176664141241576,-0.05498110129799243,0.15183112240756858,0.10787259292306504,0.01840890062904963,-0.0995598219957391,0.4821384641347985,-0.10720510281794955
148,0.2146160329797934,0.30387177201667565,0.15759859202803098,-0.17392707701365767,-0.14536143896619835,0.04333727706415184,0.1220174870673977,0.06129942909837034,0.19601231956388124,0.20596975380684593,-0.057684741153323484
149,0.25980627869946177,0.028878761909011532,0.1512351673111633,0.0687471240577064,0.025303337699693184,0.07991964893101931,0.14910613995433913,0.16732785441279824,0.2587212667043487,-0.14639799594510308,0.3286452837434767
150,-0.033804194159752304,0.17615938980224977,0.03444382036243173,-0.08424507459956743,-0.05323316428520335,0.38394456914269876,0.12494821353405587,0.11626296745509843,0.1967032816729059,0.13604608051457204,-0.4410086830701572
151,0.19601231956388124,0.20596975380684593,-0.057684741153323484,0.07384757606653194,0.14480516428365917,0.11473011258612666,-0.06087256733651791,0.1081466919612358,0.23315219493351433,0.2759889856284672,0.3334386814242376
152,0.13030374742807277,0.28667888938837066,-0.06951352474562462,0.16592700289521067,-0.07066784706132076,0.11293875088477945,-0.20535274008458249,0.5793427173608218,0.09004305927638333,0.1776169526838241,0.11019210973415139
153,0.22477882403469934,0.15412082330316929,0.1598372675145959,0.0706787807519289,0.10415277268582958,0.2735431170666892,0.06625407688356992,-0.34376971549729113,0.31053865854267393,0.23395754267823185,0.023560602231441935
154,0.031074778529934798,0.13886281909376522,0.0663289995961218,0.2459899734113378,-0.014562473930395762,0.21364801688882992,0.17429534874748348,0.2011047102573123,-0.05911225422027029,0.1470775585761181,0.02369429402154779
155,0.29312924637770893,0.36431095447616657,0.051655846724557176,0.147015137047838,0.0024338063128608364,0.5425282188367668,0.2102334860700648,-0.023462072827558623,-0.08357893242046706,0.5100102620576359,0.015971134607805734
156,0.31605517367239877,0.31626446930358326,-0.2688525390751869,-0.23497703259441213,-0.6818950630676603,2.775715655692279,-0.12641861897147907,-0.071568525291851,0.651068744545621,0.17517207832310983,-0.2837244130358797
157,0.9213821360251874,-0.015658216600592058,0.46151196219940505,0.4561894607607333,-0.4307036263075145,0.33404209236252513,-0.017315794149796837,-0.07556915478493191,-0.15398007638351432,0.1511533282653379,0.40902791458143434
158,0.03434420395290914,0.08108865698436285,0.1615687764851244,-0.037857040474989806,0.16967044100176074,0.20436905870817954,0.20064497471212211,-0.03419642558318104,0.22503561746781034,0.23051347462592298,-0.2674087357689618
159,-0.023462072827558623,-0.08357893242046706,0.5100102620576359,0.015971134607805734,0.13242407727825622,0.12389941991210354,-0.06701563151637725,0.2211385741886123,0.1901250685257231,0.18141069148365815,-0.01872348367883698
160,-0.1994683328230255,0.23980010892210227,0.24982258900136312,-0.11600447725845392,-0.322697042332726,0.28251118197649966,0.03981403283697342,0.001220357624790931,-0.07007502669067454,0.4895214773529827,0.0637917868463912
161,0.05668940185689197,0.20093656574037363,-0.034300721465717984,0.09335134699302704,0.10120720781703763,0.15852576202856808,-0.1261693407012891,0.05257179403844993,0.24495845199737368,0.1101646675136064,0.24823346342850847
162,0.019828243580542443,0.21838582797646872,-0.026929355196783866,0.08118586580494987,0.0029661854615968316,0.34595842949403505,-0.21248517639154826,0.045107140934606355,0.28875087664909865,0.14815850872667752,0.16282803887473282
163,0.43358726407530823,-0.18009620301785492,-0.2833807162011421,-0.49163582428543307,0.021414579109772094,1.2345642521917752,-0.2390661515095062,0.7216726934662775,0.37887817736150176,-0.4375915754722766,0.17850557601239259
164,-0.05766107861356521,0.14954493181396358,0.16384677242970036,0.06412993674654287,0.0925816154111788,-0.21248517639154826,0.045107140934606355,0.28875087664909865,0.14815850872667752,0.16282803887473282,0.3842572887052237
165,0.532684865743833,0.11982048966670107,-0.0519861583077886,0.27183294112990597,-0.11338464126334705,0.22044835283863562,0.18175378128055952,0.2320510634115091,0.1615687764851244,-0.037857040474989806,0.16967044100176074
166,0.010629951960803224,0.2329295694666118,0.43160144306355575,0.23386430015327572,0.022736716960153926,0.20677149441364567,0.05235944102725745,0.015779282541251688,0.07778099345810575,0.14475962330811473,0.1313550547189986
167,0.0077741013978389175,0.04641076076847641,-0.12295444257606764,0.1125262569867667,-0.40042171646973945,0.30944710287579563,0.17593608521602916,-0.10071744145415372,0.16218366883225244,0.2723849429441483,0.0383714803928995
168,-0.45859624206429583,0.01881267170159937,0.9213821360251874,-0.015658216600592058,0.46151196219940505,0.4561894607607333,-0.4307036263075145,0.33404209236252513,-0.017315794149796837,-0.07556915478493191,-0.15398007638351432
169,0.43329493229864297,-0.3915575391071216,0.1991874509102764,-0.16436390704998038,0.4455944499953284,0.21781015800967046,0.10304113458430038,0.07360110385407279,0.15670911251286973,0.45003162645293465,0.16110004426294264
170,-0.18873985973198337,-0.2630977126021474,0.15538551639601741,0.29502436812259675,-0.07973305727102308,0.19799789212246702,0.22952809153640188,0.011717367533914707,-0.04143608295393437,0.18036848701180638,0.08872221642612875
171,0.2735431170666892,0.06625407688356992,-0.34376971549729113,0.31053865854267393,0.23395754267823185,-0.08417891571780703,-0.19567178073345584,0.048418260223786674,0.12787983090555988,0.09892670391507088,0.19799846171187263
172,-0.09945040258569912,0.46110913685599997,0.03434420395290914,0.08108865698436285,0.1615687764851244,-0.037857040474989806,0.16967044100176074,0.20436905870817954,0.20064497471212211,-0.03419642558318104,0.22503561746781034
173,0.18883373211964893,-0.09435177912274093,0.22363286922109724,0.2243299273245574,0.09929767896570325,-0.05055300144419804,0.11493399400923741,0.16398023443426096,0.08641616074491512,-0.030744876890875142,0.03995236746348638
174,-0.025839607220092212,0.12045898537141242,0.3749433541286177,0.23132011143789816,-0.37003291712239705,-0.45930796864318557,0.08435528278984028,0.4794833804839934,-0.09284003963689724,0.26295154864488435,0.5642227911150639
175,0.20497716776757982,0.17400369564042703,-0.09436305739060516,0.33469231135482114,0.32166518950735806,-0.2270480455207728,-0.14535264944239704,0.1636217548875396,0.3461298946903398,-0.2333565673052771,-0.30008190849311206
176,-0.2895737635617525,-0.20713598269705358,0.09023637577643058,-0.059372907008158365,0.28230669455910706,-0.11981103663765495,0.07531665293909175,0.14223356297833722,-0.021651786553036286,0.12079119269608964,0.2710697405671107
177,-0.20156309491583888,0.12789596366752015,0.1503937044621789,0.11340700597604,0.1662950431666319,0.31605517367239877,0.31626446930358326,-0.2688525390751869,-0.23497703259441213,-0.6818950630676603,2.775715655692279
178,0.18812549775877,-0.18329904817335113,-0.037608556786971226,0.13604608051457204,-0.4410086830701572,0.20521445648280787,0.18187890191990846,-0.018412927239126024,0.08651782774696389,0.27957828264201523,0.07241198467246238
179,0.00023042973591467987,0.07425954369573716,0.3424046214856011,0.1906227232740485,-0.06664940695669395,0.2587212667043487,0.21772812573506822,0.1470775585761181,0.3279502886094016,0.09451606649497561,-0.1767098477946617
180,0.11086305524430831,0.5085612625617385,0.2358186269665527,-0.0354215967745066,-0.07093347373910476,0.47495421114848513,-0.06981461482759276,0.2501629573434221,-0.007193016796767877,0.08783646987625998,0.17136904462667607
181,0.06625407688356992,-0.34376971549729113,0.31053865854267393,0.23395754267823185,-0.08417891571780703,-0.19567178073345584,0.048418260223786674,0.3524751961866195,0.0598365955185277,0.08329014142793219,0.18442346306946247
182,0.2477901823414091,0.11239773235496053,0.14034718129468007,0.07531665293909175,0.14223356297833722,-0.021651786553036286,0.12079119269608964,0.2824571418874076,0.04509906066466046,0.31997096866254743,0.27166200964144344
183,-0.0158205855430532,0.10766783526534249,-0.15136662886912727,0.732439073067299,0.16811112115875754,0.3065383859292377,0.3339580943966088,-0.3258809547938212,0.13330811200126508,-0.16700246707206481,0.35905073798042664
184,-0.3009925401089623,-0.44117727207533086,0.4794833804839934,-0.09284003963689724,0.26295154864488435,0.5642227911150639,-0.12169415188144998,-0.11306592133363663,0.2017013585807754,-0.18049387029567956,0.05969298311436966
185,0.1540266254881555,0.13886281909376522,0.0663289995961218,0.2459899734113378,-0.014562473930395762,0.2328400479324948,0.03444382036243173,-0.08424507459956743,-0.05323316428520335,0.38394456914269876,0.12494821353405587
186,-0.1767098477946617,0.04486876508389453,-0.029810975371668404,0.36698137508616957,0.28390600937395283,0.06077700494192656,-0.03348926380060616,0.3121144711635626,0.49930541624730584,0.09661674508426206,-0.04247753767970497
187,0.07711382871774942,0.20992472947069074,0.08617134357782268,0.07831120315928315,-0.036381717160680845,0.1918282357010622,0.2844671020440745,0.23315219493351433,0.2759889856284672,0.3334386814242376,-0.2930011245453141
188,0.40979557006932316,0.23961717018966824,-0.05766107861356521,0.14954493181396358,0.16384677242970036,0.06412993674654287,-0.07754603495020393,0.19927450157206136,0.22382878195307498,-0.15831224157629548,0.08118586580494987
189,-0.04923300073592117,0.28884407459477013,0.11496552590834287,0.1509781412018274,0.21715120410033667,-0.11088653938316373,-0.3298778796407805,0.19739197841878328,0.2574074511740544,-0.1363443429204539,0.28392816400072096
190,-0.05933768281964149,-0.0158205855430532,0.10766783526534249,-0.15136662886912727,0.732439073067299,0.16811112115875754,0.3065383859292377,0.3339580943966088,-0.3258809547938212,0.13330811200126508,-0.16700246707206481
191,0.3648744076231162,0.34342646217838496,-0.2580946663591771,0.22032608542910156,0.21689918467645036,-0.19131993763789917,0.25762659116874836,0.064972871506301,0.25375125815818755,0.02226975501848725,0.184785809834214
192,-0.49479408873313274,0.053368837529939185,0.16218366883225244,0.2723849429441483,0.0383714803928995,0.7251882167044107,0.4561894607607333,-0.4307036263075145,0.33404209236252513,-0.017315794149796837,-0.07556915478493191
193,0.1525483543928927,0.05451036815254353,0.10581675702611819,0.21836952852283753,-0.1975496083240688,0.06599459167266276,0.2140158170798685,0.032016070946640766,-0.2056916248099073,-0.09977122531837382,0.2566705868769431
194,0.14760436881813735,-0.17392707701365767,-0.14536143896619835,0.04333727706415184,0.1220174870673977,0.06129942909837034,0.19601231956388124,0.20596975380684593,-0.057684741153323484,0.07384757606653194,0.14480516428365917
195,-0.029680462238063903,0.14956677270984858,0.3599731363146606,0.1693893827989283,0.11021291834797739,-0.01051268262747767,0.44645725699367006,0.34622605703385295,0.023401847563298758,-0.11233793060977981,0.3873237836404128
196,0.04784244341978576,0.0077741013978389175,0.04641076076847641,-0.12295444257606764,0.39770783469686205,0.08172071414989064,0.24383857054727498,0.12692743882989452,-0.13175624830598753,0.4234865458933099,-0.1161805714536689
197,0.11712542482710067,0.13726845392845502,0.10477893452726418,0.154525193891985,0.12234390728662362,0.014770973447222226,0.16841010577103913,-0.17184534665718618,0.5705404810089426,0.0008958314648755303,0.23630351086435855
198,0.20689829639105578,-0.18868606439129984,0.1938649078891614,0.11596495767376316,0.23218720665753584,0.05513546681446052,0.16570867460275632,0.18981378883331407,0.16929565744747385,0.016130026589419835,0.13604560052272469
199,0.1615687764851244,-0.037857040474989806,0.16967044100176074,0.20436905870817954,0.20064497471212211,-0.03419642558318104,0.22503561746781034,0.23051347462592298,-0.2674087357689618,0.05272393126356598,0.22506923505064735
200,-0.07300140090705133,0.015029837611797933,0.44060350728358616,0.19206526361875487,0.4763690489011428,0.13160135213379698,0.007793924365852867,-0.09554214890318367,0.17101591016823178,0.1958943861923911,0.19659120888368425
201,0.04641076076847641,-0.12295444257606764,0.39770783469686205,0.08172071414989064,0.24383857054727498,0.12692743882989452,-0.09579475570179191,-0.37215607382295773,0.42858710956831947,0.169608015722371,-0.08047575649163148
202,0.0962711095927171,0.19762225597500324,0.1081466919612358,0.23315219493351433,0.2759889856284672,0.3334386814242376,-0.2930011245453141,-0.3323103623367577,-0.21119585311806702,0.6359536634803336,-0.28441548747076345
203,0.14738116301118354,0.09492199006514247,-0.09869715727879487,0.0835486894223549,0.15840175868133813,0.18145219611393124,0.23769099596891313,0.43358726407530823,-0.18009620301785492,-0.2833807162011421,-0.49163582428543307
204,-0.1361437516837773,0.5126401164044888,0.10727375240522918,0.14836359842633548,0.14084473078919998,-0.07991486120750843,-0.4268141196430951,0.40979557006932316,0.23961717018966824,-0.05766107861356521,0.12059147645000697
205,0.13799062650487542,0.049220828979773264,0.2817193822922896,-0.35215411572254657,0.08641717028161186,-0.05935848768228961,0.33385057687905584,0.3111346555032771,0.03374797111609373,0.10221199436568572,0.11086305524430831
206,0.09004305927638333,0.1776169526838241,0.11019210973415139,-0.10629703423484374,0.1457924835990001,0.09676305399739243,0.18006443606999176,0.03226528517847111,-0.44078944845124995,0.3380206448902753,0.12849141162106129
207,0.46291758814384293,0.2387995848553981,0.03761959736561409,0.18756622566533648,-0.0032170019832001968,0.05780403347831227,0.08945759497947195,0.13484381164054374,0.14901686786802,0.06131121467129291,0.20880832158794416
208,0.003986715639722211,-0.10353847396758291,-0.08273860521489726,0.36219842017178827,0.3552151175162411,0.3004909622472764,0.044637696916542596,0.1491258597087924,0.10443331001532027,-0.012240582376639745,0.07812222832684315
209,-0.10690798536618025,-0.20091983663120586,0.2564809375436427,0.2379115657403104,-0.03126694167154654,-0.2895737635617525,0.11571104830416722,0.19148059584239505,0.10402791108409856,0.2473407033343657,0.15339784011706106
210,0.3594575830872452,0.10738292971034552,0.1268252869070336,-0.054658024990498495,0.5979804251199937,0.2526440820179429,0.2216662760936019,-0.026176215732739868,0.1598372675145959,0.1525321681280065,0.064972871506301
211,-0.07354985517388313,0.24264684577496107,-0.17251053863600152,-0.14542367560108146,0.39103737266639904,-0.029810975371668404,0.36698137508616957,0.28390600937395283,0.06077700494192656,0.09098072630672625,-0.35215411572254657
212,0.02271247292045064,0.29107111576143124,0.1045071141541918,0.12488891724892921,0.20435731266315316,-0.18873985973198337,-0.2630977126021474,0.15538551639601741,0.29502436812259675,-0.07973305727102308,0.19799789212246702
213,0.18141069148365815,-0.01872348367883698,0.1602399761215795,0.18812549775877,-0.0034552362263896574,0.04509906066466046,0.31997096866254743,0.27166200964144344,0.061634111965513244,0.22032608542910156,0.21689918467645036
214,0.13598333473215593,-0.13681080061597803,0.24383857054727498,0.12692743882989452,-0.09579475570179191,-0.42998683557223316,-0.018412927239126024,0.08651782774696389,0.27957828264201523,0.5642227911150639,-0.12169415188144998
215,0.025303337699693184,0.07991964893101931,0.14910613995433913,0.13870999513948015,0.052111479316268625,0.2025166266354563,0.13030374742807277,0.28667888938837066,-0.06951352474562462,0.16592700289521067,-0.07066784706132076
216,-0.13145164010685437,0.23843065633277077,0.11969849148818573,0.15101489071696825,-0.19871529312115233,0.16387788756728414,0.12461655134544304,0.17041386042389656,0.2758894441198532,0.219853075644846,-0.04923300073592117
217,-0.033804194159752304,0.17615938980224977,0.03444382036243173,-0.08424507459956743,-0.05323316428520335,0.38394456914269876,0.12494821353405587,0.11626296745509843,0.1967032816729059,0.13604608051457204,-0.4410086830701572
218,0.10619021298001333,-0.07427673148701162,0.2817765778115769,0.18876158217694772,0.12025697212036957,0.3552151175162411,0.3004909622472764,0.044637696916542596,0.1491258597087924,0.10443331001532027,-0.23900499635458305
219,0.21717996938913814,0.3279502886094016,0.09451606649497561,-0.1767098477946617,0.04486876508389453,-0.029810975371668404,0.36698137508616957,0.28390600937395283,0.06077700494192656,-0.03348926380060616,0.3121144711635626
220,0.10477893452726418,0.20574272256569837,0.061031905252357535,0.05848757429557536,-0.07720539751091571,0.0795661476217785,0.29244900495504983,0.07156915212888351,0.03981403283697342,0.001220357624790931,-0.07007502669067454
221,0.10385343119200716,0.4510220067914173,0.03846867327970024,-0.04143608295393437,0.18036848701180638,0.08872221642612875,0.008975541836774844,-0.025516086913291845,0.38806089204959493,-0.20156309491583888,0.12789596366752015
222,0.23218720665753584,0.05513546681446052,0.16570867460275632,0.18981378883331407,0.16929565744747385,0.016130026589419835,-0.0030267359321284803,-0.2837244130358797,-0.05933768281964149,-0.0158205855430532,0.10766783526534249
223,0.39656667760254666,0.3438782254724192,-0.22430789111493196,-0.13216215275703985,0.04131191411989849,0.29312924637770893,0.36431095447616657,0.051655846724557176,0.147015137047838,0.0024338063128608364,0.5425282188367668
224,0.029024701733186827,-0.023190079283785647,0.41946818135912745,0.396950895585359,0.05722556129495675,-0.05963657763210757,0.24747498490240735,0.1906227232740485,-0.06664940695669395,0.2587212667043487,-0.14639799594510308
225,-0.13216215275703985,0.04131191411989849,0.29312924637770893,0.36431095447616657,0.051655846724557176,0.147015137047838,0.0024338063128608364,0.5425282188367668,0.2102334860700648,-0.023462072827558623,-0.08357893242046706
226,0.39595271167737006,0.2477901823414091,0.11239773235496053,0.14034718129468007,0.07531665293909175,0.14223356297833722,-0.021651786553036286,0.12079119269608964,0.2824571418874076,0.04509906066466046,0.31997096866254743
227,-0.06701563151637725,0.2211385741886123,0.1901250685257231,0.18141069148365815,-0.01872348367883698,0.1602399761215795,0.18812549775877,-0.18329904817335113,0.03510975496160437,0.24519022089989018,0.04521427973100914
228,0.10221199436568572,0.11086305524430831,0.5085612625617385,0.2358186269665527,-0.16819597105897746,-0.06574295470794776,0.34385555108441634,0.18533780760642687,0.16500535895414353,0.11298577658039052,0.1593491945626654
229,0.44645725699367006,0.34622605703385295,0.023401847563298758,-0.11233793060977981,0.3873237836404128,0.14370153652087095,-0.06519178307126122,0.31264062742987014,-0.10219671826133284,0.20037398764353218,0.20497716776757982
230,0.09562393978438231,0.14760436881813735,-0.17392707701365767,-0.14536143896619835,0.04333727706415184,0.1220174870673977,0.06129942909837034,0.19601231956388124,0.20596975380684593,0.0876273701485934,0.032519541821476844
231,-0.2919755150128051,0.25194362687045424,0.18447934488472806,-0.09101857214648255,0.5137096915218102,-0.3915575391071216,0.1991874509102764,-0.16436390704998038,0.4455944499953284,0.21781015800967046,0.10304113458430038
232,-0.1361437516837773,0.5126401164044888,0.10727375240522918,0.14836359842633548,0.14084473078919998,-0.07991486120750843,-0.3537861718670854,0.25742689993318923,0.1378193687751203,0.032519541821476844,0.005804140740080759
233,0.7425967423056713,0.26569395997574946,-0.48211955771040454,0.31856934468977854,-0.1471160322989946,0.13224843227692928,0.008757944931774984,0.5705404810089426,0.0008958314648755303,0.23630351086435855,0.4555579162737879
234,0.08641717028161186,-0.05935848768228961,0.33385057687905584,0.3111346555032771,0.13258450406801628,0.21369508916669722,0.2864317522176922,0.2649233174487815,-0.22582008661066053,0.010747444669999833,-0.04684048839730427
235,-0.06092265305807112,0.3492949165438124,0.17136904462667607,0.1900673974285291,0.14118158550631343,-0.0010933893612546557,0.14738116301118354,0.09492199006514247,-0.09869715727879487,0.025483110740760807,0.22725753124748785
236,0.09004305927638333,0.1776169526838241,0.11019210973415139,-0.10629703423484374,-0.4260345743094281,0.5984436178614774,0.15948649245452387,-0.038225245979315856,0.12200883569907046,0.1942458485822597,0.05373657295280298
237,0.5425282188367668,0.2102334860700648,-0.023462072827558623,-0.08357893242046706,0.5100102620576359,0.015971134607805734,0.13242407727825622,0.10523594898133189,-0.1232149241758918,0.2686244753741979,0.21364801688882992
238,0.31053865854267393,0.23395754267823185,-0.08417891571780703,-0.19567178073345584,0.048418260223786674,0.12787983090555988,0.09892670391507088,0.15583052777161302,-0.059372907008158365,0.28230669455910706,-0.10897268141169947
239,0.021414579109772094,1.2345642521917752,-0.2390661515095062,0.7216726934662775,0.37887817736150176,-0.4375915754722766,0.17850557601239259,0.04049002125523098,-0.0759962967737919,-0.07588574258395304,0.2146160329797934
240,0.1570198042576097,0.15967623071216216,0.18518734134368978,0.03957451191768845,0.1932733614432001,-0.05430886755852945,0.05310248474394906,0.3607471428065565,0.06233658555976345,0.25202439925764925,0.36292852572337225
241,0.1673903322242667,-0.09284999744819501,0.3101946871467882,-0.16972559312542665,0.3638470451044476,0.20503724985454205,0.1459981126354451,-0.09139857051369302,0.29333985737491053,0.016130026589419835,0.13604560052272469
242,0.33876510586308256,0.02582216832870876,0.10159629500858154,0.02285161943960793,0.007793924365852867,-0.09554214890318367,0.17101591016823178,0.1958943861923911,0.19659120888368425,0.0682533575974299,0.17317355494762385
243,-0.20300578487782478,0.2829097843134919,0.036318137954573296,0.2968939267958973,0.07580716838731938,0.08567346237233235,0.1659339689806515,0.3418218557881716,-0.0032170019832001968,0.05780403347831227,0.13279765953118794
244,-0.1767098477946617,0.04486876508389453,-0.029810975371668404,0.36698137508616957,0.28390600937395283,0.06077700494192656,-0.03348926380060616,0.3121144711635626,0.49930541624730584,0.09661674508426206,-0.04247753767970497
245,0.3380206448902753,0.12849141162106129,-0.025839607220092212,0.12045898537141242,0.286877200722593,0.06552001088711226,-0.01222018030071071,0.05668940185689197,0.10362509383257605,0.15012172490551431,0.11914993570351617
246,0.003986715639722211,-0.10353847396758291,0.3373926601630302,0.16236333567151778,0.17047529049149088,0.07176664141241576,-0.05498110129799243,0.15183112240756858,0.10787259292306504,0.01840890062904963,-0.0995598219957391
247,0.28704697470443025,-0.23376505563265904,0.25903415533466395,0.05353362786240616,0.27552939681922384,0.0799497909674738,0.1273673621854455,0.12302980186260518,0.2983918938792556,-0.12952072144717805,0.22342416318361763
248,-0.01760761135922154,0.013769183121238256,0.3351624358998726,-0.14469081953720858,0.08939889071784639,0.14222625457533922,0.09454735228493921,0.2455881403904545,0.22417321000734797,0.3377246363120925,-0.25067496534820216
249,-0.21754472327174948,0.11712542482710067,0.13726845392845502,0.2803394062155468,-0.1808880106703088,0.7512025272323432,0.10323363556716901,0.37562684311726585,0.43329493229864297,-0.3915575391071216,0.0002879024942063322
250,0.184785809834214,0.16588222747740497,0.17018348502593558,0.027595165892406535,0.1692395764517847,-0.016804451873613534,-0.0012749059923216897,0.03521232712560007,0.31260451285604524,0.31800420099521304,-0.005335817680394406
251,0.6345265610190949,0.2433730585524286,-0.04712027514696706,0.09999394778949644,0.22146573820555276,0.07314429710685592,-0.1271890839969909,0.4085821242904413,0.47201011607596016,-0.28281767262770263,-0.0037568732807429827
252,0.3004909622472764,0.044637696916542596,0.1491258597087924,0.10443331001532027,-0.012240582376639745,0.13886281909376522,0.0663289995961218,0.2459899734113378,-0.014562473930395762,0.21364801688882992,0.17429534874748348
253,0.2983918938792556,-0.12952072144717805,0.22342416318361763,0.28291233684027306,0.2649233174487815,-0.22582008661066053,0.010747444669999833,-0.04684048839730427,0.3445276958741689,0.2670168397207595,0.11999193592579707
254,-0.20577899822194573,0.20485280725032834,0.6938025427425525,-0.2131146307468916,-0.22820094866907836,0.798456346494198,-0.0030598719334408316,0.39096949337005593,0.5105758017641661,-0.3718423771208559,0.18668007377330023
255,0.2748983453654098,-0.017315794149796837,-0.07556915478493191,-0.15398007638351432,0.1511533282653379,0.40902791458143434,0.3099970298175544,0.471489611372563,-0.22685151173680398,-0.03410554351064948,-0.026979094668769906
256,0.10261484021232775,-0.21198150695143764,-0.19771289689077395,0.32661083949314984,0.10384331692069787,0.07711382871774942,0.20992472947069074,0.08617134357782268,0.07831120315928315,-0.036381717160680845,0.1918282357010622
257,0.1509781412018274,0.21715120410033667,-0.11088653938316373,-0.3298778796407805,0.19739197841878328,0.2574074511740544,-0.1794758260016446,0.18019128493810643,0.2685197814770018,-0.053115559140665666,-0.37717238805262293
258,0.13330989518342076,0.06458116259471598,0.1508855830803084,0.30790953094728557,0.026633443720634878,-0.10502185721591453,0.16212723952415709,0.10247846737264223,0.21692267376731647,0.19989817570442997,0.4734494394305207
259,0.111002564726116,0.32466681415976595,-0.054898688296048936,0.22432644828488973,-0.1232149241758918,0.2686244753741979,0.15454741133606334,0.11838573542352976,-0.038603364347782866,0.3807558613147009,0.17224841861994322
260,-0.12169415188144998,-0.11306592133363663,0.2017013585807754,-0.18049387029567956,0.05969298311436966,-0.12444320203172575,0.5611453632897837,0.1869335896853636,0.4006017258170882,-0.10347017542090149,-0.06487001071552723
261,0.19820898945179852,-0.1228961939348214,0.46117402403887836,0.010629951960803224,0.2329295694666118,0.43160144306355575,0.23386430015327572,0.022736716960153926,0.20677149441364567,0.05235944102725745,0.015779282541251688
262,0.13484381164054374,0.14901686786802,0.06131121467129291,0.20880832158794416,-0.08541858082858371,0.6237727862359442,-0.0034213682837081223,-0.14058264719393238,-0.04684048839730427,0.3445276958741689,0.2670168397207595
263,-0.05766107861356521,0.14954493181396358,0.13743787714150377,-0.00955398688276132,-0.04633283163100682,0.2136761375202918,0.07494596567037431,0.25010784662062324,0.3523436055521462,0.16449856261676135,-0.06575779966302676
264,0.29312924637770893,0.36431095447616657,0.051655846724557176,0.147015137047838,0.0024338063128608364,0.5425282188367668,0.2102334860700648,-0.023462072827558623,-0.08357893242046706,0.5100102620576359,0.015971134607805734
265,0.16929565744747385,0.016130026589419835,0.13604560052272469,-0.018288587728737135,0.21721095866204995,0.1944108882314549,-0.17628742224102106,-0.13205735314625608,0.1970317131241627,0.21112320288276687,-0.053256080531068464
266,0.02271247292045064,0.29107111576143124,0.1045071141541918,0.12488891724892921,0.20435731266315316,-0.18873985973198337,-0.35331836031638597,-0.07300140090705133,0.015029837611797933,0.44060350728358616,0.19206526361875487
267,0.5714173973408444,0.15528760475682082,0.23091537737709414,0.06650813331778027,0.0688545810301372,0.06682974592404096,-0.16034808885176957,0.582480184304969,-0.026167537045574178,0.3188360004878918,0.3648744076231162
268,-0.19567178073345584,0.048418260223786674,0.12787983090555988,0.09892670391507088,0.19799846171187263,0.08817550672737952,0.016104682807028897,0.19820898945179852,-0.1228961939348214,0.46117402403887836,0.010629951960803224
269,-0.00910825187333178,-0.3009925401089623,-0.3557798169054311,-0.17575267886142004,0.576090306976329,-0.006011173839405014,0.407556646171246,0.565946646773559,-0.04207922667471619,0.12789596366752015,0.1503937044621789
270,0.5569329242264648,-0.11644707317504353,0.2146160329797934,0.30387177201667565,0.2702294772271227,0.03761959736561409,0.18756622566533648,-0.0032170019832001968,0.05780403347831227,0.08945759497947195,0.13484381164054374
271,0.19799846171187263,0.08817550672737952,0.19330156596421433,-0.05430886755852945,0.05310248474394906,0.3607471428065565,0.06233658555976345,0.25202439925764925,0.3540554860126552,0.054753129013971114,0.22470285204137724
272,0.16449856261676135,-0.06575779966302676,-0.4633805460079044,-0.6296462555508103,2.322443244981363,0.016820628608099946,-0.12210513461064502,0.7425967423056713,0.123227491473901,-0.2837244130358797,-0.12772387499550578
273,0.3890877324073698,0.23355982518621926,0.029024701733186827,-0.023190079283785647,0.41946818135912745,0.396950895585359,0.05722556129495675,-0.05963657763210757,0.24747498490240735,0.21520916915572216,0.22044835283863562
274,0.21507230996456794,-0.1412774153475318,-0.10704446124940634,-0.13205735314625608,0.1090675558904655,-0.2016070125428649,-0.07588574258395304,0.2146160329797934,0.30387177201667565,0.3066306355625916,0.5546419203281793
275,0.09425897787719907,0.18704035057159146,0.1166120799555511,0.10308527413401705,0.17846779112789968,0.22208583212672164,0.10912076590162222,0.08387223257892588,0.007282743814128762,0.020612343586763032,-0.016019177985158884
276,0.020789453641837097,0.4234865458933099,-0.1161805714536689,-0.04633283163100682,0.2136761375202918,0.07494596567037431,0.25010784662062324,0.3523436055521462,0.16449856261676135,-0.06575779966302676,-0.4633805460079044
277,-0.1530571398391794,0.2893326305696375,0.0598365955185277,0.08329014142793219,0.18442346306946247,0.08528067838339004,0.10619021298001333,-0.07427673148701162,0.2817765778115769,0.18876158217694772,0.12025697212036957
278,0.025303337699693184,0.07991964893101931,0.14910613995433913,0.13870999513948015,0.19087835273294462,0.13598333473215593,0.19180202616448425,-0.14639799594510308,0.3286452837434767,0.21153885924695115,0.1163015082677053
279,0.06255089963037826,0.14128623717498243,0.16458087537784533,0.23046833214655307,0.22428632184744493,0.1776169526838241,0.11019210973415139,-0.10629703423484374,-0.4260345743094281,0.5984436178614774,0.15948649245452387
280,-0.09554214890318367,0.17101591016823178,0.1958943861923911,0.03804382560606737,0.3372305849465922,0.1958943861923911,0.19659120888368425,0.0682533575974299,0.17317355494762385,-0.17423414406398183,-0.17888375096808656
281,0.32661083949314984,0.10384331692069787,0.07711382871774942,-0.3233422519369526,0.20051624388285613,0.34403694350380154,0.1970317131241627,0.21112320288276687,-0.053256080531068464,-0.41024474767980984,0.2704078672093213
282,-0.1363443429204539,0.28392816400072096,0.17315845339267563,0.05824213470011352,-0.05307296768324391,0.15659419328815105,-0.014638988833976714,0.05668940185689197,0.20093656574037363,-0.034300721465717984,0.09335134699302704
283,-0.03473222436348715,0.10419356470175667,-0.14639799594510308,0.3286452837434767,0.21153885924695115,0.1163015082677053,-0.07607939841636727,0.4408191314993718,0.1944108882314549,-0.17628742224102106,-0.13205735314625608
284,-0.2833807162011421,-0.49163582428543307,0.021414579109772094,1.2345642521917752,-0.2390661515095062,0.7216726934662775,0.37887817736150176,-0.4375915754722766,-0.05796601447496844,-0.08273860521489726,0.36219842017178827
285,0.09335134699302704,0.10120720781703763,0.15852576202856808,-0.1261693407012891,0.05257179403844993,0.24495845199737368,0.1101646675136064,0.24823346342850847,0.42630163816159206,-0.2131146307468916,-0.22820094866907836
286,0.1503937044621789,0.11340700597604,0.1662950431666319,0.31605517367239877,0.4267853770345245,0.38464041570040863,0.08256728264784874,-0.11495180160911317,0.36064203219538704,0.1673903322242667,-0.09284999744819501
287,0.052111479316268625,0.2025166266354563,0.13030374742807277,0.28667888938837066,-0.06951352474562462,0.42670276524224504,0.46110913685599997,0.03434420395290914,0.08108865698436285,0.347811810232145,-0.054332979629034356
288,0.40979557006932316,0.23961717018966824,-0.05766107861356521,0.14954493181396358,0.16384677242970036,0.06412993674654287,-0.07754603495020393,0.19927450157206136,0.22382878195307498,-0.09401895570000028,0.10799564566925353
289,-0.04712027514696706,0.09999394778949644,0.22146573820555276,0.07314429710685592,-0.1271890839969909,0.22798368323536836,0.14083053914836333,-0.02431958698577717,-0.014774917010754571,0.30790953094728557,0.026633443720634878
290,0.007282743814128762,0.020612343586763032,-0.016019177985158884,0.02271247292045064,0.29107111576143124,0.1045071141541918,0.12488891724892921,0.20435731266315316,-0.18873985973198337,-0.2630977126021474,0.15538551639601741
291,0.0024338063128608364,0.5425282188367668,0.2102334860700648,-0.023462072827558623,0.26758815979790107,-0.046633282251753776,0.28704697470443025,-0.23376505563265904,0.25903415533466395,0.05353362786240616,0.27552939681922384
292,-0.20535274008458249,0.649016374492374,0.1944108882314549,0.1964431174724785,0.46291758814384293,0.2387995848553981,0.03761959736561409,0.18756622566533648,-0.0032170019832001968,0.05780403347831227,0.08945759497947195
293,0.04703410538990216,0.023224159920207973,0.3484169306665826,0.38464041570040863,0.08256728264784874,-0.11495180160911317,0.13458867270702574,0.056999667600075014,-0.03415029254685713,-0.1361437516837773,0.5126401164044888
294,0.07288885104996093,0.1748984588804126,0.13763391650007334,0.14738116301118354,0.09492199006514247,-0.09869715727879487,0.0835486894223549,0.15840175868133813,0.18145219611393124,-0.04565775755725325,0.24747498490240735
295,-0.2919755150128051,0.25194362687045424,0.18447934488472806,-0.03735439473461763,-0.17974141893035753,-0.045429781649620936,0.1992759304480005,0.07407198980981192,0.17323991061961344,0.13672065948977402,-0.059372907008158365
296,0.045107140934606355,0.28875087664909865,0.14815850872667752,0.16282803887473282,0.3842572887052237,-0.00910825187333178,-0.3009925401089623,-0.3557798169054311,-0.17575267886142004,0.576090306976329,-0.006011173839405014
297,0.03195666987309589,-0.04923300073592117,0.28884407459477013,0.11496552590834287,0.1509781412018274,0.21715120410033667,-0.11088653938316373,-0.3298778796407805,0.19739197841878328,0.2459031988719062,0.3099970298175544
298,0.41000486829468213,-0.054332979629034356,0.19955843128181666,-0.154784423703279,0.3022190377547206,0.1947513444538738,0.06255089963037826,0.14128623717498243,0.16458087537784533,0.23046833214655307,-0.04177403759466122
299,0.2358186269665527,-0.0354215967745066,-0.07093347373910476,0.47495421114848513,-0.06981461482759276,0.2501629573434221,-0.007193016796767877,0.08783646987625998,0.17136904462667607,0.2515061844684007,0.36206636083348
300,0.1659339689806515,0.22725753124748785,-0.033804194159752304,0.17615938980224977,0.03444382036243173,0.15454741133606334,0.1523794063363843,0.023401847563298758,-0.11233793060977981,0.3873237836404128,0.14370153652087095
301,0.28667888938837066,-0.06951352474562462,0.16592700289521067,-0.07066784706132076,0.11293875088477945,-0.20535274008458249,0.5793427173608218,0.09004305927638333,0.1776169526838241,0.11019210973415139,-0.10629703423484374
302,-0.053256080531068464,-0.41024474767980984,0.0317446267823469,0.27640262933912124,0.47201011607596016,-0.28281767262770263,-0.0037568732807429827,-0.006068095610988907,0.22353226918003677,0.31634318939043543,0.1452137764050096
303,0.3710274399415613,-0.46653684425022923,0.1554728609437766,0.24264684577496107,-0.17251053863600152,-0.14542367560108146,0.6780850513706412,0.11168107498567888,0.4323114787719322,0.40137010870007506,-0.35215411572254657
304,0.1636217548875396,0.3461298946903398,-0.2333565673052771,-0.30008190849311206,0.3332262163068803,0.15339784011706106,0.17350277886178694,0.14443373400405532,0.06937373250251755,0.1938846693083236,-0.020397626293515884
305,-0.038603364347782866,0.3807558613147009,0.17224841861994322,-0.09851033897345973,-0.1994683328230255,0.23980010892210227,0.24982258900136312,-0.11600447725845392,-0.322697042332726,0.20051624388285613,0.25916251817780694
306,0.1901250685257231,0.18141069148365815,-0.01872348367883698,0.1602399761215795,0.18812549775877,-0.18329904817335113,0.03510975496160437,0.24519022089989018,0.04521427973100914,-0.18844126538241282,-0.1530571398391794
307,-0.30008190849311206,0.3332262163068803,0.15339784011706106,0.17350277886178694,0.14443373400405532,0.06937373250251755,0.1938846693083236,-0.020397626293515884,0.056241500047262236,0.31501257601781585,-0.18957184722081513
308,0.31634318939043543,0.1452137764050096,0.07004406608160774,-0.008683836407810433,-0.11600447725845392,-0.322697042332726,0.20051624388285613,0.21910904649794555,0.1093603113504988,0.29244900495504983,0.07156915212888351
309,0.056241500047262236,0.31501257601781585,0.03521232712560007,0.31260451285604524,0.31800420099521304,-0.005335817680394406,0.27501372788438055,0.20689829639105578,-0.18868606439129984,0.1938649078891614,0.11596495767376316
310,0.3022190377547206,0.1947513444538738,0.06255089963037826,0.14128623717498243,0.16458087537784533,0.23046833214655307,-0.04177403759466122,-0.30418711666720355,0.3528982149432685,0.205696934332813,-0.06894471559741094
311,-0.39104435029717977,-0.58788795971382,0.8825455177838787,0.5486551716555055,-0.23240833069389197,0.7000941381334126,0.3710274399415613,-0.46653684425022923,0.1554728609437766,0.24264684577496107,-0.17251053863600152
312,-0.1607200420910524,0.31053865854267393,-0.06184262221178278,-0.1470698911807639,0.028485179149758382,0.008975541836774844,-0.025516086913291845,0.38806089204959493,-0.20156309491583888,0.12789596366752015,0.1503937044621789
313,-0.03903924591854724,0.24207087800657928,-0.026167537045574178,0.3188360004878918,0.3648744076231162,0.34342646217838496,-0.01628559255808749,0.22344916562290068,0.19065713133059195,0.13030374742807277,0.28667888938837066
314,0.12494821353405587,0.11626296745509843,0.1967032816729059,0.13604608051457204,-0.4410086830701572,0.20521445648280787,0.18187890191990846,0.06623518666804999,0.7425967423056713,0.26569395997574946,-0.48211955771040454
315,0.015779282541251688,0.07778099345810575,0.14475962330811473,0.1313550547189986,0.07443711931806851,0.2013810585084282,0.16537104813962505,0.16944948516711295,0.024987697732263607,-0.05442187802164876,0.03237661780483232
316,0.31997096866254743,0.27166200964144344,0.061634111965513244,0.22032608542910156,0.21689918467645036,-0.19131993763789917,0.25762659116874836,0.064972871506301,0.25375125815818755,0.02226975501848725,0.184785809834214
317,0.1659339689806515,0.22725753124748785,-0.033804194159752304,0.17615938980224977,0.03444382036243173,-0.08424507459956743,-0.05323316428520335,0.38394456914269876,0.12494821353405587,0.11626296745509843,0.1967032816729059
318,-0.2056916248099073,-0.09977122531837382,0.2566705868769431,-0.03474334167112671,0.2136761375202918,0.07494596567037431,0.165690031394452,0.18096547976886537,0.3795145084592374,0.17047529049149088,0.07176664141241576
319,-0.19567178073345584,0.048418260223786674,0.12787983090555988,0.09892670391507088,0.19799846171187263,0.08817550672737952,0.016104682807028897,0.19820898945179852,-0.1228961939348214,0.46117402403887836,0.08956641254486458
320,0.24982258900136312,-0.11600447725845392,0.26832401454185356,0.20395349412622332,0.39656667760254666,0.3438782254724192,-0.22430789111493196,-0.13216215275703985,0.04131191411989849,0.29312924637770893,0.36431095447616657
321,0.5569329242264648,-0.246023278873846,-0.02073871481096764,-0.029680462238063903,0.14956677270984858,0.3599731363146606,0.1693893827989283,0.1885061130219098,0.044637696916542596,0.1491258597087924,0.11626296745509843
322,-0.09823658655877998,0.2407284347887408,-0.12405508083124386,0.22599906281655174,0.2296552800988911,0.07187542666856812,0.09364824897947188,0.26063328665288116,0.13490246113837479,-0.10690798536618025,-0.20091983663120586
323,-0.04177403759466122,-0.30418711666720355,0.3528982149432685,0.205696934332813,-0.06894471559741094,-0.1431793400568374,0.1932733614432001,-0.05430886755852945,0.05310248474394906,0.14242805215696433,-0.13744108689493145
324,0.2735431170666892,0.06625407688356992,-0.34376971549729113,0.31053865854267393,0.23395754267823185,-0.08417891571780703,-0.19567178073345584,0.048418260223786674,0.12787983090555988,0.09892670391507088,0.19799846171187263
325,0.0029661854615968316,0.34595842949403505,-0.14665324790846987,-0.1530571398391794,0.2893326305696375,0.05019571528414323,0.11587366842218454,0.22417321000734797,0.3377246363120925,-0.04244823181316232,-0.0730539224471404
326,0.20503724985454205,0.1459981126354451,-0.09139857051369302,0.3563536013904831,0.28780869183605534,0.10583636003401536,0.0911876490090115,0.11016030936506847,0.2678296268354956,-0.11044697195648515,0.29822181701699224
327,0.15623469052714475,0.27640262933912124,0.47201011607596016,-0.28281767262770263,-0.0037568732807429827,0.09773086634370827,0.11982381637853495,-0.0036322028767203193,0.5154484502995313,0.2044492602416065,0.04163234839464616
328,0.2587212667043487,-0.14639799594510308,0.3286452837434767,0.21153885924695115,0.1163015082677053,-0.07607939841636727,0.4408191314993718,0.1944108882314549,-0.06291413037629064,0.1683969225102491,0.42630163816159206
329,0.07249014922804803,0.16458087537784533,0.23046833214655307,-0.04177403759466122,-0.30418711666720355,0.3528982149432685,0.205696934332813,-0.06894471559741094,-0.21754472327174948,0.11712542482710067,0.13726845392845502
330,0.04509906066466046,0.31997096866254743,0.27166200964144344,0.061634111965513244,0.22032608542910156,0.34444663689532196,-0.0022649620560798393,0.00023042973591467987,0.07425954369573716,0.1967581543584978,0.11716303057832608
331,-0.08047575649163148,0.16236333567151778,0.17047529049149088,0.07176664141241576,-0.05498110129799243,0.15183112240756858,0.10787259292306504,0.03807083861531478,0.2295099569039927,-0.25196316607160346,-0.05078018175580146
332,0.5642227911150639,-0.12169415188144998,-0.11306592133363663,0.043672943741050366,-0.08742949038525093,0.17124113491377574,-0.20272806045545047,0.5714173973408444,0.21369508916669722,0.2864317522176922,0.2649233174487815
333,-0.06894471559741094,-0.21754472327174948,0.11712542482710067,0.13726845392845502,0.10477893452726418,0.154525193891985,0.14277790442611513,0.24495845199737368,0.1101646675136064,0.24823346342850847,0.14466882919123236
334,-0.154784423703279,0.3022190377547206,0.1947513444538738,0.06255089963037826,0.14128623717498243,0.16458087537784533,0.23046833214655307,-0.04177403759466122,-0.30418711666720355,0.3528982149432685,0.205696934332813
335,0.22208583212672164,0.10912076590162222,0.08387223257892588,0.007282743814128762,0.020612343586763032,-0.016019177985158884,0.02271247292045064,0.29107111576143124,0.1045071141541918,0.07304539006835836,-0.1261693407012891
336,-0.04494098055732182,0.5690449243076188,0.21717996938913814,0.3279502886094016,0.09451606649497561,-0.1767098477946617,0.04486876508389453,-0.029810975371668404,0.36698137508616957,0.28390600937395283,0.06077700494192656
337,0.30387177201667565,0.3066306355625916,0.5546419203281793,-0.26978020481639686,-0.09744491478413504,0.029835882608371077,0.23244847910803215,0.3923522683435107,0.06574911402424904,0.11982381637853495,-0.0036322028767203193
338,0.1967032816729059,0.13604608051457204,-0.4410086830701572,0.20521445648280787,0.18187890191990846,-0.018412927239126024,0.08651782774696389,0.27957828264201523,0.07241198467246238,-0.0009804569413706596,0.019828243580542443
339,-0.05766107861356521,0.14954493181396358,0.16384677242970036,0.06412993674654287,-0.07754603495020393,0.19927450157206136,0.22382878195307498,-0.09401895570000028,0.10799564566925353,0.14738116301118354,0.09492199006514247
340,0.04487858645134652,0.029272201147996082,0.03195666987309589,-0.04923300073592117,0.28884407459477013,0.17582378157665016,0.026950214585079065,0.18096547976886537,0.39861970155369486,0.3322918405849832,-0.0730539224471404
341,-0.16999080995714083,0.24400616256787622,0.6145468467126224,0.182811459615623,-0.27451396654390714,-0.037243909461088076,-0.08742949038525093,0.17124113491377574,-0.20272806045545047,0.5714173973408444,0.18489283103399579
342,0.20093656574037363,-0.034300721465717984,0.09335134699302704,0.10120720781703763,0.15852576202856808,-0.1261693407012891,0.05257179403844993,0.24983719258605327,-0.2832162412671828,0.0020805530387531996,0.09813566285711402
343,0.19503432270321136,0.018964750924899278,0.22176350952506277,0.0976938196030565,-0.1011372261993832,0.23834739187748413,0.05627475275433264,0.2851260409760982,-0.04093780864936718,0.22340053763778864,0.17654672439733954
344,0.11209404702833785,0.2691318726029984,0.10583636003401536,0.0911876490090115,-0.028792933447526023,0.31264062742987014,0.10446858665007264,0.044637696916542596,0.1491258597087924,0.10443331001532027,-0.012240582376639745
345,-0.21198150695143764,-0.19771289689077395,0.32661083949314984,0.10384331692069787,0.07711382871774942,0.20992472947069074,0.08617134357782268,0.07831120315928315,-0.036381717160680845,0.1918282357010622,0.2566953352236003
346,-0.3915575391071216,0.1991874509102764,-0.16436390704998038,0.4455944499953284,0.21781015800967046,0.10304113458430038,0.07360110385407279,0.15670911251286973,0.45003162645293465,0.16110004426294264,0.045895226796395086
347,0.22503561746781034,0.23051347462592298,-0.2674087357689618,0.05272393126356598,0.22506923505064735,0.10261484021232775,-0.21198150695143764,-0.19771289689077395,0.32661083949314984,0.10384331692069787,0.07711382871774942
348,-0.13216215275703985,0.04131191411989849,0.29312924637770893,0.36431095447616657,0.051655846724557176,0.147015137047838,0.0024338063128608364,0.5425282188367668,0.41946818135912745,0.396950895585359,0.05722556129495675
349,0.06458116259471598,0.2819858073684284,0.37945256073396405,0.2729517301749195,-0.12099987263672833,-0.39104435029717977,-0.58788795971382,0.8825455177838787,0.5486551716555055,-0.23240833069389197,0.7000941381334126
350,0.19739197841878328,0.2574074511740544,-0.1363443429204539,0.28392816400072096,0.17315845339267563,0.05824213470011352,-0.05307296768324391,0.15659419328815105,0.18773405552046205,0.4763690489011428,-0.1670048053309648
351,0.2851260409760982,-0.04093780864936718,0.22340053763778864,0.17654672439733954,0.13598333473215593,0.03048863895714203,0.12638483116916358,0.056999667600075014,-0.03415029254685713,-0.1361437516837773,0.5126401164044888
352,0.582480184304969,-0.026167537045574178,0.3139355269426884,0.28704697470443025,-0.23376505563265904,0.25903415533466395,0.05353362786240616,0.27552939681922384,0.0799497909674738,0.1273673621854455,0.12302980186260518
353,0.12692743882989452,-0.09579475570179191,-0.028132770245767845,0.1915060377599846,-0.10391341217997091,0.3301924189647566,-0.1306468068111148,0.36493975362810666,0.1618681250337736,0.10981308189934724,0.4255352370150269
354,0.27685820958904017,-0.238454914255154,0.1622885154367558,0.27244070008152355,0.11639784455030472,0.24558940996994993,0.2716166448893086,0.23132011143789816,-0.37003291712239705,-0.45930796864318557,0.08435528278984028
355,0.40979557006932316,0.23961717018966824,0.19246104542175718,0.19989817570442997,0.4592312571483904,-0.16129594391123622,-0.2057051867824583,-0.535203756815677,-0.18224044766622266,1.631133135384752,-0.27684410127456854
356,0.006508261054583925,0.19637910122862356,0.22769351004899038,0.08256728264784874,-0.11495180160911317,0.36064203219538704,0.1673903322242667,-0.09284999744819501,0.3101946871467882,-0.16972559312542665,0.3638470451044476
357,0.1636217548875396,0.3461298946903398,-0.2333565673052771,-0.30008190849311206,0.2478664607682337,0.46117402403887836,0.010629951960803224,0.2329295694666118,0.43160144306355575,0.23386430015327572,0.15638892776370436
358,-0.0481804193300597,0.15012172490551431,0.11914993570351617,-0.013910993924571376,-0.17796770742789422,0.6237727862359442,-0.0034213682837081223,-0.15829306286883285,-0.19567178073345584,0.048418260223786674,0.12787983090555988
359,0.19739197841878328,0.2574074511740544,-0.1363443429204539,0.36516519475806114,0.23046833214655307,-0.04177403759466122,-0.4034294869818522,0.5984436178614774,0.15948649245452387,-0.038225245979315856,0.196806731289316
360,0.019519458325689406,-0.024104684871840008,0.41000486829468213,-0.054332979629034356,0.19955843128181666,0.2772055128018452,-0.2270480455207728,-0.14535264944239704,0.1636217548875396,0.3461298946903398,-0.2333565673052771
361,0.355073964073535,0.3305091004000071,0.5569329242264648,-0.246023278873846,-0.02073871481096764,-0.11826619452270228,-0.23750900548058124,0.3301924189647566,-0.1306468068111148,0.36493975362810666,0.1618681250337736
362,0.08939889071784639,0.14222625457533922,0.09454735228493921,0.2455881403904545,0.22417321000734797,0.3377246363120925,-0.25067496534820216,-0.33049876626994434,-0.49479408873313274,1.2506888914384577,-0.16999080995714083
363,0.02182100849886886,0.32235892296680474,0.325827286425988,0.147015137047838,0.0024338063128608364,0.5425282188367668,0.2102334860700648,-0.023462072827558623,-0.08357893242046706,0.5100102620576359,0.015971134607805734
364,0.016130026589419835,0.13604560052272469,-0.018288587728737135,0.021704303877180964,-0.05845547641045337,0.3308041747258856,0.164257142074729,0.09676305399739243,0.18006443606999176,0.03226528517847111,-0.44078944845124995
365,-0.05055300144419804,0.11493399400923741,0.16398023443426096,0.08641616074491512,-0.030744876890875142,0.03995236746348638,0.27685820958904017,-0.238454914255154,0.1622885154367558,0.27244070008152355,0.11639784455030472
366,0.5126401164044888,0.10727375240522918,0.14836359842633548,0.14084473078919998,-0.07991486120750843,-0.4268141196430951,0.40979557006932316,0.23961717018966824,-0.05766107861356521,0.14954493181396358,0.16384677242970036
367,0.2829097843134919,0.036318137954573296,0.2968939267958973,0.07580716838731938,0.08567346237233235,0.1659339689806515,0.22725753124748785,-0.033804194159752304,0.17615938980224977,0.03444382036243173,-0.08424507459956743
368,0.396950895585359,0.05722556129495675,-0.05963657763210757,0.14901686786802,0.06131121467129291,0.20352536679165192,0.22208583212672164,0.10912076590162222,0.08387223257892588,0.007282743814128762,0.04704477449206132
369,0.077208066716257,-0.03473222436348715,0.2269899149422962,0.1513353793055481,0.1525483543928927,0.05451036815254353,0.10581675702611819,0.21836952852283753,-0.1975496083240688,0.06599459167266276,-0.008662009011097413
370,-0.018412927239126024,0.08651782774696389,0.27957828264201523,0.14143443644364026,0.17041386042389656,0.2758894441198532,0.38565678848867624,-0.2093333395469959,-0.3086869045626521,-0.45859624206429583,0.01881267170159937
371,0.25877643221949886,0.36206636083348,0.018964750924899278,0.22176350952506277,0.0976938196030565,-0.1011372261993832,0.23834739187748413,0.05627475275433264,0.1572197392822666,0.128540358523504,-0.154784423703279
372,-0.2390661515095062,0.7216726934662775,0.37887817736150176,-0.4375915754722766,0.17850557601239259,0.04049002125523098,-0.0759962967737919,0.2888019963555893,0.5642227911150639,-0.12169415188144998,-0.11306592133363663
373,-0.4331030232034018,-0.10353847396758291,-0.08273860521489726,0.36219842017178827,0.20395349412622332,0.39656667760254666,0.3438782254724192,-0.22430789111493196,-0.13216215275703985,0.04131191411989849,0.29312924637770893
374,-0.06574295470794776,0.34385555108441634,0.18533780760642687,0.16500535895414353,0.11298577658039052,0.1593491945626654,-0.2832162412671828,0.0020805530387531996,0.09813566285711402,0.24144574243172198,0.11496552590834287
375,0.09492199006514247,-0.09869715727879487,0.04000725056758852,0.25010784662062324,0.3523436055521462,0.16449856261676135,-0.06575779966302676,-0.4633805460079044,-0.6296462555508103,-0.06546514510591149,2.775715655692279
376,0.4970868953748266,0.0443270845504133,0.2086211161338412,0.3854280947760623,0.3481189339598148,-0.046633282251753776,0.28704697470443025,-0.23376505563265904,0.25903415533466395,0.05353362786240616,0.27552939681922384
377,0.025303337699693184,0.07991964893101931,0.14910613995433913,0.13870999513948015,0.052111479316268625,0.2025166266354563,0.13030374742807277,0.28667888938837066,-0.06951352474562462,0.16592700289521067,-0.07066784706132076
378,0.39302241740726196,-0.42191937147693376,0.1594097460088622,0.003986715639722211,-0.10353847396758291,-0.08273860521489726,0.36219842017178827,0.7412555263429705,0.4561894607607333,-0.4307036263075145,0.33404209236252513
379,0.12402465147280047,0.1598372675145959,0.0706787807519289,0.10415277268582958,0.2735431170666892,0.06625407688356992,-0.34376971549729113,0.23168308782566766,0.3540554860126552,0.054753129013971114,0.231581300766322
380,-0.09977122531837382,0.2566705868769431,0.05332100360012209,0.1334798000593729,0.1915060377599846,-0.10391341217997091,0.3301924189647566,-0.1306468068111148,0.36493975362810666,0.1618681250337736,0.10981308189934724
381,-0.07973305727102308,0.19799789212246702,0.22952809153640188,0.011717367533914707,-0.04143608295393437,0.18036848701180638,0.08872221642612875,0.008975541836774844,-0.025516086913291845,0.38806089204959493,-0.20156309491583888
382,0.030295772611395898,-0.17611053221229445,0.532684865743833,0.11982048966670107,-0.0519861583077886,0.27183294112990597,-0.11338464126334705,0.22044835283863562,0.18175378128055952,0.21507230996456794,-0.11110494277211024
383,-0.2270480455207728,-0.14535264944239704,0.1636217548875396,0.3461298946903398,-0.2333565673052771,-0.30008190849311206,0.3332262163068803,0.15339784011706106,0.17350277886178694,0.21030013408436893,0.2385322000375855
384,-0.10219671826133284,0.20037398764353218,0.20497716776757982,0.17400369564042703,-0.09436305739060516,0.33469231135482114,0.32166518950735806,-0.2270480455207728,-0.14535264944239704,0.1636217548875396,0.3461298946903398
385,0.184785809834214,0.16588222747740497,0.17018348502593558,0.027595165892406535,0.1692395764517847,-0.016804451873613534,0.004656571040100282,-0.11958844677906617,0.4510220067914173,0.15244082736729989,0.07288885104996093
386,0.17101591016823178,0.1958943861923911,0.19659120888368425,0.0682533575974299,0.27615129752556655,0.1900673974285291,0.14118158550631343,0.064420931619945,0.17813747119959616,0.11153480932866984,-0.2919755150128051
387,0.11905401693134181,-0.17504131225752168,0.5997333894059517,0.07004406608160774,0.04322125070766891,0.17224841861994322,-0.09851033897345973,-0.1994683328230255,0.23980010892210227,0.24982258900136312,-0.11600447725845392
388,0.07176664141241576,-0.05498110129799243,0.15183112240756858,0.10787259292306504,0.01840890062904963,-0.0995598219957391,0.2719860753307789,0.11293875088477945,-0.20535274008458249,0.5793427173608218,0.09004305927638333
389,0.32466681415976595,-0.054898688296048936,0.22432644828488973,-0.1232149241758918,0.2686244753741979,0.15454741133606334,0.11838573542352976,-0.038603364347782866,0.3807558613147009,0.17224841861994322,-0.09851033897345973
390,0.4510220067914173,0.15244082736729989,0.07288885104996093,0.1748984588804126,0.14757008170315114,0.17429534874748348,0.2011047102573123,-0.05911225422027029,0.1470775585761181,0.02369429402154779,0.005683677347195281
391,0.11905401693134181,-0.17504131225752168,0.5690449243076188,0.21717996938913814,0.3279502886094016,0.09451606649497561,-0.1767098477946617,0.04486876508389453,-0.029810975371668404,0.48627991644872226,0.026633443720634878
392,0.3099970298175544,0.471489611372563,-0.22685151173680398,-0.03410554351064948,-0.026979094668769906,0.21026955100633232,0.3594575830872452,0.10738292971034552,0.1268252869070336,-0.054658024990498495,0.5979804251199937
393,0.17517207832310983,-0.2837244130358797,-0.05933768281964149,-0.0158205855430532,0.10766783526534249,-0.15136662886912727,0.732439073067299,0.16811112115875754,0.3065383859292377,0.3339580943966088,-0.3258809547938212
394,0.36064203219538704,0.1673903322242667,-0.09284999744819501,0.3101946871467882,-0.16972559312542665,0.3638470451044476,-0.09795902235798642,-0.33049876626994434,-0.49479408873313274,1.2506888914384577,-0.16999080995714083
395,0.013769183121238256,0.3199731005245072,0.17315845339267563,0.05824213470011352,-0.05307296768324391,0.15659419328815105,0.12767436519768302,0.11153480932866984,-0.2919755150128051,0.25194362687045424,0.18447934488472806
396,0.12692743882989452,-0.09579475570179191,-0.37215607382295773,0.42858710956831947,0.169608015722371,-0.08047575649163148,0.12502791032083813,0.1378193687751203,0.032519541821476844,0.005804140740080759,0.15562454509034235
397,0.11571104830416722,0.19148059584239505,0.10402791108409856,0.23091537737709414,0.06650813331778027,0.0688545810301372,0.06682974592404096,-0.16034808885176957,0.582480184304969,-0.026167537045574178,0.3188360004878918
398,0.026950214585079065,0.18096547976886537,0.39861970155369486,0.3322918405849832,0.4549627753336115,0.11239025342580698,0.019519458325689406,-0.024104684871840008,0.41000486829468213,-0.054332979629034356,0.19955843128181666
399,0.11639784455030472,0.18762958229381918,0.10981308189934724,0.4255352370150269,0.25980627869946177,0.028878761909011532,0.1512351673111633,0.00799872531931978,0.24747498490240735,0.1906227232740485,-0.06664940695669395
400,0.05451036815254353,0.10581675702611819,0.21836952852283753,-0.1975496083240688,0.06599459167266276,0.2140158170798685,0.032016070946640766,-0.2056916248099073,-0.09977122531837382,0.2566705868769431,0.05332100360012209
401,0.46110913685599997,0.03434420395290914,0.08108865698436285,0.1615687764851244,-0.037857040474989806,0.16967044100176074,0.20436905870817954,0.20064497471212211,-0.03419642558318104,0.22503561746781034,0.23051347462592298
402,0.11021291834797739,-0.01051268262747767,0.44645725699367006,0.34622605703385295,0.023401847563298758,-0.11233793060977981,0.3873237836404128,0.14370153652087095,-0.06519178307126122,0.31264062742987014,-0.10219671826133284
403,-0.4837512720809953,0.3343738849909891,0.2335672723395901,-0.11006995253884413,-0.15640318226972538,0.5826515229678326,0.15623469052714475,0.27640262933912124,0.47201011607596016,-0.28281767262770263,-0.0037568732807429827
404,0.40137010870007506,-0.35215411572254657,0.08641717028161186,-0.05935848768228961,0.2234105281733045,-0.00910825187333178,-0.3009925401089623,-0.3557798169054311,-0.17575267886142004,0.576090306976329,-0.006011173839405014
405,-0.11411752537832029,-0.07300140090705133,0.015029837611797933,0.44060350728358616,0.19206526361875487,0.4763690489011428,-0.1670048053309648,-0.017998435792932244,0.06031076097975645,0.02182100849886886,0.32235892296680474
406,-0.41024474767980984,0.2704078672093213,0.267162624321814,0.12187058334242151,0.27546427786962585,0.061031905252357535,0.05848757429557536,-0.07720539751091571,0.010435914587602436,0.4970868953748266,0.0443270845504133
407,-0.02073871481096764,-0.029680462238063903,0.14956677270984858,0.3599731363146606,0.1693893827989283,0.11021291834797739,-0.01051268262747767,0.44645725699367006,0.34622605703385295,0.023401847563298758,-0.11233793060977981
408,-0.023190079283785647,0.41946818135912745,0.396950895585359,0.05722556129495675,-0.05963657763210757,0.2322009134611139,-0.01628559255808749,0.22344916562290068,-0.0022649620560798393,0.00023042973591467987,0.07425954369573716
409,0.21208714275880025,0.4495007379400005,0.2933092651678347,-0.07857167594071549,0.2854839681489928,-0.1286611337248143,0.13799062650487542,0.049220828979773264,0.2691318726029984,0.10583636003401536,0.0911876490090115
410,0.13224843227692928,-0.13744108689493145,0.7512025272323432,0.10323363556716901,0.37562684311726585,0.43329493229864297,-0.3915575391071216,0.1991874509102764,-0.16436390704998038,0.4455944499953284,0.21781015800967046
411,-0.3696941816346616,0.07156915212888351,0.03981403283697342,0.001220357624790931,-0.07007502669067454,0.4895214773529827,0.0637917868463912,0.21208714275880025,0.4495007379400005,0.2933092651678347,-0.07857167594071549
412,-0.04684048839730427,0.3445276958741689,0.2670168397207595,0.11999193592579707,0.025195000573940488,-0.16994910073822356,-0.3009925401089623,-0.3557798169054311,-0.17575267886142004,0.7504575430707922,0.41946818135912745
413,0.19807776252919795,0.09454735228493921,0.2455881403904545,0.22417321000734797,0.3377246363120925,-0.25067496534820216,-0.33049876626994434,-0.49479408873313274,1.2506888914384577,-0.16999080995714083,0.24400616256787622
414,0.07176664141241576,-0.05498110129799243,0.15183112240756858,0.10787259292306504,0.01840890062904963,-0.0995598219957391,0.4821384641347985,-0.10720510281794955,-0.02327093882632231,0.13330989518342076,0.06458116259471598
415,-0.0354215967745066,-0.07093347373910476,0.47495421114848513,-0.06981461482759276,0.2501629573434221,-0.007193016796767877,0.08783646987625998,0.17136904462667607,0.1900673974285291,0.14118158550631343,0.064420931619945
416,0.5154484502995313,0.2044492602416065,0.04163234839464616,-0.09945040258569912,0.46110913685599997,0.03434420395290914,0.08108865698436285,0.1615687764851244,-0.07416875414062896,0.3429403271418706,0.49930541624730584
417,0.205696934332813,-0.06894471559741094,-0.21754472327174948,0.11712542482710067,0.13726845392845502,0.10477893452726418,0.154525193891985,0.12234390728662362,0.014770973447222226,0.16841010577103913,-0.17184534665718618
418,0.18931492100556252,0.026950214585079065,0.18096547976886537,0.39861970155369486,0.3322918405849832,-0.0730539224471404,-0.3276340921767554,-0.560709760652686,0.014662593894547743,1.4080315384750042,-0.3211366212088857
419,-0.37003291712239705,-0.04023582436947585,0.14480516428365917,0.11473011258612666,-0.06087256733651791,0.10219365132836339,0.05435850774613463,-0.025839607220092212,0.12045898537141242,0.286877200722593,0.06552001088711226
420,-0.25122925263422324,-0.31389127431207686,0.39595271167737006,0.2477901823414091,0.11239773235496053,0.14034718129468007,0.07531665293909175,0.14223356297833722,-0.021651786553036286,0.12079119269608964,0.2824571418874076
421,0.09454735228493921,0.2455881403904545,0.22417321000734797,0.3377246363120925,-0.25067496534820216,-0.33049876626994434,-0.49479408873313274,1.2506888914384577,-0.16999080995714083,0.24400616256787622,0.6145468467126224
422,0.11239025342580698,0.019519458325689406,-0.024104684871840008,0.41000486829468213,-0.054332979629034356,0.19955843128181666,-0.154784423703279,0.3022190377547206,0.1947513444538738,0.06255089963037826,0.14128623717498243
423,0.1970317131241627,0.21112320288276687,0.15400552467707154,0.11730632153435483,-0.21321462399316973,0.34385555108441634,0.018121512964525403,-0.4268141196430951,0.40979557006932316,0.23961717018966824,-0.05766107861356521
424,0.29312924637770893,0.36431095447616657,0.051655846724557176,0.147015137047838,0.0024338063128608364,0.5425282188367668,0.2102334860700648,-0.023462072827558623,-0.08357893242046706,0.5100102620576359,0.015971134607805734
425,-0.01872348367883698,0.1602399761215795,0.18812549775877,-0.18329904817335113,0.03510975496160437,0.24519022089989018,0.04521427973100914,-0.18844126538241282,-0.2348392629005029,0.3332262163068803,0.15339784011706106
426,-0.023190079283785647,0.41946818135912745,0.396950895585359,0.05722556129495675,-0.05963657763210757,0.24747498490240735,0.1906227232740485,-0.06664940695669395,0.30267696812919326,0.0024338063128608364,0.5425282188367668
427,-0.032007325327046816,0.09425897787719907,0.18704035057159146,0.1166120799555511,0.10308527413401705,0.17846779112789968,0.22208583212672164,0.10912076590162222,0.08387223257892588,0.007282743814128762,0.020612343586763032
428,0.03374797111609373,0.10221199436568572,0.11086305524430831,0.5085612625617385,0.2358186269665527,-0.0354215967745066,0.25637579043337366,0.036318137954573296,0.2968939267958973,0.07580716838731938,0.08567346237233235
429,0.18096547976886537,0.39861970155369486,0.3322918405849832,-0.0730539224471404,-0.3276340921767554,-0.560709760652686,0.014662593894547743,1.4080315384750042,-0.3211366212088857,1.0994415746910717,0.3631106194833644
430,-0.023462072827558623,0.21922203363880405,-0.19131993763789917,0.25762659116874836,0.064972871506301,0.25375125815818755,0.02226975501848725,0.184785809834214,0.16588222747740497,0.17018348502593558,0.027595165892406535
431,0.2824571418874076,0.04509906066466046,0.31997096866254743,0.27166200964144344,0.061634111965513244,0.22032608542910156,0.21689918467645036,-0.19131993763789917,0.25762659116874836,0.064972871506301,0.25375125815818755
432,0.1622885154367558,0.27244070008152355,0.11639784455030472,0.24558940996994993,0.2716166448893086,0.23132011143789816,-0.37003291712239705,-0.45930796864318557,0.08435528278984028,0.4794833804839934,-0.09284003963689724
433,0.4408191314993718,0.1944108882314549,-0.22506928532984996,-0.1994683328230255,0.2161443525952575,0.3924486791878392,0.2295099569039927,-0.25196316607160346,-0.05078018175580146,0.2269836513911627,0.21109509114465294
434,-0.015658216600592058,0.46151196219940505,0.4561894607607333,-0.4307036263075145,0.33404209236252513,-0.017315794149796837,-0.07556915478493191,-0.15398007638351432,0.1511533282653379,0.40902791458143434,0.3099970298175544
435,0.12461655134544304,0.17041386042389656,0.2758894441198532,0.38565678848867624,-0.2093333395469959,-0.3086869045626521,-0.45859624206429583,0.01881267170159937,0.9213821360251874,-0.015658216600592058,0.46151196219940505
436,0.576090306976329,0.1087216610509716,0.36219842017178827,-0.14817671145591038,0.4970868953748266,0.0443270845504133,0.2086211161338412,0.3854280947760623,0.3481189339598148,-0.046633282251753776,0.26952650526827204
437,0.4772627981074588,-0.017093960217367823,0.20446229175264322,0.077208066716257,-0.03473222436348715,0.2269899149422962,0.1513353793055481,0.1525483543928927,-0.019993280382794187,0.07054179184139962,0.21692267376731647
438,-0.03415029254685713,-0.1361437516837773,0.5126401164044888,0.10727375240522918,0.14836359842633548,0.14084473078919998,-0.07991486120750843,-0.4268141196430951,0.40979557006932316,0.23961717018966824,-0.05766107861356521
439,-0.01872348367883698,0.1602399761215795,0.18812549775877,-0.18329904817335113,0.03510975496160437,0.24519022089989018,0.04521427973100914,-0.18844126538241282,-0.1530571398391794,0.2893326305696375,0.0598365955185277
440,0.014662593894547743,1.4080315384750042,-0.3211366212088857,1.0994415746910717,0.3631106194833644,-0.5872769092188762,0.3343738849909891,0.2335672723395901,-0.11006995253884413,-0.15640318226972538,0.5826515229678326
441,0.11293875088477945,-0.20535274008458249,0.5793427173608218,0.09004305927638333,0.1776169526838241,0.11019210973415139,-0.10629703423484374,-0.5424662612265094,0.3343738849909891,0.2335672723395901,-0.11006995253884413
442,-0.038225245979315856,0.12200883569907046,0.1942458485822597,-0.051527520083015615,-0.22348214010372017,-0.17575267886142004,0.8674231227358188,0.32235892296680474,0.21043433282753074,0.04703410538990216,0.023224159920207973
443,0.1220174870673977,0.06129942909837034,0.19601231956388124,0.20596975380684593,-0.057684741153323484,0.07384757606653194,0.14480516428365917,0.11473011258612666,-0.06087256733651791,0.10219365132836339,0.2904398373272532
444,-0.01222018030071071,0.05668940185689197,0.20093656574037363,-0.034300721465717984,0.09335134699302704,0.10120720781703763,0.15852576202856808,-0.1261693407012891,0.05257179403844993,0.24495845199737368,0.1101646675136064
445,0.23046833214655307,-0.04177403759466122,-0.30418711666720355,0.3528982149432685,0.205696934332813,-0.06894471559741094,-0.025774475061614923,0.16387788756728414,0.12461655134544304,0.17041386042389656,0.2758894441198532
446,-0.06981461482759276,0.2501629573434221,-0.007193016796767877,0.08783646987625998,0.17136904462667607,0.1900673974285291,0.14118158550631343,0.064420931619945,0.17813747119959616,0.11153480932866984,-0.2919755150128051
447,0.013769183121238256,0.3351624358998726,-0.14469081953720858,0.08939889071784639,0.14222625457533922,0.09454735228493921,0.2455881403904545,0.22417321000734797,0.3377246363120925,-0.25067496534820216,-0.33049876626994434
448,0.20051624388285613,0.21910904649794555,0.2327932542270703,0.11239773235496053,0.14034718129468007,0.07531665293909175,0.14223356297833722,-0.021651786553036286,0.12079119269608964,0.2824571418874076,0.04509906066466046
449,0.20485280725032834,0.5710140729030543,0.09919251932906349,-0.27453754616669024,-0.07896928497537498,0.03606607937215022,0.11905401693134181,-0.17504131225752168,0.5690449243076188,0.21717996938913814,0.3279502886094016
450,-0.11600447725845392,-0.322697042332726,0.20051624388285613,0.21910904649794555,0.1093603113504988,0.29244900495504983,0.07156915212888351,0.03981403283697342,0.001220357624790931,-0.07007502669067454,0.4895214773529827
451,0.17813747119959616,0.11153480932866984,-0.2919755150128051,0.11730189475987779,0.04521427973100914,-0.18844126538241282,-0.1530571398391794,0.2893326305696375,0.0598365955185277,0.08329014142793219,0.18442346306946247
452,0.4079445160203092,0.15538551639601741,0.29502436812259675,-0.07973305727102308,0.19799789212246702,0.22952809153640188,0.011717367533914707,-0.04143608295393437,0.18036848701180638,0.08872221642612875,0.008975541836774844
453,0.13598333473215593,0.03048863895714203,0.12638483116916358,0.056999667600075014,-0.03415029254685713,-0.1361437516837773,0.5126401164044888,0.10727375240522918,0.14836359842633548,0.14084473078919998,-0.07991486120750843
454,0.05722556129495675,-0.05963657763210757,0.24747498490240735,0.1906227232740485,-0.06664940695669395,0.2587212667043487,-0.14639799594510308,0.3286452837434767,0.21153885924695115,0.1163015082677053,-0.07607939841636727
455,0.09999394778949644,0.22146573820555276,0.07314429710685592,-0.1271890839969909,0.22798368323536836,0.14083053914836333,-0.02431958698577717,-0.014774917010754571,0.30790953094728557,0.026633443720634878,-0.10502185721591453
456,-0.09823658655877998,0.2407284347887408,-0.12405508083124386,0.22599906281655174,0.2296552800988911,0.07187542666856812,0.09364824897947188,0.26063328665288116,0.13490246113837479,0.1659339689806515,0.22725753124748785
457,0.03761959736561409,0.18756622566533648,-0.0032170019832001968,0.05780403347831227,0.08945759497947195,0.13484381164054374,0.14901686786802,0.06131121467129291,0.20880832158794416,0.11021351393836613,0.2811349847358627
458,-0.18873985973198337,-0.2630977126021474,0.15538551639601741,0.29502436812259675,-0.07973305727102308,0.19799789212246702,0.22952809153640188,0.011717367533914707,-0.04143608295393437,0.18036848701180638,0.08872221642612875
459,0.5710140729030543,0.09919251932906349,-0.33934258868829625,0.1220174870673977,0.06129942909837034,0.19601231956388124,0.20596975380684593,-0.057684741153323484,0.07384757606653194,0.1206064019918302,-0.11958844677906617
460,-0.09744491478413504,0.029835882608371077,0.23244847910803215,0.3923522683435107,0.03999411295101348,0.11021291834797739,-0.01051268262747767,0.44645725699367006,0.34622605703385295,0.023401847563298758,-0.11233793060977981
461,-0.4260345743094281,0.5984436178614774,0.15948649245452387,-0.038225245979315856,0.072414285313609,-0.18844126538241282,-0.1530571398391794,0.2893326305696375,0.0598365955185277,0.08329014142793219,0.18442346306946247
462,0.13484381164054374,0.14901686786802,0.06131121467129291,0.20880832158794416,0.11021351393836613,0.2811349847358627,0.0014623392565319142,0.04784244341978576,0.0077741013978389175,0.04641076076847641,-0.12295444257606764
463,-0.2131146307468916,-0.22820094866907836,-0.4077636285835352,-0.15881599178038797,0.874523150438384,-0.0030598719334408316,0.39096949337005593,0.5105758017641661,-0.3718423771208559,0.18668007377330023,0.005169852410660244
464,0.16841010577103913,-0.17184534665718618,0.5705404810089426,0.0008958314648755303,0.23630351086435855,0.4555579162737879,0.246515426242668,0.01770617465262488,0.15591559768791044,0.06181623550682581,-0.032007325327046816
465,0.22417321000734797,0.3377246363120925,-0.25067496534820216,-0.33049876626994434,-0.49479408873313274,1.2506888914384577,-0.16999080995714083,0.24400616256787622,0.6145468467126224,0.182811459615623,-0.27451396654390714
466,0.21836952852283753,-0.1975496083240688,0.06599459167266276,0.2140158170798685,0.032016070946640766,-0.2056916248099073,-0.09977122531837382,0.2566705868769431,0.13093400103470756,0.03957451191768845,0.1932733614432001
467,-0.03415029254685713,-0.1361437516837773,0.5126401164044888,0.10727375240522918,0.14836359842633548,0.12651636049186124,0.12692743882989452,-0.09579475570179191,-0.37215607382295773,0.42858710956831947,0.169608015722371
468,0.07318155581320575,0.27957828264201523,0.07241198467246238,-0.0009804569413706596,0.01559715395447646,-0.0341945571464552,0.1063634492370031,0.1962990495609203,-0.13145164010685437,0.23843065633277077,0.11969849148818573
469,0.4507323785553294,-0.0691774432698838,0.2709843384910566,-0.11948577717296034,0.22477882403469934,0.15412082330316929,0.1598372675145959,0.0706787807519289,0.10415277268582958,0.2735431170666892,0.06625407688356992
470,0.2477901823414091,0.11239773235496053,0.14034718129468007,0.07531665293909175,0.1662271851755465,-0.07427673148701162,0.2817765778115769,0.18876158217694772,0.12025697212036957,0.3552151175162411,0.3004909622472764
471,0.049220828979773264,0.2691318726029984,0.10583636003401536,0.0911876490090115,0.11016030936506847,0.2678296268354956,-0.11044697195648515,0.29822181701699224,0.06963025852130174,-0.04415721420156436,-0.08021739414216453
472,0.010435914587602436,-0.04540130560443173,0.3380206448902753,0.12849141162106129,-0.025839607220092212,0.12045898537141242,0.286877200722593,0.06552001088711226,-0.01222018030071071,0.05668940185689197,0.2764113425491008
473,-0.19771289689077395,0.32661083949314984,0.10384331692069787,0.07711382871774942,0.20992472947069074,0.08617134357782268,0.07831120315928315,-0.036381717160680845,0.1918282357010622,0.2566953352236003,0.09440814158715664
474,0.164257142074729,0.09676305399739243,0.18006443606999176,0.03226528517847111,-0.44078944845124995,0.3380206448902753,0.10944836239643994,-0.1271890839969909,0.22798368323536836,0.14083053914836333,-0.02431958698577717
475,0.06574911402424904,0.11982381637853495,-0.0036322028767203193,0.5154484502995313,0.33459213058936754,-0.16129594391123622,-0.2057051867824583,-0.535203756815677,-0.18224044766622266,1.631133135384752,-0.27684410127456854
476,0.23395754267823185,-0.08417891571780703,-0.19567178073345584,0.048418260223786674,-0.08989782196509587,0.582480184304969,-0.3559074918669623,0.3343738849909891,0.2335672723395901,-0.11006995253884413,-0.15640318226972538
477,-0.20577899822194573,0.20485280725032834,0.5710140729030543,0.09919251932906349,-0.27453754616669024,0.31856934468977854,-0.1471160322989946,0.13224843227692928,-0.13744108689493145,0.7512025272323432,0.10323363556716901
478,0.16236333567151778,0.17047529049149088,0.07176664141241576,-0.05498110129799243,0.15183112240756858,0.10787259292306504,0.01840890062904963,-0.0995598219957391,0.4821384641347985,-0.10720510281794955,-0.02327093882632231
479,0.1101646675136064,0.24823346342850847,0.42630163816159206,-0.2131146307468916,-0.22820094866907836,-0.4077636285835352,-0.15881599178038797,0.874523150438384,-0.0030598719334408316,0.39096949337005593,0.5105758017641661
480,-0.01872348367883698,0.3321338277666288,0.10912076590162222,0.08387223257892588,0.007282743814128762,0.020612343586763032,-0.016019177985158884,0.02271247292045064,0.29107111576143124,0.1045071141541918,0.12488891724892921
481,0.08641717028161186,-0.003973490509346585,0.011717367533914707,-0.04143608295393437,0.18036848701180638,0.08872221642612875,0.008975541836774844,-0.025516086913291845,0.38806089204959493,-0.20156309491583888,0.12789596366752015
482,0.049220828979773264,0.2691318726029984,0.10583636003401536,0.0911876490090115,0.11016030936506847,0.2678296268354956,-0.11044697195648515,0.1929031841309039,0.07697746817363835,0.056999667600075014,-0.03415029254685713
483,-0.11006995253884413,-0.15640318226972538,0.5826515229678326,0.15623469052714475,0.27640262933912124,0.47201011607596016,-0.28281767262770263,-0.0037568732807429827,-0.006068095610988907,0.22353226918003677,0.4465474353484157
484,-0.3323103623367577,-0.3518348089665249,0.22503561746781034,0.23051347462592298,-0.2674087357689618,0.05272393126356598,0.22506923505064735,0.10261484021232775,-0.21198150695143764,-0.19771289689077395,0.496741931392511
485,0.15244082736729989,0.07288885104996093,0.1748984588804126,0.003142846329034149,-0.40042171646973945,0.30944710287579563,0.17593608521602916,-0.10071744145415372,0.16218366883225244,0.3173986533652038,0.15183112240756858
486,0.17517207832310983,-0.2837244130358797,-0.05933768281964149,-0.0158205855430532,0.10766783526534249,-0.15136662886912727,0.732439073067299,0.16811112115875754,-0.015008928848916511,0.27685820958904017,-0.238454914255154
487,0.42858710956831947,0.19121772832620332,0.3599731363146606,0.1693893827989283,0.11021291834797739,-0.01051268262747767,0.44645725699367006,0.34622605703385295,0.023401847563298758,-0.11233793060977981,0.3873237836404128
488,0.016130026589419835,0.13604560052272469,-0.018288587728737135,0.021704303877180964,-0.05845547641045337,0.3308041747258856,0.07233026323861323,0.27685820958904017,-0.238454914255154,0.39192229350120666,-0.17611053221229445
489,0.32466681415976595,-0.054898688296048936,0.22432644828488973,-0.1232149241758918,0.2686244753741979,0.15454741133606334,0.11838573542352976,-0.038603364347782866,0.3807558613147009,0.17224841861994322,-0.09851033897345973
490,1.2345642521917752,-0.2390661515095062,0.038704122045745096,0.19799846171187263,0.08817550672737952,0.016104682807028897,0.19820898945179852,-0.1228961939348214,0.46117402403887836,0.010629951960803224,0.2329295694666118
491,0.1673903322242667,-0.09284999744819501,0.3101946871467882,-0.16972559312542665,0.3638470451044476,0.20503724985454205,0.1459981126354451,-0.09139857051369302,0.3563536013904831,0.2492544554621723,-0.1378062638889054
492,0.13598333473215593,0.03048863895714203,0.12638483116916358,0.056999667600075014,-0.03415029254685713,-0.1361437516837773,0.5126401164044888,0.10727375240522918,0.14836359842633548,0.14084473078919998,-0.07991486120750843
493,0.27244070008152355,0.11639784455030472,-0.04205176153840695,0.10799564566925353,0.14738116301118354,0.09492199006514247,-0.11601169124174311,0.04205130832165293,0.3890877324073698,0.2649233174487815,-0.22582008661066053
494,0.1109715537947085,0.15412082330316929,0.1598372675145959,0.0706787807519289,0.10415277268582958,0.2735431170666892,0.06625407688356992,-0.34376971549729113,0.31053865854267393,0.23395754267823185,-0.08417891571780703
495,0.03444382036243173,-0.08424507459956743,-0.05323316428520335,0.38394456914269876,0.12494821353405587,0.11626296745509843,0.1967032816729059,0.13604608051457204,-0.4410086830701572,0.20521445648280787,0.18187890191990846
496,-0.14542367560108146,0.6780850513706412,0.024406105133026493,0.355073964073535,0.3305091004000071,0.5569329242264648,-0.246023278873846,-0.0572257811988168,0.06031076097975645,0.02182100849886886,0.32235892296680474
497,0.10304113458430038,0.07360110385407279,0.15670911251286973,0.45003162645293465,0.16110004426294264,0.045895226796395086,-0.06052322043582949,0.4507323785553294,-0.0691774432698838,0.2709843384910566,-0.11948577717296034
498,0.24400616256787622,0.6145468467126224,0.182811459615623,-0.27451396654390714,-0.037243909461088076,-0.08742949038525093,0.17124113491377574,-0.20272806045545047,0.5714173973408444,0.21369508916669722,0.2864317522176922
499,0.2824571418874076,0.04509906066466046,0.31997096866254743,0.27166200964144344,0.061634111965513244,0.22032608542910156,0.21689918467645036,-0.19131993763789917,0.25762659116874836,0.064972871506301,0.25375125815818755
500,-0.25122925263422324,-0.31389127431207686,0.39595271167737006,0.2477901823414091,0.11239773235496053,0.14034718129468007,0.07531665293909175,0.14223356297833722,-0.0489257672682823,0.4019389235070164,0.08865320947212052
501,0.0688545810301372,0.06682974592404096,-0.16034808885176957,0.582480184304969,-0.026167537045574178,0.3188360004878918,0.3648744076231162,0.34342646217838496,-0.01628559255808749,0.22344916562290068,-0.0022649620560798393
502,0.003142846329034149,-0.40042171646973945,0.30944710287579563,0.17593608521602916,-0.10071744145415372,0.16218366883225244,0.2723849429441483,0.0383714803928995,-0.0341945571464552,0.1063634492370031,0.16909328098410453
503,0.12234390728662362,0.014770973447222226,0.16841010577103913,-0.17184534665718618,0.5705404810089426,0.0008958314648755303,0.23630351086435855,0.4555579162737879,0.246515426242668,0.01770617465262488,0.15591559768791044
504,0.09364824897947188,0.26063328665288116,0.13490246113837479,-0.10690798536618025,-0.20091983663120586,0.2564809375436427,0.2379115657403104,-0.03126694167154654,-0.2895737635617525,0.11571104830416722,0.19148059584239505
505,0.06181623550682581,-0.032007325327046816,0.09425897787719907,0.18704035057159146,0.1166120799555511,0.10308527413401705,0.17846779112789968,0.17192675592428788,0.009418074721667289,0.007793924365852867,-0.09554214890318367
506,0.3121144711635626,0.49930541624730584,0.09661674508426206,-0.04247753767970497,0.111002564726116,0.32466681415976595,-0.054898688296048936,0.22432644828488973,-0.1232149241758918,0.2686244753741979,0.08256728264784874
507,-0.46653684425022923,0.5227022905128348,-0.11411752537832029,-0.07300140090705133,0.015029837611797933,0.44060350728358616,0.19206526361875487,0.21823878721488263,0.2503177717232147,0.19920890419656892,0.006508261054583925
508,-0.14536143896619835,0.04333727706415184,0.1220174870673977,0.06129942909837034,0.19601231956388124,0.20596975380684593,-0.057684741153323484,0.07384757606653194,0.14480516428365917,0.11473011258612666,-0.06087256733651791
509,-0.2688525390751869,-0.463412784567476,1.631133135384752,-0.16290921351417928,0.22146573820555276,0.07314429710685592,-0.1271890839969909,0.22798368323536836,0.14083053914836333,-0.02431958698577717,-0.014774917010754571
510,0.12200883569907046,0.1942458485822597,0.05373657295280298,-0.0481804193300597,0.15012172490551431,0.11914993570351617,-0.013910993924571376,-0.17796770742789422,0.6237727862359442,-0.0034213682837081223,-0.10107599037759238
511,-0.08021739414216453,0.21015504769464924,0.16078174031700854,0.18936452476172624,0.09562393978438231,0.14760436881813735,-0.17392707701365767,-0.14536143896619835,0.04333727706415184,0.1220174870673977,-0.029263023009425577
512,0.2729517301749195,-0.12099987263672833,-0.39104435029717977,-0.58788795971382,0.8825455177838787,0.5486551716555055,-0.23240833069389197,0.7000941381334126,0.3710274399415613,-0.46653684425022923,0.1554728609437766
513,0.20395349412622332,0.39656667760254666,0.3438782254724192,-0.22430789111493196,-0.13216215275703985,0.04131191411989849,0.29312924637770893,0.36431095447616657,0.051655846724557176,0.147015137047838,0.0024338063128608364
514,0.2011047102573123,-0.05911225422027029,0.1470775585761181,0.02369429402154779,0.005683677347195281,-0.1564723056670849,0.5746193857681196,-0.02953868185993533,0.3188360004878918,0.30292620138076715,0.25877643221949886
515,0.2211385741886123,0.1901250685257231,0.18141069148365815,-0.01872348367883698,0.1602399761215795,0.18812549775877,-0.18329904817335113,0.03510975496160437,0.24519022089989018,0.04521427973100914,-0.18844126538241282
516,0.3445276958741689,0.2670168397207595,0.11999193592579707,0.025195000573940488,0.2525280799707006,0.46609603032039665,-0.03864764718918369,0.44645725699367006,0.34622605703385295,0.023401847563298758,-0.11233793060977981
517,0.2566705868769431,0.05332100360012209,0.1334798000593729,0.1915060377599846,-0.10391341217997091,0.2707704521290764,0.732439073067299,0.16811112115875754,0.3065383859292377,0.3339580943966088,-0.3258809547938212
518,-0.30418711666720355,0.3528982149432685,0.205696934332813,-0.06894471559741094,-0.21754472327174948,0.11712542482710067,-0.19905544251875887,0.36219842017178827,0.20395349412622332,0.39656667760254666,0.3438782254724192
519,0.003986715639722211,-0.10353847396758291,-0.08273860521489726,0.12715199464887306,0.40902791458143434,0.3099970298175544,0.471489611372563,-0.22685151173680398,-0.03410554351064948,-0.026979094668769906,0.21026955100633232
520,0.02582216832870876,0.10159629500858154,0.02285161943960793,0.007793924365852867,-0.09554214890318367,0.17101591016823178,0.1958943861923911,0.19659120888368425,0.0682533575974299,0.17317355494762385,-0.17423414406398183
521,0.10304113458430038,0.07360110385407279,0.15670911251286973,0.45003162645293465,0.16110004426294264,0.045895226796395086,-0.06052322043582949,0.4507323785553294,-0.0691774432698838,0.2709843384910566,-0.11948577717296034
522,0.1915060377599846,-0.10391341217997091,0.3301924189647566,-0.1306468068111148,0.36493975362810666,0.1618681250337736,0.10981308189934724,0.4255352370150269,0.25980627869946177,0.028878761909011532,0.11490988181373216
523,0.4019389235070164,0.08865320947212052,0.11316297154198258,0.46291758814384293,0.2387995848553981,0.03761959736561409,0.18756622566533648,-0.0032170019832001968,0.05780403347831227,0.08945759497947195,0.13484381164054374
524,-0.01760761135922154,0.013769183121238256,0.3351624358998726,-0.14469081953720858,0.08939889071784639,0.14222625457533922,0.05859179600019127,0.2379115657403104,-0.03126694167154654,-0.29950853302676367,0.2704078672093213
525,-0.12319514448977624,-0.06574295470794776,0.34385555108441634,0.18533780760642687,0.08349745439089365,-0.033804194159752304,0.22917825142282022,0.37562684311726585,0.43329493229864297,-0.3915575391071216,0.1991874509102764
526,-0.05078018175580146,0.2269836513911627,0.21109509114465294,-0.25122925263422324,-0.31389127431207686,0.39595271167737006,0.2477901823414091,0.11239773235496053,0.14034718129468007,0.07531665293909175,0.14223356297833722
527,0.13242407727825622,0.12389941991210354,-0.06701563151637725,0.2211385741886123,0.1901250685257231,0.18141069148365815,-0.01872348367883698,0.1602399761215795,0.18812549775877,-0.18329904817335113,0.03510975496160437
528,0.2587212667043487,-0.14639799594510308,0.3286452837434767,0.21153885924695115,0.1163015082677053,-0.07607939841636727,0.4408191314993718,0.1944108882314549,-0.17628742224102106,-0.13205735314625608,0.1970317131241627
529,0.007282743814128762,0.020612343586763032,-0.016019177985158884,0.02271247292045064,0.29107111576143124,0.1045071141541918,0.12488891724892921,0.20435731266315316,-0.18873985973198337,0.06244038517316735,0.205696934332813
530,0.5690449243076188,0.21717996938913814,0.3279502886094016,0.09451606649497561,-0.1767098477946617,0.04486876508389453,-0.029810975371668404,0.36698137508616957,0.28390600937395283,0.06077700494192656,-0.03348926380060616
531,0.1093603113504988,0.29244900495504983,0.07156915212888351,-0.08319473949824753,-0.02073871481096764,-0.029680462238063903,0.14956677270984858,0.3599731363146606,0.1693893827989283,0.11021291834797739,-0.01051268262747767
532,0.10159629500858154,0.02285161943960793,0.007793924365852867,-0.09554214890318367,-0.09122096688196836,0.0077741013978389175,0.04641076076847641,-0.12295444257606764,0.39770783469686205,0.08172071414989064,0.24383857054727498
533,0.08939889071784639,0.14222625457533922,0.09454735228493921,0.2455881403904545,0.22417321000734797,0.3377246363120925,-0.25067496534820216,-0.33049876626994434,-0.49479408873313274,1.6947701193814022,-0.20577899822194573
534,0.3924486791878392,0.2295099569039927,-0.25196316607160346,0.0066334317262653816,0.18447934488472806,-0.03735439473461763,-0.17974141893035753,-0.045429781649620936,0.1992759304480005,0.07407198980981192,0.17323991061961344
535,-0.2093333395469959,-0.3086869045626521,-0.45859624206429583,-0.047575521504536526,-0.15881599178038797,0.874523150438384,-0.0030598719334408316,0.39096949337005593,0.5105758017641661,-0.3718423771208559,0.18668007377330023
536,-0.02431958698577717,-0.014774917010754571,0.30790953094728557,0.026633443720634878,-0.10502185721591453,0.16212723952415709,0.10247846737264223,0.21692267376731647,0.19989817570442997,0.4592312571483904,-0.16129594391123622
537,-0.024104684871840008,0.41000486829468213,-0.054332979629034356,0.19955843128181666,-0.154784423703279,0.3022190377547206,0.1947513444538738,0.06255089963037826,0.14128623717498243,0.16458087537784533,0.23046833214655307
538,-0.054898688296048936,0.22432644828488973,-0.1232149241758918,0.2686244753741979,0.15454741133606334,0.11838573542352976,-0.038603364347782866,0.04905131213059377,-0.09945040258569912,0.46110913685599997,0.03434420395290914
539,-0.49163582428543307,0.021414579109772094,1.2345642521917752,-0.2390661515095062,0.7216726934662775,0.37887817736150176,-0.4375915754722766,0.17850557601239259,0.04049002125523098,-0.0759962967737919,-0.07588574258395304
540,0.0598365955185277,0.08329014142793219,0.18442346306946247,0.08528067838339004,0.10619021298001333,-0.07427673148701162,0.2817765778115769,0.18876158217694772,0.12025697212036957,0.3552151175162411,0.3004909622472764
541,-0.04538704312831413,-0.09714475970879345,0.024406105133026493,0.355073964073535,0.3305091004000071,0.5569329242264648,-0.246023278873846,-0.02073871481096764,-0.029680462238063903,0.14956677270984858,0.3599731363146606
542,0.23046833214655307,-0.04177403759466122,-0.30418711666720355,0.3528982149432685,0.205696934332813,-0.06894471559741094,-0.05006936554986506,-0.10391341217997091,0.3301924189647566,-0.1618510743330633,0.11571104830416722
543,0.39770783469686205,0.08172071414989064,0.24383857054727498,0.12692743882989452,-0.12672018269484242,-0.13205735314625608,0.1970317131241627,0.21112320288276687,-0.053256080531068464,-0.41024474767980984,0.2704078672093213
544,0.010435914587602436,0.4970868953748266,0.0443270845504133,0.2086211161338412,0.3854280947760623,0.4076929177225436,0.4507323785553294,-0.0691774432698838,0.2709843384910566,-0.11948577717296034,0.22477882403469934
545,0.010747444669999833,-0.04684048839730427,0.3445276958741689,0.2670168397207595,0.11999193592579707,0.025195000573940488,0.2525280799707006,0.46609603032039665,0.12547576951623374,-0.014864298582347406,0.02672968558008701
546,0.12569717207255016,0.08359265059376635,0.33876510586308256,0.02582216832870876,0.10159629500858154,0.02285161943960793,0.2590776726826567,0.37945256073396405,0.2729517301749195,-0.36177025976917787,0.04824253836004144
547,0.17654672439733954,0.2249866210402155,0.22417321000734797,0.3377246363120925,-0.25067496534820216,-0.33049876626994434,-0.49479408873313274,1.2506888914384577,-0.16999080995714083,0.24400616256787622,0.6145468467126224
548,0.03606607937215022,0.11905401693134181,-0.17504131225752168,0.5690449243076188,0.21717996938913814,0.3279502886094016,0.09451606649497561,-0.1767098477946617,0.04486876508389453,-0.029810975371668404,0.36698137508616957
549,-0.2837244130358797,-0.05933768281964149,-0.0158205855430532,0.10766783526534249,-0.15136662886912727,0.732439073067299,0.16811112115875754,0.3065383859292377,0.3339580943966088,-0.23869831601725638,-0.1228961939348214
550,-0.026167537045574178,0.3188360004878918,0.23658143447529667,-0.054658024990498495,0.5979804251199937,0.2526440820179429,0.030295772611395898,-0.08145189805244248,0.2407284347887408,-0.12405508083124386,0.22599906281655174
551,-0.1228961939348214,0.46117402403887836,0.010629951960803224,0.2329295694666118,0.43160144306355575,0.23386430015327572,0.022736716960153926,0.20677149441364567,0.05235944102725745,0.015779282541251688,0.07778099345810575
552,0.2686244753741979,0.15454741133606334,0.11838573542352976,-0.038603364347782866,0.3807558613147009,0.17224841861994322,-0.09851033897345973,-0.1994683328230255,0.23980010892210227,0.24982258900136312,-0.11600447725845392
553,0.008586848590673934,-0.11958844677906617,-0.13877172979130742,0.28392816400072096,0.17315845339267563,0.05824213470011352,-0.05307296768324391,0.15659419328815105,0.10901691378591169,-0.06287418633695564,0.020789453641837097
554,-0.08047575649163148,0.16236333567151778,0.17047529049149088,0.07176664141241576,-0.05498110129799243,0.15183112240756858,0.10787259292306504,0.37562684311726585,0.43329493229864297,-0.3915575391071216,0.1991874509102764
555,0.18187890191990846,-0.018412927239126024,0.08651782774696389,0.27957828264201523,0.07241198467246238,-0.0009804569413706596,0.019828243580542443,0.21838582797646872,-0.026929355196783866,0.08118586580494987,0.0029661854615968316
556,0.021414579109772094,1.2345642521917752,-0.2390661515095062,0.7216726934662775,0.37887817736150176,-0.4375915754722766,0.17850557601239259,0.04049002125523098,-0.0759962967737919,-0.07588574258395304,0.2146160329797934
557,0.18006443606999176,0.03226528517847111,-0.44078944845124995,0.3380206448902753,0.12849141162106129,-0.025839607220092212,0.12045898537141242,0.286877200722593,0.06552001088711226,-0.01222018030071071,0.05668940185689197
558,-0.03410554351064948,-0.026979094668769906,0.21026955100633232,0.3594575830872452,0.10738292971034552,0.1268252869070336,-0.054658024990498495,0.5979804251199937,0.2526440820179429,0.08317014294220157,-0.07093347373910476
559,0.08359265059376635,0.33876510586308256,0.2524335837121981,0.12547576951623374,-0.014864298582347406,0.02672968558008701,0.3808117223227501,-0.09823658655877998,0.2407284347887408,-0.12405508083124386,0.22599906281655174
560,0.4510220067914173,0.15244082736729989,0.07288885104996093,0.1748984588804126,0.003142846329034149,0.0067783010966998595,0.04509906066466046,0.31997096866254743,0.27166200964144344,0.061634111965513244,0.22032608542910156
561,-0.016019177985158884,0.02271247292045064,0.29107111576143124,0.1045071141541918,0.12488891724892921,0.20435731266315316,-0.18873985973198337,-0.2630977126021474,0.15538551639601741,0.29502436812259675,-0.07973305727102308
562,0.22032608542910156,0.21689918467645036,-0.19131993763789917,0.25762659116874836,0.064972871506301,0.25375125815818755,0.02226975501848725,0.184785809834214,0.16588222747740497,0.17018348502593558,0.027595165892406535
563,0.37887817736150176,-0.4375915754722766,0.17850557601239259,0.04049002125523098,-0.0759962967737919,-0.07588574258395304,0.2146160329797934,0.30387177201667565,0.3066306355625916,0.5546419203281793,-0.26978020481639686
564,-0.0481804193300597,0.15012172490551431,0.11914993570351617,-0.013910993924571376,-0.17796770742789422,0.6237727862359442,-0.0034213682837081223,-0.10107599037759238,0.18931492100556252,0.026950214585079065,0.18096547976886537
565,0.12045898537141242,0.286877200722593,0.06552001088711226,-0.01222018030071071,0.05668940185689197,0.07005297469378108,0.2574074511740544,-0.1363443429204539,0.28392816400072096,0.17315845339267563,0.05824213470011352
566,-0.37003291712239705,-0.223661762095613,0.05668940185689197,0.23085794460906844,0.07176664141241576,-0.05498110129799243,0.15183112240756858,0.10787259292306504,0.01840890062904963,-0.0995598219957391,0.4821384641347985
567,0.1594097460088622,0.003986715639722211,-0.10353847396758291,-0.08273860521489726,0.36219842017178827,0.11896513781542807,0.11239773235496053,0.14034718129468007,0.07531665293909175,0.14223356297833722,-0.021651786553036286
568,0.3438782254724192,-0.22430789111493196,-0.13216215275703985,0.04131191411989849,0.29312924637770893,0.36431095447616657,0.051655846724557176,0.147015137047838,0.0024338063128608364,0.5425282188367668,0.2102334860700648
569,0.037986730406579156,0.42630163816159206,-0.2131146307468916,-0.22820094866907836,-0.4077636285835352,-0.15881599178038797,0.874523150438384,-0.0030598719334408316,0.39096949337005593,0.5105758017641661,-0.3718423771208559
570,-0.018288587728737135,0.021704303877180964,-0.05845547641045337,0.3308041747258856,0.164257142074729,0.09676305399739243,0.18006443606999176,0.03226528517847111,-0.44078944845124995,0.3380206448902753,0.12849141162106129
571,0.23769099596891313,0.43358726407530823,-0.18009620301785492,-0.2833807162011421,-0.49163582428543307,0.021414579109772094,1.2345642521917752,-0.2390661515095062,0.7216726934662775,0.032341283750817365,-0.07588574258395304
572,-0.10630698036584084,0.1470775585761181,0.02369429402154779,0.042335755006554183,0.11969849148818573,0.15101489071696825,-0.19871529312115233,0.16387788756728414,0.12461655134544304,0.17041386042389656,0.2758894441198532
573,0.4895214773529827,0.34834191081492416,0.40137010870007506,-0.35215411572254657,0.08641717028161186,-0.05935848768228961,0.33385057687905584,0.3111346555032771,0.03374797111609373,0.10221199436568572,0.11086305524430831
574,0.33404209236252513,-0.017315794149796837,-0.07556915478493191,-0.15398007638351432,0.1511533282653379,0.40902791458143434,0.3099970298175544,0.471489611372563,-0.22685151173680398,-0.06432579398783611,0.04205130832165293
575,-0.032007325327046816,0.09425897787719907,0.18704035057159146,0.1166120799555511,0.10308527413401705,0.17846779112789968,0.22208583212672164,0.10912076590162222,0.08387223257892588,0.007282743814128762,0.020612343586763032
576,0.40590190644829777,-0.04712027514696706,0.09999394778949644,0.22146573820555276,0.07314429710685592,-0.1271890839969909,0.22798368323536836,0.14083053914836333,-0.02431958698577717,-0.014774917010754571,0.30790953094728557
577,-0.45930796864318557,0.08435528278984028,0.4794833804839934,-0.09284003963689724,0.26295154864488435,0.5642227911150639,-0.12169415188144998,-0.11306592133363663,0.2017013585807754,-0.18049387029567956,0.05969298311436966
578,0.42630163816159206,-0.2131146307468916,-0.22820094866907836,-0.4077636285835352,-0.15881599178038797,0.874523150438384,-0.0030598719334408316,0.39096949337005593,0.5105758017641661,-0.3718423771208559,0.18668007377330023
579,0.05627475275433264,0.2517869468536827,-0.18873985973198337,-0.2630977126021474,0.15538551639601741,0.29502436812259675,-0.07973305727102308,0.19799789212246702,0.22952809153640188,0.011717367533914707,-0.04143608295393437
580,0.2685197814770018,-0.053115559140665666,-0.37717238805262293,0.3049110816946138,0.016104682807028897,0.19820898945179852,-0.1228961939348214,0.46117402403887836,0.010629951960803224,0.2329295694666118,0.43160144306355575
581,-0.018288587728737135,0.021704303877180964,-0.05845547641045337,0.3308041747258856,0.164257142074729,0.09676305399739243,0.18006443606999176,0.03226528517847111,-0.44078944845124995,0.3380206448902753,0.12849141162106129
582,0.16570867460275632,0.18981378883331407,0.16929565744747385,0.016130026589419835,0.13604560052272469,-0.018288587728737135,0.021704303877180964,-0.05845547641045337,0.3308041747258856,0.164257142074729,0.09676305399739243
583,-0.06574295470794776,0.34385555108441634,0.18533780760642687,0.16500535895414353,0.11298577658039052,0.1593491945626654,-0.2832162412671828,0.0020805530387531996,0.09813566285711402,-0.09435177912274093,0.22363286922109724
584,0.3924486791878392,0.2295099569039927,-0.25196316607160346,-0.05078018175580146,0.2269836513911627,0.21109509114465294,-0.2433526082794081,0.31053865854267393,0.23395754267823185,-0.08417891571780703,-0.19567178073345584
585,0.09425897787719907,0.18704035057159146,0.15317620954339542,0.23051347462592298,-0.2674087357689618,0.05272393126356598,0.22506923505064735,0.10261484021232775,-0.21198150695143764,-0.19771289689077395,0.32661083949314984
586,0.3066306355625916,0.5546419203281793,-0.26978020481639686,-0.09744491478413504,0.029835882608371077,0.23244847910803215,0.3923522683435107,0.06574911402424904,0.11982381637853495,-0.0036322028767203193,0.5154484502995313
587,0.07991964893101931,0.14910613995433913,0.13870999513948015,0.2317327935826364,0.2032151590447185,-0.20300578487782478,0.2829097843134919,0.036318137954573296,0.2968939267958973,0.07580716838731938,0.08567346237233235
588,-0.58788795971382,-0.020598924745046793,0.08435528278984028,0.4794833804839934,-0.28768819404152074,0.3343738849909891,0.2335672723395901,-0.27656274546612886,0.13224843227692928,-0.13744108689493145,0.17052670266369924
589,-0.036381717160680845,0.1918282357010622,0.2566953352236003,0.09440814158715664,0.25877643221949886,0.36206636083348,0.018964750924899278,0.22176350952506277,0.0976938196030565,-0.1011372261993832,0.23834739187748413
590,0.26569395997574946,-0.48211955771040454,0.31856934468977854,-0.1471160322989946,0.13224843227692928,-0.13744108689493145,0.7512025272323432,0.10323363556716901,0.37562684311726585,0.43329493229864297,-0.3915575391071216
591,0.044637696916542596,0.1583332189651776,0.14475962330811473,0.1313550547189986,0.025832384969303245,0.02226975501848725,0.184785809834214,0.16588222747740497,0.17018348502593558,0.027595165892406535,0.1692395764517847
592,0.03434420395290914,0.08108865698436285,0.1615687764851244,-0.037857040474989806,0.16967044100176074,0.20436905870817954,0.20064497471212211,-0.03419642558318104,0.22503561746781034,0.23051347462592298,-0.2674087357689618
593,0.044637696916542596,0.09778406709954617,-0.07093347373910476,0.47495421114848513,-0.06981461482759276,0.2501629573434221,-0.007193016796767877,0.08783646987625998,-0.04762798432197649,0.1512351673111633,0.0687471240577064
594,0.08567346237233235,0.1659339689806515,0.22725753124748785,-0.033804194159752304,0.17615938980224977,0.03444382036243173,-0.08424507459956743,-0.05323316428520335,0.38394456914269876,0.12494821353405587,0.11626296745509843
595,-0.05911225422027029,0.1470775585761181,0.02369429402154779,0.005683677347195281,-0.1564723056670849,0.5746193857681196,0.11730632153435483,0.11996356155954901,0.1278373443948156,0.35719247451033315,-0.2333565673052771
596,0.2566705868769431,0.05332100360012209,0.1334798000593729,0.1915060377599846,-0.03880802948444437,0.19820898945179852,-0.1228961939348214,0.46117402403887836,0.010629951960803224,0.15510621958154996,0.3279502886094016
597,-0.27684410127456854,0.93613725027831,0.36905839115702316,-0.42191937147693376,0.1594097460088622,0.003986715639722211,-0.10353847396758291,0.35377937173539326,0.07156915212888351,0.03981403283697342,0.001220357624790931
598,-0.20577899822194573,0.20485280725032834,0.5710140729030543,0.09919251932906349,-0.27453754616669024,-0.07896928497537498,0.1120374695396649,0.6145468467126224,0.182811459615623,-0.27451396654390714,-0.037243909461088076
599,0.5690449243076188,0.21717996938913814,0.3279502886094016,0.09451606649497561,-0.1767098477946617,0.04486876508389453,-0.029810975371668404,0.36698137508616957,0.28390600937395283,0.06077700494192656,-0.03348926380060616
600,0.11239025342580698,0.019519458325689406,-0.024104684871840008,0.13996692631150137,0.4772627981074588,-0.042572026385678,0.532684865743833,0.11982048966670107,-0.0519861583077886,0.27183294112990597,-0.11338464126334705
601,0.24823346342850847,0.42630163816159206,-0.2131146307468916,-0.22820094866907836,-0.4077636285835352,-0.15881599178038797,0.874523150438384,-0.07846368960818656,0.011717367533914707,-0.04143608295393437,0.18036848701180638
602,-0.2688525390751869,-0.23497703259441213,-0.6818950630676603,2.775715655692279,-0.12641861897147907,-0.071568525291851,0.651068744545621,0.17517207832310983,-0.2837244130358797,0.25866926663239914,0.2433730585524286
603,-0.2056916248099073,-0.09977122531837382,0.2566705868769431,0.05332100360012209,0.1334798000593729,0.1915060377599846,-0.10391341217997091,0.3301924189647566,-0.1306468068111148,0.36493975362810666,0.1618681250337736
604,0.33404209236252513,-0.017315794149796837,-0.07556915478493191,-0.15398007638351432,0.1511533282653379,0.40902791458143434,0.3099970298175544,0.471489611372563,-0.22685151173680398,-0.03410554351064948,-0.026979094668769906
605,-0.11338464126334705,0.22521923549928416,0.027595165892406535,0.1692395764517847,-0.016804451873613534,0.004656571040100282,-0.11958844677906617,0.4510220067914173,0.15244082736729989,0.07288885104996093,0.1748984588804126
606,-0.11338464126334705,0.5254828549562404,0.25980627869946177,0.028878761909011532,0.1512351673111633,0.0687471240577064,0.025303337699693184,0.07991964893101931,0.14910613995433913,0.13870999513948015,0.052111479316268625
607,0.05668940185689197,0.20093656574037363,-0.034300721465717984,0.09335134699302704,0.10120720781703763,0.15852576202856808,-0.1261693407012891,0.05257179403844993,0.24495845199737368,0.1101646675136064,0.24823346342850847
608,-0.026979094668769906,0.21026955100633232,0.3594575830872452,0.10738292971034552,0.1268252869070336,-0.054658024990498495,0.5979804251199937,0.2568795792472403,0.020789453641837097,0.4234865458933099,-0.1161805714536689
609,-0.05055300144419804,0.11493399400923741,0.16398023443426096,0.08641616074491512,-0.030744876890875142,0.03995236746348638,0.27685820958904017,-0.238454914255154,-0.16034808885176957,0.582480184304969,-0.026167537045574178
610,0.16110004426294264,0.045895226796395086,-0.13374856608223182,0.33876510586308256,0.02582216832870876,0.10159629500858154,0.02285161943960793,0.007793924365852867,-0.09554214890318367,0.17101591016823178,0.1958943861923911
611,0.1273673621854455,0.12302980186260518,0.2983918938792556,-0.12952072144717805,0.22342416318361763,0.07008561531728158,0.1649773268484631,0.17813747119959616,0.11153480932866984,-0.2919755150128051,0.25194362687045424
612,0.06599459167266276,0.2140158170798685,0.032016070946640766,-0.2056916248099073,-0.09977122531837382,0.2566705868769431,0.05332100360012209,0.1334798000593729,0.1915060377599846,-0.10391341217997091,0.3301924189647566
613,0.11168107498567888,0.4323114787719322,0.40137010870007506,-0.35215411572254657,0.08641717028161186,-0.05935848768228961,0.33385057687905584,0.3111346555032771,0.21427696188968498,0.34342646217838496,-0.05897922894540537
614,0.3924486791878392,0.2295099569039927,-0.25196316607160346,-0.05078018175580146,0.2269836513911627,0.21109509114465294,-0.25122925263422324,-0.31389127431207686,0.39595271167737006,0.2477901823414091,0.11239773235496053
615,0.5642227911150639,-0.12169415188144998,-0.11306592133363663,0.2017013585807754,-0.18049387029567956,0.05969298311436966,-0.12444320203172575,0.024406105133026493,0.355073964073535,0.3305091004000071,0.5569329242264648
616,0.05451036815254353,0.10581675702611819,0.21836952852283753,-0.1975496083240688,0.06599459167266276,0.2140158170798685,0.032016070946640766,-0.2056916248099073,-0.09977122531837382,0.2566705868769431,0.05332100360012209
617,-0.07420667902913211,0.4772627981074588,-0.017093960217367823,0.20446229175264322,0.077208066716257,-0.03473222436348715,0.2269899149422962,0.1513353793055481,0.1525483543928927,0.05451036815254353,0.10581675702611819
618,0.0020805530387531996,0.13357219796243652,0.42858710956831947,0.169608015722371,-0.08047575649163148,0.16236333567151778,0.17047529049149088,0.07176664141241576,-0.05498110129799243,0.15183112240756858,0.10787259292306504
619,0.08108865698436285,0.1615687764851244,0.02473336962486779,-0.22685151173680398,-0.03410554351064948,-0.026979094668769906,0.21026955100633232,0.3594575830872452,0.10738292971034552,0.1268252869070336,-0.054658024990498495
620,-0.14535264944239704,0.1636217548875396,0.3461298946903398,-0.2333565673052771,-0.30008190849311206,0.3332262163068803,0.15339784011706106,0.17350277886178694,0.14443373400405532,0.06937373250251755,0.1938846693083236
621,-0.25122925263422324,-0.31389127431207686,0.39595271167737006,0.2477901823414091,0.11239773235496053,0.14034718129468007,0.07531665293909175,0.14223356297833722,-0.021651786553036286,0.12079119269608964,0.2824571418874076
622,-0.10219671826133284,0.19463647709900125,0.013769183121238256,0.3351624358998726,-0.14469081953720858,0.08939889071784639,0.14222625457533922,0.09454735228493921,0.2455881403904545,0.22417321000734797,0.3377246363120925
623,-0.07896928497537498,0.03606607937215022,0.11905401693134181,-0.17504131225752168,0.5690449243076188,0.21717996938913814,0.3279502886094016,0.09451606649497561,-0.1767098477946617,-0.12508919830690965,-0.045429781649620936
624,-0.37215607382295773,0.42858710956831947,0.169608015722371,-0.08047575649163148,0.16236333567151778,0.17047529049149088,0.07176664141241576,-0.05498110129799243,0.15183112240756858,0.10787259292306504,0.01840890062904963
625,0.16150134876585814,-0.03801256075218081,0.1081466919612358,0.23315219493351433,0.2759889856284672,0.3334386814242376,-0.2930011245453141,-0.3323103623367577,-0.21119585311806702,0.6359536634803336,-0.20577899822194573
626,0.2387995848553981,0.03761959736561409,0.18756622566533648,-0.0032170019832001968,0.01836973294643036,0.2032151590447185,-0.20300578487782478,0.2829097843134919,0.036318137954573296,0.2968939267958973,0.12859794100808733
627,0.07008561531728158,-0.12319514448977624,-0.06574295470794776,0.34385555108441634,0.18533780760642687,-0.42191937147693376,0.1594097460088622,0.003986715639722211,-0.10353847396758291,-0.08273860521489726,0.36219842017178827
628,-0.10629703423484374,-0.4260345743094281,0.5984436178614774,0.15948649245452387,-0.038225245979315856,0.12200883569907046,0.1942458485822597,0.05373657295280298,0.04936743806335487,0.20393985988063199,0.054108945930185164
629,0.1220174870673977,0.06129942909837034,0.19601231956388124,0.20596975380684593,-0.057684741153323484,0.07384757606653194,0.14480516428365917,0.11473011258612666,-0.06087256733651791,0.10219365132836339,0.2688678171440595
630,0.2565974639919755,0.1570198042576097,0.15967623071216216,0.12066502910544308,0.3607471428065565,0.06233658555976345,0.25202439925764925,0.3540554860126552,0.054753129013971114,0.22470285204137724,0.2032151590447185
631,0.061634111965513244,0.22032608542910156,0.21689918467645036,-0.19131993763789917,0.25762659116874836,0.064972871506301,0.25375125815818755,0.02226975501848725,0.184785809834214,0.16588222747740497,0.17018348502593558
632,-0.01222018030071071,0.07725941877185125,0.11473011258612666,-0.06087256733651791,0.10219365132836339,0.28494249186332077,-0.19871529312115233,0.16387788756728414,0.12461655134544304,0.17041386042389656,0.2758894441198532
633,0.28884407459477013,0.11838573542352976,-0.038603364347782866,0.3807558613147009,0.17224841861994322,-0.09851033897345973,-0.1994683328230255,0.23980010892210227,0.24982258900136312,-0.11600447725845392,-0.322697042332726
634,-0.0730539224471404,-0.3276340921767554,-0.560709760652686,0.014662593894547743,1.4080315384750042,-0.3211366212088857,1.0994415746910717,0.3631106194833644,-0.5872769092188762,0.3343738849909891,0.2335672723395901
635,-0.4410086830701572,0.20521445648280787,0.18187890191990846,-0.018412927239126024,0.08651782774696389,0.27957828264201523,0.07241198467246238,-0.0009804569413706596,0.019828243580542443,0.21838582797646872,-0.026929355196783866
636,0.16811112115875754,0.3065383859292377,0.3339580943966088,-0.3258809547938212,0.13330811200126508,-0.16700246707206481,0.35905073798042664,0.3251171430968418,0.18006443606999176,0.03226528517847111,-0.44078944845124995
637,0.20093656574037363,-0.034300721465717984,0.09335134699302704,0.10120720781703763,0.15852576202856808,-0.1261693407012891,0.05257179403844993,0.24495845199737368,0.1101646675136064,0.24823346342850847,0.42630163816159206
638,0.2587212667043487,0.1399107212525063,0.18175378128055952,0.21507230996456794,-0.11110494277211024,0.3924486791878392,0.2295099569039927,-0.25196316607160346,-0.05078018175580146,0.2269836513911627,0.21109509114465294
639,-0.33049876626994434,-0.49479408873313274,1.2506888914384577,-0.16999080995714083,0.24400616256787622,0.6145468467126224,0.4031208036502332,0.164257142074729,0.09676305399739243,0.18006443606999176,0.03226528517847111
640,-0.0730539224471404,-0.3276340921767554,-0.560709760652686,0.014662593894547743,1.5665906191533503,0.2670168397207595,0.11999193592579707,0.025195000573940488,0.2525280799707006,0.46609603032039665,0.12547576951623374
641,0.2933092651678347,-0.07857167594071549,0.2854839681489928,-0.1286611337248143,0.13799062650487542,0.05205490943995144,-0.03348926380060616,0.3121144711635626,0.49930541624730584,0.09661674508426206,-0.04247753767970497
642,-0.071568525291851,0.651068744545621,0.17517207832310983,-0.2837244130358797,0.25998134734600065,0.2433730585524286,-0.04712027514696706,0.09999394778949644,0.22146573820555276,0.07314429710685592,-0.1271890839969909
643,-0.21754472327174948,0.11712542482710067,-0.142074691783058,0.20485280725032834,0.5710140729030543,0.09919251932906349,-0.27453754616669024,-0.07896928497537498,0.03606607937215022,0.11905401693134181,-0.17504131225752168
644,0.23834739187748413,0.05627475275433264,0.2851260409760982,-0.04093780864936718,0.22340053763778864,0.17654672439733954,0.13598333473215593,0.03048863895714203,0.12638483116916358,0.056999667600075014,-0.03415029254685713
645,0.016130026589419835,0.2877670271542953,0.47201011607596016,-0.28281767262770263,-0.0037568732807429827,-0.006068095610988907,0.26491874482578665,0.3594575830872452,0.09224524233487587,0.20689829639105578,-0.18868606439129984
646,-0.0036322028767203193,0.5154484502995313,0.2044492602416065,0.04163234839464616,-0.09945040258569912,0.46110913685599997,0.03434420395290914,0.08108865698436285,0.1615687764851244,-0.037857040474989806,0.16967044100176074
647,0.07384757606653194,0.14480516428365917,0.11473011258612666,-0.06087256733651791,0.10219365132836339,0.2904398373272532,-0.191413963210553,0.0962711095927171,0.19762225597500324,0.1081466919612358,0.23315219493351433
648,-0.2131146307468916,-0.22820094866907836,-0.4077636285835352,-0.15881599178038797,0.874523150438384,-0.0030598719334408316,0.06504544989171787,0.08651782774696389,0.27957828264201523,0.07241198467246238,-0.0009804569413706596
649,0.19927450157206136,0.22382878195307498,-0.09401895570000028,0.03361559840629191,0.032519541821476844,0.005804140740080759,0.15562454509034235,0.09398115298271544,-0.09265333953569191,-0.06287418633695564,0.020789453641837097
650,0.18518734134368978,0.03957451191768845,0.1932733614432001,-0.05430886755852945,0.05310248474394906,0.3607471428065565,0.06233658555976345,0.25202439925764925,0.3540554860126552,0.054753129013971114,0.22470285204137724
651,0.08359265059376635,0.33876510586308256,0.02582216832870876,0.10159629500858154,0.02285161943960793,0.007793924365852867,-0.09554214890318367,0.17101591016823178,0.1958943861923911,0.19659120888368425,0.0682533575974299
652,0.011717367533914707,-0.04143608295393437,0.11111471412019423,0.19799789212246702,0.22952809153640188,-0.043896504451198415,0.005804140740080759,0.15562454509034235,0.09398115298271544,0.12409857093066969,0.13484381164054374
653,-0.036381717160680845,0.1918282357010622,0.2566953352236003,0.09440814158715664,0.25877643221949886,0.36206636083348,-0.033337844150699736,0.036318137954573296,0.2968939267958973,0.07580716838731938,0.08567346237233235
654,0.010629951960803224,0.2329295694666118,0.43160144306355575,0.23386430015327572,0.022736716960153926,0.20677149441364567,0.05235944102725745,0.015779282541251688,0.07778099345810575,0.14475962330811473,0.1313550547189986
655,0.19603204200615487,0.3004909622472764,0.044637696916542596,0.1491258597087924,0.10443331001532027,-0.012240582376639745,0.13886281909376522,0.0663289995961218,0.2459899734113378,-0.014562473930395762,0.21364801688882992
656,0.1970317131241627,0.21112320288276687,-0.053256080531068464,-0.41024474767980984,0.2704078672093213,0.267162624321814,0.12187058334242151,0.27546427786962585,0.061031905252357535,0.05848757429557536,-0.07720539751091571
657,0.15218442678035976,0.3924486791878392,0.2295099569039927,0.325236831357615,0.11982048966670107,-0.0519861583077886,0.27183294112990597,-0.11338464126334705,0.22044835283863562,0.18175378128055952,0.21507230996456794
658,0.007282743814128762,0.020612343586763032,-0.016019177985158884,0.02271247292045064,0.29107111576143124,0.1045071141541918,0.12488891724892921,0.20435731266315316,-0.18873985973198337,-0.2630977126021474,0.15538551639601741
659,0.36219842017178827,0.20395349412622332,0.39656667760254666,0.3438782254724192,-0.22430789111493196,-0.13216215275703985,0.04131191411989849,0.29312924637770893,0.36431095447616657,0.051655846724557176,0.147015137047838
660,-0.20535274008458249,0.5793427173608218,0.20684927582932539,0.31605517367239877,0.31626446930358326,-0.2688525390751869,-0.23497703259441213,-0.6818950630676603,2.775715655692279,-0.12641861897147907,-0.071568525291851
661,0.08595079027684539,0.07711382871774942,0.20992472947069074,0.08617134357782268,0.07831120315928315,-0.036381717160680845,0.1918282357010622,0.2566953352236003,0.09440814158715664,0.25877643221949886,0.36206636083348
662,0.08108865698436285,0.1615687764851244,-0.037857040474989806,0.16967044100176074,0.20436905870817954,0.20064497471212211,-0.03419642558318104,0.22503561746781034,0.23051347462592298,-0.2674087357689618,0.05272393126356598
663,0.4019389235070164,0.08865320947212052,0.11316297154198258,-0.4410086830701572,0.20521445648280787,0.18187890191990846,-0.018412927239126024,0.08651782774696389,0.27957828264201523,0.07241198467246238,-0.0009804569413706596
664,0.6780850513706412,-0.08600545858317245,0.12045898537141242,0.286877200722593,0.06552001088711226,-0.01222018030071071,0.05668940185689197,0.11418232997969897,-0.06287418633695564,0.020789453641837097,0.4234865458933099
665,0.11016030936506847,0.2678296268354956,-0.11044697195648515,0.29822181701699224,0.06963025852130174,-0.04415721420156436,-0.08021739414216453,0.21015504769464924,0.16078174031700854,0.18936452476172624,0.09562393978438231
666,-0.05845547641045337,0.3308041747258856,0.164257142074729,0.09676305399739243,0.18006443606999176,0.03226528517847111,-0.44078944845124995,0.3380206448902753,0.12849141162106129,-0.025839607220092212,0.12045898537141242
667,0.20093656574037363,-0.034300721465717984,0.09335134699302704,0.10120720781703763,0.15852576202856808,-0.1261693407012891,0.05257179403844993,0.24495845199737368,0.11278941491241422,0.3322918405849832,-0.0730539224471404
668,-0.054658024990498495,0.5979804251199937,0.2526440820179429,0.030295772611395898,-0.17611053221229445,0.532684865743833,-0.06406742122876595,0.20037398764353218,0.20497716776757982,0.17400369564042703,-0.09436305739060516
669,-0.20535274008458249,0.5793427173608218,0.09004305927638333,0.1776169526838241,0.11019210973415139,-0.10629703423484374,-0.4260345743094281,0.5984436178614774,0.18145219611393124,0.23769099596891313,0.43358726407530823
670,-0.11088653938316373,-0.148064560972247,0.4323114787719322,0.40137010870007506,-0.35215411572254657,0.08641717028161186,-0.05935848768228961,0.33385057687905584,0.3111346555032771,0.03374797111609373,0.10221199436568572
671,0.007944420515341881,0.14223356297833722,-0.021651786553036286,0.12079119269608964,0.2824571418874076,0.04509906066466046,0.31997096866254743,0.27166200964144344,0.061634111965513244,0.22032608542910156,0.21689918467645036
672,-0.22582008661066053,0.010747444669999833,-0.04684048839730427,0.3445276958741689,0.2670168397207595,0.11999193592579707,0.025195000573940488,0.2525280799707006,0.46609603032039665,0.12547576951623374,-0.014864298582347406
673,-0.029680462238063903,0.14956677270984858,0.3599731363146606,0.1693893827989283,0.11021291834797739,-0.01051268262747767,0.35081521654064435,-0.2688525390751869,-0.23497703259441213,-0.6818950630676603,2.775715655692279
674,-0.04415721420156436,-0.08021739414216453,0.21015504769464924,0.16078174031700854,0.18936452476172624,0.07237610315499185,-0.44078944845124995,0.3380206448902753,0.12849141162106129,-0.025839607220092212,0.12045898537141242
675,0.532684865743833,0.11982048966670107,-0.0519861583077886,0.27183294112990597,-0.11338464126334705,0.22044835283863562,0.18175378128055952,0.21507230996456794,-0.11110494277211024,0.3924486791878392,0.2295099569039927
676,-0.4268141196430951,0.40979557006932316,0.23961717018966824,-0.05766107861356521,0.14954493181396358,0.16384677242970036,0.06412993674654287,-0.07754603495020393,0.19927450157206136,0.22382878195307498,-0.09401895570000028
677,-0.053256080531068464,-0.11125463183351925,-0.006068095610988907,0.22353226918003677,0.31634318939043543,-0.33021394212040767,0.39595271167737006,0.2477901823414091,0.11239773235496053,0.14034718129468007,0.03401912749794323
678,-0.37717238805262293,0.2565974639919755,0.1570198042576097,0.15967623071216216,0.18518734134368978,0.03957451191768845,0.1932733614432001,-0.05430886755852945,0.05310248474394906,0.3607471428065565,0.06233658555976345
679,0.14954493181396358,0.16384677242970036,0.06412993674654287,-0.07754603495020393,0.19927450157206136,0.22382878195307498,-0.09401895570000028,0.10799564566925353,0.14738116301118354,0.09492199006514247,-0.07348337490622069
680,0.15852576202856808,-0.1261693407012891,0.05257179403844993,0.24495845199737368,0.1101646675136064,0.24823346342850847,0.42630163816159206,-0.2131146307468916,-0.22820094866907836,-0.4077636285835352,-0.5043122707417214
681,0.28875087664909865,0.14815850872667752,0.16282803887473282,0.3842572887052237,-0.00910825187333178,-0.3009925401089623,-0.3557798169054311,-0.32982784200435367,0.6359536634803336,-0.20577899822194573,0.20485280725032834
682,0.11021291834797739,-0.01051268262747767,0.44645725699367006,0.34622605703385295,0.023401847563298758,-0.11233793060977981,0.3873237836404128,0.14370153652087095,-0.06519178307126122,0.31264062742987014,-0.10219671826133284
683,-0.10391341217997091,0.3301924189647566,-0.1306468068111148,0.36493975362810666,0.1618681250337736,0.10981308189934724,0.4255352370150269,0.25980627869946177,0.028878761909011532,0.1512351673111633,0.0687471240577064
684,-0.4268141196430951,0.40979557006932316,0.23961717018966824,-0.05766107861356521,0.14954493181396358,0.16384677242970036,0.06412993674654287,-0.05006081401652463,-0.17392707701365767,-0.14536143896619835,0.04333727706415184
685,0.23630351086435855,0.4555579162737879,0.246515426242668,0.01770617465262488,0.15591559768791044,0.06181623550682581,-0.032007325327046816,0.09425897787719907,0.18704035057159146,0.1166120799555511,0.10308527413401705
686,-0.016804451873613534,0.004656571040100282,-0.11958844677906617,0.4510220067914173,0.15244082736729989,0.07288885104996093,0.1748984588804126,0.003142846329034149,-0.40042171646973945,0.30944710287579563,0.17593608521602916
687,0.12200883569907046,0.1942458485822597,0.05373657295280298,-0.0481804193300597,0.15012172490551431,0.11914993570351617,-0.013910993924571376,-0.17796770742789422,0.6237727862359442,-0.0034213682837081223,-0.10107599037759238
688,0.1776169526838241,0.11019210973415139,-0.10629703423484374,0.23032693891866182,0.10261484021232775,-0.21198150695143764,-0.19771289689077395,0.32661083949314984,0.10384331692069787,0.07711382871774942,0.20992472947069074
689,-0.09977122531837382,0.2566705868769431,-0.0545143766982602,-0.17796770742789422,0.6237727862359442,-0.0034213682837081223,-0.10107599037759238,0.18931492100556252,0.026950214585079065,0.18096547976886537,0.39861970155369486
690,0.22798368323536836,0.2092366450547034,-0.09401895570000028,0.10799564566925353,0.14738116301118354,0.09492199006514247,-0.09869715727879487,0.0835486894223549,0.15840175868133813,0.18145219611393124,0.23769099596891313
691,0.10981308189934724,0.4255352370150269,0.1615687764851244,-0.037857040474989806,0.16967044100176074,0.20436905870817954,0.20064497471212211,-0.03419642558318104,0.22503561746781034,0.23051347462592298,-0.2674087357689618
692,-0.19131993763789917,0.25762659116874836,0.064972871506301,0.25375125815818755,0.02226975501848725,0.184785809834214,0.16588222747740497,0.17018348502593558,0.027595165892406535,0.1692395764517847,-0.016804451873613534
693,0.14118158550631343,0.064420931619945,0.10410205721447416,0.052111479316268625,0.2025166266354563,0.13030374742807277,0.27603280178207557,0.006508261054583925,0.19637910122862356,0.5323290908947901,0.11239025342580698
694,-0.12444320203172575,0.5611453632897837,0.1869335896853636,0.4006017258170882,-0.10347017542090149,-0.08148573527369679,-0.1306468068111148,0.36493975362810666,0.1618681250337736,0.10981308189934724,0.4255352370150269
695,0.2295099569039927,-0.25196316607160346,-0.07902573694313833,0.14457497153757373,0.16150134876585814,-0.04888249344416614,0.25742689993318923,0.1378193687751203,0.032519541821476844,0.005804140740080759,0.15562454509034235
696,0.04509906066466046,0.31997096866254743,0.27166200964144344,0.061634111965513244,0.22032608542910156,0.21689918467645036,-0.19131993763789917,0.25762659116874836,0.064972871506301,0.5367332542087379,0.045998575915262546
697,-0.1286611337248143,0.13799062650487542,-0.09579475570179191,-0.37215607382295773,0.42858710956831947,0.169608015722371,-0.08047575649163148,0.16236333567151778,0.17047529049149088,0.07176664141241576,-0.05498110129799243
698,0.023224159920207973,0.3484169306665826,0.38464041570040863,0.08256728264784874,-0.11495180160911317,0.36064203219538704,0.1673903322242667,-0.09284999744819501,0.3101946871467882,-0.16972559312542665,0.3638470451044476
699,-0.27941822214122913,0.2686244753741979,0.15454741133606334,0.11838573542352976,-0.038603364347782866,0.3807558613147009,0.17224841861994322,-0.09851033897345973,-0.1994683328230255,0.23980010892210227,0.24982258900136312
700,-0.09823658655877998,0.2407284347887408,-0.12405508083124386,0.22599906281655174,0.2296552800988911,0.07187542666856812,0.09364824897947188,0.26063328665288116,0.13490246113837479,-0.20300578487782478,-0.020724496454415733
701,-0.04888249344416614,0.25742689993318923,0.1378193687751203,0.032519541821476844,0.005804140740080759,0.15562454509034235,0.09398115298271544,-0.01760761135922154,0.013769183121238256,0.3351624358998726,-0.14469081953720858
702,0.03048863895714203,0.12638483116916358,0.056999667600075014,-0.03415029254685713,-0.1361437516837773,0.5126401164044888,0.10727375240522918,0.14836359842633548,0.14084473078919998,-0.07991486120750843,-0.4268141196430951
703,0.17018348502593558,0.027595165892406535,0.1692395764517847,-0.016804451873613534,0.004656571040100282,-0.11958844677906617,0.4510220067914173,0.15244082736729989,0.07288885104996093,0.1748984588804126,0.003142846329034149
704,0.21015504769464924,-0.13862201971695803,0.6237727862359442,-0.0034213682837081223,-0.10107599037759238,0.18931492100556252,0.46113206869733736,0.5105758017641661,0.10221199436568572,0.11086305524430831,0.5085612625617385
705,0.14901686786802,0.06131121467129291,0.1567121086966752,0.14475962330811473,0.24570448931410976,0.11496552590834287,0.1509781412018274,0.21715120410033667,-0.11088653938316373,-0.3298778796407805,0.19739197841878328
706,0.10581675702611819,0.21836952852283753,-0.1975496083240688,0.06599459167266276,0.2140158170798685,0.032016070946640766,-0.2056916248099073,-0.09977122531837382,0.2566705868769431,0.05332100360012209,0.1334798000593729
707,0.08641616074491512,-0.030744876890875142,0.03995236746348638,0.27685820958904017,-0.238454914255154,0.1622885154367558,0.3471611542363119,-0.13566882174536724,0.46151196219940505,0.4561894607607333,-0.4307036263075145
708,0.1748984588804126,0.003142846329034149,-0.40042171646973945,0.30944710287579563,0.17593608521602916,-0.10071744145415372,0.16218366883225244,0.2723849429441483,0.0383714803928995,0.06550747571992133,0.15183112240756858
709,-0.17974141893035753,-0.045429781649620936,0.1992759304480005,0.07407198980981192,0.17323991061961344,0.13672065948977402,-0.059372907008158365,0.28230669455910706,-0.10897268141169947,0.4019389235070164,0.08865320947212052
710,0.08108865698436285,0.1615687764851244,-0.037857040474989806,0.16967044100176074,0.3040763315954788,-0.0022649620560798393,0.00023042973591467987,0.07425954369573716,0.15576100992284223,0.0911876490090115,0.11016030936506847
711,0.12692743882989452,-0.09579475570179191,0.16981845928534323,0.10247846737264223,0.21692267376731647,0.20245462949259468,0.1504854741801716,0.1525483543928927,-0.0041072059571159196,0.045895226796395086,-0.06052322043582949
712,0.15967623071216216,0.18518734134368978,0.03957451191768845,0.1932733614432001,-0.05430886755852945,0.05310248474394906,0.3607471428065565,0.06233658555976345,0.25202439925764925,0.3540554860126552,0.054753129013971114
713,-0.014864298582347406,-0.013165290015288897,0.13490246113837479,-0.10690798536618025,-0.20091983663120586,0.2564809375436427,0.2379115657403104,-0.03126694167154654,-0.2895737635617525,0.11571104830416722,0.19148059584239505
714,0.22353226918003677,0.4474188716564607,0.051655846724557176,0.147015137047838,0.0024338063128608364,0.5425282188367668,0.2102334860700648,-0.023462072827558623,-0.08357893242046706,0.5100102620576359,0.015971134607805734
715,-0.18009620301785492,-0.2833807162011421,-0.5735241472283585,0.014662593894547743,1.4080315384750042,-0.3211366212088857,1.0994415746910717,0.3631106194833644,-0.5872769092188762,0.3343738849909891,0.2335672723395901
716,0.40902791458143434,0.3099970298175544,0.471489611372563,-0.22685151173680398,-0.03410554351064948,-0.026979094668769906,0.21026955100633232,0.3594575830872452,0.10738292971034552,0.1268252869070336,-0.054658024990498495
717,0.015971134607805734,0.13242407727825622,0.12389941991210354,-0.06701563151637725,0.2211385741886123,0.1901250685257231,0.18141069148365815,-0.01872348367883698,0.1602399761215795,0.18812549775877,-0.18329904817335113
718,0.11168107498567888,0.4323114787719322,0.40137010870007506,-0.35215411572254657,0.08641717028161186,-0.05935848768228961,0.33385057687905584,0.3111346555032771,0.03374797111609373,0.10221199436568572,0.11086305524430831
719,-0.25067496534820216,-0.33049876626994434,-0.49479408873313274,1.2506888914384577,0.017257021238034447,0.4970868953748266,0.0443270845504133,0.2086211161338412,0.3854280947760623,0.3481189339598148,-0.046633282251753776
720,-0.12405508083124386,0.22599906281655174,0.23783767778349438,0.47201011607596016,-0.28281767262770263,-0.0037568732807429827,-0.006068095610988907,0.22353226918003677,0.31634318939043543,0.1452137764050096,0.12625973126116033
721,0.27244070008152355,0.11639784455030472,0.24558940996994993,0.2716166448893086,0.23132011143789816,-0.37003291712239705,-0.45930796864318557,0.08435528278984028,0.4794833804839934,-0.09284003963689724,0.26295154864488435
722,-0.05845547641045337,0.3308041747258856,0.164257142074729,0.09676305399739243,0.18412801593131567,0.06937373250251755,0.1938846693083236,-0.020397626293515884,0.056241500047262236,0.31501257601781585,0.03521232712560007
723,0.049220828979773264,0.2691318726029984,0.10583636003401536,0.0911876490090115,0.11016030936506847,0.2678296268354956,-0.11044697195648515,0.29822181701699224,0.02135461389568065,0.19659120888368425,0.0682533575974299
724,0.4234865458933099,-0.1161805714536689,-0.04633283163100682,0.2136761375202918,0.07494596567037431,0.25010784662062324,0.3523436055521462,0.16449856261676135,-0.06575779966302676,-0.4633805460079044,-0.6296462555508103
725,-0.0341945571464552,0.1063634492370031,0.1962990495609203,-0.13145164010685437,0.23843065633277077,0.11969849148818573,0.15101489071696825,-0.19871529312115233,0.16387788756728414,0.12461655134544304,0.17041386042389656
726,0.17850557601239259,0.04049002125523098,-0.0759962967737919,-0.07588574258395304,0.2146160329797934,0.30387177201667565,0.3066306355625916,0.5546419203281793,-0.26978020481639686,-0.09744491478413504,0.029835882608371077
727,-0.020397626293515884,0.056241500047262236,0.31501257601781585,0.03521232712560007,0.31260451285604524,0.07778099345810575,0.14475962330811473,0.1313550547189986,0.07443711931806851,0.2013810585084282,0.16537104813962505
728,0.37562684311726585,0.43329493229864297,-0.3915575391071216,0.1991874509102764,-0.16436390704998038,0.4455944499953284,0.21781015800967046,0.10304113458430038,0.07360110385407279,0.15670911251286973,0.45003162645293465
729,0.15967623071216216,0.18518734134368978,0.03957451191768845,0.1932733614432001,-0.05430886755852945,0.05310248474394906,0.3607471428065565,0.06233658555976345,0.25202439925764925,0.3540554860126552,0.054753129013971114
730,0.22432644828488973,-0.1232149241758918,0.2686244753741979,0.15454741133606334,0.11838573542352976,-0.038603364347782866,0.3807558613147009,0.17224841861994322,0.35838587378146364,0.14910613995433913,0.13870999513948015
731,0.5984436178614774,0.15948649245452387,-0.038225245979315856,0.12200883569907046,0.01613255303624672,0.06129942909837034,0.19601231956388124,0.20596975380684593,-0.057684741153323484,0.07384757606653194,0.14480516428365917
732,0.40902791458143434,0.3099970298175544,0.471489611372563,-0.22685151173680398,0.1373716831599403,0.2893326305696375,0.0598365955185277,0.08329014142793219,0.18442346306946247,0.08528067838339004,0.10619021298001333
733,0.37621889211516396,0.11473011258612666,-0.06087256733651791,-0.11901603931556916,0.93613725027831,0.36905839115702316,-0.42191937147693376,0.1594097460088622,-0.1079774287487122,0.22342416318361763,0.07008561531728158
734,0.03434420395290914,0.08108865698436285,0.1615687764851244,-0.037857040474989806,0.16967044100176074,0.11016030936506847,0.2678296268354956,-0.11044697195648515,0.29822181701699224,0.06963025852130174,-0.04415721420156436
735,0.3438782254724192,-0.22430789111493196,-0.13216215275703985,0.04131191411989849,0.29312924637770893,0.36431095447616657,0.051655846724557176,0.147015137047838,0.0024338063128608364,0.5425282188367668,0.2102334860700648
736,0.44645725699367006,0.34622605703385295,0.023401847563298758,0.24743238385667185,0.052111479316268625,0.2025166266354563,0.13030374742807277,0.28667888938837066,-0.06951352474562462,0.16592700289521067,-0.07066784706132076
737,-0.31389127431207686,0.39595271167737006,0.2477901823414091,0.11239773235496053,0.14034718129468007,0.012941607266011642,0.04486876508389453,-0.029810975371668404,0.36698137508616957,0.28390600937395283,0.06077700494192656
738,0.2933092651678347,-0.07857167594071549,0.2854839681489928,-0.1286611337248143,0.13799062650487542,0.049220828979773264,0.2691318726029984,0.10583636003401536,0.0911876490090115,0.11016030936506847,0.2678296268354956
739,0.1622885154367558,0.27244070008152355,0.11639784455030472,-0.06609015426954037,0.020789453641837097,0.37710388887645674,0.286877200722593,0.06552001088711226,-0.01222018030071071,0.05668940185689197,0.20093656574037363
740,0.15454741133606334,0.11838573542352976,-0.038603364347782866,0.3807558613147009,0.17224841861994322,-0.09851033897345973,-0.1994683328230255,0.23980010892210227,0.24982258900136312,0.00896313647289011,-0.07093347373910476
741,0.2566953352236003,0.09440814158715664,0.25877643221949886,0.36206636083348,0.018964750924899278,0.22176350952506277,0.0976938196030565,-0.1011372261993832,0.23834739187748413,0.05627475275433264,0.2851260409760982
742,0.164257142074729,0.09676305399739243,0.18006443606999176,0.03226528517847111,-0.44078944845124995,0.3380206448902753,0.12849141162106129,-0.025839607220092212,0.12045898537141242,0.286877200722593,0.06552001088711226
743,-0.0158205855430532,0.10766783526534249,-0.15136662886912727,0.2246100770217558,-0.029810975371668404,0.36698137508616957,0.28390600937395283,0.06077700494192656,-0.03348926380060616,0.3121144711635626,0.49930541624730584
744,0.03374797111609373,0.10221199436568572,0.11086305524430831,0.5085612625617385,0.2358186269665527,-0.10164084766753897,0.19637910122862356,0.5323290908947901,0.11239025342580698,0.019519458325689406,-0.024104684871840008
745,0.18145219611393124,0.23769099596891313,0.43358726407530823,-0.18009620301785492,-0.2833807162011421,-0.49163582428543307,0.021414579109772094,1.2345642521917752,-0.2390661515095062,0.7216726934662775,0.37887817736150176
746,0.4019389235070164,0.08865320947212052,0.11316297154198258,0.46291758814384293,0.2387995848553981,0.03761959736561409,0.18756622566533648,-0.0032170019832001968,0.05780403347831227,0.08945759497947195,0.13484381164054374
747,0.4821384641347985,-0.10720510281794955,-0.02327093882632231,0.13330989518342076,0.06458116259471598,0.2819858073684284,0.37945256073396405,0.2729517301749195,-0.12099987263672833,-0.39104435029717977,-0.58788795971382
748,0.11905401693134181,-0.17504131225752168,0.5690449243076188,0.21717996938913814,0.3279502886094016,0.09451606649497561,-0.1767098477946617,-0.0013172222166330074,-0.04684048839730427,0.3445276958741689,0.2670168397207595
749,0.18019128493810643,0.2685197814770018,-0.053115559140665666,-0.37717238805262293,0.2565974639919755,0.1570198042576097,0.15967623071216216,0.18518734134368978,0.03957451191768845,0.1932733614432001,-0.05430886755852945
750,-0.02327093882632231,0.13330989518342076,0.06458116259471598,0.2819858073684284,0.3437202045154012,-0.014864298582347406,0.02672968558008701,0.3808117223227501,-0.09823658655877998,0.2407284347887408,-0.12405508083124386
751,0.38806089204959493,-0.20156309491583888,0.12789596366752015,0.1503937044621789,0.11340700597604,0.1662950431666319,0.31605517367239877,0.31626446930358326,-0.2688525390751869,-0.23497703259441213,-0.6818950630676603
752,0.14815850872667752,0.16282803887473282,0.3842572887052237,-0.00910825187333178,0.059548722519976935,0.0029661854615968316,0.34595842949403505,-0.21248517639154826,0.045107140934606355,0.28875087664909865,0.14815850872667752
753,0.0799497909674738,0.1273673621854455,0.12302980186260518,0.2983918938792556,-0.12952072144717805,0.22342416318361763,0.07008561531728158,-0.12319514448977624,-0.06574295470794776,-0.008814927156414524,-0.37215607382295773
754,-0.15136662886912727,0.6705020436429513,-0.48211955771040454,0.31856934468977854,-0.1471160322989946,0.13224843227692928,-0.13744108689493145,0.7512025272323432,0.10323363556716901,0.37562684311726585,0.43329493229864297
755,0.30944710287579563,0.17593608521602916,-0.10071744145415372,0.16218366883225244,0.2723849429441483,0.09238399186552206,0.24383857054727498,0.12692743882989452,-0.09579475570179191,-0.37215607382295773,0.42858710956831947
756,-0.20577899822194573,0.20485280725032834,0.5710140729030543,0.09919251932906349,-0.27453754616669024,-0.07896928497537498,0.03606607937215022,0.11905401693134181,-0.17504131225752168,0.6915923642558195,0.16212723952415709
757,0.03957451191768845,0.1932733614432001,-0.05430886755852945,0.05310248474394906,0.3607471428065565,0.3591014495914853,0.1906227232740485,-0.06664940695669395,0.2587212667043487,-0.14639799594510308,0.3286452837434767
758,0.0799497909674738,0.1273673621854455,0.12302980186260518,0.2983918938792556,-0.12952072144717805,0.22342416318361763,0.07008561531728158,-0.12319514448977624,-0.06574295470794776,0.34385555108441634,0.18533780760642687
759,0.11596495767376316,0.4085647732251212,0.34342646217838496,-0.01628559255808749,0.22344916562290068,0.05114603588562891,-0.2270480455207728,-0.14535264944239704,0.1636217548875396,0.3461298946903398,-0.2333565673052771
760,-0.4307036263075145,0.33404209236252513,-0.017315794149796837,-0.07556915478493191,-0.15398007638351432,0.1511533282653379,0.40902791458143434,0.5031139857715359,0.15101489071696825,-0.19871529312115233,0.16387788756728414
761,-0.0022649620560798393,0.00023042973591467987,0.07425954369573716,0.1967581543584978,0.11716303057832608,0.12569717207255016,0.08359265059376635,0.33876510586308256,0.02582216832870876,0.10159629500858154,0.02285161943960793
762,0.4507323785553294,-0.0691774432698838,0.2709843384910566,-0.11948577717296034,0.22477882403469934,0.15412082330316929,0.1598372675145959,0.0706787807519289,0.10415277268582958,0.2735431170666892,0.06625407688356992
763,0.0443270845504133,0.2086211161338412,0.3854280947760623,0.3481189339598148,-0.046633282251753776,0.28704697470443025,-0.23376505563265904,0.25903415533466395,0.05353362786240616,0.27552939681922384,0.0799497909674738
764,0.005169852410660244,-0.04538704312831413,-0.09714475970879345,0.024406105133026493,0.355073964073535,0.3305091004000071,0.5569329242264648,-0.246023278873846,-0.02073871481096764,-0.029680462238063903,0.14956677270984858
765,0.11608570550439605,0.054108945930185164,-0.11411752537832029,-0.07300140090705133,0.015029837611797933,0.2726532440201684,-0.071568525291851,0.651068744545621,0.17517207832310983,-0.3623511490976599,-0.1471160322989946
766,0.064972871506301,0.25375125815818755,0.02226975501848725,0.184785809834214,0.16588222747740497,0.17018348502593558,0.027595165892406535,0.1692395764517847,-0.016804451873613534,0.004656571040100282,-0.11958844677906617
767,0.6237727862359442,-0.0034213682837081223,-0.10107599037759238,0.18931492100556252,0.026950214585079065,0.18096547976886537,0.39861970155369486,0.3322918405849832,-0.0730539224471404,-0.3276340921767554,-0.560709760652686
768,-0.2895737635617525,0.11571104830416722,0.19148059584239505,0.10402791108409856,0.2091602970822667,0.08617134357782268,0.07831120315928315,-0.036381717160680845,0.1918282357010622,0.2566953352236003,0.09440814158715664
769,-0.053256080531068464,-0.41024474767980984,0.2704078672093213,0.267162624321814,0.12187058334242151,0.27546427786962585,0.061031905252357535,0.05848757429557536,-0.07720539751091571,0.19895527152655001,0.07407198980981192
770,-0.04177403759466122,-0.30418711666720355,0.3528982149432685,0.205696934332813,-0.06894471559741094,-0.21754472327174948,0.11712542482710067,0.045107140934606355,0.28875087664909865,0.14815850872667752,0.16282803887473282
771,0.5793427173608218,0.09004305927638333,0.1776169526838241,0.11019210973415139,-0.10629703423484374,-0.4260345743094281,0.5984436178614774,0.15948649245452387,-0.038225245979315856,0.12200883569907046,0.1942458485822597
772,0.022736716960153926,-0.13346078379084436,0.3807558613147009,0.17224841861994322,-0.09851033897345973,-0.1994683328230255,0.23980010892210227,0.24982258900136312,0.22342416318361763,0.07008561531728158,-0.12319514448977624
773,0.04163234839464616,-0.09945040258569912,0.46110913685599997,0.03434420395290914,0.08108865698436285,0.1615687764851244,-0.037857040474989806,0.16967044100176074,0.20436905870817954,0.20064497471212211,-0.03419642558318104
774,0.2806902514017833,0.05848757429557536,-0.07720539751091571,0.010435914587602436,0.40464776584275775,-0.13744108689493145,0.7512025272323432,0.07380286909185475,0.23769099596891313,0.43358726407530823,-0.18009620301785492
775,0.03444382036243173,-0.08424507459956743,-0.05323316428520335,0.38394456914269876,0.17950338113938263,-0.23944941888619578,-0.31389127431207686,0.39595271167737006,0.2477901823414091,0.11239773235496053,0.14034718129468007
776,0.1659339689806515,0.22725753124748785,0.13362033724066227,0.22725753124748785,-0.033804194159752304,0.17615938980224977,0.03444382036243173,-0.08424507459956743,-0.05323316428520335,0.38394456914269876,0.12494821353405587
777,0.1967581543584978,0.11716303057832608,0.12569717207255016,0.08359265059376635,0.33876510586308256,0.02582216832870876,0.10159629500858154,0.02285161943960793,0.007793924365852867,-0.09554214890318367,0.17101591016823178
778,-0.06052322043582949,0.19592342369930613,0.16570867460275632,0.18981378883331407,0.30077421380726294,-0.01872348367883698,0.1602399761215795,0.18812549775877,-0.18329904817335113,0.03510975496160437,0.24519022089989018
779,-0.17423414406398183,-0.17888375096808656,0.14457497153757373,0.16150134876585814,0.12327049043142489,0.28119594337997955,0.34265949762257436,0.13604560052272469,-0.018288587728737135,0.021704303877180964,-0.05845547641045337
780,0.16387788756728414,0.12461655134544304,0.17041386042389656,0.2758894441198532,0.38565678848867624,-0.2093333395469959,-0.3086869045626521,-0.45859624206429583,0.01881267170159937,0.9213821360251874,-0.015658216600592058
781,0.2854839681489928,-0.1286611337248143,0.13799062650487542,0.049220828979773264,0.2691318726029984,0.10583636003401536,0.0911876490090115,0.11016030936506847,0.2678296268354956,-0.11044697195648515,0.29822181701699224
782,0.1278373443948156,-0.08747270326604926,-0.4820010422294675,0.6345265610190949,0.2433730585524286,-0.04712027514696706,0.09999394778949644,0.22146573820555276,0.07314429710685592,-0.1271890839969909,0.22798368323536836
783,0.16929565744747385,0.016130026589419835,0.13604560052272469,-0.018288587728737135,0.021704303877180964,-0.05845547641045337,0.3308041747258856,0.164257142074729,0.09676305399739243,0.18006443606999176,0.03226528517847111
784,0.40902791458143434,0.3099970298175544,0.471489611372563,-0.22685151173680398,-0.03410554351064948,-0.026979094668769906,0.21026955100633232,0.3594575830872452,0.10738292971034552,0.1268252869070336,-0.054658024990498495
785,-0.4268141196430951,0.48271484148601623,0.15562454509034235,0.09398115298271544,-0.01760761135922154,0.013769183121238256,0.3351624358998726,-0.14469081953720858,0.08939889071784639,0.14222625457533922,0.09454735228493921
786,0.001220357624790931,-0.07007502669067454,0.4895214773529827,0.0637917868463912,0.21208714275880025,0.4495007379400005,0.2933092651678347,-0.07857167594071549,0.2854839681489928,-0.1286611337248143,0.13799062650487542
787,-0.025516086913291845,0.38806089204959493,-0.20156309491583888,0.12789596366752015,0.1503937044621789,0.11340700597604,0.23621395648245488,0.5085612625617385,0.2358186269665527,-0.0354215967745066,-0.07093347373910476
788,0.04486876508389453,-0.029810975371668404,0.36698137508616957,0.28390600937395283,0.06077700494192656,-0.03348926380060616,0.3121144711635626,0.49930541624730584,0.09661674508426206,-0.04247753767970497,0.111002564726116
789,0.2829097843134919,0.036318137954573296,0.2968939267958973,0.07580716838731938,0.08567346237233235,0.1659339689806515,0.22725753124748785,-0.033804194159752304,0.17615938980224977,0.03444382036243173,-0.08424507459956743
790,0.06650813331778027,0.0688545810301372,0.06682974592404096,-0.16034808885176957,0.582480184304969,-0.026167537045574178,0.3188360004878918,0.3648744076231162,0.34342646217838496,-0.01628559255808749,0.22344916562290068
791,0.18812549775877,-0.18329904817335113,0.03510975496160437,0.24519022089989018,0.04521427973100914,-0.18844126538241282,-0.1530571398391794,0.2893326305696375,0.0598365955185277,0.08329014142793219,0.18442346306946247
792,0.23218720665753584,0.155666481872407,0.17136904462667607,0.1900673974285291,0.14118158550631343,0.064420931619945,0.17813747119959616,0.11153480932866984,-0.2919755150128051,0.25194362687045424,0.18447934488472806
793,0.024987697732263607,0.04487858645134652,0.029272201147996082,0.03195666987309589,-0.04923300073592117,0.28884407459477013,0.11496552590834287,0.1509781412018274,0.21715120410033667,-0.11088653938316373,-0.1434573853795889
794,-0.07007502669067454,0.4895214773529827,0.0637917868463912,0.21208714275880025,0.4495007379400005,-0.2579851559869849,-0.3086869045626521,-0.45859624206429583,0.01881267170159937,0.9213821360251874,-0.015658216600592058
795,0.24558940996994993,0.2716166448893086,0.23132011143789816,-0.37003291712239705,-0.45930796864318557,0.08435528278984028,0.4794833804839934,-0.09284003963689724,0.26295154864488435,0.47063600111747983,-0.038225245979315856
796,0.16500535895414353,0.11298577658039052,0.1593491945626654,-0.2832162412671828,0.0020805530387531996,0.09813566285711402,-0.09435177912274093,0.22363286922109724,0.2243299273245574,0.09929767896570325,-0.05055300144419804
797,0.04131191411989849,0.29312924637770893,-0.016236492876821693,0.5979804251199937,0.2526440820179429,0.030295772611395898,-0.17611053221229445,0.532684865743833,0.11982048966670107,-0.0519861583077886,0.27183294112990597
798,0.3461298946903398,-0.2333565673052771,-0.30008190849311206,0.3332262163068803,0.15339784011706106,0.17350277886178694,0.14443373400405532,0.06937373250251755,0.1938846693083236,-0.020397626293515884,0.056241500047262236
799,0.08651782774696389,0.27957828264201523,0.07241198467246238,-0.0009804569413706596,0.019828243580542443,0.21838582797646872,-0.026929355196783866,0.08118586580494987,0.0029661854615968316,0.34595842949403505,0.1093603113504988
800,0.39656667760254666,0.09727466650972547,-0.037857040474989806,0.16967044100176074,0.20436905870817954,0.20064497471212211,-0.03419642558318104,0.22503561746781034,0.23051347462592298,-0.2674087357689618,0.05272393126356598
801,0.04333727706415184,0.1220174870673977,0.06129942909837034,0.19601231956388124,0.20596975380684593,-0.057684741153323484,0.07384757606653194,0.14480516428365917,0.11473011258612666,0.18808310930485855,-0.4375915754722766
802,0.06181623550682581,-0.11286833929063517,0.17654672439733954,0.13598333473215593,0.03048863895714203,0.12638483116916358,0.056999667600075014,-0.03415029254685713,-0.1361437516837773,0.5126401164044888,0.10727375240522918
803,0.07176664141241576,-0.05498110129799243,0.15183112240756858,0.2956866927212986,0.18187890191990846,-0.018412927239126024,0.08651782774696389,0.27957828264201523,0.07241198467246238,-0.0009804569413706596,-0.11775984686778547
804,0.2686244753741979,0.15454741133606334,0.11838573542352976,-0.038603364347782866,0.3807558613147009,0.17224841861994322,-0.09851033897345973,-0.1994683328230255,0.23980010892210227,0.24982258900136312,-0.11600447725845392
805,-0.054658024990498495,0.5979804251199937,-0.004847390266739315,0.3101946871467882,-0.16972559312542665,0.3638470451044476,0.20503724985454205,0.1459981126354451,-0.09139857051369302,0.3563536013904831,0.2492544554621723
806,-0.1361437516837773,0.5126401164044888,0.10727375240522918,0.19040810397555563,0.2451578621634348,0.2295099569039927,-0.25196316607160346,-0.05078018175580146,0.2269836513911627,0.21109509114465294,-0.07690301219527314
807,0.35905073798042664,0.2503177717232147,0.1920978139922073,0.025195000573940488,0.2525280799707006,0.46609603032039665,0.12547576951623374,-0.014864298582347406,0.02672968558008701,0.3808117223227501,-0.09823658655877998
808,-0.12792652650528574,-0.08424507459956743,-0.05323316428520335,0.38394456914269876,0.12494821353405587,0.11626296745509843,0.1967032816729059,0.13604608051457204,-0.06765394359659074,-0.09435177912274093,0.22363286922109724
809,0.3445276958741689,0.2670168397207595,0.11999193592579707,0.025195000573940488,0.2525280799707006,0.46609603032039665,0.12547576951623374,-0.014864298582347406,0.02672968558008701,0.3808117223227501,-0.09823658655877998
810,0.3461298946903398,-0.2333565673052771,-0.30008190849311206,0.3332262163068803,0.15339784011706106,0.17350277886178694,0.14443373400405532,0.06937373250251755,0.1938846693083236,-0.020397626293515884,0.056241500047262236
811,0.05627475275433264,0.2851260409760982,-0.04093780864936718,0.22340053763778864,0.17654672439733954,0.13598333473215593,0.03048863895714203,0.12638483116916358,0.056999667600075014,-0.03415029254685713,-0.1361437516837773
812,-0.4410086830701572,0.20521445648280787,0.18187890191990846,-0.018412927239126024,0.08651782774696389,0.13448936366144015,0.11626296745509843,0.1967032816729059,0.13604608051457204,-0.4410086830701572,0.20521445648280787
813,0.13451072506577624,-0.15136662886912727,0.732439073067299,0.16811112115875754,0.3065383859292377,0.3339580943966088,-0.3258809547938212,0.13330811200126508,-0.16700246707206481,0.42678125555741603,0.5085612625617385
814,0.27546427786962585,0.061031905252357535,0.05848757429557536,-0.07720539751091571,0.010435914587602436,0.4970868953748266,0.0443270845504133,0.2086211161338412,0.3854280947760623,0.3481189339598148,0.14743130737128063
815,0.2685197814770018,-0.053115559140665666,-0.37717238805262293,0.2565974639919755,0.2609288922076278,0.07531665293909175,0.14223356297833722,-0.021651786553036286,0.12079119269608964,0.2824571418874076,0.04509906066466046
816,0.12488891724892921,0.3066508402305604,0.164257142074729,0.09676305399739243,0.2502099946282203,0.02285161943960793,0.007793924365852867,-0.09554214890318367,0.17101591016823178,0.1958943861923911,0.19659120888368425
817,-0.20300578487782478,0.2829097843134919,0.036318137954573296,0.2968939267958973,-0.1047373121151815,0.21015504769464924,0.16078174031700854,0.18936452476172624,0.09562393978438231,0.14760436881813735,-0.17392707701365767
818,0.24747498490240735,0.1906227232740485,-0.06664940695669395,0.2587212667043487,-0.14639799594510308,0.3286452837434767,0.21153885924695115,0.1163015082677053,-0.07607939841636727,0.4408191314993718,0.1944108882314549
819,0.11000837810446776,-0.13145164010685437,0.23843065633277077,0.11969849148818573,0.15637666597516328,0.0835486894223549,0.15840175868133813,0.18145219611393124,0.23769099596891313,0.13668030977245832,0.054753129013971114
820,0.08359265059376635,-0.0363537858034549,0.22342416318361763,0.07008561531728158,-0.12319514448977624,-0.11287145545903088,0.5126401164044888,0.10727375240522918,0.14836359842633548,0.14084473078919998,-0.07991486120750843
821,0.028878761909011532,0.1512351673111633,0.0687471240577064,0.025303337699693184,0.07991964893101931,0.14910613995433913,0.2270483370135963,0.044637696916542596,0.1491258597087924,0.13923581449377093,0.25877643221949886
822,0.08266597171170713,0.06552001088711226,-0.01222018030071071,0.05668940185689197,0.20093656574037363,-0.034300721465717984,0.09335134699302704,0.10120720781703763,0.15852576202856808,-0.1261693407012891,0.16706274469634502
823,0.007282743814128762,0.020612343586763032,-0.016019177985158884,0.02271247292045064,0.29107111576143124,0.1045071141541918,0.12488891724892921,0.20435731266315316,-0.18873985973198337,-0.2630977126021474,0.15538551639601741
824,0.0688545810301372,0.06682974592404096,0.049008706206688554,-0.16436390704998038,0.4455944499953284,0.21781015800967046,0.10304113458430038,0.07360110385407279,0.15670911251286973,0.45003162645293465,0.16110004426294264
825,-0.3915575391071216,0.1991874509102764,-0.16436390704998038,0.4455944499953284,0.21781015800967046,0.10304113458430038,0.07360110385407279,0.15670911251286973,0.45003162645293465,0.16110004426294264,0.17294980029700863
826,0.21112320288276687,-0.053256080531068464,-0.41024474767980984,0.2704078672093213,0.267162624321814,0.12187058334242151,0.27546427786962585,0.061031905252357535,0.05848757429557536,-0.07720539751091571,0.010435914587602436
827,0.17846779112789968,0.22208583212672164,0.09451606649497561,-0.1767098477946617,0.04486876508389453,-0.029810975371668404,0.36698137508616957,0.013927518482497792,0.03510975496160437,0.24519022089989018,0.04521427973100914
828,-0.58788795971382,0.8825455177838787,0.5486551716555055,-0.23240833069389197,0.7000941381334126,0.3710274399415613,-0.46653684425022923,0.1554728609437766,0.6393656002282471,0.003986715639722211,-0.10353847396758291
829,0.07156915212888351,0.03981403283697342,0.001220357624790931,-0.07007502669067454,0.4895214773529827,0.0637917868463912,0.21208714275880025,0.4495007379400005,0.2933092651678347,-0.07857167594071549,0.17738682994962646
830,-0.09435177912274093,0.22363286922109724,0.2243299273245574,0.09929767896570325,-0.05055300144419804,0.11493399400923741,0.16398023443426096,0.08641616074491512,-0.030744876890875142,0.03995236746348638,0.3638194599396228
831,-0.08273860521489726,0.36219842017178827,0.20395349412622332,0.39656667760254666,0.3438782254724192,-0.22430789111493196,-0.13216215275703985,0.04131191411989849,0.29312924637770893,0.36431095447616657,0.051655846724557176
832,-0.10071744145415372,0.16218366883225244,0.2723849429441483,0.0383714803928995,-0.0341945571464552,0.1063634492370031,0.1962990495609203,-0.13145164010685437,0.23843065633277077,0.11969849148818573,0.15101489071696825
833,0.17350277886178694,0.14443373400405532,0.06937373250251755,0.1938846693083236,-0.020397626293515884,0.056241500047262236,0.31501257601781585,0.03521232712560007,0.31260451285604524,0.31800420099521304,-0.005335817680394406
834,0.09335134699302704,0.10120720781703763,0.06819274936818978,-0.05078018175580146,0.2269836513911627,0.21109509114465294,-0.35878977482002106,0.30944710287579563,0.17593608521602916,-0.10071744145415372,0.16218366883225244
835,-0.017298731068627646,0.18019128493810643,0.2685197814770018,-0.053115559140665666,-0.37717238805262293,0.2565974639919755,0.1570198042576097,0.15967623071216216,0.18518734134368978,0.03957451191768845,0.1932733614432001
836,0.03510975496160437,0.24519022089989018,0.04521427973100914,-0.18844126538241282,-0.1530571398391794,0.2374741415742272,0.030962513281617553,0.2136761375202918,0.07494596567037431,0.25010784662062324,0.3523436055521462
837,0.10901691378591169,-0.06287418633695564,0.020789453641837097,0.4234865458933099,-0.1161805714536689,-0.04633283163100682,0.2136761375202918,0.10521578425735686,-0.01222018030071071,0.05668940185689197,0.20093656574037363
838,0.29502436812259675,-0.07973305727102308,0.19799789212246702,0.22952809153640188,0.011717367533914707,-0.04143608295393437,0.18036848701180638,0.08872221642612875,0.008975541836774844,-0.025516086913291845,0.38806089204959493
839,0.13933336611690395,0.0663289995961218,0.2459899734113378,-0.014562473930395762,0.21364801688882992,0.17429534874748348,0.2011047102573123,-0.05911225422027029,0.2489669030591257,-0.23376505563265904,0.3526985501443365
840,0.03510975496160437,0.24519022089989018,0.04521427973100914,-0.18844126538241282,-0.3439481171945985,0.010747444669999833,-0.04684048839730427,0.3445276958741689,0.2670168397207595,0.11999193592579707,0.4222020521632184
841,0.12461655134544304,0.17041386042389656,0.2758894441198532,0.38565678848867624,-0.2093333395469959,-0.3086869045626521,-0.45859624206429583,0.01881267170159937,0.9213821360251874,-0.015658216600592058,0.46151196219940505
842,0.7425967423056713,0.26569395997574946,-0.2718376308062998,0.02222600824960639,0.13672065948977402,-0.059372907008158365,0.28230669455910706,-0.10897268141169947,0.4019389235070164,0.08865320947212052,0.11316297154198258
843,0.12234390728662362,0.014770973447222226,0.16841010577103913,-0.17184534665718618,0.5705404810089426,0.0008958314648755303,0.23630351086435855,0.4555579162737879,0.246515426242668,0.01770617465262488,0.03401337538284965
844,0.4794833804839934,-0.09284003963689724,0.26295154864488435,0.5642227911150639,-0.12169415188144998,-0.11306592133363663,0.2017013585807754,-0.18049387029567956,0.05969298311436966,-0.12444320203172575,0.5611453632897837
845,0.27501372788438055,0.24185056985325032,-0.26089292338106373,0.31053865854267393,0.23395754267823185,-0.08417891571780703,-0.19567178073345584,0.048418260223786674,0.12787983090555988,0.09892670391507088,0.19799846171187263
846,0.874523150438384,-0.0030598719334408316,0.39096949337005593,0.5105758017641661,-0.3718423771208559,0.18668007377330023,0.005169852410660244,-0.04538704312831413,-0.09714475970879345,0.024406105133026493,0.355073964073535
847,0.5100102620576359,0.015971134607805734,0.13242407727825622,0.12389941991210354,-0.06701563151637725,0.2211385741886123,0.1901250685257231,0.18141069148365815,-0.01872348367883698,0.1602399761215795,0.1882176526900472
848,0.3648744076231162,0.34342646217838496,-0.01628559255808749,0.1015943185971812,0.13030374742807277,0.28667888938837066,-0.06951352474562462,0.16592700289521067,-0.07066784706132076,0.11293875088477945,-0.20535274008458249
849,-0.246023278873846,-0.02073871481096764,0.18996023334588819,0.07004406608160774,-0.16418689752345075,0.38394456914269876,0.11240187413895551,-0.10779696429328764,0.22342416318361763,0.07008561531728158,-0.12319514448977624
850,0.22353226918003677,0.31634318939043543,0.1452137764050096,0.07004406608160774,0.05316462727074893,0.5077589261353112,0.27800976640018904,-0.06092265305807112,-0.07420667902913211,0.4772627981074588,-0.017093960217367823
851,0.16458087537784533,0.23046833214655307,0.1815822837569488,0.21715120410033667,0.013151992617316002,0.10443331001532027,0.03270878193238107,0.31800420099521304,-0.005335817680394406,0.27501372788438055,0.20689829639105578
852,0.09440814158715664,0.25877643221949886,0.36206636083348,0.018964750924899278,0.22176350952506277,0.13553027194575726,-0.07420667902913211,0.4772627981074588,-0.017093960217367823,0.1431585524739657,0.12389941991210354
853,-0.10629703423484374,-0.4260345743094281,0.5984436178614774,0.15948649245452387,-0.038225245979315856,0.12200883569907046,0.1942458485822597,0.05373657295280298,-0.0481804193300597,0.15012172490551431,0.11914993570351617
854,0.23218720665753584,0.05513546681446052,0.16570867460275632,0.18981378883331407,0.16929565744747385,0.016130026589419835,0.13604560052272469,-0.018288587728737135,0.021704303877180964,-0.05845547641045337,0.3308041747258856
855,-0.22820094866907836,-0.4077636285835352,-0.15881599178038797,0.874523150438384,-0.0030598719334408316,0.39096949337005593,0.5105758017641661,-0.3718423771208559,0.18668007377330023,0.005169852410660244,-0.04538704312831413
856,0.3631106194833644,-0.5872769092188762,0.3343738849909891,0.2335672723395901,-0.11006995253884413,-0.15640318226972538,0.5826515229678326,0.15623469052714475,-0.22338827283087184,-0.535203756815677,-0.18224044766622266
857,0.10308527413401705,0.17846779112789968,0.22208583212672164,0.10912076590162222,0.08387223257892588,0.007282743814128762,0.020612343586763032,-0.016019177985158884,0.02271247292045064,0.29107111576143124,0.1045071141541918
858,0.4323114787719322,0.40137010870007506,-0.28641930958826917,-0.07427673148701162,0.2817765778115769,0.18876158217694772,0.12025697212036957,0.3552151175162411,0.3004909622472764,0.1085302253529222,0.184785809834214
859,0.3638470451044476,0.20503724985454205,0.1459981126354451,-0.09139857051369302,0.3563536013904831,0.2492544554621723,-0.1378062638889054,-0.2005062652564799,0.18019128493810643,0.2685197814770018,-0.053115559140665666
860,0.5826515229678326,0.15623469052714475,0.19920011461103831,0.054753129013971114,0.22470285204137724,0.2032151590447185,-0.20300578487782478,0.2829097843134919,0.17218260461239776,0.5077589261353112,0.27800976640018904
861,-0.006068095610988907,0.22353226918003677,0.31634318939043543,0.1452137764050096,0.246515426242668,0.01770617465262488,0.15591559768791044,0.06181623550682581,-0.032007325327046816,0.09425897787719907,0.08884695233171495
862,0.21109509114465294,-0.12014178626365916,0.1636217548875396,0.3461298946903398,-0.2333565673052771,-0.30008190849311206,0.3332262163068803,0.15339784011706106,0.17350277886178694,0.14443373400405532,0.06937373250251755
863,0.18006443606999176,0.03226528517847111,-0.44078944845124995,0.3380206448902753,0.12849141162106129,-0.025839607220092212,0.12087353560604029,-0.06287418633695564,0.020789453641837097,0.4234865458933099,-0.1161805714536689
864,-0.013910993924571376,-0.17796770742789422,0.6237727862359442,-0.0034213682837081223,-0.10107599037759238,0.18931492100556252,0.026950214585079065,0.18096547976886537,0.39861970155369486,0.3322918405849832,-0.0730539224471404
865,0.07156915212888351,0.03981403283697342,0.001220357624790931,0.3276628346230497,0.019100224856819056,0.20435731266315316,-0.18873985973198337,-0.2630977126021474,0.15538551639601741,0.29502436812259675,-0.07973305727102308
866,0.14738116301118354,0.15057350604539063,0.25202439925764925,0.3540554860126552,0.054753129013971114,0.22470285204137724,0.25401055696593045,-0.056558050676630466,-0.21754472327174948,0.11712542482710067,0.13726845392845502
867,0.077208066716257,-0.03473222436348715,0.2269899149422962,0.1513353793055481,0.1525483543928927,0.05451036815254353,0.10581675702611819,0.21836952852283753,-0.1975496083240688,0.06599459167266276,0.2140158170798685
868,0.15591559768791044,0.06181623550682581,-0.032007325327046816,0.09425897787719907,0.18704035057159146,0.1166120799555511,0.10308527413401705,0.17846779112789968,0.22208583212672164,0.10912076590162222,0.08387223257892588
869,0.14370153652087095,-0.11003190764134659,0.2587212667043487,-0.14639799594510308,0.3286452837434767,0.21153885924695115,0.1163015082677053,-0.07607939841636727,0.3738898922337414,0.1676730252380315,0.054886114612682224
870,0.2503177717232147,0.19920890419656892,0.006508261054583925,0.19637910122862356,0.5323290908947901,0.11239025342580698,0.019519458325689406,-0.024104684871840008,0.41000486829468213,-0.054332979629034356,0.19955843128181666
871,0.25010784662062324,0.3523436055521462,0.16449856261676135,-0.06575779966302676,-0.15424574469861652,0.026633443720634878,-0.10502185721591453,0.16212723952415709,0.10247846737264223,0.21692267376731647,0.19989817570442997
872,0.09364824897947188,0.26063328665288116,0.13490246113837479,-0.10690798536618025,-0.20091983663120586,0.2564809375436427,0.2379115657403104,-0.03126694167154654,-0.2895737635617525,0.09889311250244673,0.0688545810301372
873,-0.017315794149796837,0.15051306264681108,0.11473011258612666,-0.06087256733651791,0.10219365132836339,0.2904398373272532,-0.191413963210553,0.0962711095927171,0.19762225597500324,0.1081466919612358,0.23315219493351433
874,0.25903415533466395,0.05353362786240616,0.27552939681922384,0.0799497909674738,0.1273673621854455,0.12302980186260518,0.2983918938792556,-0.12952072144717805,0.22342416318361763,0.07008561531728158,-0.12319514448977624
875,0.21208714275880025,0.4495007379400005,0.2933092651678347,-0.07857167594071549,0.2854839681489928,-0.1286611337248143,0.13799062650487542,0.049220828979773264,0.2691318726029984,0.10583636003401536,0.0911876490090115
876,-0.1975496083240688,0.06599459167266276,0.2140158170798685,0.032016070946640766,-0.2056916248099073,-0.09977122531837382,0.2566705868769431,0.05332100360012209,0.1334798000593729,0.1915060377599846,-0.10391341217997091
877,-0.14535264944239704,0.1636217548875396,0.3461298946903398,-0.2333565673052771,-0.30008190849311206,0.3332262163068803,0.15339784011706106,0.17350277886178694,0.14443373400405532,0.1134226120876174,0.2893326305696375
878,-0.07754603495020393,0.19927450157206136,0.22382878195307498,-0.09401895570000028,0.10799564566925353,-0.02735083162456417,0.07996856493842841,0.18365161018361947,-0.023190079283785647,0.41946818135912745,0.396950895585359
879,-0.0730539224471404,-0.3276340921767554,-0.560709760652686,0.014662593894547743,1.4080315384750042,-0.3211366212088857,1.0994415746910717,0.3631106194833644,-0.5872769092188762,0.3343738849909891,0.2335672723395901
880,-0.1361437516837773,0.5126401164044888,0.10727375240522918,0.14836359842633548,0.14084473078919998,-0.07991486120750843,-0.4268141196430951,0.40979557006932316,0.23961717018966824,-0.05766107861356521,0.14954493181396358
881,-0.26978020481639686,-0.09744491478413504,0.029835882608371077,0.23244847910803215,0.3923522683435107,0.06574911402424904,0.11982381637853495,-0.0036322028767203193,0.5154484502995313,0.2044492602416065,0.24597910613604348
882,-0.08742949038525093,0.17124113491377574,-0.20272806045545047,0.5714173973408444,0.21369508916669722,0.2864317522176922,0.2649233174487815,-0.22582008661066053,0.010747444669999833,-0.04684048839730427,0.3445276958741689
883,0.5826515229678326,0.15623469052714475,0.27640262933912124,0.47201011607596016,-0.28281767262770263,-0.0037568732807429827,-0.006068095610988907,0.22353226918003677,0.31634318939043543,0.1452137764050096,0.07004406608160774
884,-0.08357893242046706,0.5100102620576359,0.015971134607805734,0.13242407727825622,0.12389941991210354,-0.06701563151637725,0.2211385741886123,0.1901250685257231,0.18141069148365815,-0.01872348367883698,0.1602399761215795
885,0.31626446930358326,-0.2688525390751869,-0.23497703259441213,-0.38383826658710213,0.2243299273245574,0.09929767896570325,-0.05055300144419804,0.11493399400923741,0.16398023443426096,0.08641616074491512,-0.030744876890875142
886,0.2893326305696375,0.0598365955185277,0.08329014142793219,0.18442346306946247,0.08528067838339004,0.10619021298001333,-0.07427673148701162,0.2817765778115769,0.18876158217694772,0.12025697212036957,0.3552151175162411
887,0.3188360004878918,0.3648744076231162,0.34342646217838496,-0.01628559255808749,0.2193844923376447,0.2032151590447185,-0.20300578487782478,0.2829097843134919,0.036318137954573296,0.2968939267958973,0.07580716838731938
888,0.39770783469686205,0.08172071414989064,0.24383857054727498,0.12692743882989452,-0.09579475570179191,-0.37215607382295773,0.42858710956831947,0.169608015722371,-0.08047575649163148,0.16236333567151778,0.17047529049149088
889,0.1693893827989283,0.11021291834797739,-0.01051268262747767,0.44645725699367006,0.34622605703385295,0.38085953998935,-0.1670048053309648,-0.017998435792932244,0.06031076097975645,0.02182100849886886,0.32235892296680474
890,0.05353362786240616,0.27552939681922384,0.021526508926775694,0.10159629500858154,0.02285161943960793,0.007793924365852867,-0.09554214890318367,0.5407418820816005,0.182811459615623,-0.27451396654390714,-0.037243909461088076
891,0.43329493229864297,-0.3915575391071216,0.1991874509102764,-0.16436390704998038,0.4455944499953284,0.21781015800967046,0.10304113458430038,0.07360110385407279,0.15670911251286973,0.45003162645293465,0.16110004426294264
892,0.05513546681446052,0.16570867460275632,0.18981378883331407,0.16929565744747385,0.016130026589419835,0.13604560052272469,-0.018288587728737135,0.021704303877180964,-0.05845547641045337,0.3308041747258856,0.164257142074729
893,0.1081466919612358,0.23315219493351433,0.2759889856284672,0.3334386814242376,-0.2930011245453141,-0.3323103623367577,-0.21119585311806702,0.6359536634803336,-0.20577899822194573,0.20485280725032834,0.5710140729030543
894,-0.560709760652686,-0.1694035828481706,0.21838582797646872,-0.026929355196783866,0.08118586580494987,0.0029661854615968316,0.34595842949403505,-0.21248517639154826,0.045107140934606355,0.28875087664909865,0.14815850872667752
895,0.23218720665753584,0.05513546681446052,0.16570867460275632,0.18981378883331407,0.16929565744747385,0.016130026589419835,0.13604560052272469,-0.018288587728737135,0.021704303877180964,-0.05845547641045337,0.3308041747258856
896,0.31997096866254743,0.27166200964144344,0.061634111965513244,0.22032608542910156,0.21689918467645036,-0.19131993763789917,0.25762659116874836,0.064972871506301,0.25375125815818755,0.02226975501848725,0.184785809834214
897,0.7000941381334126,0.3710274399415613,-0.46653684425022923,0.397559785779939,0.003986715639722211,0.029409305298034913,0.15659419328815105,0.10901691378591169,-0.06287418633695564,0.020789453641837097,0.4234865458933099
898,-0.09744491478413504,0.029835882608371077,0.23244847910803215,0.3923522683435107,0.06574911402424904,0.11982381637853495,-0.0036322028767203193,0.5154484502995313,0.2044492602416065,0.04163234839464616,-0.16562873160815939
899,0.2025166266354563,0.13030374742807277,0.28667888938837066,-0.06951352474562462,0.16592700289521067,-0.07066784706132076,0.11293875088477945,-0.20535274008458249,0.5793427173608218,0.06649083196793634,0.0029661854615968316
900,-0.20577899822194573,0.20485280725032834,0.5710140729030543,0.09919251932906349,-0.27453754616669024,-0.07896928497537498,0.03606607937215022,0.11492121862935524,0.18036848701180638,0.08872221642612875,0.008975541836774844
901,0.16967044100176074,0.20436905870817954,0.20064497471212211,-0.03419642558318104,0.22503561746781034,0.23051347462592298,-0.2674087357689618,0.05272393126356598,0.22506923505064735,0.10261484021232775,-0.21198150695143764
902,0.17593608521602916,-0.10071744145415372,0.16218366883225244,0.2723849429441483,0.0383714803928995,-0.0341945571464552,0.1063634492370031,0.1962990495609203,-0.13145164010685437,0.23843065633277077,0.11969849148818573
903,-0.07556915478493191,-0.15398007638351432,0.1511533282653379,0.40902791458143434,0.3099970298175544,0.471489611372563,-0.22685151173680398,-0.03410554351064948,-0.026979094668769906,0.21026955100633232,0.3594575830872452
904,0.18442346306946247,0.05625231362117489,0.4895214773529827,0.0637917868463912,0.21208714275880025,0.4495007379400005,0.2933092651678347,-0.07857167594071549,0.2854839681489928,-0.1286611337248143,0.13799062650487542
905,-0.11233793060977981,0.3873237836404128,0.14370153652087095,-0.06519178307126122,0.31264062742987014,-0.10219671826133284,0.20037398764353218,0.20497716776757982,0.17400369564042703,-0.09436305739060516,0.33469231135482114
906,0.12311636846713249,-0.0341945571464552,0.1063634492370031,0.15079183822564832,0.15562454509034235,0.09398115298271544,-0.01760761135922154,0.013769183121238256,0.3351624358998726,-0.14469081953720858,0.08939889071784639
907,0.2136761375202918,0.07494596567037431,0.25010784662062324,0.3523436055521462,0.16449856261676135,-0.06575779966302676,-0.4633805460079044,-0.6296462555508103,2.322443244981363,0.016820628608099946,-0.18693704126066962
908,-0.054658024990498495,0.5979804251199937,0.2526440820179429,0.030295772611395898,-0.17611053221229445,0.532684865743833,0.11982048966670107,-0.0519861583077886,0.27183294112990597,-0.11338464126334705,0.22044835283863562
909,-0.4633805460079044,-0.6296462555508103,2.322443244981363,0.016820628608099946,-0.12210513461064502,0.7425967423056713,0.26569395997574946,-0.48211955771040454,0.31856934468977854,-0.1471160322989946,0.13224843227692928
910,0.3842572887052237,-0.00910825187333178,-0.3009925401089623,-0.3557798169054311,-0.17575267886142004,0.7803403838714913,0.11473011258612666,-0.06087256733651791,0.10219365132836339,0.2904398373272532,-0.191413963210553
911,0.253138698198485,0.027595165892406535,0.1692395764517847,-0.016804451873613534,0.004656571040100282,-0.11958844677906617,0.4510220067914173,0.15244082736729989,0.07288885104996093,0.1748984588804126,0.003142846329034149
912,0.0682533575974299,0.17317355494762385,-0.17423414406398183,-0.17888375096808656,0.14457497153757373,0.16150134876585814,-0.04888249344416614,0.25742689993318923,0.03656766808553651,0.5746193857681196,0.11730632153435483
913,-0.06490880837193544,0.015971134607805734,0.13242407727825622,0.12389941991210354,-0.06701563151637725,0.2211385741886123,0.1901250685257231,0.18141069148365815,-0.01872348367883698,0.1602399761215795,0.387262846503479
914,0.10261484021232775,-0.21198150695143764,-0.19033141237753504,0.19148059584239505,0.10402791108409856,0.23091537737709414,0.06650813331778027,0.0688545810301372,0.06682974592404096,-0.10046921506224225,0.16841010577103913
915,0.22044835283863562,0.18175378128055952,0.21507230996456794,-0.11110494277211024,0.3924486791878392,0.2295099569039927,-0.25196316607160346,-0.05078018175580146,0.2269836513911627,0.21109509114465294,-0.25122925263422324
916,0.12638483116916358,-0.0023098559120910537,0.0008958314648755303,0.23630351086435855,0.4555579162737879,0.246515426242668,0.21723967066998237,0.1166120799555511,0.10308527413401705,0.17846779112789968,0.22208583212672164
917,-0.3718423771208559,0.18668007377330023,0.005169852410660244,-0.04538704312831413,-0.09714475970879345,0.024186041253871964,0.5690449243076188,0.21717996938913814,0.3279502886094016,0.09451606649497561,-0.1767098477946617
918,0.36431095447616657,0.21052207256920089,0.1491258597087924,0.10443331001532027,-0.012240582376639745,0.13886281909376522,0.0663289995961218,0.2459899734113378,-0.014562473930395762,0.21364801688882992,0.17429534874748348
919,0.2709843384910566,-0.11948577717296034,0.0117018148791135,0.1659339689806515,0.22725753124748785,-0.033804194159752304,0.17615938980224977,0.03444382036243173,-0.08424507459956743,-0.05323316428520335,0.38394456914269876
920,0.20503724985454205,0.1459981126354451,0.17740645669401803,0.39861970155369486,0.3322918405849832,-0.0730539224471404,-0.3276340921767554,-0.560709760652686,0.014662593894547743,1.4080315384750042,-0.3211366212088857
921,0.04486876508389453,-0.029810975371668404,0.36698137508616957,0.28390600937395283,0.06077700494192656,-0.03348926380060616,0.3121144711635626,0.49930541624730584,0.09661674508426206,-0.04247753767970497,0.111002564726116
922,-0.07720539751091571,0.010435914587602436,0.4970868953748266,0.0443270845504133,0.2086211161338412,0.3854280947760623,0.3481189339598148,-0.046633282251753776,0.28704697470443025,-0.23376505563265904,0.25903415533466395
923,0.09440814158715664,0.25877643221949886,0.36206636083348,0.018964750924899278,0.22176350952506277,0.0976938196030565,-0.1011372261993832,0.23834739187748413,0.05627475275433264,-0.024104684871840008,0.41000486829468213
924,0.31626446930358326,-0.2688525390751869,-0.23497703259441213,-0.6818950630676603,2.775715655692279,0.0398445837701996,0.13330989518342076,0.12531691289477995,0.36905839115702316,-0.42191937147693376,0.1594097460088622
925,-0.10391341217997091,0.3301924189647566,-0.1306468068111148,0.36493975362810666,0.1618681250337736,0.10981308189934724,0.4255352370150269,0.25980627869946177,0.028878761909011532,0.1512351673111633,0.24993057314413958
926,0.2414964810928292,0.21364801688882992,0.17429534874748348,0.2011047102573123,-0.05911225422027029,0.1470775585761181,0.02369429402154779,0.005683677347195281,-0.1564723056670849,0.5746193857681196,0.11730632153435483
927,0.36493975362810666,0.1618681250337736,0.10981308189934724,0.4255352370150269,0.25980627869946177,0.028878761909011532,0.1512351673111633,0.0687471240577064,0.025303337699693184,0.4252220093151575,0.25980627869946177
928,0.18019128493810643,0.2685197814770018,-0.053115559140665666,-0.37717238805262293,0.2565974639919755,0.22696128851842362,0.10477893452726418,0.154525193891985,0.12234390728662362,0.014770973447222226,0.16841010577103913
929,0.1511533282653379,0.40902791458143434,0.3099970298175544,0.471489611372563,-0.22685151173680398,-0.03410554351064948,-0.09586710381556326,0.12079119269608964,0.2824571418874076,0.04509906066466046,0.31997096866254743
930,0.13886281909376522,0.0663289995961218,0.2459899734113378,-0.014562473930395762,0.21364801688882992,0.17429534874748348,0.2011047102573123,-0.05911225422027029,0.1470775585761181,0.02369429402154779,0.005683677347195281
931,0.18981378883331407,0.16929565744747385,0.016130026589419835,0.13604560052272469,-0.018288587728737135,0.021704303877180964,-0.05845547641045337,0.3308041747258856,0.164257142074729,0.09676305399739243,0.18006443606999176
932,0.2433730585524286,-0.04712027514696706,0.09999394778949644,0.22146573820555276,0.07314429710685592,-0.1271890839969909,0.22798368323536836,0.14083053914836333,-0.02431958698577717,-0.014774917010754571,0.28157126445794284
933,0.008975541836774844,-0.025516086913291845,0.38806089204959493,-0.20156309491583888,0.12789596366752015,0.1503937044621789,0.11340700597604,0.1662950431666319,0.31605517367239877,0.31626446930358326,-0.2688525390751869
934,0.07425954369573716,0.1967581543584978,0.11716303057832608,0.12569717207255016,0.08359265059376635,0.33876510586308256,0.02582216832870876,0.10159629500858154,0.02285161943960793,0.007793924365852867,-0.09554214890318367
935,0.184785809834214,0.16588222747740497,0.17018348502593558,0.027595165892406535,0.1692395764517847,-0.016804451873613534,0.004656571040100282,-0.11958844677906617,0.4510220067914173,0.15244082736729989,0.07288885104996093
936,0.09919251932906349,-0.27453754616669024,-0.07896928497537498,0.03606607937215022,0.11905401693134181,-0.17504131225752168,0.3726010297751639,-0.04633283163100682,0.2136761375202918,0.12132453432499744,-0.013910993924571376
937,0.3923522683435107,0.06574911402424904,0.11982381637853495,-0.0036322028767203193,0.4741126295278808,0.38464041570040863,0.08256728264784874,-0.11495180160911317,0.36064203219538704,0.1673903322242667,-0.09284999744819501
938,0.11239025342580698,0.019519458325689406,-0.024104684871840008,0.2981820578904246,0.2709843384910566,-0.11948577717296034,0.22477882403469934,0.15412082330316929,0.1598372675145959,0.0706787807519289,0.10415277268582958
939,-0.2093333395469959,-0.3086869045626521,-0.45859624206429583,0.01881267170159937,0.9213821360251874,0.06702448381521711,0.08118586580494987,0.0029661854615968316,0.34595842949403505,-0.21248517639154826,0.045107140934606355
940,-0.16700246707206481,0.35905073798042664,0.4376210393970419,0.14954493181396358,0.16384677242970036,0.06412993674654287,-0.07754603495020393,0.25978601845830523,0.2649233174487815,-0.22582008661066053,0.010747444669999833
941,0.007282743814128762,0.020612343586763032,-0.016019177985158884,0.02271247292045064,0.29107111576143124,0.1045071141541918,0.12488891724892921,0.20435731266315316,0.18104979222234135,0.23051347462592298,-0.2674087357689618
942,0.29312924637770893,0.36431095447616657,0.051655846724557176,0.147015137047838,-0.18934540940689296,0.22342416318361763,0.07008561531728158,-0.12319514448977624,-0.06574295470794776,0.34385555108441634,0.18533780760642687
943,-0.09851033897345973,-0.1994683328230255,0.23980010892210227,0.24982258900136312,-0.11600447725845392,-0.322697042332726,0.20051624388285613,0.21910904649794555,0.1093603113504988,0.29244900495504983,0.07156915212888351
944,0.0706787807519289,0.10415277268582958,0.2735431170666892,0.06625407688356992,-0.34376971549729113,0.31053865854267393,0.23395754267823185,-0.08417891571780703,0.15600357542197085,0.15623469052714475,0.22009143544650459
945,0.25980627869946177,0.028878761909011532,0.1512351673111633,0.0687471240577064,0.025303337699693184,0.07991964893101931,0.14910613995433913,0.18994000948947012,0.2013810585084282,0.16537104813962505,0.16944948516711295
946,0.09661674508426206,-0.04247753767970497,-0.14695254237182984,0.22176350952506277,0.0976938196030565,-0.1011372261993832,0.35213401508741266,0.23051347462592298,-0.2674087357689618,0.05272393126356598,0.22506923505064735
947,0.41554899284961727,0.13490246113837479,0.3153729969288157,-0.23376505563265904,0.25903415533466395,0.05353362786240616,0.24662652179664313,-0.06894471559741094,-0.21754472327174948,0.11712542482710067,0.13726845392845502
948,-0.04888249344416614,0.25742689993318923,0.1378193687751203,-0.19051349776102805,0.2805331199261269,-0.238454914255154,0.1622885154367558,0.27244070008152355,0.11639784455030472,0.24558940996994993,0.2716166448893086
949,0.2146160329797934,0.30387177201667565,0.22290673968445343,-0.191413963210553,0.0962711095927171,0.19762225597500324,0.1081466919612358,0.23315219493351433,0.2759889856284672,0.3334386814242376,-0.2930011245453141
950,0.1938846693083236,-0.020397626293515884,0.056241500047262236,0.31501257601781585,0.03521232712560007,0.31260451285604524,0.31800420099521304,-0.005335817680394406,0.27501372788438055,0.20689829639105578,-0.18868606439129984
951,0.11969849148818573,0.15101489071696825,-0.19871529312115233,0.16387788756728414,0.17237217372169733,0.39656667760254666,0.3438782254724192,-0.22430789111493196,-0.13216215275703985,0.04131191411989849,0.29312924637770893
952,0.2864317522176922,0.2649233174487815,-0.22582008661066053,0.010747444669999833,-0.04684048839730427,0.3445276958741689,0.2670168397207595,0.13299242626979144,0.31997096866254743,0.27166200964144344,0.061634111965513244
953,0.5642227911150639,-0.12169415188144998,-0.11306592133363663,0.2017013585807754,-0.18049387029567956,0.05969298311436966,-0.12444320203172575,0.5611453632897837,0.1869335896853636,0.4006017258170882,-0.10347017542090149
954,-0.2833807162011421,-0.49163582428543307,0.021414579109772094,1.2345642521917752,-0.2390661515095062,0.7216726934662775,0.03317364433765729,0.16150134876585814,-0.04888249344416614,0.25742689993318923,0.1378193687751203
955,-0.016019177985158884,0.02271247292045064,0.29107111576143124,0.1045071141541918,0.12488891724892921,0.2050401964863179,-0.4260345743094281,0.5984436178614774,0.07099277088180843,-0.25122925263422324,-0.31389127431207686
956,0.32235892296680474,0.21043433282753074,0.04703410538990216,0.023224159920207973,0.3484169306665826,0.38464041570040863,0.08256728264784874,-0.11495180160911317,0.36064203219538704,0.1673903322242667,-0.09284999744819501
957,0.41000486829468213,-0.054332979629034356,0.19955843128181666,-0.154784423703279,0.3022190377547206,0.1947513444538738,0.06255089963037826,0.14128623717498243,0.16458087537784533,0.23046833214655307,-0.04177403759466122
958,-0.021651786553036286,0.12079119269608964,0.2824571418874076,0.04509906066466046,0.31997096866254743,0.27166200964144344,0.061634111965513244,0.22032608542910156,0.21689918467645036,-0.19131993763789917,0.25762659116874836
959,0.005683677347195281,-0.1564723056670849,0.5746193857681196,0.25135261124896086,0.45003162645293465,0.16110004426294264,0.045895226796395086,-0.06052322043582949,0.4507323785553294,-0.0691774432698838,0.2709843384910566
960,0.2477901823414091,0.11239773235496053,0.14034718129468007,0.07531665293909175,0.14223356297833722,-0.021651786553036286,0.12079119269608964,0.2824571418874076,0.04509906066466046,0.31997096866254743,0.27166200964144344
961,-0.11958844677906617,0.4510220067914173,0.15244082736729989,0.07288885104996093,0.1748984588804126,0.003142846329034149,-0.40042171646973945,0.30944710287579563,0.17593608521602916,-0.10071744145415372,0.16218366883225244
962,-0.1011372261993832,0.23834739187748413,0.05627475275433264,0.2851260409760982,-0.04093780864936718,0.22340053763778864,0.17654672439733954,0.13598333473215593,0.03048863895714203,0.12638483116916358,0.056999667600075014
963,-0.0759962967737919,-0.07588574258395304,0.2146160329797934,0.30387177201667565,0.3066306355625916,0.5546419203281793,-0.26978020481639686,-0.09744491478413504,0.029835882608371077,0.23244847910803215,0.3923522683435107
964,-0.46653684425022923,0.1554728609437766,0.24264684577496107,-0.17251053863600152,-0.14542367560108146,0.6780850513706412,0.11168107498567888,0.4323114787719322,0.40137010870007506,-0.35215411572254657,0.08641717028161186
965,0.08641616074491512,-0.030744876890875142,0.03995236746348638,0.27685820958904017,-0.238454914255154,0.1622885154367558,0.27244070008152355,0.11639784455030472,0.3081742472726529,0.31626446930358326,-0.2688525390751869
966,-0.08047575649163148,0.16236333567151778,0.17047529049149088,0.07176664141241576,-0.05498110129799243,0.15183112240756858,0.10787259292306504,0.01840890062904963,-0.0995598219957391,0.4821384641347985,-0.10720510281794955
967,-0.17796770742789422,0.6237727862359442,-0.0034213682837081223,-0.10107599037759238,0.18931492100556252,0.11064015631713513,0.07176664141241576,0.3527595112314826,0.40137010870007506,-0.35215411572254657,0.15363796810574562
968,0.2564809375436427,0.2379115657403104,-0.03126694167154654,-0.2895737635617525,0.11571104830416722,0.19148059584239505,0.10402791108409856,0.23091537737709414,0.06650813331778027,0.0688545810301372,0.06682974592404096
969,0.08641717028161186,-0.05935848768228961,0.33385057687905584,0.3111346555032771,0.03374797111609373,0.124676687771142,0.19637910122862356,0.5323290908947901,0.11239025342580698,0.019519458325689406,-0.024104684871840008
970,0.06574911402424904,0.11982381637853495,-0.0036322028767203193,0.5154484502995313,-0.016542151250784603,-0.3276340921767554,-0.560709760652686,0.014662593894547743,1.4080315384750042,-0.3211366212088857,1.0994415746910717
971,0.4510220067914173,0.15244082736729989,0.07288885104996093,0.1748984588804126,0.003142846329034149,-0.40042171646973945,0.30944710287579563,0.17593608521602916,-0.10071744145415372,0.11807856195588105,-0.05307296768324391
972,0.22353226918003677,0.31634318939043543,0.1452137764050096,0.07004406608160774,0.05316462727074893,0.0522701123824246,-0.025516086913291845,0.38806089204959493,-0.20156309491583888,0.12789596366752015,0.1503937044621789
973,0.2893326305696375,0.0598365955185277,0.08329014142793219,0.18442346306946247,0.08528067838339004,-0.04073696094751338,0.08641717028161186,-0.05935848768228961,0.33385057687905584,0.3111346555032771,0.03374797111609373
974,0.08528067838339004,0.10619021298001333,-0.07427673148701162,0.2817765778115769,0.18876158217694772,0.12025697212036957,0.3552151175162411,0.3004909622472764,0.044637696916542596,0.1491258597087924,0.10443331001532027
975,0.04333727706415184,0.1220174870673977,0.06129942909837034,0.19601231956388124,0.20596975380684593,-0.057684741153323484,0.07384757606653194,0.14480516428365917,0.11473011258612666,-0.06087256733651791,0.10219365132836339
976,0.2379115657403104,-0.03126694167154654,-0.2895737635617525,0.11571104830416722,0.19148059584239505,0.10402791108409856,0.03974053972167562,-0.059372907008158365,0.28230669455910706,-0.10897268141169947,0.4019389235070164
977,0.06682974592404096,-0.16034808885176957,0.582480184304969,0.0713440617939045,-0.28046772428989536,-0.3086869045626521,-0.45859624206429583,0.01881267170159937,0.9213821360251874,-0.015658216600592058,0.46151196219940505
978,0.3121144711635626,0.008305659337532132,0.22599906281655174,0.2296552800988911,0.07187542666856812,0.09364824897947188,0.26063328665288116,0.13490246113837479,-0.10690798536618025,-0.20091983663120586,0.2564809375436427
979,-0.0759962967737919,-0.07588574258395304,0.2146160329797934,0.30387177201667565,0.3066306355625916,0.5546419203281793,-0.26978020481639686,-0.09744491478413504,0.029835882608371077,0.23244847910803215,0.3923522683435107
980,0.49930541624730584,0.09661674508426206,-0.04247753767970497,0.111002564726116,0.32466681415976595,-0.054898688296048936,0.22432644828488973,0.269937597403126,0.17136904462667607,0.1900673974285291,0.14118158550631343
981,0.14760436881813735,-0.17392707701365767,-0.14536143896619835,0.04863111894663422,0.19601231956388124,0.20596975380684593,-0.057684741153323484,0.07384757606653194,-0.01222018030071071,0.05668940185689197,0.20093656574037363
982,-0.08747270326604926,-0.4820010422294675,0.6345265610190949,0.18232183537172228,0.14815850872667752,0.16282803887473282,0.3842572887052237,-0.00910825187333178,-0.3009925401089623,-0.3557798169054311,-0.17575267886142004
983,0.27957828264201523,0.07241198467246238,-0.0009804569413706596,0.019828243580542443,0.21838582797646872,-0.026929355196783866,0.08118586580494987,0.0029661854615968316,0.34595842949403505,-0.21248517639154826,0.059192426426094964
984,-0.07066784706132076,0.11293875088477945,-0.20535274008458249,0.5793427173608218,0.09004305927638333,0.1776169526838241,-0.09373677395901428,-0.06574295470794776,0.34385555108441634,0.18533780760642687,0.41282309084281155
985,0.17224841861994322,0.1403648213721468,0.025303337699693184,0.07991964893101931,0.14910613995433913,0.13870999513948015,0.052111479316268625,0.2025166266354563,0.13030374742807277,0.28667888938837066,-0.06951352474562462
986,0.5077589261353112,0.27800976640018904,-0.06092265305807112,-0.07420667902913211,0.4772627981074588,-0.017093960217367823,0.20446229175264322,0.077208066716257,-0.03473222436348715,0.2269899149422962,0.1513353793055481
987,0.07531665293909175,0.14223356297833722,-0.021651786553036286,0.12079119269608964,0.2824571418874076,0.011675767425995243,-0.07420667902913211,0.4772627981074588,-0.017093960217367823,0.20446229175264322,0.077208066716257
988,-0.0354215967745066,-0.0360278185332138,0.11086305524430831,0.5085612625617385,0.2358186269665527,-0.0354215967745066,-0.07093347373910476,0.47495421114848513,-0.06981461482759276,0.2501629573434221,-0.007193016796767877
989,0.10581675702611819,0.21836952852283753,-0.1975496083240688,0.06599459167266276,0.08818283434411574,0.24383857054727498,0.12692743882989452,-0.09579475570179191,-0.37215607382295773,0.42858710956831947,0.04782065669643067
990,0.43358726407530823,-0.18009620301785492,-0.43227090115804795,-0.006011173839405014,0.407556646171246,0.565946646773559,-0.27387320345155214,0.11608570550439605,0.054108945930185164,-0.04489658970631963,0.008975541836774844
991,0.0818799413215967,0.19148059584239505,0.10402791108409856,-0.00588174631149148,0.05272393126356598,0.22506923505064735,0.10261484021232775,-0.21198150695143764,-0.19771289689077395,0.32661083949314984,0.10384331692069787
992,0.09892670391507088,0.19799846171187263,0.17067878476621298,0.07831120315928315,-0.036381717160680845,0.1918282357010622,0.2566953352236003,0.06819322230432975,-0.09139857051369302,0.3563536013904831,0.2492544554621723
993,0.15591559768791044,0.06181623550682581,-0.00033506103149334287,0.015779282541251688,0.07778099345810575,0.14475962330811473,0.048162323407152124,-0.19567178073345584,0.048418260223786674,0.12787983090555988,0.09892670391507088
994,0.14222625457533922,0.09454735228493921,0.2455881403904545,0.22417321000734797,0.3377246363120925,-0.25067496534820216,-0.33049876626994434,-0.49479408873313274,1.2506888914384577,-0.16999080995714083,0.24400616256787622
995,0.1900673974285291,0.14118158550631343,0.064420931619945,0.17813747119959616,0.11153480932866984,-0.2919755150128051,0.25194362687045424,0.18447934488472806,-0.03735439473461763,-0.17974141893035753,-0.045429781649620936
996,0.14836359842633548,0.14084473078919998,-0.07991486120750843,-0.4268141196430951,0.40979557006932316,0.23961717018966824,-0.05766107861356521,0.14954493181396358,0.16384677242970036,0.06412993674654287,-0.07754603495020393
997,0.06181623550682581,-0.032007325327046816,0.09425897787719907,0.18704035057159146,0.1166120799555511,0.10308527413401705,0.17846779112789968,0.22208583212672164,0.10912076590162222,0.08387223257892588,0.007282743814128762
998,0.1967581543584978,0.11716303057832608,0.12569717207255016,0.08359265059376635,0.33876510586308256,0.02582216832870876,0.10159629500858154,0.02285161943960793,0.007793924365852867,-0.09554214890318367,0.17101591016823178
999,-0.0036322028767203193,0.5154484502995313,0.2044492602416065,0.04163234839464616,-0.09945040258569912,0.46110913685599997,0.03434420395290914,0.08108865698436285,0.1615687764851244,-0.037857040474989806,0.16967044100176074
